index,time_s,acc,vel,s,X,Y,Z,L_raw,L_trim,ux,uy,uz
0,0.000000000,0.000000000,16.209300531,0.000000000,100.038477591,0.038477591,0.000000000,70.710678119,70.622120452,0.707106781,0.707106781,0.000000000
1,0.000500000,5.000000000,16.210550531,0.008104859,100.044208591,0.044208591,0.000000000,70.710678119,70.622120452,0.707106781,0.707106781,0.000000000
2,0.001000000,10.000000000,16.214300531,0.016210967,100.049940475,0.049940475,0.000000000,70.710678119,70.622120452,0.707106781,0.707106781,0.000000000
3,0.001500000,15.000000000,16.220550531,0.024319576,100.055674128,0.055674128,0.000000000,70.710678119,70.622120452,0.707106781,0.707106781,0.000000000
4,0.002000000,20.000000000,16.229300531,0.032431934,100.061410431,0.061410431,0.000000000,70.710678119,70.622120452,0.707106781,0.707106781,0.000000000
5,0.002500000,25.000000000,16.240550531,0.040549293,100.067150271,0.067150271,0.000000000,70.710678119,70.622120452,0.707106781,0.707106781,0.000000000
6,0.003000000,30.000000000,16.254300531,0.048672902,100.072894529,0.072894529,0.000000000,70.710678119,70.622120452,0.707106781,0.707106781,0.000000000
7,0.003500000,35.000000000,16.270550531,0.056804010,100.078644091,0.078644091,0.000000000,70.710678119,70.622120452,0.707106781,0.707106781,0.000000000
8,0.004000000,40.000000000,16.289300531,0.064943869,100.084399841,0.084399841,0.000000000,70.710678119,70.622120452,0.707106781,0.707106781,0.000000000
9,0.004500000,45.000000000,16.310550531,0.073093727,100.090162661,0.090162661,0.000000000,70.710678119,70.622120452,0.707106781,0.707106781,0.000000000
10,0.005000000,50.000000000,16.334300531,0.081254836,100.095933436,0.095933436,0.000000000,70.710678119,70.622120452,0.707106781,0.707106781,0.000000000
11,0.005500000,55.000000000,16.360550531,0.089428445,100.101713050,0.101713050,0.000000000,70.710678119,70.622120452,0.707106781,0.707106781,0.000000000
12,0.006000000,60.000000000,16.389300531,0.097615803,100.107502387,0.107502387,0.000000000,70.710678119,70.622120452,0.707106781,0.707106781,0.000000000
13,0.006500000,65.000000000,16.420550531,0.105818162,100.113302330,0.113302330,0.000000000,70.710678119,70.622120452,0.707106781,0.707106781,0.000000000
14,0.007000000,70.000000000,16.454300531,0.114036770,100.119113764,0.119113764,0.000000000,70.710678119,70.622120452,0.707106781,0.707106781,0.000000000
15,0.007500000,75.000000000,16.490550531,0.122272879,100.124937573,0.124937573,0.000000000,70.710678119,70.622120452,0.707106781,0.707106781,0.000000000
16,0.008000000,80.000000000,16.529300531,0.130527738,100.130774639,0.130774639,0.000000000,70.710678119,70.622120452,0.707106781,0.707106781,0.000000000
17,0.008500000,85.000000000,16.570550531,0.138802596,100.136625848,0.136625848,0.000000000,70.710678119,70.622120452,0.707106781,0.707106781,0.000000000
18,0.009000000,90.000000000,16.614300531,0.147098705,100.142492082,0.142492082,0.000000000,70.710678119,70.622120452,0.707106781,0.707106781,0.000000000
19,0.009500000,95.000000000,16.660550531,0.155417313,100.148374227,0.148374227,0.000000000,70.710678119,70.622120452,0.707106781,0.707106781,0.000000000
20,0.010000000,100.000000000,16.709300531,0.163759672,100.154273165,0.154273165,0.000000000,70.710678119,70.622120452,0.707106781,0.707106781,0.000000000
21,0.010500000,105.000000000,16.760550531,0.172127031,100.160189781,0.160189781,0.000000000,70.710678119,70.622120452,0.707106781,0.707106781,0.000000000
22,0.011000000,110.000000000,16.814300531,0.180520639,100.166124959,0.166124959,0.000000000,70.710678119,70.622120452,0.707106781,0.707106781,0.000000000
23,0.011500000,115.000000000,16.870550531,0.188941748,100.172079582,0.172079582,0.000000000,70.710678119,70.622120452,0.707106781,0.707106781,0.000000000
24,0.012000000,120.000000000,16.929300531,0.197391606,100.178054534,0.178054534,0.000000000,70.710678119,70.622120452,0.707106781,0.707106781,0.000000000
25,0.012500000,125.000000000,16.990550531,0.205871465,100.184050700,0.184050700,0.000000000,70.710678119,70.622120452,0.707106781,0.707106781,0.000000000
26,0.013000000,130.000000000,17.054300531,0.214382574,100.190068962,0.190068962,0.000000000,70.710678119,70.622120452,0.707106781,0.707106781,0.000000000
27,0.013500000,135.000000000,17.120550531,0.222926182,100.196110206,0.196110206,0.000000000,70.710678119,70.622120452,0.707106781,0.707106781,0.000000000
28,0.014000000,140.000000000,17.189300531,0.231503541,100.202175314,0.202175314,0.000000000,70.710678119,70.622120452,0.707106781,0.707106781,0.000000000
29,0.014500000,145.000000000,17.260550531,0.240115899,100.208265171,0.208265171,0.000000000,70.710678119,70.622120452,0.707106781,0.707106781,0.000000000
30,0.015000000,150.000000000,17.334300531,0.248764508,100.214380661,0.214380661,0.000000000,70.710678119,70.622120452,0.707106781,0.707106781,0.000000000
31,0.015500000,155.000000000,17.410550531,0.257450617,100.220522667,0.220522667,0.000000000,70.710678119,70.622120452,0.707106781,0.707106781,0.000000000
32,0.016000000,160.000000000,17.489300531,0.266175475,100.226692074,0.226692074,0.000000000,70.710678119,70.622120452,0.707106781,0.707106781,0.000000000
33,0.016500000,165.000000000,17.570550531,0.274940334,100.232889765,0.232889765,0.000000000,70.710678119,70.622120452,0.707106781,0.707106781,0.000000000
34,0.017000000,170.000000000,17.654300531,0.283746442,100.239116624,0.239116624,0.000000000,70.710678119,70.622120452,0.707106781,0.707106781,0.000000000
35,0.017500000,175.000000000,17.740550531,0.292595051,100.245373535,0.245373535,0.000000000,70.710678119,70.622120452,0.707106781,0.707106781,0.000000000
36,0.018000000,180.000000000,17.829300531,0.301487410,100.251661382,0.251661382,0.000000000,70.710678119,70.622120452,0.707106781,0.707106781,0.000000000
37,0.018500000,185.000000000,17.920550531,0.310424768,100.257981049,0.257981049,0.000000000,70.710678119,70.622120452,0.707106781,0.707106781,0.000000000
38,0.019000000,190.000000000,18.014300531,0.319408377,100.264333420,0.264333420,0.000000000,70.710678119,70.622120452,0.707106781,0.707106781,0.000000000
39,0.019500000,195.000000000,18.110550531,0.328439485,100.270719378,0.270719378,0.000000000,70.710678119,70.622120452,0.707106781,0.707106781,0.000000000
40,0.020000000,200.000000000,18.209300531,0.337519344,100.277139808,0.277139808,0.000000000,70.710678119,70.622120452,0.707106781,0.707106781,0.000000000
41,0.020500000,205.000000000,18.310550531,0.346649203,100.283595592,0.283595592,0.000000000,70.710678119,70.622120452,0.707106781,0.707106781,0.000000000
42,0.021000000,210.000000000,18.414300531,0.355830311,100.290087617,0.290087617,0.000000000,70.710678119,70.622120452,0.707106781,0.707106781,0.000000000
43,0.021500000,215.000000000,18.520550531,0.365063920,100.296616764,0.296616764,0.000000000,70.710678119,70.622120452,0.707106781,0.707106781,0.000000000
44,0.022000000,220.000000000,18.629300531,0.374351278,100.303183918,0.303183918,0.000000000,70.710678119,70.622120452,0.707106781,0.707106781,0.000000000
45,0.022500000,225.000000000,18.740550531,0.383693637,100.309789963,0.309789963,0.000000000,70.710678119,70.622120452,0.707106781,0.707106781,0.000000000
46,0.023000000,230.000000000,18.854300531,0.393092246,100.316435783,0.316435783,0.000000000,70.710678119,70.622120452,0.707106781,0.707106781,0.000000000
47,0.023500000,235.000000000,18.970550531,0.402548354,100.323122262,0.323122262,0.000000000,70.710678119,70.622120452,0.707106781,0.707106781,0.000000000
48,0.024000000,240.000000000,19.089300531,0.412063213,100.329850283,0.329850283,0.000000000,70.710678119,70.622120452,0.707106781,0.707106781,0.000000000
49,0.024500000,245.000000000,19.210550531,0.421638071,100.336620730,0.336620730,0.000000000,70.710678119,70.622120452,0.707106781,0.707106781,0.000000000
50,0.025000000,250.000000000,19.334300531,0.431274180,100.343434488,0.343434488,0.000000000,70.710678119,70.622120452,0.707106781,0.707106781,0.000000000
51,0.025500000,255.000000000,19.460550531,0.440972789,100.350292440,0.350292440,0.000000000,70.710678119,70.622120452,0.707106781,0.707106781,0.000000000
52,0.026000000,260.000000000,19.589300531,0.450735147,100.357195470,0.357195470,0.000000000,70.710678119,70.622120452,0.707106781,0.707106781,0.000000000
53,0.026500000,265.000000000,19.720550531,0.460562506,100.364144462,0.364144462,0.000000000,70.710678119,70.622120452,0.707106781,0.707106781,0.000000000
54,0.027000000,270.000000000,19.854300531,0.470456114,100.371140299,0.371140299,0.000000000,70.710678119,70.622120452,0.707106781,0.707106781,0.000000000
55,0.027500000,275.000000000,19.990550531,0.480417223,100.378183867,0.378183867,0.000000000,70.710678119,70.622120452,0.707106781,0.707106781,0.000000000
56,0.028000000,280.000000000,20.129300531,0.490447082,100.385276048,0.385276048,0.000000000,70.710678119,70.622120452,0.707106781,0.707106781,0.000000000
57,0.028500000,285.000000000,20.270550531,0.500546940,100.392417726,0.392417726,0.000000000,70.710678119,70.622120452,0.707106781,0.707106781,0.000000000
58,0.029000000,290.000000000,20.414300531,0.510718049,100.399609786,0.399609786,0.000000000,70.710678119,70.622120452,0.707106781,0.707106781,0.000000000
59,0.029500000,295.000000000,20.560550531,0.520961657,100.406853111,0.406853111,0.000000000,70.710678119,70.622120452,0.707106781,0.707106781,0.000000000
60,0.030000000,300.000000000,20.709300531,0.531279016,100.414148586,0.414148586,0.000000000,70.710678119,70.622120452,0.707106781,0.707106781,0.000000000
61,0.030500000,305.000000000,20.860550531,0.541671375,100.421497093,0.421497093,0.000000000,70.710678119,70.622120452,0.707106781,0.707106781,0.000000000
62,0.031000000,310.000000000,21.014300531,0.552139983,100.428899517,0.428899517,0.000000000,70.710678119,70.622120452,0.707106781,0.707106781,0.000000000
63,0.031500000,315.000000000,21.170550531,0.562686092,100.436356742,0.436356742,0.000000000,70.710678119,70.622120452,0.707106781,0.707106781,0.000000000
64,0.032000000,320.000000000,21.329300531,0.573310950,100.443869651,0.443869651,0.000000000,70.710678119,70.622120452,0.707106781,0.707106781,0.000000000
65,0.032500000,325.000000000,21.490550531,0.584015809,100.451439129,0.451439129,0.000000000,70.710678119,70.622120452,0.707106781,0.707106781,0.000000000
66,0.033000000,330.000000000,21.654300531,0.594801918,100.459066060,0.459066060,0.000000000,70.710678119,70.622120452,0.707106781,0.707106781,0.000000000
67,0.033500000,335.000000000,21.820550531,0.605670526,100.466751327,0.466751327,0.000000000,70.710678119,70.622120452,0.707106781,0.707106781,0.000000000
68,0.034000000,340.000000000,21.989300531,0.616622885,100.474495814,0.474495814,0.000000000,70.710678119,70.622120452,0.707106781,0.707106781,0.000000000
69,0.034500000,345.000000000,22.160550531,0.627660243,100.482300405,0.482300405,0.000000000,70.710678119,70.622120452,0.707106781,0.707106781,0.000000000
70,0.035000000,350.000000000,22.334300531,0.638783852,100.490165984,0.490165984,0.000000000,70.710678119,70.622120452,0.707106781,0.707106781,0.000000000
71,0.035500000,355.000000000,22.510550531,0.649994961,100.498093435,0.498093435,0.000000000,70.710678119,70.622120452,0.707106781,0.707106781,0.000000000
72,0.036000000,360.000000000,22.689300531,0.661294819,100.506083642,0.506083642,0.000000000,70.710678119,70.622120452,0.707106781,0.707106781,0.000000000
73,0.036500000,365.000000000,22.870550531,0.672684678,100.514137488,0.514137488,0.000000000,70.710678119,70.622120452,0.707106781,0.707106781,0.000000000
74,0.037000000,370.000000000,23.054300531,0.684165786,100.522255858,0.522255858,0.000000000,70.710678119,70.622120452,0.707106781,0.707106781,0.000000000
75,0.037500000,375.000000000,23.240550531,0.695739395,100.530439635,0.530439635,0.000000000,70.710678119,70.622120452,0.707106781,0.707106781,0.000000000
76,0.038000000,380.000000000,23.429300531,0.707406753,100.538689703,0.538689703,0.000000000,70.710678119,70.622120452,0.707106781,0.707106781,0.000000000
77,0.038500000,385.000000000,23.620550531,0.719169112,100.547006947,0.547006947,0.000000000,70.710678119,70.622120452,0.707106781,0.707106781,0.000000000
78,0.039000000,390.000000000,23.814300531,0.731027721,100.555392249,0.555392249,0.000000000,70.710678119,70.622120452,0.707106781,0.707106781,0.000000000
79,0.039500000,395.000000000,24.010550531,0.742983829,100.563846495,0.563846495,0.000000000,70.710678119,70.622120452,0.707106781,0.707106781,0.000000000
80,0.040000000,400.000000000,24.209300531,0.755038688,100.572370567,0.572370567,0.000000000,70.710678119,70.622120452,0.707106781,0.707106781,0.000000000
81,0.040500000,405.000000000,24.410550531,0.767193546,100.580965350,0.580965350,0.000000000,70.710678119,70.622120452,0.707106781,0.707106781,0.000000000
82,0.041000000,410.000000000,24.614300531,0.779449655,100.589631727,0.589631727,0.000000000,70.710678119,70.622120452,0.707106781,0.707106781,0.000000000
83,0.041500000,415.000000000,24.820550531,0.791808264,100.598370583,0.598370583,0.000000000,70.710678119,70.622120452,0.707106781,0.707106781,0.000000000
84,0.042000000,420.000000000,25.029300531,0.804270622,100.607182802,0.607182802,0.000000000,70.710678119,70.622120452,0.707106781,0.707106781,0.000000000
85,0.042500000,425.000000000,25.240550531,0.816837981,100.616069266,0.616069266,0.000000000,70.710678119,70.622120452,0.707106781,0.707106781,0.000000000
86,0.043000000,430.000000000,25.454300531,0.829511589,100.625030861,0.625030861,0.000000000,70.710678119,70.622120452,0.707106781,0.707106781,0.000000000
87,0.043500000,435.000000000,25.670550531,0.842292698,100.634068469,0.634068469,0.000000000,70.710678119,70.622120452,0.707106781,0.707106781,0.000000000
88,0.044000000,440.000000000,25.889300531,0.855182557,100.643182976,0.643182976,0.000000000,70.710678119,70.622120452,0.707106781,0.707106781,0.000000000
89,0.044500000,445.000000000,26.110550531,0.868182415,100.652375264,0.652375264,0.000000000,70.710678119,70.622120452,0.707106781,0.707106781,0.000000000
90,0.045000000,450.000000000,26.334300531,0.881293524,100.661646218,0.661646218,0.000000000,70.710678119,70.622120452,0.707106781,0.707106781,0.000000000
91,0.045500000,455.000000000,26.560550531,0.894517132,100.670996721,0.670996721,0.000000000,70.710678119,70.622120452,0.707106781,0.707106781,0.000000000
92,0.046000000,460.000000000,26.789300531,0.907854491,100.680427658,0.680427658,0.000000000,70.710678119,70.622120452,0.707106781,0.707106781,0.000000000
93,0.046500000,465.000000000,27.020550531,0.921306850,100.689939912,0.689939912,0.000000000,70.710678119,70.622120452,0.707106781,0.707106781,0.000000000
94,0.047000000,470.000000000,27.254300531,0.934875458,100.699534367,0.699534367,0.000000000,70.710678119,70.622120452,0.707106781,0.707106781,0.000000000
95,0.047500000,475.000000000,27.490550531,0.948561567,100.709211907,0.709211907,0.000000000,70.710678119,70.622120452,0.707106781,0.707106781,0.000000000
96,0.048000000,480.000000000,27.729300531,0.962366425,100.718973416,0.718973416,0.000000000,70.710678119,70.622120452,0.707106781,0.707106781,0.000000000
97,0.048500000,485.000000000,27.970550531,0.976291284,100.728819778,0.728819778,0.000000000,70.710678119,70.622120452,0.707106781,0.707106781,0.000000000
98,0.049000000,490.000000000,28.214300531,0.990337393,100.738751877,0.738751877,0.000000000,70.710678119,70.622120452,0.707106781,0.707106781,0.000000000
99,0.049500000,495.000000000,28.460550531,1.004506001,100.748770596,0.748770596,0.000000000,70.710678119,70.622120452,0.707106781,0.707106781,0.000000000
100,0.050000000,500.000000000,28.709300531,1.018798360,100.758876820,0.758876820,0.000000000,70.710678119,70.622120452,0.707106781,0.707106781,0.000000000
101,0.050500000,505.000000000,28.960550531,1.033215718,100.769071432,0.769071432,0.000000000,70.710678119,70.622120452,0.707106781,0.707106781,0.000000000
102,0.051000000,510.000000000,29.214300531,1.047759327,100.779355316,0.779355316,0.000000000,70.710678119,70.622120452,0.707106781,0.707106781,0.000000000
103,0.051500000,515.000000000,29.470550531,1.062430436,100.789729356,0.789729356,0.000000000,70.710678119,70.622120452,0.707106781,0.707106781,0.000000000
104,0.052000000,520.000000000,29.729300531,1.077230294,100.800194437,0.800194437,0.000000000,70.710678119,70.622120452,0.707106781,0.707106781,0.000000000
105,0.052500000,525.000000000,29.990550531,1.092160153,100.810751441,0.810751441,0.000000000,70.710678119,70.622120452,0.707106781,0.707106781,0.000000000
106,0.053000000,530.000000000,30.254300531,1.107221261,100.821401253,0.821401253,0.000000000,70.710678119,70.622120452,0.707106781,0.707106781,0.000000000
107,0.053500000,535.000000000,30.520550531,1.122414870,100.832144757,0.832144757,0.000000000,70.710678119,70.622120452,0.707106781,0.707106781,0.000000000
108,0.054000000,540.000000000,30.789300531,1.137742229,100.842982836,0.842982836,0.000000000,70.710678119,70.622120452,0.707106781,0.707106781,0.000000000
109,0.054500000,545.000000000,31.060550531,1.153204587,100.853916374,0.853916374,0.000000000,70.710678119,70.622120452,0.707106781,0.707106781,0.000000000
110,0.055000000,550.000000000,31.334300531,1.168803196,100.864946256,0.864946256,0.000000000,70.710678119,70.622120452,0.707106781,0.707106781,0.000000000
111,0.055500000,555.000000000,31.610550531,1.184539304,100.876073365,0.876073365,0.000000000,70.710678119,70.622120452,0.707106781,0.707106781,0.000000000
112,0.056000000,560.000000000,31.889300531,1.200414163,100.887298586,0.887298586,0.000000000,70.710678119,70.622120452,0.707106781,0.707106781,0.000000000
113,0.056500000,565.000000000,32.170550531,1.216429022,100.898622801,0.898622801,0.000000000,70.710678119,70.622120452,0.707106781,0.707106781,0.000000000
114,0.057000000,570.000000000,32.454300531,1.232585130,100.910046895,0.910046895,0.000000000,70.710678119,70.622120452,0.707106781,0.707106781,0.000000000
115,0.057500000,575.000000000,32.740550531,1.248883739,100.921571751,0.921571751,0.000000000,70.710678119,70.622120452,0.707106781,0.707106781,0.000000000
116,0.058000000,580.000000000,33.029300531,1.265326097,100.933198255,0.933198255,0.000000000,70.710678119,70.622120452,0.707106781,0.707106781,0.000000000
117,0.058500000,585.000000000,33.320550531,1.281913456,100.944927288,0.944927288,0.000000000,70.710678119,70.622120452,0.707106781,0.707106781,0.000000000
118,0.059000000,590.000000000,33.614300531,1.298647065,100.956759736,0.956759736,0.000000000,70.710678119,70.622120452,0.707106781,0.707106781,0.000000000
119,0.059500000,595.000000000,33.910550531,1.315528173,100.968696483,0.968696483,0.000000000,70.710678119,70.622120452,0.707106781,0.707106781,0.000000000
120,0.060000000,600.000000000,34.209300531,1.332558032,100.980738411,0.980738411,0.000000000,70.710678119,70.622120452,0.707106781,0.707106781,0.000000000
121,0.060500000,605.000000000,34.510550531,1.349737890,100.992886406,0.992886406,0.000000000,70.710678119,70.622120452,0.707106781,0.707106781,0.000000000
122,0.061000000,610.000000000,34.814300531,1.367068999,101.005141350,1.005141350,0.000000000,70.710678119,70.622120452,0.707106781,0.707106781,0.000000000
123,0.061500000,615.000000000,35.120550531,1.384552608,101.017504128,1.017504128,0.000000000,70.710678119,70.622120452,0.707106781,0.707106781,0.000000000
124,0.062000000,620.000000000,35.429300531,1.402189966,101.029975624,1.029975624,0.000000000,70.710678119,70.622120452,0.707106781,0.707106781,0.000000000
125,0.062500000,625.000000000,35.740550531,1.419982325,101.042556722,1.042556722,0.000000000,70.710678119,70.622120452,0.707106781,0.707106781,0.000000000
126,0.063000000,630.000000000,36.054300531,1.437930933,101.055248305,1.055248305,0.000000000,70.710678119,70.622120452,0.707106781,0.707106781,0.000000000
127,0.063500000,635.000000000,36.370550531,1.456037042,101.068051257,1.068051257,0.000000000,70.710678119,70.622120452,0.707106781,0.707106781,0.000000000
128,0.064000000,640.000000000,36.689300531,1.474301901,101.080966462,1.080966462,0.000000000,70.710678119,70.622120452,0.707106781,0.707106781,0.000000000
129,0.064500000,645.000000000,37.010550531,1.492726759,101.093994805,1.093994805,0.000000000,70.710678119,70.622120452,0.707106781,0.707106781,0.000000000
130,0.065000000,650.000000000,37.334300531,1.511312868,101.107137168,1.107137168,0.000000000,70.710678119,70.622120452,0.707106781,0.707106781,0.000000000
131,0.065500000,655.000000000,37.660550531,1.530061476,101.120394436,1.120394436,0.000000000,70.710678119,70.622120452,0.707106781,0.707106781,0.000000000
132,0.066000000,660.000000000,37.989300531,1.548973835,101.133767493,1.133767493,0.000000000,70.710678119,70.622120452,0.707106781,0.707106781,0.000000000
133,0.066500000,665.000000000,38.320550531,1.568051194,101.147257223,1.147257223,0.000000000,70.710678119,70.622120452,0.707106781,0.707106781,0.000000000
134,0.067000000,670.000000000,38.654300531,1.587294802,101.160864509,1.160864509,0.000000000,70.710678119,70.622120452,0.707106781,0.707106781,0.000000000
135,0.067500000,675.000000000,38.990550531,1.606705911,101.174590236,1.174590236,0.000000000,70.710678119,70.622120452,0.707106781,0.707106781,0.000000000
136,0.068000000,680.000000000,39.329300531,1.626285769,101.188435286,1.188435286,0.000000000,70.710678119,70.622120452,0.707106781,0.707106781,0.000000000
137,0.068500000,685.000000000,39.670550531,1.646035628,101.202400545,1.202400545,0.000000000,70.710678119,70.622120452,0.707106781,0.707106781,0.000000000
138,0.069000000,690.000000000,40.014300531,1.665956737,101.216486896,1.216486896,0.000000000,70.710678119,70.622120452,0.707106781,0.707106781,0.000000000
139,0.069500000,695.000000000,40.360550531,1.686050345,101.230695223,1.230695223,0.000000000,70.710678119,70.622120452,0.707106781,0.707106781,0.000000000
140,0.070000000,700.000000000,40.709300531,1.706317704,101.245026410,1.245026410,0.000000000,70.710678119,70.622120452,0.707106781,0.707106781,0.000000000
141,0.070500000,705.000000000,41.060550531,1.726760062,101.259481340,1.259481340,0.000000000,70.710678119,70.622120452,0.707106781,0.707106781,0.000000000
142,0.071000000,710.000000000,41.414300531,1.747378671,101.274060898,1.274060898,0.000000000,70.710678119,70.622120452,0.707106781,0.707106781,0.000000000
143,0.071500000,715.000000000,41.770550531,1.768174780,101.288765968,1.288765968,0.000000000,70.710678119,70.622120452,0.707106781,0.707106781,0.000000000
144,0.072000000,720.000000000,42.129300531,1.789149638,101.303597432,1.303597432,0.000000000,70.710678119,70.622120452,0.707106781,0.707106781,0.000000000
145,0.072500000,725.000000000,42.490550531,1.810304497,101.318556176,1.318556176,0.000000000,70.710678119,70.622120452,0.707106781,0.707106781,0.000000000
146,0.073000000,730.000000000,42.854300531,1.831640605,101.333643083,1.333643083,0.000000000,70.710678119,70.622120452,0.707106781,0.707106781,0.000000000
147,0.073500000,735.000000000,43.220550531,1.853159214,101.348859037,1.348859037,0.000000000,70.710678119,70.622120452,0.707106781,0.707106781,0.000000000
148,0.074000000,740.000000000,43.589300531,1.874861573,101.364204922,1.364204922,0.000000000,70.710678119,70.622120452,0.707106781,0.707106781,0.000000000
149,0.074500000,745.000000000,43.960550531,1.896748931,101.379681622,1.379681622,0.000000000,70.710678119,70.622120452,0.707106781,0.707106781,0.000000000
150,0.075000000,750.000000000,44.334300531,1.918822540,101.395290020,1.395290020,0.000000000,70.710678119,70.622120452,0.707106781,0.707106781,0.000000000
151,0.075500000,755.000000000,44.710550531,1.941083648,101.411031001,1.411031001,0.000000000,70.710678119,70.622120452,0.707106781,0.707106781,0.000000000
152,0.076000000,760.000000000,45.089300531,1.963533507,101.426905449,1.426905449,0.000000000,70.710678119,70.622120452,0.707106781,0.707106781,0.000000000
153,0.076500000,765.000000000,45.470550531,1.986173366,101.442914246,1.442914246,0.000000000,70.710678119,70.622120452,0.707106781,0.707106781,0.000000000
154,0.077000000,770.000000000,45.854300531,2.009004474,101.459058278,1.459058278,0.000000000,70.710678119,70.622120452,0.707106781,0.707106781,0.000000000
155,0.077500000,775.000000000,46.240550531,2.032028083,101.475338428,1.475338428,0.000000000,70.710678119,70.622120452,0.707106781,0.707106781,0.000000000
156,0.078000000,780.000000000,46.629300531,2.055245441,101.491755579,1.491755579,0.000000000,70.710678119,70.622120452,0.707106781,0.707106781,0.000000000
157,0.078500000,785.000000000,47.020550531,2.078657800,101.508310617,1.508310617,0.000000000,70.710678119,70.622120452,0.707106781,0.707106781,0.000000000
158,0.079000000,790.000000000,47.414300531,2.102266409,101.525004424,1.525004424,0.000000000,70.710678119,70.622120452,0.707106781,0.707106781,0.000000000
159,0.079500000,795.000000000,47.810550531,2.126072517,101.541837885,1.541837885,0.000000000,70.710678119,70.622120452,0.707106781,0.707106781,0.000000000
160,0.080000000,800.000000000,48.209300531,2.150077376,101.558811883,1.558811883,0.000000000,70.710678119,70.622120452,0.707106781,0.707106781,0.000000000
161,0.080500000,805.000000000,48.610550531,2.174282234,101.575927303,1.575927303,0.000000000,70.710678119,70.622120452,0.707106781,0.707106781,0.000000000
162,0.081000000,810.000000000,49.014300531,2.198688343,101.593185028,1.593185028,0.000000000,70.710678119,70.622120452,0.707106781,0.707106781,0.000000000
163,0.081500000,815.000000000,49.420550531,2.223296952,101.610585942,1.610585942,0.000000000,70.710678119,70.622120452,0.707106781,0.707106781,0.000000000
164,0.082000000,820.000000000,49.829300531,2.248109310,101.628130929,1.628130929,0.000000000,70.710678119,70.622120452,0.707106781,0.707106781,0.000000000
165,0.082500000,825.000000000,50.240550531,2.273126669,101.645820873,1.645820873,0.000000000,70.710678119,70.622120452,0.707106781,0.707106781,0.000000000
166,0.083000000,830.000000000,50.654300531,2.298350277,101.663656657,1.663656657,0.000000000,70.710678119,70.622120452,0.707106781,0.707106781,0.000000000
167,0.083500000,835.000000000,51.070550531,2.323781386,101.681639167,1.681639167,0.000000000,70.710678119,70.622120452,0.707106781,0.707106781,0.000000000
168,0.084000000,840.000000000,51.489300531,2.349421245,101.699769285,1.699769285,0.000000000,70.710678119,70.622120452,0.707106781,0.707106781,0.000000000
169,0.084500000,845.000000000,51.910550531,2.375271103,101.718047895,1.718047895,0.000000000,70.710678119,70.622120452,0.707106781,0.707106781,0.000000000
170,0.085000000,850.000000000,52.334300531,2.401332212,101.736475881,1.736475881,0.000000000,70.710678119,70.622120452,0.707106781,0.707106781,0.000000000
171,0.085500000,855.000000000,52.760550531,2.427605820,101.755054128,1.755054128,0.000000000,70.710678119,70.622120452,0.707106781,0.707106781,0.000000000
172,0.086000000,860.000000000,53.189300531,2.454093179,101.773783519,1.773783519,0.000000000,70.710678119,70.622120452,0.707106781,0.707106781,0.000000000
173,0.086500000,865.000000000,53.620550531,2.480795538,101.792664938,1.792664938,0.000000000,70.710678119,70.622120452,0.707106781,0.707106781,0.000000000
174,0.087000000,870.000000000,54.054300531,2.507714146,101.811699269,1.811699269,0.000000000,70.710678119,70.622120452,0.707106781,0.707106781,0.000000000
175,0.087500000,875.000000000,54.490550531,2.534850255,101.830887395,1.830887395,0.000000000,70.710678119,70.622120452,0.707106781,0.707106781,0.000000000
176,0.088000000,880.000000000,54.929300531,2.562205113,101.850230201,1.850230201,0.000000000,70.710678119,70.622120452,0.707106781,0.707106781,0.000000000
177,0.088500000,885.000000000,55.370550531,2.589779972,101.869728571,1.869728571,0.000000000,70.710678119,70.622120452,0.707106781,0.707106781,0.000000000
178,0.089000000,890.000000000,55.814300531,2.617576081,101.889383387,1.889383387,0.000000000,70.710678119,70.622120452,0.707106781,0.707106781,0.000000000
179,0.089500000,895.000000000,56.260550531,2.645594689,101.909195536,1.909195536,0.000000000,70.710678119,70.622120452,0.707106781,0.707106781,0.000000000
180,0.090000000,900.000000000,56.709300531,2.673837048,101.929165899,1.929165899,0.000000000,70.710678119,70.622120452,0.707106781,0.707106781,0.000000000
181,0.090500000,905.000000000,57.160550531,2.702304406,101.949295361,1.949295361,0.000000000,70.710678119,70.622120452,0.707106781,0.707106781,0.000000000
182,0.091000000,910.000000000,57.614300531,2.730998015,101.969584806,1.969584806,0.000000000,70.710678119,70.622120452,0.707106781,0.707106781,0.000000000
183,0.091500000,915.000000000,58.070550531,2.759919124,101.990035118,1.990035118,0.000000000,70.710678119,70.622120452,0.707106781,0.707106781,0.000000000
184,0.092000000,910.745197666,58.527159246,2.789068652,102.010646948,2.010646948,0.000000000,70.710678119,70.622120452,0.707106781,0.707106781,0.000000000
185,0.092500000,905.745197666,58.981281845,2.818445866,102.031419775,2.031419775,0.000000000,70.710678119,70.622120452,0.707106781,0.707106781,0.000000000
186,0.093000000,900.745197666,59.432904444,2.848049517,102.052352717,2.052352717,0.000000000,70.710678119,70.622120452,0.707106781,0.707106781,0.000000000
187,0.093500000,895.745197666,59.882027043,2.877878354,102.073444890,2.073444890,0.000000000,70.710678119,70.622120452,0.707106781,0.707106781,0.000000000
188,0.094000000,890.745197666,60.328649642,2.907931127,102.094695410,2.094695410,0.000000000,70.710678119,70.622120452,0.707106781,0.707106781,0.000000000
189,0.094500000,885.745197666,60.772772241,2.938206587,102.116103393,2.116103393,0.000000000,70.710678119,70.622120452,0.707106781,0.707106781,0.000000000
190,0.095000000,880.745197666,61.214394839,2.968703483,102.137667955,2.137667955,0.000000000,70.710678119,70.622120452,0.707106781,0.707106781,0.000000000
191,0.095500000,875.745197666,61.653517438,2.999420565,102.159388212,2.159388212,0.000000000,70.710678119,70.622120452,0.707106781,0.707106781,0.000000000
192,0.096000000,870.745197666,62.090140037,3.030356584,102.181263280,2.181263280,0.000000000,70.710678119,70.622120452,0.707106781,0.707106781,0.000000000
193,0.096500000,865.745197666,62.524262636,3.061510289,102.203292276,2.203292276,0.000000000,70.710678119,70.622120452,0.707106781,0.707106781,0.000000000
194,0.097000000,860.745197666,62.955885235,3.092880430,102.225474316,2.225474316,0.000000000,70.710678119,70.622120452,0.707106781,0.707106781,0.000000000
195,0.097500000,855.745197666,63.385007834,3.124465757,102.247808515,2.247808515,0.000000000,70.710678119,70.622120452,0.707106781,0.707106781,0.000000000
196,0.098000000,850.745197666,63.811630432,3.156265021,102.270293990,2.270293990,0.000000000,70.710678119,70.622120452,0.707106781,0.707106781,0.000000000
197,0.098500000,845.745197666,64.235753031,3.188276971,102.292929857,2.292929857,0.000000000,70.710678119,70.622120452,0.707106781,0.707106781,0.000000000
198,0.099000000,840.745197666,64.657375630,3.220500357,102.315715232,2.315715232,0.000000000,70.710678119,70.622120452,0.707106781,0.707106781,0.000000000
199,0.099500000,835.745197666,65.076498229,3.252933930,102.338649231,2.338649231,0.000000000,70.710678119,70.622120452,0.707106781,0.707106781,0.000000000
200,0.100000000,830.745197666,65.493120828,3.285576439,102.361730971,2.361730971,0.000000000,70.710678119,70.622120452,0.707106781,0.707106781,0.000000000
201,0.100500000,825.745197666,65.907243427,3.318426634,102.384959566,2.384959566,0.000000000,70.710678119,70.622120452,0.707106781,0.707106781,0.000000000
202,0.101000000,820.745197666,66.318866025,3.351483266,102.408334135,2.408334135,0.000000000,70.710678119,70.622120452,0.707106781,0.707106781,0.000000000
203,0.101500000,815.745197666,66.727988624,3.384745083,102.431853792,2.431853792,0.000000000,70.710678119,70.622120452,0.707106781,0.707106781,0.000000000
204,0.102000000,810.745197666,67.134611223,3.418210838,102.455517653,2.455517653,0.000000000,70.710678119,70.622120452,0.707106781,0.707106781,0.000000000
205,0.102500000,805.745197666,67.538733822,3.451879278,102.479324836,2.479324836,0.000000000,70.710678119,70.622120452,0.707106781,0.707106781,0.000000000
206,0.103000000,800.745197666,67.940356421,3.485749155,102.503274455,2.503274455,0.000000000,70.710678119,70.622120452,0.707106781,0.707106781,0.000000000
207,0.103500000,795.745197666,68.339479020,3.519819218,102.527365628,2.527365628,0.000000000,70.710678119,70.622120452,0.707106781,0.707106781,0.000000000
208,0.104000000,790.745197666,68.736101618,3.554088217,102.551597470,2.551597470,0.000000000,70.710678119,70.622120452,0.707106781,0.707106781,0.000000000
209,0.104500000,785.745197666,69.130224217,3.588554903,102.575969097,2.575969097,0.000000000,70.710678119,70.622120452,0.707106781,0.707106781,0.000000000
210,0.105000000,780.745197666,69.521846816,3.623218025,102.600479626,2.600479626,0.000000000,70.710678119,70.622120452,0.707106781,0.707106781,0.000000000
211,0.105500000,775.745197666,69.910969415,3.658076333,102.625128172,2.625128172,0.000000000,70.710678119,70.622120452,0.707106781,0.707106781,0.000000000
212,0.106000000,770.745197666,70.297592014,3.693128577,102.649913851,2.649913851,0.000000000,70.710678119,70.622120452,0.707106781,0.707106781,0.000000000
213,0.106500000,765.745197666,70.681714613,3.728373508,102.674835781,2.674835781,0.000000000,70.710678119,70.622120452,0.707106781,0.707106781,0.000000000
214,0.107000000,760.745197666,71.063337211,3.763809875,102.699893077,2.699893077,0.000000000,70.710678119,70.622120452,0.707106781,0.707106781,0.000000000
215,0.107500000,755.745197666,71.442459810,3.799436429,102.725084854,2.725084854,0.000000000,70.710678119,70.622120452,0.707106781,0.707106781,0.000000000
216,0.108000000,750.745197666,71.819082409,3.835251918,102.750410230,2.750410230,0.000000000,70.710678119,70.622120452,0.707106781,0.707106781,0.000000000
217,0.108500000,745.745197666,72.193205008,3.871255094,102.775868320,2.775868320,0.000000000,70.710678119,70.622120452,0.707106781,0.707106781,0.000000000
218,0.109000000,740.745197666,72.564827607,3.907444707,102.801458240,2.801458240,0.000000000,70.710678119,70.622120452,0.707106781,0.707106781,0.000000000
219,0.109500000,735.745197666,72.933950206,3.943819505,102.827179107,2.827179107,0.000000000,70.710678119,70.622120452,0.707106781,0.707106781,0.000000000
220,0.110000000,730.745197666,73.300572804,3.980378240,102.853030036,2.853030036,0.000000000,70.710678119,70.622120452,0.707106781,0.707106781,0.000000000
221,0.110500000,725.745197666,73.664695403,4.017119662,102.879010144,2.879010144,0.000000000,70.710678119,70.622120452,0.707106781,0.707106781,0.000000000
222,0.111000000,720.745197666,74.026318002,4.054042519,102.905118547,2.905118547,0.000000000,70.710678119,70.622120452,0.707106781,0.707106781,0.000000000
223,0.111500000,715.745197666,74.385440601,4.091145563,102.931354361,2.931354361,0.000000000,70.710678119,70.622120452,0.707106781,0.707106781,0.000000000
224,0.112000000,710.745197666,74.742063200,4.128427543,102.957716702,2.957716702,0.000000000,70.710678119,70.622120452,0.707106781,0.707106781,0.000000000
225,0.112500000,705.745197666,75.096185799,4.165887209,102.984204686,2.984204686,0.000000000,70.710678119,70.622120452,0.707106781,0.707106781,0.000000000
226,0.113000000,700.745197666,75.447808397,4.203523312,103.010817430,3.010817430,0.000000000,70.710678119,70.622120452,0.707106781,0.707106781,0.000000000
227,0.113500000,695.745197666,75.796930996,4.241334601,103.037554048,3.037554048,0.000000000,70.710678119,70.622120452,0.707106781,0.707106781,0.000000000
228,0.114000000,690.745197666,76.143553595,4.279319826,103.064413659,3.064413659,0.000000000,70.710678119,70.622120452,0.707106781,0.707106781,0.000000000
229,0.114500000,685.745197666,76.487676194,4.317477738,103.091395377,3.091395377,0.000000000,70.710678119,70.622120452,0.707106781,0.707106781,0.000000000
230,0.115000000,680.745197666,76.829298793,4.355807086,103.118498319,3.118498319,0.000000000,70.710678119,70.622120452,0.707106781,0.707106781,0.000000000
231,0.115500000,675.745197666,77.168421392,4.394306620,103.145721600,3.145721600,0.000000000,70.710678119,70.622120452,0.707106781,0.707106781,0.000000000
232,0.116000000,670.745197666,77.505043990,4.432975091,103.173064338,3.173064338,0.000000000,70.710678119,70.622120452,0.707106781,0.707106781,0.000000000
233,0.116500000,665.745197666,77.839166589,4.471811248,103.200525648,3.200525648,0.000000000,70.710678119,70.622120452,0.707106781,0.707106781,0.000000000
234,0.117000000,660.745197666,78.170789188,4.510813841,103.228104646,3.228104646,0.000000000,70.710678119,70.622120452,0.707106781,0.707106781,0.000000000
235,0.117500000,655.745197666,78.499911787,4.549981620,103.255800448,3.255800448,0.000000000,70.710678119,70.622120452,0.707106781,0.707106781,0.000000000
236,0.118000000,650.745197666,78.826534386,4.589313336,103.283612171,3.283612171,0.000000000,70.710678119,70.622120452,0.707106781,0.707106781,0.000000000
237,0.118500000,645.745197666,79.150656985,4.628807738,103.311538931,3.311538931,0.000000000,70.710678119,70.622120452,0.707106781,0.707106781,0.000000000
238,0.119000000,640.745197666,79.472279583,4.668463576,103.339579843,3.339579843,0.000000000,70.710678119,70.622120452,0.707106781,0.707106781,0.000000000
239,0.119500000,635.745197666,79.791402182,4.708279601,103.367734024,3.367734024,0.000000000,70.710678119,70.622120452,0.707106781,0.707106781,0.000000000
240,0.120000000,630.745197666,80.108024781,4.748254562,103.396000590,3.396000590,0.000000000,70.710678119,70.622120452,0.707106781,0.707106781,0.000000000
241,0.120500000,625.745197666,80.422147380,4.788387209,103.424378657,3.424378657,0.000000000,70.710678119,70.622120452,0.707106781,0.707106781,0.000000000
242,0.121000000,620.745197666,80.733769979,4.828676292,103.452867341,3.452867341,0.000000000,70.710678119,70.622120452,0.707106781,0.707106781,0.000000000
243,0.121500000,615.745197666,81.042892578,4.869120562,103.481465759,3.481465759,0.000000000,70.710678119,70.622120452,0.707106781,0.707106781,0.000000000
244,0.122000000,610.745197666,81.349515176,4.909718768,103.510173025,3.510173025,0.000000000,70.710678119,70.622120452,0.707106781,0.707106781,0.000000000
245,0.122500000,605.745197666,81.653637775,4.950469661,103.538988258,3.538988258,0.000000000,70.710678119,70.622120452,0.707106781,0.707106781,0.000000000
246,0.123000000,600.745197666,81.955260374,4.991371989,103.567910572,3.567910572,0.000000000,70.710678119,70.622120452,0.707106781,0.707106781,0.000000000
247,0.123500000,595.745197666,82.254382973,5.032424504,103.596939083,3.596939083,0.000000000,70.710678119,70.622120452,0.707106781,0.707106781,0.000000000
248,0.124000000,590.745197666,82.551005572,5.073625956,103.626072909,3.626072909,0.000000000,70.710678119,70.622120452,0.707106781,0.707106781,0.000000000
249,0.124500000,585.745197666,82.845128171,5.114975093,103.655311165,3.655311165,0.000000000,70.710678119,70.622120452,0.707106781,0.707106781,0.000000000
250,0.125000000,580.745197666,83.136750769,5.156470667,103.684652966,3.684652966,0.000000000,70.710678119,70.622120452,0.707106781,0.707106781,0.000000000
251,0.125500000,575.745197666,83.425873368,5.198111427,103.714097430,3.714097430,0.000000000,70.710678119,70.622120452,0.707106781,0.707106781,0.000000000
252,0.126000000,570.745197666,83.712495967,5.239896124,103.743643673,3.743643673,0.000000000,70.710678119,70.622120452,0.707106781,0.707106781,0.000000000
253,0.126500000,565.745197666,83.996618566,5.281823507,103.773290809,3.773290809,0.000000000,70.710678119,70.622120452,0.707106781,0.707106781,0.000000000
254,0.127000000,560.745197666,84.278241165,5.323892326,103.803037956,3.803037956,0.000000000,70.710678119,70.622120452,0.707106781,0.707106781,0.000000000
255,0.127500000,555.745197666,84.557363764,5.366101331,103.832884230,3.832884230,0.000000000,70.710678119,70.622120452,0.707106781,0.707106781,0.000000000
256,0.128000000,550.745197666,84.833986362,5.408449273,103.862828747,3.862828747,0.000000000,70.710678119,70.622120452,0.707106781,0.707106781,0.000000000
257,0.128500000,545.745197666,85.108108961,5.450934901,103.892870623,3.892870623,0.000000000,70.710678119,70.622120452,0.707106781,0.707106781,0.000000000
258,0.129000000,540.745197666,85.379731560,5.493556965,103.923008974,3.923008974,0.000000000,70.710678119,70.622120452,0.707106781,0.707106781,0.000000000
259,0.129500000,535.745197666,85.648854159,5.536314216,103.953242915,3.953242915,0.000000000,70.710678119,70.622120452,0.707106781,0.707106781,0.000000000
260,0.130000000,530.745197666,85.915476758,5.579205403,103.983571564,3.983571564,0.000000000,70.710678119,70.622120452,0.707106781,0.707106781,0.000000000
261,0.130500000,525.745197666,86.179599357,5.622229276,104.013994037,4.013994037,0.000000000,70.710678119,70.622120452,0.707106781,0.707106781,0.000000000
262,0.131000000,520.745197666,86.441221955,5.665384585,104.044509449,4.044509449,0.000000000,70.710678119,70.622120452,0.707106781,0.707106781,0.000000000
263,0.131500000,515.745197666,86.700344554,5.708670081,104.075116917,4.075116917,0.000000000,70.710678119,70.622120452,0.707106781,0.707106781,0.000000000
264,0.132000000,510.745197666,86.956967153,5.752084513,104.105815556,4.105815556,0.000000000,70.710678119,70.622120452,0.707106781,0.707106781,0.000000000
265,0.132500000,505.745197666,87.211089752,5.795626632,104.136604483,4.136604483,0.000000000,70.710678119,70.622120452,0.707106781,0.707106781,0.000000000
266,0.133000000,500.745197666,87.462712351,5.839295186,104.167482814,4.167482814,0.000000000,70.710678119,70.622120452,0.707106781,0.707106781,0.000000000
267,0.133500000,495.745197666,87.711834950,5.883088927,104.198449665,4.198449665,0.000000000,70.710678119,70.622120452,0.707106781,0.707106781,0.000000000
268,0.134000000,490.745197666,87.958457548,5.927006605,104.229504153,4.229504153,0.000000000,70.710678119,70.622120452,0.707106781,0.707106781,0.000000000
269,0.134500000,485.745197666,88.202580147,5.971046968,104.260645393,4.260645393,0.000000000,70.710678119,70.622120452,0.707106781,0.707106781,0.000000000
270,0.135000000,480.745197666,88.444202746,6.015208768,104.291872501,4.291872501,0.000000000,70.710678119,70.622120452,0.707106781,0.707106781,0.000000000
271,0.135500000,475.745197666,88.683325345,6.059490754,104.323184593,4.323184593,0.000000000,70.710678119,70.622120452,0.707106781,0.707106781,0.000000000
272,0.136000000,470.745197666,88.919947944,6.103891677,104.354580787,4.354580787,0.000000000,70.710678119,70.622120452,0.707106781,0.707106781,0.000000000
273,0.136500000,465.745197666,89.154070543,6.148410285,104.386060197,4.386060197,0.000000000,70.710678119,70.622120452,0.707106781,0.707106781,0.000000000
274,0.137000000,460.745197666,89.385693141,6.193045331,104.417621940,4.417621940,0.000000000,70.710678119,70.622120452,0.707106781,0.707106781,0.000000000
275,0.137500000,455.745197666,89.614815740,6.237795562,104.449265132,4.449265132,0.000000000,70.710678119,70.622120452,0.707106781,0.707106781,0.000000000
276,0.138000000,450.745197666,89.841438339,6.282659730,104.480988889,4.480988889,0.000000000,70.710678119,70.622120452,0.707106781,0.707106781,0.000000000
277,0.138500000,445.745197666,90.065560938,6.327636584,104.512792328,4.512792328,0.000000000,70.710678119,70.622120452,0.707106781,0.707106781,0.000000000
278,0.139000000,440.745197666,90.287183537,6.372724874,104.544674564,4.544674564,0.000000000,70.710678119,70.622120452,0.707106781,0.707106781,0.000000000
279,0.139500000,435.745197666,90.506306136,6.417923351,104.576634713,4.576634713,0.000000000,70.710678119,70.622120452,0.707106781,0.707106781,0.000000000
280,0.140000000,430.745197666,90.722928734,6.463230763,104.608671892,4.608671892,0.000000000,70.710678119,70.622120452,0.707106781,0.707106781,0.000000000
281,0.140500000,425.745197666,90.937051333,6.508645863,104.640785216,4.640785216,0.000000000,70.710678119,70.622120452,0.707106781,0.707106781,0.000000000
282,0.141000000,420.745197666,91.148673932,6.554167398,104.672973803,4.672973803,0.000000000,70.710678119,70.622120452,0.707106781,0.707106781,0.000000000
283,0.141500000,415.745197666,91.357796531,6.599794120,104.705236767,4.705236767,0.000000000,70.710678119,70.622120452,0.707106781,0.707106781,0.000000000
284,0.142000000,410.745197666,91.564419130,6.645524778,104.737573226,4.737573226,0.000000000,70.710678119,70.622120452,0.707106781,0.707106781,0.000000000
285,0.142500000,405.745197666,91.768541729,6.691358122,104.769982294,4.769982294,0.000000000,70.710678119,70.622120452,0.707106781,0.707106781,0.000000000
286,0.143000000,400.745197666,91.970164327,6.737292903,104.802463089,4.802463089,0.000000000,70.710678119,70.622120452,0.707106781,0.707106781,0.000000000
287,0.143500000,395.745197666,92.169286926,6.783327870,104.835014727,4.835014727,0.000000000,70.710678119,70.622120452,0.707106781,0.707106781,0.000000000
288,0.144000000,390.745197666,92.365909525,6.829461773,104.867636322,4.867636322,0.000000000,70.710678119,70.622120452,0.707106781,0.707106781,0.000000000
289,0.144500000,385.745197666,92.560032124,6.875693363,104.900326993,4.900326993,0.000000000,70.710678119,70.622120452,0.707106781,0.707106781,0.000000000
290,0.145000000,380.745197666,92.751654723,6.922021389,104.933085854,4.933085854,0.000000000,70.710678119,70.622120452,0.707106781,0.707106781,0.000000000
291,0.145500000,375.745197666,92.940777322,6.968444601,104.965912022,4.965912022,0.000000000,70.710678119,70.622120452,0.707106781,0.707106781,0.000000000
292,0.146000000,370.745197666,93.127399920,7.014961749,104.998804613,4.998804613,0.000000000,70.710678119,70.622120452,0.707106781,0.707106781,0.000000000
293,0.146500000,365.745197666,93.311522519,7.061571584,105.031762744,5.031762744,0.000000000,70.710678119,70.622120452,0.707106781,0.707106781,0.000000000
294,0.147000000,360.745197666,93.493145118,7.108272855,105.064785529,5.064785529,0.000000000,70.710678119,70.622120452,0.707106781,0.707106781,0.000000000
295,0.147500000,355.745197666,93.672267717,7.155064313,105.097872086,5.097872086,0.000000000,70.710678119,70.622120452,0.707106781,0.707106781,0.000000000
296,0.148000000,350.745197666,93.848890316,7.201944706,105.131021530,5.131021530,0.000000000,70.710678119,70.622120452,0.707106781,0.707106781,0.000000000
297,0.148500000,345.745197666,94.023012915,7.248912786,105.164232978,5.164232978,0.000000000,70.710678119,70.622120452,0.707106781,0.707106781,0.000000000
298,0.149000000,340.745197666,94.194635513,7.295967303,105.197505546,5.197505546,0.000000000,70.710678119,70.622120452,0.707106781,0.707106781,0.000000000
299,0.149500000,335.745197666,94.363758112,7.343107005,105.230838349,5.230838349,0.000000000,70.710678119,70.622120452,0.707106781,0.707106781,0.000000000
300,0.150000000,330.745197666,94.530380711,7.390330644,105.264230504,5.264230504,0.000000000,70.710678119,70.622120452,0.707106781,0.707106781,0.000000000
301,0.150500000,325.745197666,94.694503310,7.437636969,105.297681128,5.297681128,0.000000000,70.710678119,70.622120452,0.707106781,0.707106781,0.000000000
302,0.151000000,320.745197666,94.856125909,7.485024731,105.331189335,5.331189335,0.000000000,70.710678119,70.622120452,0.707106781,0.707106781,0.000000000
303,0.151500000,315.745197666,95.015248508,7.532492678,105.364754243,5.364754243,0.000000000,70.710678119,70.622120452,0.707106781,0.707106781,0.000000000
304,0.152000000,310.745197666,95.171871106,7.580039562,105.398374967,5.398374967,0.000000000,70.710678119,70.622120452,0.707106781,0.707106781,0.000000000
305,0.152500000,305.745197666,95.325993705,7.627664133,105.432050624,5.432050624,0.000000000,70.710678119,70.622120452,0.707106781,0.707106781,0.000000000
306,0.153000000,300.745197666,95.477616304,7.675365139,105.465780329,5.465780329,0.000000000,70.710678119,70.622120452,0.707106781,0.707106781,0.000000000
307,0.153500000,295.745197666,95.626738903,7.723141332,105.499563199,5.499563199,0.000000000,70.710678119,70.622120452,0.707106781,0.707106781,0.000000000
308,0.154000000,290.745197666,95.773361502,7.770991462,105.533398350,5.533398350,0.000000000,70.710678119,70.622120452,0.707106781,0.707106781,0.000000000
309,0.154500000,285.745197666,95.917484101,7.818914277,105.567284898,5.567284898,0.000000000,70.710678119,70.622120452,0.707106781,0.707106781,0.000000000
310,0.155000000,280.745197666,96.059106699,7.866908529,105.601221959,5.601221959,0.000000000,70.710678119,70.622120452,0.707106781,0.707106781,0.000000000
311,0.155500000,275.745197666,96.198229298,7.914972967,105.635208649,5.635208649,0.000000000,70.710678119,70.622120452,0.707106781,0.707106781,0.000000000
312,0.156000000,270.745197666,96.334851897,7.963106342,105.669244084,5.669244084,0.000000000,70.710678119,70.622120452,0.707106781,0.707106781,0.000000000
313,0.156500000,265.745197666,96.468974496,8.011307403,105.703327381,5.703327381,0.000000000,70.710678119,70.622120452,0.707106781,0.707106781,0.000000000
314,0.157000000,260.745197666,96.600597095,8.059574900,105.737457656,5.737457656,0.000000000,70.710678119,70.622120452,0.707106781,0.707106781,0.000000000
315,0.157500000,255.745197666,96.729719694,8.107907583,105.771634024,5.771634024,0.000000000,70.710678119,70.622120452,0.707106781,0.707106781,0.000000000
316,0.158000000,250.745197666,96.856342292,8.156304203,105.805855602,5.805855602,0.000000000,70.710678119,70.622120452,0.707106781,0.707106781,0.000000000
317,0.158500000,245.745197666,96.980464891,8.204763509,105.840121506,5.840121506,0.000000000,70.710678119,70.622120452,0.707106781,0.707106781,0.000000000
318,0.159000000,240.745197666,97.102087490,8.253284251,105.874430851,5.874430851,0.000000000,70.710678119,70.622120452,0.707106781,0.707106781,0.000000000
319,0.159500000,235.745197666,97.221210089,8.301865179,105.908782756,5.908782756,0.000000000,70.710678119,70.622120452,0.707106781,0.707106781,0.000000000
320,0.160000000,230.745197666,97.337832688,8.350505044,105.943176334,5.943176334,0.000000000,70.710678119,70.622120452,0.707106781,0.707106781,0.000000000
321,0.160500000,225.745197666,97.451955287,8.399202595,105.977610702,5.977610702,0.000000000,70.710678119,70.622120452,0.707106781,0.707106781,0.000000000
322,0.161000000,220.745197666,97.563577885,8.447956583,106.012084978,6.012084978,0.000000000,70.710678119,70.622120452,0.707106781,0.707106781,0.000000000
323,0.161500000,215.745197666,97.672700484,8.496765757,106.046598275,6.046598275,0.000000000,70.710678119,70.622120452,0.707106781,0.707106781,0.000000000
324,0.162000000,210.745197666,97.779323083,8.545628867,106.081149712,6.081149712,0.000000000,70.710678119,70.622120452,0.707106781,0.707106781,0.000000000
325,0.162500000,205.745197666,97.883445682,8.594544663,106.115738403,6.115738403,0.000000000,70.710678119,70.622120452,0.707106781,0.707106781,0.000000000
326,0.163000000,200.745197666,97.985068281,8.643511896,106.150363465,6.150363465,0.000000000,70.710678119,70.622120452,0.707106781,0.707106781,0.000000000
327,0.163500000,195.745197666,98.084190880,8.692529315,106.185024015,6.185024015,0.000000000,70.710678119,70.622120452,0.707106781,0.707106781,0.000000000
328,0.164000000,190.745197666,98.180813478,8.741595670,106.219719167,6.219719167,0.000000000,70.710678119,70.622120452,0.707106781,0.707106781,0.000000000
329,0.164500000,185.745197666,98.274936077,8.790709712,106.254448039,6.254448039,0.000000000,70.710678119,70.622120452,0.707106781,0.707106781,0.000000000
330,0.165000000,180.745197666,98.366558676,8.839870189,106.289209746,6.289209746,0.000000000,70.710678119,70.622120452,0.707106781,0.707106781,0.000000000
331,0.165500000,175.745197666,98.455681275,8.889075854,106.324003405,6.324003405,0.000000000,70.710678119,70.622120452,0.707106781,0.707106781,0.000000000
332,0.166000000,170.745197666,98.542303874,8.938325454,106.358828132,6.358828132,0.000000000,70.710678119,70.622120452,0.707106781,0.707106781,0.000000000
333,0.166500000,165.745197666,98.626426473,8.987617741,106.393683042,6.393683042,0.000000000,70.710678119,70.622120452,0.707106781,0.707106781,0.000000000
334,0.167000000,160.745197666,98.708049071,9.036951464,106.428567252,6.428567252,0.000000000,70.710678119,70.622120452,0.707106781,0.707106781,0.000000000
335,0.167500000,155.745197666,98.787171670,9.086325373,106.463479878,6.463479878,0.000000000,70.710678119,70.622120452,0.707106781,0.707106781,0.000000000
336,0.168000000,150.745197666,98.863794269,9.135738219,106.498420036,6.498420036,0.000000000,70.710678119,70.622120452,0.707106781,0.707106781,0.000000000
337,0.168500000,145.745197666,98.937916868,9.185188751,106.533386843,6.533386843,0.000000000,70.710678119,70.622120452,0.707106781,0.707106781,0.000000000
338,0.169000000,140.745197666,99.009539467,9.234675719,106.568379414,6.568379414,0.000000000,70.710678119,70.622120452,0.707106781,0.707106781,0.000000000
339,0.169500000,135.745197666,99.078662066,9.284197874,106.603396865,6.603396865,0.000000000,70.710678119,70.622120452,0.707106781,0.707106781,0.000000000
340,0.170000000,130.745197666,99.145284664,9.333753964,106.638438313,6.638438313,0.000000000,70.710678119,70.622120452,0.707106781,0.707106781,0.000000000
341,0.170500000,125.745197666,99.209407263,9.383342742,106.673502873,6.673502873,0.000000000,70.710678119,70.622120452,0.707106781,0.707106781,0.000000000
342,0.171000000,120.745197666,99.271029862,9.432962955,106.708589663,6.708589663,0.000000000,70.710678119,70.622120452,0.707106781,0.707106781,0.000000000
343,0.171500000,115.745197666,99.330152461,9.482613355,106.743697797,6.743697797,0.000000000,70.710678119,70.622120452,0.707106781,0.707106781,0.000000000
344,0.172000000,110.745197666,99.386775060,9.532292691,106.778826393,6.778826393,0.000000000,70.710678119,70.622120452,0.707106781,0.707106781,0.000000000
345,0.172500000,105.745197666,99.440897659,9.581999713,106.813974565,6.813974565,0.000000000,70.710678119,70.622120452,0.707106781,0.707106781,0.000000000
346,0.173000000,100.745197666,99.492520257,9.631733172,106.849141431,6.849141431,0.000000000,70.710678119,70.622120452,0.707106781,0.707106781,0.000000000
347,0.173500000,95.745197666,99.541642856,9.681491817,106.884326106,6.884326106,0.000000000,70.710678119,70.622120452,0.707106781,0.707106781,0.000000000
348,0.174000000,90.745197666,99.588265455,9.731274398,106.919527707,6.919527707,0.000000000,70.710678119,70.622120452,0.707106781,0.707106781,0.000000000
349,0.174500000,85.745197666,99.632388054,9.781079665,106.954745349,6.954745349,0.000000000,70.710678119,70.622120452,0.707106781,0.707106781,0.000000000
350,0.175000000,80.745197666,99.674010653,9.830906369,106.989978150,6.989978150,0.000000000,70.710678119,70.622120452,0.707106781,0.707106781,0.000000000
351,0.175500000,75.745197666,99.713133252,9.880753259,107.025225224,7.025225224,0.000000000,70.710678119,70.622120452,0.707106781,0.707106781,0.000000000
352,0.176000000,70.745197666,99.749755850,9.930619086,107.060485688,7.060485688,0.000000000,70.710678119,70.622120452,0.707106781,0.707106781,0.000000000
353,0.176500000,65.745197666,99.783878449,9.980502599,107.095758658,7.095758658,0.000000000,70.710678119,70.622120452,0.707106781,0.707106781,0.000000000
354,0.177000000,60.745197666,99.815501048,10.030402548,107.131043250,7.131043250,0.000000000,70.710678119,70.622120452,0.707106781,0.707106781,0.000000000
355,0.177500000,55.745197666,99.844623647,10.080317683,107.166338581,7.166338581,0.000000000,70.710678119,70.622120452,0.707106781,0.707106781,0.000000000
356,0.178000000,50.745197666,99.871246246,10.130246755,107.201643766,7.201643766,0.000000000,70.710678119,70.622120452,0.707106781,0.707106781,0.000000000
357,0.178500000,45.745197666,99.895368845,10.180188513,107.236957922,7.236957922,0.000000000,70.710678119,70.622120452,0.707106781,0.707106781,0.000000000
358,0.179000000,40.745197666,99.916991443,10.230141707,107.272280164,7.272280164,0.000000000,70.710678119,70.622120452,0.707106781,0.707106781,0.000000000
359,0.179500000,35.745197666,99.936114042,10.280105087,107.307609609,7.307609609,0.000000000,70.710678119,70.622120452,0.707106781,0.707106781,0.000000000
360,0.180000000,30.745197666,99.952736641,10.330077404,107.342945373,7.342945373,0.000000000,70.710678119,70.622120452,0.707106781,0.707106781,0.000000000
361,0.180500000,25.745197666,99.966859240,10.380057407,107.378286573,7.378286573,0.000000000,70.710678119,70.622120452,0.707106781,0.707106781,0.000000000
362,0.181000000,20.745197666,99.978481839,10.430043847,107.413632323,7.413632323,0.000000000,70.710678119,70.622120452,0.707106781,0.707106781,0.000000000
363,0.181500000,15.745197666,99.987604438,10.480035473,107.448981740,7.448981740,0.000000000,70.710678119,70.622120452,0.707106781,0.707106781,0.000000000
364,0.182000000,10.745197666,99.994227036,10.530031035,107.484333941,7.484333941,0.000000000,70.710678119,70.622120452,0.707106781,0.707106781,0.000000000
365,0.182500000,5.745197666,99.998349635,10.580029283,107.519688042,7.519688042,0.000000000,70.710678119,70.622120452,0.707106781,0.707106781,0.000000000
366,0.183000000,0.745197666,99.999972234,10.630028968,107.555043158,7.555043158,0.000000000,70.710678119,70.622120452,0.707106781,0.707106781,0.000000000
367,0.183500000,0.000000000,100.000000000,10.680028967,107.590398496,7.590398496,0.000000000,70.710678119,70.622120452,0.707106781,0.707106781,0.000000000
368,0.184000000,0.000000000,100.000000000,10.730028967,107.625753835,7.625753835,0.000000000,70.710678119,70.622120452,0.707106781,0.707106781,0.000000000
369,0.184500000,0.000000000,100.000000000,10.780028967,107.661109175,7.661109175,0.000000000,70.710678119,70.622120452,0.707106781,0.707106781,0.000000000
370,0.185000000,0.000000000,100.000000000,10.830028967,107.696464514,7.696464514,0.000000000,70.710678119,70.622120452,0.707106781,0.707106781,0.000000000
371,0.185500000,0.000000000,100.000000000,10.880028967,107.731819853,7.731819853,0.000000000,70.710678119,70.622120452,0.707106781,0.707106781,0.000000000
372,0.186000000,0.000000000,100.000000000,10.930028967,107.767175192,7.767175192,0.000000000,70.710678119,70.622120452,0.707106781,0.707106781,0.000000000
373,0.186500000,0.000000000,100.000000000,10.980028967,107.802530531,7.802530531,0.000000000,70.710678119,70.622120452,0.707106781,0.707106781,0.000000000
374,0.187000000,0.000000000,100.000000000,11.030028967,107.837885870,7.837885870,0.000000000,70.710678119,70.622120452,0.707106781,0.707106781,0.000000000
375,0.187500000,0.000000000,100.000000000,11.080028967,107.873241209,7.873241209,0.000000000,70.710678119,70.622120452,0.707106781,0.707106781,0.000000000
376,0.188000000,0.000000000,100.000000000,11.130028967,107.908596548,7.908596548,0.000000000,70.710678119,70.622120452,0.707106781,0.707106781,0.000000000
377,0.188500000,0.000000000,100.000000000,11.180028967,107.943951887,7.943951887,0.000000000,70.710678119,70.622120452,0.707106781,0.707106781,0.000000000
378,0.189000000,0.000000000,100.000000000,11.230028967,107.979307226,7.979307226,0.000000000,70.710678119,70.622120452,0.707106781,0.707106781,0.000000000
379,0.189500000,0.000000000,100.000000000,11.280028967,108.014662565,8.014662565,0.000000000,70.710678119,70.622120452,0.707106781,0.707106781,0.000000000
380,0.190000000,0.000000000,100.000000000,11.330028967,108.050017904,8.050017904,0.000000000,70.710678119,70.622120452,0.707106781,0.707106781,0.000000000
381,0.190500000,0.000000000,100.000000000,11.380028967,108.085373243,8.085373243,0.000000000,70.710678119,70.622120452,0.707106781,0.707106781,0.000000000
382,0.191000000,0.000000000,100.000000000,11.430028967,108.120728582,8.120728582,0.000000000,70.710678119,70.622120452,0.707106781,0.707106781,0.000000000
383,0.191500000,0.000000000,100.000000000,11.480028967,108.156083921,8.156083921,0.000000000,70.710678119,70.622120452,0.707106781,0.707106781,0.000000000
384,0.192000000,0.000000000,100.000000000,11.530028967,108.191439260,8.191439260,0.000000000,70.710678119,70.622120452,0.707106781,0.707106781,0.000000000
385,0.192500000,0.000000000,100.000000000,11.580028967,108.226794599,8.226794599,0.000000000,70.710678119,70.622120452,0.707106781,0.707106781,0.000000000
386,0.193000000,0.000000000,100.000000000,11.630028967,108.262149939,8.262149939,0.000000000,70.710678119,70.622120452,0.707106781,0.707106781,0.000000000
387,0.193500000,0.000000000,100.000000000,11.680028967,108.297505278,8.297505278,0.000000000,70.710678119,70.622120452,0.707106781,0.707106781,0.000000000
388,0.194000000,0.000000000,100.000000000,11.730028967,108.332860617,8.332860617,0.000000000,70.710678119,70.622120452,0.707106781,0.707106781,0.000000000
389,0.194500000,0.000000000,100.000000000,11.780028967,108.368215956,8.368215956,0.000000000,70.710678119,70.622120452,0.707106781,0.707106781,0.000000000
390,0.195000000,0.000000000,100.000000000,11.830028967,108.403571295,8.403571295,0.000000000,70.710678119,70.622120452,0.707106781,0.707106781,0.000000000
391,0.195500000,0.000000000,100.000000000,11.880028967,108.438926634,8.438926634,0.000000000,70.710678119,70.622120452,0.707106781,0.707106781,0.000000000
392,0.196000000,0.000000000,100.000000000,11.930028967,108.474281973,8.474281973,0.000000000,70.710678119,70.622120452,0.707106781,0.707106781,0.000000000
393,0.196500000,0.000000000,100.000000000,11.980028967,108.509637312,8.509637312,0.000000000,70.710678119,70.622120452,0.707106781,0.707106781,0.000000000
394,0.197000000,0.000000000,100.000000000,12.030028967,108.544992651,8.544992651,0.000000000,70.710678119,70.622120452,0.707106781,0.707106781,0.000000000
395,0.197500000,0.000000000,100.000000000,12.080028967,108.580347990,8.580347990,0.000000000,70.710678119,70.622120452,0.707106781,0.707106781,0.000000000
396,0.198000000,0.000000000,100.000000000,12.130028967,108.615703329,8.615703329,0.000000000,70.710678119,70.622120452,0.707106781,0.707106781,0.000000000
397,0.198500000,0.000000000,100.000000000,12.180028967,108.651058668,8.651058668,0.000000000,70.710678119,70.622120452,0.707106781,0.707106781,0.000000000
398,0.199000000,0.000000000,100.000000000,12.230028967,108.686414007,8.686414007,0.000000000,70.710678119,70.622120452,0.707106781,0.707106781,0.000000000
399,0.199500000,0.000000000,100.000000000,12.280028967,108.721769346,8.721769346,0.000000000,70.710678119,70.622120452,0.707106781,0.707106781,0.000000000
400,0.200000000,0.000000000,100.000000000,12.330028967,108.757124685,8.757124685,0.000000000,70.710678119,70.622120452,0.707106781,0.707106781,0.000000000
401,0.200500000,0.000000000,100.000000000,12.380028967,108.792480024,8.792480024,0.000000000,70.710678119,70.622120452,0.707106781,0.707106781,0.000000000
402,0.201000000,0.000000000,100.000000000,12.430028967,108.827835363,8.827835363,0.000000000,70.710678119,70.622120452,0.707106781,0.707106781,0.000000000
403,0.201500000,0.000000000,100.000000000,12.480028967,108.863190703,8.863190703,0.000000000,70.710678119,70.622120452,0.707106781,0.707106781,0.000000000
404,0.202000000,0.000000000,100.000000000,12.530028967,108.898546042,8.898546042,0.000000000,70.710678119,70.622120452,0.707106781,0.707106781,0.000000000
405,0.202500000,0.000000000,100.000000000,12.580028967,108.933901381,8.933901381,0.000000000,70.710678119,70.622120452,0.707106781,0.707106781,0.000000000
406,0.203000000,0.000000000,100.000000000,12.630028967,108.969256720,8.969256720,0.000000000,70.710678119,70.622120452,0.707106781,0.707106781,0.000000000
407,0.203500000,0.000000000,100.000000000,12.680028967,109.004612059,9.004612059,0.000000000,70.710678119,70.622120452,0.707106781,0.707106781,0.000000000
408,0.204000000,0.000000000,100.000000000,12.730028967,109.039967398,9.039967398,0.000000000,70.710678119,70.622120452,0.707106781,0.707106781,0.000000000
409,0.204500000,0.000000000,100.000000000,12.780028967,109.075322737,9.075322737,0.000000000,70.710678119,70.622120452,0.707106781,0.707106781,0.000000000
410,0.205000000,0.000000000,100.000000000,12.830028967,109.110678076,9.110678076,0.000000000,70.710678119,70.622120452,0.707106781,0.707106781,0.000000000
411,0.205500000,0.000000000,100.000000000,12.880028967,109.146033415,9.146033415,0.000000000,70.710678119,70.622120452,0.707106781,0.707106781,0.000000000
412,0.206000000,0.000000000,100.000000000,12.930028967,109.181388754,9.181388754,0.000000000,70.710678119,70.622120452,0.707106781,0.707106781,0.000000000
413,0.206500000,0.000000000,100.000000000,12.980028967,109.216744093,9.216744093,0.000000000,70.710678119,70.622120452,0.707106781,0.707106781,0.000000000
414,0.207000000,0.000000000,100.000000000,13.030028967,109.252099432,9.252099432,0.000000000,70.710678119,70.622120452,0.707106781,0.707106781,0.000000000
415,0.207500000,0.000000000,100.000000000,13.080028967,109.287454771,9.287454771,0.000000000,70.710678119,70.622120452,0.707106781,0.707106781,0.000000000
416,0.208000000,0.000000000,100.000000000,13.130028967,109.322810110,9.322810110,0.000000000,70.710678119,70.622120452,0.707106781,0.707106781,0.000000000
417,0.208500000,0.000000000,100.000000000,13.180028967,109.358165449,9.358165449,0.000000000,70.710678119,70.622120452,0.707106781,0.707106781,0.000000000
418,0.209000000,0.000000000,100.000000000,13.230028967,109.393520788,9.393520788,0.000000000,70.710678119,70.622120452,0.707106781,0.707106781,0.000000000
419,0.209500000,0.000000000,100.000000000,13.280028967,109.428876127,9.428876127,0.000000000,70.710678119,70.622120452,0.707106781,0.707106781,0.000000000
420,0.210000000,0.000000000,100.000000000,13.330028967,109.464231467,9.464231467,0.000000000,70.710678119,70.622120452,0.707106781,0.707106781,0.000000000
421,0.210500000,0.000000000,100.000000000,13.380028967,109.499586806,9.499586806,0.000000000,70.710678119,70.622120452,0.707106781,0.707106781,0.000000000
422,0.211000000,0.000000000,100.000000000,13.430028967,109.534942145,9.534942145,0.000000000,70.710678119,70.622120452,0.707106781,0.707106781,0.000000000
423,0.211500000,0.000000000,100.000000000,13.480028967,109.570297484,9.570297484,0.000000000,70.710678119,70.622120452,0.707106781,0.707106781,0.000000000
424,0.212000000,0.000000000,100.000000000,13.530028967,109.605652823,9.605652823,0.000000000,70.710678119,70.622120452,0.707106781,0.707106781,0.000000000
425,0.212500000,0.000000000,100.000000000,13.580028967,109.641008162,9.641008162,0.000000000,70.710678119,70.622120452,0.707106781,0.707106781,0.000000000
426,0.213000000,0.000000000,100.000000000,13.630028967,109.676363501,9.676363501,0.000000000,70.710678119,70.622120452,0.707106781,0.707106781,0.000000000
427,0.213500000,0.000000000,100.000000000,13.680028967,109.711718840,9.711718840,0.000000000,70.710678119,70.622120452,0.707106781,0.707106781,0.000000000
428,0.214000000,0.000000000,100.000000000,13.730028967,109.747074179,9.747074179,0.000000000,70.710678119,70.622120452,0.707106781,0.707106781,0.000000000
429,0.214500000,0.000000000,100.000000000,13.780028967,109.782429518,9.782429518,0.000000000,70.710678119,70.622120452,0.707106781,0.707106781,0.000000000
430,0.215000000,0.000000000,100.000000000,13.830028967,109.817784857,9.817784857,0.000000000,70.710678119,70.622120452,0.707106781,0.707106781,0.000000000
431,0.215500000,0.000000000,100.000000000,13.880028967,109.853140196,9.853140196,0.000000000,70.710678119,70.622120452,0.707106781,0.707106781,0.000000000
432,0.216000000,0.000000000,100.000000000,13.930028967,109.888495535,9.888495535,0.000000000,70.710678119,70.622120452,0.707106781,0.707106781,0.000000000
433,0.216500000,0.000000000,100.000000000,13.980028967,109.923850874,9.923850874,0.000000000,70.710678119,70.622120452,0.707106781,0.707106781,0.000000000
434,0.217000000,0.000000000,100.000000000,14.030028967,109.959206213,9.959206213,0.000000000,70.710678119,70.622120452,0.707106781,0.707106781,0.000000000
435,0.217500000,0.000000000,100.000000000,14.080028967,109.994561552,9.994561552,0.000000000,70.710678119,70.622120452,0.707106781,0.707106781,0.000000000
436,0.218000000,0.000000000,100.000000000,14.130028967,110.029916891,10.029916891,0.000000000,70.710678119,70.622120452,0.707106781,0.707106781,0.000000000
437,0.218500000,0.000000000,100.000000000,14.180028967,110.065272231,10.065272231,0.000000000,70.710678119,70.622120452,0.707106781,0.707106781,0.000000000
438,0.219000000,0.000000000,100.000000000,14.230028967,110.100627570,10.100627570,0.000000000,70.710678119,70.622120452,0.707106781,0.707106781,0.000000000
439,0.219500000,0.000000000,100.000000000,14.280028967,110.135982909,10.135982909,0.000000000,70.710678119,70.622120452,0.707106781,0.707106781,0.000000000
440,0.220000000,0.000000000,100.000000000,14.330028967,110.171338248,10.171338248,0.000000000,70.710678119,70.622120452,0.707106781,0.707106781,0.000000000
441,0.220500000,0.000000000,100.000000000,14.380028967,110.206693587,10.206693587,0.000000000,70.710678119,70.622120452,0.707106781,0.707106781,0.000000000
442,0.221000000,0.000000000,100.000000000,14.430028967,110.242048926,10.242048926,0.000000000,70.710678119,70.622120452,0.707106781,0.707106781,0.000000000
443,0.221500000,0.000000000,100.000000000,14.480028967,110.277404265,10.277404265,0.000000000,70.710678119,70.622120452,0.707106781,0.707106781,0.000000000
444,0.222000000,0.000000000,100.000000000,14.530028967,110.312759604,10.312759604,0.000000000,70.710678119,70.622120452,0.707106781,0.707106781,0.000000000
445,0.222500000,0.000000000,100.000000000,14.580028967,110.348114943,10.348114943,0.000000000,70.710678119,70.622120452,0.707106781,0.707106781,0.000000000
446,0.223000000,0.000000000,100.000000000,14.630028967,110.383470282,10.383470282,0.000000000,70.710678119,70.622120452,0.707106781,0.707106781,0.000000000
447,0.223500000,0.000000000,100.000000000,14.680028967,110.418825621,10.418825621,0.000000000,70.710678119,70.622120452,0.707106781,0.707106781,0.000000000
448,0.224000000,0.000000000,100.000000000,14.730028967,110.454180960,10.454180960,0.000000000,70.710678119,70.622120452,0.707106781,0.707106781,0.000000000
449,0.224500000,0.000000000,100.000000000,14.780028967,110.489536299,10.489536299,0.000000000,70.710678119,70.622120452,0.707106781,0.707106781,0.000000000
450,0.225000000,0.000000000,100.000000000,14.830028967,110.524891638,10.524891638,0.000000000,70.710678119,70.622120452,0.707106781,0.707106781,0.000000000
451,0.225500000,0.000000000,100.000000000,14.880028967,110.560246977,10.560246977,0.000000000,70.710678119,70.622120452,0.707106781,0.707106781,0.000000000
452,0.226000000,0.000000000,100.000000000,14.930028967,110.595602316,10.595602316,0.000000000,70.710678119,70.622120452,0.707106781,0.707106781,0.000000000
453,0.226500000,0.000000000,100.000000000,14.980028967,110.630957655,10.630957655,0.000000000,70.710678119,70.622120452,0.707106781,0.707106781,0.000000000
454,0.227000000,0.000000000,100.000000000,15.030028967,110.666312995,10.666312995,0.000000000,70.710678119,70.622120452,0.707106781,0.707106781,0.000000000
455,0.227500000,0.000000000,100.000000000,15.080028967,110.701668334,10.701668334,0.000000000,70.710678119,70.622120452,0.707106781,0.707106781,0.000000000
456,0.228000000,0.000000000,100.000000000,15.130028967,110.737023673,10.737023673,0.000000000,70.710678119,70.622120452,0.707106781,0.707106781,0.000000000
457,0.228500000,0.000000000,100.000000000,15.180028967,110.772379012,10.772379012,0.000000000,70.710678119,70.622120452,0.707106781,0.707106781,0.000000000
458,0.229000000,0.000000000,100.000000000,15.230028967,110.807734351,10.807734351,0.000000000,70.710678119,70.622120452,0.707106781,0.707106781,0.000000000
459,0.229500000,0.000000000,100.000000000,15.280028967,110.843089690,10.843089690,0.000000000,70.710678119,70.622120452,0.707106781,0.707106781,0.000000000
460,0.230000000,0.000000000,100.000000000,15.330028967,110.878445029,10.878445029,0.000000000,70.710678119,70.622120452,0.707106781,0.707106781,0.000000000
461,0.230500000,0.000000000,100.000000000,15.380028967,110.913800368,10.913800368,0.000000000,70.710678119,70.622120452,0.707106781,0.707106781,0.000000000
462,0.231000000,0.000000000,100.000000000,15.430028967,110.949155707,10.949155707,0.000000000,70.710678119,70.622120452,0.707106781,0.707106781,0.000000000
463,0.231500000,0.000000000,100.000000000,15.480028967,110.984511046,10.984511046,0.000000000,70.710678119,70.622120452,0.707106781,0.707106781,0.000000000
464,0.232000000,0.000000000,100.000000000,15.530028967,111.019866385,11.019866385,0.000000000,70.710678119,70.622120452,0.707106781,0.707106781,0.000000000
465,0.232500000,0.000000000,100.000000000,15.580028967,111.055221724,11.055221724,0.000000000,70.710678119,70.622120452,0.707106781,0.707106781,0.000000000
466,0.233000000,0.000000000,100.000000000,15.630028967,111.090577063,11.090577063,0.000000000,70.710678119,70.622120452,0.707106781,0.707106781,0.000000000
467,0.233500000,0.000000000,100.000000000,15.680028967,111.125932402,11.125932402,0.000000000,70.710678119,70.622120452,0.707106781,0.707106781,0.000000000
468,0.234000000,0.000000000,100.000000000,15.730028967,111.161287741,11.161287741,0.000000000,70.710678119,70.622120452,0.707106781,0.707106781,0.000000000
469,0.234500000,0.000000000,100.000000000,15.780028967,111.196643080,11.196643080,0.000000000,70.710678119,70.622120452,0.707106781,0.707106781,0.000000000
470,0.235000000,0.000000000,100.000000000,15.830028967,111.231998420,11.231998420,0.000000000,70.710678119,70.622120452,0.707106781,0.707106781,0.000000000
471,0.235500000,0.000000000,100.000000000,15.880028967,111.267353759,11.267353759,0.000000000,70.710678119,70.622120452,0.707106781,0.707106781,0.000000000
472,0.236000000,0.000000000,100.000000000,15.930028967,111.302709098,11.302709098,0.000000000,70.710678119,70.622120452,0.707106781,0.707106781,0.000000000
473,0.236500000,0.000000000,100.000000000,15.980028967,111.338064437,11.338064437,0.000000000,70.710678119,70.622120452,0.707106781,0.707106781,0.000000000
474,0.237000000,0.000000000,100.000000000,16.030028967,111.373419776,11.373419776,0.000000000,70.710678119,70.622120452,0.707106781,0.707106781,0.000000000
475,0.237500000,0.000000000,100.000000000,16.080028967,111.408775115,11.408775115,0.000000000,70.710678119,70.622120452,0.707106781,0.707106781,0.000000000
476,0.238000000,0.000000000,100.000000000,16.130028967,111.444130454,11.444130454,0.000000000,70.710678119,70.622120452,0.707106781,0.707106781,0.000000000
477,0.238500000,0.000000000,100.000000000,16.180028967,111.479485793,11.479485793,0.000000000,70.710678119,70.622120452,0.707106781,0.707106781,0.000000000
478,0.239000000,0.000000000,100.000000000,16.230028967,111.514841132,11.514841132,0.000000000,70.710678119,70.622120452,0.707106781,0.707106781,0.000000000
479,0.239500000,0.000000000,100.000000000,16.280028967,111.550196471,11.550196471,0.000000000,70.710678119,70.622120452,0.707106781,0.707106781,0.000000000
480,0.240000000,0.000000000,100.000000000,16.330028967,111.585551810,11.585551810,0.000000000,70.710678119,70.622120452,0.707106781,0.707106781,0.000000000
481,0.240500000,0.000000000,100.000000000,16.380028967,111.620907149,11.620907149,0.000000000,70.710678119,70.622120452,0.707106781,0.707106781,0.000000000
482,0.241000000,0.000000000,100.000000000,16.430028967,111.656262488,11.656262488,0.000000000,70.710678119,70.622120452,0.707106781,0.707106781,0.000000000
483,0.241500000,0.000000000,100.000000000,16.480028967,111.691617827,11.691617827,0.000000000,70.710678119,70.622120452,0.707106781,0.707106781,0.000000000
484,0.242000000,0.000000000,100.000000000,16.530028967,111.726973166,11.726973166,0.000000000,70.710678119,70.622120452,0.707106781,0.707106781,0.000000000
485,0.242500000,0.000000000,100.000000000,16.580028967,111.762328505,11.762328505,0.000000000,70.710678119,70.622120452,0.707106781,0.707106781,0.000000000
486,0.243000000,0.000000000,100.000000000,16.630028967,111.797683844,11.797683844,0.000000000,70.710678119,70.622120452,0.707106781,0.707106781,0.000000000
487,0.243500000,0.000000000,100.000000000,16.680028967,111.833039184,11.833039184,0.000000000,70.710678119,70.622120452,0.707106781,0.707106781,0.000000000
488,0.244000000,0.000000000,100.000000000,16.730028967,111.868394523,11.868394523,0.000000000,70.710678119,70.622120452,0.707106781,0.707106781,0.000000000
489,0.244500000,0.000000000,100.000000000,16.780028967,111.903749862,11.903749862,0.000000000,70.710678119,70.622120452,0.707106781,0.707106781,0.000000000
490,0.245000000,0.000000000,100.000000000,16.830028967,111.939105201,11.939105201,0.000000000,70.710678119,70.622120452,0.707106781,0.707106781,0.000000000
491,0.245500000,0.000000000,100.000000000,16.880028967,111.974460540,11.974460540,0.000000000,70.710678119,70.622120452,0.707106781,0.707106781,0.000000000
492,0.246000000,0.000000000,100.000000000,16.930028967,112.009815879,12.009815879,0.000000000,70.710678119,70.622120452,0.707106781,0.707106781,0.000000000
493,0.246500000,0.000000000,100.000000000,16.980028967,112.045171218,12.045171218,0.000000000,70.710678119,70.622120452,0.707106781,0.707106781,0.000000000
494,0.247000000,0.000000000,100.000000000,17.030028967,112.080526557,12.080526557,0.000000000,70.710678119,70.622120452,0.707106781,0.707106781,0.000000000
495,0.247500000,0.000000000,100.000000000,17.080028967,112.115881896,12.115881896,0.000000000,70.710678119,70.622120452,0.707106781,0.707106781,0.000000000
496,0.248000000,0.000000000,100.000000000,17.130028967,112.151237235,12.151237235,0.000000000,70.710678119,70.622120452,0.707106781,0.707106781,0.000000000
497,0.248500000,0.000000000,100.000000000,17.180028967,112.186592574,12.186592574,0.000000000,70.710678119,70.622120452,0.707106781,0.707106781,0.000000000
498,0.249000000,0.000000000,100.000000000,17.230028967,112.221947913,12.221947913,0.000000000,70.710678119,70.622120452,0.707106781,0.707106781,0.000000000
499,0.249500000,0.000000000,100.000000000,17.280028967,112.257303252,12.257303252,0.000000000,70.710678119,70.622120452,0.707106781,0.707106781,0.000000000
500,0.250000000,0.000000000,100.000000000,17.330028967,112.292658591,12.292658591,0.000000000,70.710678119,70.622120452,0.707106781,0.707106781,0.000000000
501,0.250500000,0.000000000,100.000000000,17.380028967,112.328013930,12.328013930,0.000000000,70.710678119,70.622120452,0.707106781,0.707106781,0.000000000
502,0.251000000,0.000000000,100.000000000,17.430028967,112.363369269,12.363369269,0.000000000,70.710678119,70.622120452,0.707106781,0.707106781,0.000000000
503,0.251500000,0.000000000,100.000000000,17.480028967,112.398724608,12.398724608,0.000000000,70.710678119,70.622120452,0.707106781,0.707106781,0.000000000
504,0.252000000,0.000000000,100.000000000,17.530028967,112.434079948,12.434079948,0.000000000,70.710678119,70.622120452,0.707106781,0.707106781,0.000000000
505,0.252500000,0.000000000,100.000000000,17.580028967,112.469435287,12.469435287,0.000000000,70.710678119,70.622120452,0.707106781,0.707106781,0.000000000
506,0.253000000,0.000000000,100.000000000,17.630028967,112.504790626,12.504790626,0.000000000,70.710678119,70.622120452,0.707106781,0.707106781,0.000000000
507,0.253500000,0.000000000,100.000000000,17.680028967,112.540145965,12.540145965,0.000000000,70.710678119,70.622120452,0.707106781,0.707106781,0.000000000
508,0.254000000,0.000000000,100.000000000,17.730028967,112.575501304,12.575501304,0.000000000,70.710678119,70.622120452,0.707106781,0.707106781,0.000000000
509,0.254500000,0.000000000,100.000000000,17.780028967,112.610856643,12.610856643,0.000000000,70.710678119,70.622120452,0.707106781,0.707106781,0.000000000
510,0.255000000,0.000000000,100.000000000,17.830028967,112.646211982,12.646211982,0.000000000,70.710678119,70.622120452,0.707106781,0.707106781,0.000000000
511,0.255500000,0.000000000,100.000000000,17.880028967,112.681567321,12.681567321,0.000000000,70.710678119,70.622120452,0.707106781,0.707106781,0.000000000
512,0.256000000,0.000000000,100.000000000,17.930028967,112.716922660,12.716922660,0.000000000,70.710678119,70.622120452,0.707106781,0.707106781,0.000000000
513,0.256500000,0.000000000,100.000000000,17.980028967,112.752277999,12.752277999,0.000000000,70.710678119,70.622120452,0.707106781,0.707106781,0.000000000
514,0.257000000,0.000000000,100.000000000,18.030028967,112.787633338,12.787633338,0.000000000,70.710678119,70.622120452,0.707106781,0.707106781,0.000000000
515,0.257500000,0.000000000,100.000000000,18.080028967,112.822988677,12.822988677,0.000000000,70.710678119,70.622120452,0.707106781,0.707106781,0.000000000
516,0.258000000,0.000000000,100.000000000,18.130028967,112.858344016,12.858344016,0.000000000,70.710678119,70.622120452,0.707106781,0.707106781,0.000000000
517,0.258500000,0.000000000,100.000000000,18.180028967,112.893699355,12.893699355,0.000000000,70.710678119,70.622120452,0.707106781,0.707106781,0.000000000
518,0.259000000,0.000000000,100.000000000,18.230028967,112.929054694,12.929054694,0.000000000,70.710678119,70.622120452,0.707106781,0.707106781,0.000000000
519,0.259500000,0.000000000,100.000000000,18.280028967,112.964410033,12.964410033,0.000000000,70.710678119,70.622120452,0.707106781,0.707106781,0.000000000
520,0.260000000,0.000000000,100.000000000,18.330028967,112.999765372,12.999765372,0.000000000,70.710678119,70.622120452,0.707106781,0.707106781,0.000000000
521,0.260500000,0.000000000,100.000000000,18.380028967,113.035120712,13.035120712,0.000000000,70.710678119,70.622120452,0.707106781,0.707106781,0.000000000
522,0.261000000,0.000000000,100.000000000,18.430028967,113.070476051,13.070476051,0.000000000,70.710678119,70.622120452,0.707106781,0.707106781,0.000000000
523,0.261500000,0.000000000,100.000000000,18.480028967,113.105831390,13.105831390,0.000000000,70.710678119,70.622120452,0.707106781,0.707106781,0.000000000
524,0.262000000,0.000000000,100.000000000,18.530028967,113.141186729,13.141186729,0.000000000,70.710678119,70.622120452,0.707106781,0.707106781,0.000000000
525,0.262500000,0.000000000,100.000000000,18.580028967,113.176542068,13.176542068,0.000000000,70.710678119,70.622120452,0.707106781,0.707106781,0.000000000
526,0.263000000,0.000000000,100.000000000,18.630028967,113.211897407,13.211897407,0.000000000,70.710678119,70.622120452,0.707106781,0.707106781,0.000000000
527,0.263500000,0.000000000,100.000000000,18.680028967,113.247252746,13.247252746,0.000000000,70.710678119,70.622120452,0.707106781,0.707106781,0.000000000
528,0.264000000,0.000000000,100.000000000,18.730028967,113.282608085,13.282608085,0.000000000,70.710678119,70.622120452,0.707106781,0.707106781,0.000000000
529,0.264500000,0.000000000,100.000000000,18.780028967,113.317963424,13.317963424,0.000000000,70.710678119,70.622120452,0.707106781,0.707106781,0.000000000
530,0.265000000,0.000000000,100.000000000,18.830028967,113.353318763,13.353318763,0.000000000,70.710678119,70.622120452,0.707106781,0.707106781,0.000000000
531,0.265500000,0.000000000,100.000000000,18.880028967,113.388674102,13.388674102,0.000000000,70.710678119,70.622120452,0.707106781,0.707106781,0.000000000
532,0.266000000,0.000000000,100.000000000,18.930028967,113.424029441,13.424029441,0.000000000,70.710678119,70.622120452,0.707106781,0.707106781,0.000000000
533,0.266500000,0.000000000,100.000000000,18.980028967,113.459384780,13.459384780,0.000000000,70.710678119,70.622120452,0.707106781,0.707106781,0.000000000
534,0.267000000,0.000000000,100.000000000,19.030028967,113.494740119,13.494740119,0.000000000,70.710678119,70.622120452,0.707106781,0.707106781,0.000000000
535,0.267500000,0.000000000,100.000000000,19.080028967,113.530095458,13.530095458,0.000000000,70.710678119,70.622120452,0.707106781,0.707106781,0.000000000
536,0.268000000,0.000000000,100.000000000,19.130028967,113.565450797,13.565450797,0.000000000,70.710678119,70.622120452,0.707106781,0.707106781,0.000000000
537,0.268500000,0.000000000,100.000000000,19.180028967,113.600806136,13.600806136,0.000000000,70.710678119,70.622120452,0.707106781,0.707106781,0.000000000
538,0.269000000,0.000000000,100.000000000,19.230028967,113.636161476,13.636161476,0.000000000,70.710678119,70.622120452,0.707106781,0.707106781,0.000000000
539,0.269500000,0.000000000,100.000000000,19.280028967,113.671516815,13.671516815,0.000000000,70.710678119,70.622120452,0.707106781,0.707106781,0.000000000
540,0.270000000,0.000000000,100.000000000,19.330028967,113.706872154,13.706872154,0.000000000,70.710678119,70.622120452,0.707106781,0.707106781,0.000000000
541,0.270500000,0.000000000,100.000000000,19.380028967,113.742227493,13.742227493,0.000000000,70.710678119,70.622120452,0.707106781,0.707106781,0.000000000
542,0.271000000,0.000000000,100.000000000,19.430028967,113.777582832,13.777582832,0.000000000,70.710678119,70.622120452,0.707106781,0.707106781,0.000000000
543,0.271500000,0.000000000,100.000000000,19.480028967,113.812938171,13.812938171,0.000000000,70.710678119,70.622120452,0.707106781,0.707106781,0.000000000
544,0.272000000,0.000000000,100.000000000,19.530028967,113.848293510,13.848293510,0.000000000,70.710678119,70.622120452,0.707106781,0.707106781,0.000000000
545,0.272500000,0.000000000,100.000000000,19.580028967,113.883648849,13.883648849,0.000000000,70.710678119,70.622120452,0.707106781,0.707106781,0.000000000
546,0.273000000,0.000000000,100.000000000,19.630028967,113.919004188,13.919004188,0.000000000,70.710678119,70.622120452,0.707106781,0.707106781,0.000000000
547,0.273500000,0.000000000,100.000000000,19.680028967,113.954359527,13.954359527,0.000000000,70.710678119,70.622120452,0.707106781,0.707106781,0.000000000
548,0.274000000,0.000000000,100.000000000,19.730028967,113.989714866,13.989714866,0.000000000,70.710678119,70.622120452,0.707106781,0.707106781,0.000000000
549,0.274500000,0.000000000,100.000000000,19.780028967,114.025070205,14.025070205,0.000000000,70.710678119,70.622120452,0.707106781,0.707106781,0.000000000
550,0.275000000,0.000000000,100.000000000,19.830028967,114.060425544,14.060425544,0.000000000,70.710678119,70.622120452,0.707106781,0.707106781,0.000000000
551,0.275500000,0.000000000,100.000000000,19.880028967,114.095780883,14.095780883,0.000000000,70.710678119,70.622120452,0.707106781,0.707106781,0.000000000
552,0.276000000,0.000000000,100.000000000,19.930028967,114.131136222,14.131136222,0.000000000,70.710678119,70.622120452,0.707106781,0.707106781,0.000000000
553,0.276500000,0.000000000,100.000000000,19.980028967,114.166491561,14.166491561,0.000000000,70.710678119,70.622120452,0.707106781,0.707106781,0.000000000
554,0.277000000,0.000000000,100.000000000,20.030028967,114.201846900,14.201846900,0.000000000,70.710678119,70.622120452,0.707106781,0.707106781,0.000000000
555,0.277500000,0.000000000,100.000000000,20.080028967,114.237202240,14.237202240,0.000000000,70.710678119,70.622120452,0.707106781,0.707106781,0.000000000
556,0.278000000,0.000000000,100.000000000,20.130028967,114.272557579,14.272557579,0.000000000,70.710678119,70.622120452,0.707106781,0.707106781,0.000000000
557,0.278500000,0.000000000,100.000000000,20.180028967,114.307912918,14.307912918,0.000000000,70.710678119,70.622120452,0.707106781,0.707106781,0.000000000
558,0.279000000,0.000000000,100.000000000,20.230028967,114.343268257,14.343268257,0.000000000,70.710678119,70.622120452,0.707106781,0.707106781,0.000000000
559,0.279500000,0.000000000,100.000000000,20.280028967,114.378623596,14.378623596,0.000000000,70.710678119,70.622120452,0.707106781,0.707106781,0.000000000
560,0.280000000,0.000000000,100.000000000,20.330028967,114.413978935,14.413978935,0.000000000,70.710678119,70.622120452,0.707106781,0.707106781,0.000000000
561,0.280500000,0.000000000,100.000000000,20.380028967,114.449334274,14.449334274,0.000000000,70.710678119,70.622120452,0.707106781,0.707106781,0.000000000
562,0.281000000,0.000000000,100.000000000,20.430028967,114.484689613,14.484689613,0.000000000,70.710678119,70.622120452,0.707106781,0.707106781,0.000000000
563,0.281500000,0.000000000,100.000000000,20.480028967,114.520044952,14.520044952,0.000000000,70.710678119,70.622120452,0.707106781,0.707106781,0.000000000
564,0.282000000,0.000000000,100.000000000,20.530028967,114.555400291,14.555400291,0.000000000,70.710678119,70.622120452,0.707106781,0.707106781,0.000000000
565,0.282500000,0.000000000,100.000000000,20.580028967,114.590755630,14.590755630,0.000000000,70.710678119,70.622120452,0.707106781,0.707106781,0.000000000
566,0.283000000,0.000000000,100.000000000,20.630028967,114.626110969,14.626110969,0.000000000,70.710678119,70.622120452,0.707106781,0.707106781,0.000000000
567,0.283500000,0.000000000,100.000000000,20.680028967,114.661466308,14.661466308,0.000000000,70.710678119,70.622120452,0.707106781,0.707106781,0.000000000
568,0.284000000,0.000000000,100.000000000,20.730028967,114.696821647,14.696821647,0.000000000,70.710678119,70.622120452,0.707106781,0.707106781,0.000000000
569,0.284500000,0.000000000,100.000000000,20.780028967,114.732176986,14.732176986,0.000000000,70.710678119,70.622120452,0.707106781,0.707106781,0.000000000
570,0.285000000,0.000000000,100.000000000,20.830028967,114.767532325,14.767532325,0.000000000,70.710678119,70.622120452,0.707106781,0.707106781,0.000000000
571,0.285500000,0.000000000,100.000000000,20.880028967,114.802887664,14.802887664,0.000000000,70.710678119,70.622120452,0.707106781,0.707106781,0.000000000
572,0.286000000,0.000000000,100.000000000,20.930028967,114.838243004,14.838243004,0.000000000,70.710678119,70.622120452,0.707106781,0.707106781,0.000000000
573,0.286500000,0.000000000,100.000000000,20.980028967,114.873598343,14.873598343,0.000000000,70.710678119,70.622120452,0.707106781,0.707106781,0.000000000
574,0.287000000,0.000000000,100.000000000,21.030028967,114.908953682,14.908953682,0.000000000,70.710678119,70.622120452,0.707106781,0.707106781,0.000000000
575,0.287500000,0.000000000,100.000000000,21.080028967,114.944309021,14.944309021,0.000000000,70.710678119,70.622120452,0.707106781,0.707106781,0.000000000
576,0.288000000,0.000000000,100.000000000,21.130028967,114.979664360,14.979664360,0.000000000,70.710678119,70.622120452,0.707106781,0.707106781,0.000000000
577,0.288500000,0.000000000,100.000000000,21.180028967,115.015019699,15.015019699,0.000000000,70.710678119,70.622120452,0.707106781,0.707106781,0.000000000
578,0.289000000,0.000000000,100.000000000,21.230028967,115.050375038,15.050375038,0.000000000,70.710678119,70.622120452,0.707106781,0.707106781,0.000000000
579,0.289500000,0.000000000,100.000000000,21.280028967,115.085730377,15.085730377,0.000000000,70.710678119,70.622120452,0.707106781,0.707106781,0.000000000
580,0.290000000,0.000000000,100.000000000,21.330028967,115.121085716,15.121085716,0.000000000,70.710678119,70.622120452,0.707106781,0.707106781,0.000000000
581,0.290500000,0.000000000,100.000000000,21.380028967,115.156441055,15.156441055,0.000000000,70.710678119,70.622120452,0.707106781,0.707106781,0.000000000
582,0.291000000,0.000000000,100.000000000,21.430028967,115.191796394,15.191796394,0.000000000,70.710678119,70.622120452,0.707106781,0.707106781,0.000000000
583,0.291500000,0.000000000,100.000000000,21.480028967,115.227151733,15.227151733,0.000000000,70.710678119,70.622120452,0.707106781,0.707106781,0.000000000
584,0.292000000,0.000000000,100.000000000,21.530028967,115.262507072,15.262507072,0.000000000,70.710678119,70.622120452,0.707106781,0.707106781,0.000000000
585,0.292500000,0.000000000,100.000000000,21.580028967,115.297862411,15.297862411,0.000000000,70.710678119,70.622120452,0.707106781,0.707106781,0.000000000
586,0.293000000,0.000000000,100.000000000,21.630028967,115.333217750,15.333217750,0.000000000,70.710678119,70.622120452,0.707106781,0.707106781,0.000000000
587,0.293500000,0.000000000,100.000000000,21.680028967,115.368573089,15.368573089,0.000000000,70.710678119,70.622120452,0.707106781,0.707106781,0.000000000
588,0.294000000,0.000000000,100.000000000,21.730028967,115.403928429,15.403928429,0.000000000,70.710678119,70.622120452,0.707106781,0.707106781,0.000000000
589,0.294500000,0.000000000,100.000000000,21.780028967,115.439283768,15.439283768,0.000000000,70.710678119,70.622120452,0.707106781,0.707106781,0.000000000
590,0.295000000,0.000000000,100.000000000,21.830028967,115.474639107,15.474639107,0.000000000,70.710678119,70.622120452,0.707106781,0.707106781,0.000000000
591,0.295500000,0.000000000,100.000000000,21.880028967,115.509994446,15.509994446,0.000000000,70.710678119,70.622120452,0.707106781,0.707106781,0.000000000
592,0.296000000,0.000000000,100.000000000,21.930028967,115.545349785,15.545349785,0.000000000,70.710678119,70.622120452,0.707106781,0.707106781,0.000000000
593,0.296500000,0.000000000,100.000000000,21.980028967,115.580705124,15.580705124,0.000000000,70.710678119,70.622120452,0.707106781,0.707106781,0.000000000
594,0.297000000,0.000000000,100.000000000,22.030028967,115.616060463,15.616060463,0.000000000,70.710678119,70.622120452,0.707106781,0.707106781,0.000000000
595,0.297500000,0.000000000,100.000000000,22.080028967,115.651415802,15.651415802,0.000000000,70.710678119,70.622120452,0.707106781,0.707106781,0.000000000
596,0.298000000,0.000000000,100.000000000,22.130028967,115.686771141,15.686771141,0.000000000,70.710678119,70.622120452,0.707106781,0.707106781,0.000000000
597,0.298500000,0.000000000,100.000000000,22.180028967,115.722126480,15.722126480,0.000000000,70.710678119,70.622120452,0.707106781,0.707106781,0.000000000
598,0.299000000,0.000000000,100.000000000,22.230028967,115.757481819,15.757481819,0.000000000,70.710678119,70.622120452,0.707106781,0.707106781,0.000000000
599,0.299500000,0.000000000,100.000000000,22.280028967,115.792837158,15.792837158,0.000000000,70.710678119,70.622120452,0.707106781,0.707106781,0.000000000
600,0.300000000,0.000000000,100.000000000,22.330028967,115.828192497,15.828192497,0.000000000,70.710678119,70.622120452,0.707106781,0.707106781,0.000000000
601,0.300500000,0.000000000,100.000000000,22.380028967,115.863547836,15.863547836,0.000000000,70.710678119,70.622120452,0.707106781,0.707106781,0.000000000
602,0.301000000,0.000000000,100.000000000,22.430028967,115.898903175,15.898903175,0.000000000,70.710678119,70.622120452,0.707106781,0.707106781,0.000000000
603,0.301500000,0.000000000,100.000000000,22.480028967,115.934258514,15.934258514,0.000000000,70.710678119,70.622120452,0.707106781,0.707106781,0.000000000
604,0.302000000,0.000000000,100.000000000,22.530028967,115.969613853,15.969613853,0.000000000,70.710678119,70.622120452,0.707106781,0.707106781,0.000000000
605,0.302500000,0.000000000,100.000000000,22.580028967,116.004969193,16.004969193,0.000000000,70.710678119,70.622120452,0.707106781,0.707106781,0.000000000
606,0.303000000,0.000000000,100.000000000,22.630028967,116.040324532,16.040324532,0.000000000,70.710678119,70.622120452,0.707106781,0.707106781,0.000000000
607,0.303500000,0.000000000,100.000000000,22.680028967,116.075679871,16.075679871,0.000000000,70.710678119,70.622120452,0.707106781,0.707106781,0.000000000
608,0.304000000,0.000000000,100.000000000,22.730028967,116.111035210,16.111035210,0.000000000,70.710678119,70.622120452,0.707106781,0.707106781,0.000000000
609,0.304500000,0.000000000,100.000000000,22.780028967,116.146390549,16.146390549,0.000000000,70.710678119,70.622120452,0.707106781,0.707106781,0.000000000
610,0.305000000,0.000000000,100.000000000,22.830028967,116.181745888,16.181745888,0.000000000,70.710678119,70.622120452,0.707106781,0.707106781,0.000000000
611,0.305500000,0.000000000,100.000000000,22.880028967,116.217101227,16.217101227,0.000000000,70.710678119,70.622120452,0.707106781,0.707106781,0.000000000
612,0.306000000,0.000000000,100.000000000,22.930028967,116.252456566,16.252456566,0.000000000,70.710678119,70.622120452,0.707106781,0.707106781,0.000000000
613,0.306500000,0.000000000,100.000000000,22.980028967,116.287811905,16.287811905,0.000000000,70.710678119,70.622120452,0.707106781,0.707106781,0.000000000
614,0.307000000,0.000000000,100.000000000,23.030028967,116.323167244,16.323167244,0.000000000,70.710678119,70.622120452,0.707106781,0.707106781,0.000000000
615,0.307500000,0.000000000,100.000000000,23.080028967,116.358522583,16.358522583,0.000000000,70.710678119,70.622120452,0.707106781,0.707106781,0.000000000
616,0.308000000,0.000000000,100.000000000,23.130028967,116.393877922,16.393877922,0.000000000,70.710678119,70.622120452,0.707106781,0.707106781,0.000000000
617,0.308500000,0.000000000,100.000000000,23.180028967,116.429233261,16.429233261,0.000000000,70.710678119,70.622120452,0.707106781,0.707106781,0.000000000
618,0.309000000,0.000000000,100.000000000,23.230028967,116.464588600,16.464588600,0.000000000,70.710678119,70.622120452,0.707106781,0.707106781,0.000000000
619,0.309500000,0.000000000,100.000000000,23.280028967,116.499943939,16.499943939,0.000000000,70.710678119,70.622120452,0.707106781,0.707106781,0.000000000
620,0.310000000,0.000000000,100.000000000,23.330028967,116.535299278,16.535299278,0.000000000,70.710678119,70.622120452,0.707106781,0.707106781,0.000000000
621,0.310500000,0.000000000,100.000000000,23.380028967,116.570654617,16.570654617,0.000000000,70.710678119,70.622120452,0.707106781,0.707106781,0.000000000
622,0.311000000,0.000000000,100.000000000,23.430028967,116.606009957,16.606009957,0.000000000,70.710678119,70.622120452,0.707106781,0.707106781,0.000000000
623,0.311500000,0.000000000,100.000000000,23.480028967,116.641365296,16.641365296,0.000000000,70.710678119,70.622120452,0.707106781,0.707106781,0.000000000
624,0.312000000,0.000000000,100.000000000,23.530028967,116.676720635,16.676720635,0.000000000,70.710678119,70.622120452,0.707106781,0.707106781,0.000000000
625,0.312500000,0.000000000,100.000000000,23.580028967,116.712075974,16.712075974,0.000000000,70.710678119,70.622120452,0.707106781,0.707106781,0.000000000
626,0.313000000,0.000000000,100.000000000,23.630028967,116.747431313,16.747431313,0.000000000,70.710678119,70.622120452,0.707106781,0.707106781,0.000000000
627,0.313500000,0.000000000,100.000000000,23.680028967,116.782786652,16.782786652,0.000000000,70.710678119,70.622120452,0.707106781,0.707106781,0.000000000
628,0.314000000,0.000000000,100.000000000,23.730028967,116.818141991,16.818141991,0.000000000,70.710678119,70.622120452,0.707106781,0.707106781,0.000000000
629,0.314500000,0.000000000,100.000000000,23.780028967,116.853497330,16.853497330,0.000000000,70.710678119,70.622120452,0.707106781,0.707106781,0.000000000
630,0.315000000,0.000000000,100.000000000,23.830028967,116.888852669,16.888852669,0.000000000,70.710678119,70.622120452,0.707106781,0.707106781,0.000000000
631,0.315500000,0.000000000,100.000000000,23.880028967,116.924208008,16.924208008,0.000000000,70.710678119,70.622120452,0.707106781,0.707106781,0.000000000
632,0.316000000,0.000000000,100.000000000,23.930028967,116.959563347,16.959563347,0.000000000,70.710678119,70.622120452,0.707106781,0.707106781,0.000000000
633,0.316500000,0.000000000,100.000000000,23.980028967,116.994918686,16.994918686,0.000000000,70.710678119,70.622120452,0.707106781,0.707106781,0.000000000
634,0.317000000,0.000000000,100.000000000,24.030028967,117.030274025,17.030274025,0.000000000,70.710678119,70.622120452,0.707106781,0.707106781,0.000000000
635,0.317500000,0.000000000,100.000000000,24.080028967,117.065629364,17.065629364,0.000000000,70.710678119,70.622120452,0.707106781,0.707106781,0.000000000
636,0.318000000,0.000000000,100.000000000,24.130028967,117.100984703,17.100984703,0.000000000,70.710678119,70.622120452,0.707106781,0.707106781,0.000000000
637,0.318500000,0.000000000,100.000000000,24.180028967,117.136340042,17.136340042,0.000000000,70.710678119,70.622120452,0.707106781,0.707106781,0.000000000
638,0.319000000,0.000000000,100.000000000,24.230028967,117.171695381,17.171695381,0.000000000,70.710678119,70.622120452,0.707106781,0.707106781,0.000000000
639,0.319500000,0.000000000,100.000000000,24.280028967,117.207050721,17.207050721,0.000000000,70.710678119,70.622120452,0.707106781,0.707106781,0.000000000
640,0.320000000,0.000000000,100.000000000,24.330028967,117.242406060,17.242406060,0.000000000,70.710678119,70.622120452,0.707106781,0.707106781,0.000000000
641,0.320500000,0.000000000,100.000000000,24.380028967,117.277761399,17.277761399,0.000000000,70.710678119,70.622120452,0.707106781,0.707106781,0.000000000
642,0.321000000,0.000000000,100.000000000,24.430028967,117.313116738,17.313116738,0.000000000,70.710678119,70.622120452,0.707106781,0.707106781,0.000000000
643,0.321500000,0.000000000,100.000000000,24.480028967,117.348472077,17.348472077,0.000000000,70.710678119,70.622120452,0.707106781,0.707106781,0.000000000
644,0.322000000,0.000000000,100.000000000,24.530028967,117.383827416,17.383827416,0.000000000,70.710678119,70.622120452,0.707106781,0.707106781,0.000000000
645,0.322500000,0.000000000,100.000000000,24.580028967,117.419182755,17.419182755,0.000000000,70.710678119,70.622120452,0.707106781,0.707106781,0.000000000
646,0.323000000,0.000000000,100.000000000,24.630028967,117.454538094,17.454538094,0.000000000,70.710678119,70.622120452,0.707106781,0.707106781,0.000000000
647,0.323500000,0.000000000,100.000000000,24.680028967,117.489893433,17.489893433,0.000000000,70.710678119,70.622120452,0.707106781,0.707106781,0.000000000
648,0.324000000,0.000000000,100.000000000,24.730028967,117.525248772,17.525248772,0.000000000,70.710678119,70.622120452,0.707106781,0.707106781,0.000000000
649,0.324500000,0.000000000,100.000000000,24.780028967,117.560604111,17.560604111,0.000000000,70.710678119,70.622120452,0.707106781,0.707106781,0.000000000
650,0.325000000,0.000000000,100.000000000,24.830028967,117.595959450,17.595959450,0.000000000,70.710678119,70.622120452,0.707106781,0.707106781,0.000000000
651,0.325500000,0.000000000,100.000000000,24.880028967,117.631314789,17.631314789,0.000000000,70.710678119,70.622120452,0.707106781,0.707106781,0.000000000
652,0.326000000,0.000000000,100.000000000,24.930028967,117.666670128,17.666670128,0.000000000,70.710678119,70.622120452,0.707106781,0.707106781,0.000000000
653,0.326500000,0.000000000,100.000000000,24.980028967,117.702025467,17.702025467,0.000000000,70.710678119,70.622120452,0.707106781,0.707106781,0.000000000
654,0.327000000,0.000000000,100.000000000,25.030028967,117.737380806,17.737380806,0.000000000,70.710678119,70.622120452,0.707106781,0.707106781,0.000000000
655,0.327500000,0.000000000,100.000000000,25.080028967,117.772736145,17.772736145,0.000000000,70.710678119,70.622120452,0.707106781,0.707106781,0.000000000
656,0.328000000,0.000000000,100.000000000,25.130028967,117.808091485,17.808091485,0.000000000,70.710678119,70.622120452,0.707106781,0.707106781,0.000000000
657,0.328500000,0.000000000,100.000000000,25.180028967,117.843446824,17.843446824,0.000000000,70.710678119,70.622120452,0.707106781,0.707106781,0.000000000
658,0.329000000,0.000000000,100.000000000,25.230028967,117.878802163,17.878802163,0.000000000,70.710678119,70.622120452,0.707106781,0.707106781,0.000000000
659,0.329500000,0.000000000,100.000000000,25.280028967,117.914157502,17.914157502,0.000000000,70.710678119,70.622120452,0.707106781,0.707106781,0.000000000
660,0.330000000,0.000000000,100.000000000,25.330028967,117.949512841,17.949512841,0.000000000,70.710678119,70.622120452,0.707106781,0.707106781,0.000000000
661,0.330500000,0.000000000,100.000000000,25.380028967,117.984868180,17.984868180,0.000000000,70.710678119,70.622120452,0.707106781,0.707106781,0.000000000
662,0.331000000,0.000000000,100.000000000,25.430028967,118.020223519,18.020223519,0.000000000,70.710678119,70.622120452,0.707106781,0.707106781,0.000000000
663,0.331500000,0.000000000,100.000000000,25.480028967,118.055578858,18.055578858,0.000000000,70.710678119,70.622120452,0.707106781,0.707106781,0.000000000
664,0.332000000,0.000000000,100.000000000,25.530028967,118.090934197,18.090934197,0.000000000,70.710678119,70.622120452,0.707106781,0.707106781,0.000000000
665,0.332500000,0.000000000,100.000000000,25.580028967,118.126289536,18.126289536,0.000000000,70.710678119,70.622120452,0.707106781,0.707106781,0.000000000
666,0.333000000,0.000000000,100.000000000,25.630028967,118.161644875,18.161644875,0.000000000,70.710678119,70.622120452,0.707106781,0.707106781,0.000000000
667,0.333500000,0.000000000,100.000000000,25.680028967,118.197000214,18.197000214,0.000000000,70.710678119,70.622120452,0.707106781,0.707106781,0.000000000
668,0.334000000,0.000000000,100.000000000,25.730028967,118.232355553,18.232355553,0.000000000,70.710678119,70.622120452,0.707106781,0.707106781,0.000000000
669,0.334500000,0.000000000,100.000000000,25.780028967,118.267710892,18.267710892,0.000000000,70.710678119,70.622120452,0.707106781,0.707106781,0.000000000
670,0.335000000,0.000000000,100.000000000,25.830028967,118.303066231,18.303066231,0.000000000,70.710678119,70.622120452,0.707106781,0.707106781,0.000000000
671,0.335500000,0.000000000,100.000000000,25.880028967,118.338421570,18.338421570,0.000000000,70.710678119,70.622120452,0.707106781,0.707106781,0.000000000
672,0.336000000,0.000000000,100.000000000,25.930028967,118.373776909,18.373776909,0.000000000,70.710678119,70.622120452,0.707106781,0.707106781,0.000000000
673,0.336500000,0.000000000,100.000000000,25.980028967,118.409132249,18.409132249,0.000000000,70.710678119,70.622120452,0.707106781,0.707106781,0.000000000
674,0.337000000,0.000000000,100.000000000,26.030028967,118.444487588,18.444487588,0.000000000,70.710678119,70.622120452,0.707106781,0.707106781,0.000000000
675,0.337500000,0.000000000,100.000000000,26.080028967,118.479842927,18.479842927,0.000000000,70.710678119,70.622120452,0.707106781,0.707106781,0.000000000
676,0.338000000,0.000000000,100.000000000,26.130028967,118.515198266,18.515198266,0.000000000,70.710678119,70.622120452,0.707106781,0.707106781,0.000000000
677,0.338500000,0.000000000,100.000000000,26.180028967,118.550553605,18.550553605,0.000000000,70.710678119,70.622120452,0.707106781,0.707106781,0.000000000
678,0.339000000,0.000000000,100.000000000,26.230028967,118.585908944,18.585908944,0.000000000,70.710678119,70.622120452,0.707106781,0.707106781,0.000000000
679,0.339500000,0.000000000,100.000000000,26.280028967,118.621264283,18.621264283,0.000000000,70.710678119,70.622120452,0.707106781,0.707106781,0.000000000
680,0.340000000,0.000000000,100.000000000,26.330028967,118.656619622,18.656619622,0.000000000,70.710678119,70.622120452,0.707106781,0.707106781,0.000000000
681,0.340500000,0.000000000,100.000000000,26.380028967,118.691974961,18.691974961,0.000000000,70.710678119,70.622120452,0.707106781,0.707106781,0.000000000
682,0.341000000,0.000000000,100.000000000,26.430028967,118.727330300,18.727330300,0.000000000,70.710678119,70.622120452,0.707106781,0.707106781,0.000000000
683,0.341500000,0.000000000,100.000000000,26.480028967,118.762685639,18.762685639,0.000000000,70.710678119,70.622120452,0.707106781,0.707106781,0.000000000
684,0.342000000,0.000000000,100.000000000,26.530028967,118.798040978,18.798040978,0.000000000,70.710678119,70.622120452,0.707106781,0.707106781,0.000000000
685,0.342500000,0.000000000,100.000000000,26.580028967,118.833396317,18.833396317,0.000000000,70.710678119,70.622120452,0.707106781,0.707106781,0.000000000
686,0.343000000,0.000000000,100.000000000,26.630028967,118.868751656,18.868751656,0.000000000,70.710678119,70.622120452,0.707106781,0.707106781,0.000000000
687,0.343500000,0.000000000,100.000000000,26.680028967,118.904106995,18.904106995,0.000000000,70.710678119,70.622120452,0.707106781,0.707106781,0.000000000
688,0.344000000,0.000000000,100.000000000,26.730028967,118.939462334,18.939462334,0.000000000,70.710678119,70.622120452,0.707106781,0.707106781,0.000000000
689,0.344500000,0.000000000,100.000000000,26.780028967,118.974817673,18.974817673,0.000000000,70.710678119,70.622120452,0.707106781,0.707106781,0.000000000
690,0.345000000,0.000000000,100.000000000,26.830028967,119.010173013,19.010173013,0.000000000,70.710678119,70.622120452,0.707106781,0.707106781,0.000000000
691,0.345500000,0.000000000,100.000000000,26.880028967,119.045528352,19.045528352,0.000000000,70.710678119,70.622120452,0.707106781,0.707106781,0.000000000
692,0.346000000,0.000000000,100.000000000,26.930028967,119.080883691,19.080883691,0.000000000,70.710678119,70.622120452,0.707106781,0.707106781,0.000000000
693,0.346500000,0.000000000,100.000000000,26.980028967,119.116239030,19.116239030,0.000000000,70.710678119,70.622120452,0.707106781,0.707106781,0.000000000
694,0.347000000,0.000000000,100.000000000,27.030028967,119.151594369,19.151594369,0.000000000,70.710678119,70.622120452,0.707106781,0.707106781,0.000000000
695,0.347500000,0.000000000,100.000000000,27.080028967,119.186949708,19.186949708,0.000000000,70.710678119,70.622120452,0.707106781,0.707106781,0.000000000
696,0.348000000,0.000000000,100.000000000,27.130028967,119.222305047,19.222305047,0.000000000,70.710678119,70.622120452,0.707106781,0.707106781,0.000000000
697,0.348500000,0.000000000,100.000000000,27.180028967,119.257660386,19.257660386,0.000000000,70.710678119,70.622120452,0.707106781,0.707106781,0.000000000
698,0.349000000,0.000000000,100.000000000,27.230028967,119.293015725,19.293015725,0.000000000,70.710678119,70.622120452,0.707106781,0.707106781,0.000000000
699,0.349500000,0.000000000,100.000000000,27.280028967,119.328371064,19.328371064,0.000000000,70.710678119,70.622120452,0.707106781,0.707106781,0.000000000
700,0.350000000,0.000000000,100.000000000,27.330028967,119.363726403,19.363726403,0.000000000,70.710678119,70.622120452,0.707106781,0.707106781,0.000000000
701,0.350500000,0.000000000,100.000000000,27.380028967,119.399081742,19.399081742,0.000000000,70.710678119,70.622120452,0.707106781,0.707106781,0.000000000
702,0.351000000,0.000000000,100.000000000,27.430028967,119.434437081,19.434437081,0.000000000,70.710678119,70.622120452,0.707106781,0.707106781,0.000000000
703,0.351500000,0.000000000,100.000000000,27.480028967,119.469792420,19.469792420,0.000000000,70.710678119,70.622120452,0.707106781,0.707106781,0.000000000
704,0.352000000,0.000000000,100.000000000,27.530028967,119.505147759,19.505147759,0.000000000,70.710678119,70.622120452,0.707106781,0.707106781,0.000000000
705,0.352500000,0.000000000,100.000000000,27.580028967,119.540503098,19.540503098,0.000000000,70.710678119,70.622120452,0.707106781,0.707106781,0.000000000
706,0.353000000,0.000000000,100.000000000,27.630028967,119.575858438,19.575858438,0.000000000,70.710678119,70.622120452,0.707106781,0.707106781,0.000000000
707,0.353500000,0.000000000,100.000000000,27.680028967,119.611213777,19.611213777,0.000000000,70.710678119,70.622120452,0.707106781,0.707106781,0.000000000
708,0.354000000,0.000000000,100.000000000,27.730028967,119.646569116,19.646569116,0.000000000,70.710678119,70.622120452,0.707106781,0.707106781,0.000000000
709,0.354500000,0.000000000,100.000000000,27.780028967,119.681924455,19.681924455,0.000000000,70.710678119,70.622120452,0.707106781,0.707106781,0.000000000
710,0.355000000,0.000000000,100.000000000,27.830028967,119.717279794,19.717279794,0.000000000,70.710678119,70.622120452,0.707106781,0.707106781,0.000000000
711,0.355500000,0.000000000,100.000000000,27.880028967,119.752635133,19.752635133,0.000000000,70.710678119,70.622120452,0.707106781,0.707106781,0.000000000
712,0.356000000,0.000000000,100.000000000,27.930028967,119.787990472,19.787990472,0.000000000,70.710678119,70.622120452,0.707106781,0.707106781,0.000000000
713,0.356500000,0.000000000,100.000000000,27.980028967,119.823345811,19.823345811,0.000000000,70.710678119,70.622120452,0.707106781,0.707106781,0.000000000
714,0.357000000,0.000000000,100.000000000,28.030028967,119.858701150,19.858701150,0.000000000,70.710678119,70.622120452,0.707106781,0.707106781,0.000000000
715,0.357500000,0.000000000,100.000000000,28.080028967,119.894056489,19.894056489,0.000000000,70.710678119,70.622120452,0.707106781,0.707106781,0.000000000
716,0.358000000,0.000000000,100.000000000,28.130028967,119.929411828,19.929411828,0.000000000,70.710678119,70.622120452,0.707106781,0.707106781,0.000000000
717,0.358500000,0.000000000,100.000000000,28.180028967,119.964767167,19.964767167,0.000000000,70.710678119,70.622120452,0.707106781,0.707106781,0.000000000
718,0.359000000,0.000000000,100.000000000,28.230028967,120.000122506,20.000122506,0.000000000,70.710678119,70.622120452,0.707106781,0.707106781,0.000000000
719,0.359500000,0.000000000,100.000000000,28.280028967,120.035477845,20.035477845,0.000000000,70.710678119,70.622120452,0.707106781,0.707106781,0.000000000
720,0.360000000,0.000000000,100.000000000,28.330028967,120.070833184,20.070833184,0.000000000,70.710678119,70.622120452,0.707106781,0.707106781,0.000000000
721,0.360500000,0.000000000,100.000000000,28.380028967,120.106188523,20.106188523,0.000000000,70.710678119,70.622120452,0.707106781,0.707106781,0.000000000
722,0.361000000,0.000000000,100.000000000,28.430028967,120.141543862,20.141543862,0.000000000,70.710678119,70.622120452,0.707106781,0.707106781,0.000000000
723,0.361500000,0.000000000,100.000000000,28.480028967,120.176899202,20.176899202,0.000000000,70.710678119,70.622120452,0.707106781,0.707106781,0.000000000
724,0.362000000,0.000000000,100.000000000,28.530028967,120.212254541,20.212254541,0.000000000,70.710678119,70.622120452,0.707106781,0.707106781,0.000000000
725,0.362500000,0.000000000,100.000000000,28.580028967,120.247609880,20.247609880,0.000000000,70.710678119,70.622120452,0.707106781,0.707106781,0.000000000
726,0.363000000,0.000000000,100.000000000,28.630028967,120.282965219,20.282965219,0.000000000,70.710678119,70.622120452,0.707106781,0.707106781,0.000000000
727,0.363500000,0.000000000,100.000000000,28.680028967,120.318320558,20.318320558,0.000000000,70.710678119,70.622120452,0.707106781,0.707106781,0.000000000
728,0.364000000,0.000000000,100.000000000,28.730028967,120.353675897,20.353675897,0.000000000,70.710678119,70.622120452,0.707106781,0.707106781,0.000000000
729,0.364500000,0.000000000,100.000000000,28.780028967,120.389031236,20.389031236,0.000000000,70.710678119,70.622120452,0.707106781,0.707106781,0.000000000
730,0.365000000,0.000000000,100.000000000,28.830028967,120.424386575,20.424386575,0.000000000,70.710678119,70.622120452,0.707106781,0.707106781,0.000000000
731,0.365500000,0.000000000,100.000000000,28.880028967,120.459741914,20.459741914,0.000000000,70.710678119,70.622120452,0.707106781,0.707106781,0.000000000
732,0.366000000,0.000000000,100.000000000,28.930028967,120.495097253,20.495097253,0.000000000,70.710678119,70.622120452,0.707106781,0.707106781,0.000000000
733,0.366500000,0.000000000,100.000000000,28.980028967,120.530452592,20.530452592,0.000000000,70.710678119,70.622120452,0.707106781,0.707106781,0.000000000
734,0.367000000,0.000000000,100.000000000,29.030028967,120.565807931,20.565807931,0.000000000,70.710678119,70.622120452,0.707106781,0.707106781,0.000000000
735,0.367500000,0.000000000,100.000000000,29.080028967,120.601163270,20.601163270,0.000000000,70.710678119,70.622120452,0.707106781,0.707106781,0.000000000
736,0.368000000,0.000000000,100.000000000,29.130028967,120.636518609,20.636518609,0.000000000,70.710678119,70.622120452,0.707106781,0.707106781,0.000000000
737,0.368500000,0.000000000,100.000000000,29.180028967,120.671873948,20.671873948,0.000000000,70.710678119,70.622120452,0.707106781,0.707106781,0.000000000
738,0.369000000,0.000000000,100.000000000,29.230028967,120.707229287,20.707229287,0.000000000,70.710678119,70.622120452,0.707106781,0.707106781,0.000000000
739,0.369500000,0.000000000,100.000000000,29.280028967,120.742584626,20.742584626,0.000000000,70.710678119,70.622120452,0.707106781,0.707106781,0.000000000
740,0.370000000,0.000000000,100.000000000,29.330028967,120.777939966,20.777939966,0.000000000,70.710678119,70.622120452,0.707106781,0.707106781,0.000000000
741,0.370500000,0.000000000,100.000000000,29.380028967,120.813295305,20.813295305,0.000000000,70.710678119,70.622120452,0.707106781,0.707106781,0.000000000
742,0.371000000,0.000000000,100.000000000,29.430028967,120.848650644,20.848650644,0.000000000,70.710678119,70.622120452,0.707106781,0.707106781,0.000000000
743,0.371500000,0.000000000,100.000000000,29.480028967,120.884005983,20.884005983,0.000000000,70.710678119,70.622120452,0.707106781,0.707106781,0.000000000
744,0.372000000,0.000000000,100.000000000,29.530028967,120.919361322,20.919361322,0.000000000,70.710678119,70.622120452,0.707106781,0.707106781,0.000000000
745,0.372500000,0.000000000,100.000000000,29.580028967,120.954716661,20.954716661,0.000000000,70.710678119,70.622120452,0.707106781,0.707106781,0.000000000
746,0.373000000,0.000000000,100.000000000,29.630028967,120.990072000,20.990072000,0.000000000,70.710678119,70.622120452,0.707106781,0.707106781,0.000000000
747,0.373500000,0.000000000,100.000000000,29.680028967,121.025427339,21.025427339,0.000000000,70.710678119,70.622120452,0.707106781,0.707106781,0.000000000
748,0.374000000,0.000000000,100.000000000,29.730028967,121.060782678,21.060782678,0.000000000,70.710678119,70.622120452,0.707106781,0.707106781,0.000000000
749,0.374500000,0.000000000,100.000000000,29.780028967,121.096138017,21.096138017,0.000000000,70.710678119,70.622120452,0.707106781,0.707106781,0.000000000
750,0.375000000,0.000000000,100.000000000,29.830028967,121.131493356,21.131493356,0.000000000,70.710678119,70.622120452,0.707106781,0.707106781,0.000000000
751,0.375500000,0.000000000,100.000000000,29.880028967,121.166848695,21.166848695,0.000000000,70.710678119,70.622120452,0.707106781,0.707106781,0.000000000
752,0.376000000,0.000000000,100.000000000,29.930028967,121.202204034,21.202204034,0.000000000,70.710678119,70.622120452,0.707106781,0.707106781,0.000000000
753,0.376500000,0.000000000,100.000000000,29.980028967,121.237559373,21.237559373,0.000000000,70.710678119,70.622120452,0.707106781,0.707106781,0.000000000
754,0.377000000,0.000000000,100.000000000,30.030028967,121.272914712,21.272914712,0.000000000,70.710678119,70.622120452,0.707106781,0.707106781,0.000000000
755,0.377500000,0.000000000,100.000000000,30.080028967,121.308270051,21.308270051,0.000000000,70.710678119,70.622120452,0.707106781,0.707106781,0.000000000
756,0.378000000,0.000000000,100.000000000,30.130028967,121.343625390,21.343625390,0.000000000,70.710678119,70.622120452,0.707106781,0.707106781,0.000000000
757,0.378500000,0.000000000,100.000000000,30.180028967,121.378980730,21.378980730,0.000000000,70.710678119,70.622120452,0.707106781,0.707106781,0.000000000
758,0.379000000,0.000000000,100.000000000,30.230028967,121.414336069,21.414336069,0.000000000,70.710678119,70.622120452,0.707106781,0.707106781,0.000000000
759,0.379500000,0.000000000,100.000000000,30.280028967,121.449691408,21.449691408,0.000000000,70.710678119,70.622120452,0.707106781,0.707106781,0.000000000
760,0.380000000,0.000000000,100.000000000,30.330028967,121.485046747,21.485046747,0.000000000,70.710678119,70.622120452,0.707106781,0.707106781,0.000000000
761,0.380500000,0.000000000,100.000000000,30.380028967,121.520402086,21.520402086,0.000000000,70.710678119,70.622120452,0.707106781,0.707106781,0.000000000
762,0.381000000,0.000000000,100.000000000,30.430028967,121.555757425,21.555757425,0.000000000,70.710678119,70.622120452,0.707106781,0.707106781,0.000000000
763,0.381500000,0.000000000,100.000000000,30.480028967,121.591112764,21.591112764,0.000000000,70.710678119,70.622120452,0.707106781,0.707106781,0.000000000
764,0.382000000,0.000000000,100.000000000,30.530028967,121.626468103,21.626468103,0.000000000,70.710678119,70.622120452,0.707106781,0.707106781,0.000000000
765,0.382500000,0.000000000,100.000000000,30.580028967,121.661823442,21.661823442,0.000000000,70.710678119,70.622120452,0.707106781,0.707106781,0.000000000
766,0.383000000,0.000000000,100.000000000,30.630028967,121.697178781,21.697178781,0.000000000,70.710678119,70.622120452,0.707106781,0.707106781,0.000000000
767,0.383500000,0.000000000,100.000000000,30.680028967,121.732534120,21.732534120,0.000000000,70.710678119,70.622120452,0.707106781,0.707106781,0.000000000
768,0.384000000,0.000000000,100.000000000,30.730028967,121.767889459,21.767889459,0.000000000,70.710678119,70.622120452,0.707106781,0.707106781,0.000000000
769,0.384500000,0.000000000,100.000000000,30.780028967,121.803244798,21.803244798,0.000000000,70.710678119,70.622120452,0.707106781,0.707106781,0.000000000
770,0.385000000,0.000000000,100.000000000,30.830028967,121.838600137,21.838600137,0.000000000,70.710678119,70.622120452,0.707106781,0.707106781,0.000000000
771,0.385500000,0.000000000,100.000000000,30.880028967,121.873955476,21.873955476,0.000000000,70.710678119,70.622120452,0.707106781,0.707106781,0.000000000
772,0.386000000,0.000000000,100.000000000,30.930028967,121.909310815,21.909310815,0.000000000,70.710678119,70.622120452,0.707106781,0.707106781,0.000000000
773,0.386500000,0.000000000,100.000000000,30.980028967,121.944666154,21.944666154,0.000000000,70.710678119,70.622120452,0.707106781,0.707106781,0.000000000
774,0.387000000,0.000000000,100.000000000,31.030028967,121.980021494,21.980021494,0.000000000,70.710678119,70.622120452,0.707106781,0.707106781,0.000000000
775,0.387500000,0.000000000,100.000000000,31.080028967,122.015376833,22.015376833,0.000000000,70.710678119,70.622120452,0.707106781,0.707106781,0.000000000
776,0.388000000,0.000000000,100.000000000,31.130028967,122.050732172,22.050732172,0.000000000,70.710678119,70.622120452,0.707106781,0.707106781,0.000000000
777,0.388500000,0.000000000,100.000000000,31.180028967,122.086087511,22.086087511,0.000000000,70.710678119,70.622120452,0.707106781,0.707106781,0.000000000
778,0.389000000,0.000000000,100.000000000,31.230028967,122.121442850,22.121442850,0.000000000,70.710678119,70.622120452,0.707106781,0.707106781,0.000000000
779,0.389500000,0.000000000,100.000000000,31.280028967,122.156798189,22.156798189,0.000000000,70.710678119,70.622120452,0.707106781,0.707106781,0.000000000
780,0.390000000,0.000000000,100.000000000,31.330028967,122.192153528,22.192153528,0.000000000,70.710678119,70.622120452,0.707106781,0.707106781,0.000000000
781,0.390500000,0.000000000,100.000000000,31.380028967,122.227508867,22.227508867,0.000000000,70.710678119,70.622120452,0.707106781,0.707106781,0.000000000
782,0.391000000,0.000000000,100.000000000,31.430028967,122.262864206,22.262864206,0.000000000,70.710678119,70.622120452,0.707106781,0.707106781,0.000000000
783,0.391500000,0.000000000,100.000000000,31.480028967,122.298219545,22.298219545,0.000000000,70.710678119,70.622120452,0.707106781,0.707106781,0.000000000
784,0.392000000,0.000000000,100.000000000,31.530028967,122.333574884,22.333574884,0.000000000,70.710678119,70.622120452,0.707106781,0.707106781,0.000000000
785,0.392500000,0.000000000,100.000000000,31.580028967,122.368930223,22.368930223,0.000000000,70.710678119,70.622120452,0.707106781,0.707106781,0.000000000
786,0.393000000,0.000000000,100.000000000,31.630028967,122.404285562,22.404285562,0.000000000,70.710678119,70.622120452,0.707106781,0.707106781,0.000000000
787,0.393500000,0.000000000,100.000000000,31.680028967,122.439640901,22.439640901,0.000000000,70.710678119,70.622120452,0.707106781,0.707106781,0.000000000
788,0.394000000,0.000000000,100.000000000,31.730028967,122.474996240,22.474996240,0.000000000,70.710678119,70.622120452,0.707106781,0.707106781,0.000000000
789,0.394500000,0.000000000,100.000000000,31.780028967,122.510351579,22.510351579,0.000000000,70.710678119,70.622120452,0.707106781,0.707106781,0.000000000
790,0.395000000,0.000000000,100.000000000,31.830028967,122.545706918,22.545706918,0.000000000,70.710678119,70.622120452,0.707106781,0.707106781,0.000000000
791,0.395500000,0.000000000,100.000000000,31.880028967,122.581062258,22.581062258,0.000000000,70.710678119,70.622120452,0.707106781,0.707106781,0.000000000
792,0.396000000,0.000000000,100.000000000,31.930028967,122.616417597,22.616417597,0.000000000,70.710678119,70.622120452,0.707106781,0.707106781,0.000000000
793,0.396500000,0.000000000,100.000000000,31.980028967,122.651772936,22.651772936,0.000000000,70.710678119,70.622120452,0.707106781,0.707106781,0.000000000
794,0.397000000,0.000000000,100.000000000,32.030028967,122.687128275,22.687128275,0.000000000,70.710678119,70.622120452,0.707106781,0.707106781,0.000000000
795,0.397500000,0.000000000,100.000000000,32.080028967,122.722483614,22.722483614,0.000000000,70.710678119,70.622120452,0.707106781,0.707106781,0.000000000
796,0.398000000,0.000000000,100.000000000,32.130028967,122.757838953,22.757838953,0.000000000,70.710678119,70.622120452,0.707106781,0.707106781,0.000000000
797,0.398500000,0.000000000,100.000000000,32.180028967,122.793194292,22.793194292,0.000000000,70.710678119,70.622120452,0.707106781,0.707106781,0.000000000
798,0.399000000,0.000000000,100.000000000,32.230028967,122.828549631,22.828549631,0.000000000,70.710678119,70.622120452,0.707106781,0.707106781,0.000000000
799,0.399500000,0.000000000,100.000000000,32.280028967,122.863904970,22.863904970,0.000000000,70.710678119,70.622120452,0.707106781,0.707106781,0.000000000
800,0.400000000,0.000000000,100.000000000,32.330028967,122.899260309,22.899260309,0.000000000,70.710678119,70.622120452,0.707106781,0.707106781,0.000000000
801,0.400500000,0.000000000,100.000000000,32.380028967,122.934615648,22.934615648,0.000000000,70.710678119,70.622120452,0.707106781,0.707106781,0.000000000
802,0.401000000,0.000000000,100.000000000,32.430028967,122.969970987,22.969970987,0.000000000,70.710678119,70.622120452,0.707106781,0.707106781,0.000000000
803,0.401500000,0.000000000,100.000000000,32.480028967,123.005326326,23.005326326,0.000000000,70.710678119,70.622120452,0.707106781,0.707106781,0.000000000
804,0.402000000,0.000000000,100.000000000,32.530028967,123.040681665,23.040681665,0.000000000,70.710678119,70.622120452,0.707106781,0.707106781,0.000000000
805,0.402500000,0.000000000,100.000000000,32.580028967,123.076037004,23.076037004,0.000000000,70.710678119,70.622120452,0.707106781,0.707106781,0.000000000
806,0.403000000,0.000000000,100.000000000,32.630028967,123.111392343,23.111392343,0.000000000,70.710678119,70.622120452,0.707106781,0.707106781,0.000000000
807,0.403500000,0.000000000,100.000000000,32.680028967,123.146747682,23.146747682,0.000000000,70.710678119,70.622120452,0.707106781,0.707106781,0.000000000
808,0.404000000,0.000000000,100.000000000,32.730028967,123.182103022,23.182103022,0.000000000,70.710678119,70.622120452,0.707106781,0.707106781,0.000000000
809,0.404500000,0.000000000,100.000000000,32.780028967,123.217458361,23.217458361,0.000000000,70.710678119,70.622120452,0.707106781,0.707106781,0.000000000
810,0.405000000,0.000000000,100.000000000,32.830028967,123.252813700,23.252813700,0.000000000,70.710678119,70.622120452,0.707106781,0.707106781,0.000000000
811,0.405500000,0.000000000,100.000000000,32.880028967,123.288169039,23.288169039,0.000000000,70.710678119,70.622120452,0.707106781,0.707106781,0.000000000
812,0.406000000,0.000000000,100.000000000,32.930028967,123.323524378,23.323524378,0.000000000,70.710678119,70.622120452,0.707106781,0.707106781,0.000000000
813,0.406500000,0.000000000,100.000000000,32.980028967,123.358879717,23.358879717,0.000000000,70.710678119,70.622120452,0.707106781,0.707106781,0.000000000
814,0.407000000,0.000000000,100.000000000,33.030028967,123.394235056,23.394235056,0.000000000,70.710678119,70.622120452,0.707106781,0.707106781,0.000000000
815,0.407500000,0.000000000,100.000000000,33.080028967,123.429590395,23.429590395,0.000000000,70.710678119,70.622120452,0.707106781,0.707106781,0.000000000
816,0.408000000,0.000000000,100.000000000,33.130028967,123.464945734,23.464945734,0.000000000,70.710678119,70.622120452,0.707106781,0.707106781,0.000000000
817,0.408500000,0.000000000,100.000000000,33.180028967,123.500301073,23.500301073,0.000000000,70.710678119,70.622120452,0.707106781,0.707106781,0.000000000
818,0.409000000,0.000000000,100.000000000,33.230028967,123.535656412,23.535656412,0.000000000,70.710678119,70.622120452,0.707106781,0.707106781,0.000000000
819,0.409500000,0.000000000,100.000000000,33.280028967,123.571011751,23.571011751,0.000000000,70.710678119,70.622120452,0.707106781,0.707106781,0.000000000
820,0.410000000,0.000000000,100.000000000,33.330028967,123.606367090,23.606367090,0.000000000,70.710678119,70.622120452,0.707106781,0.707106781,0.000000000
821,0.410500000,0.000000000,100.000000000,33.380028967,123.641722429,23.641722429,0.000000000,70.710678119,70.622120452,0.707106781,0.707106781,0.000000000
822,0.411000000,0.000000000,100.000000000,33.430028967,123.677077768,23.677077768,0.000000000,70.710678119,70.622120452,0.707106781,0.707106781,0.000000000
823,0.411500000,0.000000000,100.000000000,33.480028967,123.712433107,23.712433107,0.000000000,70.710678119,70.622120452,0.707106781,0.707106781,0.000000000
824,0.412000000,0.000000000,100.000000000,33.530028967,123.747788447,23.747788447,0.000000000,70.710678119,70.622120452,0.707106781,0.707106781,0.000000000
825,0.412500000,0.000000000,100.000000000,33.580028967,123.783143786,23.783143786,0.000000000,70.710678119,70.622120452,0.707106781,0.707106781,0.000000000
826,0.413000000,0.000000000,100.000000000,33.630028967,123.818499125,23.818499125,0.000000000,70.710678119,70.622120452,0.707106781,0.707106781,0.000000000
827,0.413500000,0.000000000,100.000000000,33.680028967,123.853854464,23.853854464,0.000000000,70.710678119,70.622120452,0.707106781,0.707106781,0.000000000
828,0.414000000,0.000000000,100.000000000,33.730028967,123.889209803,23.889209803,0.000000000,70.710678119,70.622120452,0.707106781,0.707106781,0.000000000
829,0.414500000,0.000000000,100.000000000,33.780028967,123.924565142,23.924565142,0.000000000,70.710678119,70.622120452,0.707106781,0.707106781,0.000000000
830,0.415000000,0.000000000,100.000000000,33.830028967,123.959920481,23.959920481,0.000000000,70.710678119,70.622120452,0.707106781,0.707106781,0.000000000
831,0.415500000,0.000000000,100.000000000,33.880028967,123.995275820,23.995275820,0.000000000,70.710678119,70.622120452,0.707106781,0.707106781,0.000000000
832,0.416000000,0.000000000,100.000000000,33.930028967,124.030631159,24.030631159,0.000000000,70.710678119,70.622120452,0.707106781,0.707106781,0.000000000
833,0.416500000,0.000000000,100.000000000,33.980028967,124.065986498,24.065986498,0.000000000,70.710678119,70.622120452,0.707106781,0.707106781,0.000000000
834,0.417000000,0.000000000,100.000000000,34.030028967,124.101341837,24.101341837,0.000000000,70.710678119,70.622120452,0.707106781,0.707106781,0.000000000
835,0.417500000,0.000000000,100.000000000,34.080028967,124.136697176,24.136697176,0.000000000,70.710678119,70.622120452,0.707106781,0.707106781,0.000000000
836,0.418000000,0.000000000,100.000000000,34.130028967,124.172052515,24.172052515,0.000000000,70.710678119,70.622120452,0.707106781,0.707106781,0.000000000
837,0.418500000,0.000000000,100.000000000,34.180028967,124.207407854,24.207407854,0.000000000,70.710678119,70.622120452,0.707106781,0.707106781,0.000000000
838,0.419000000,0.000000000,100.000000000,34.230028967,124.242763193,24.242763193,0.000000000,70.710678119,70.622120452,0.707106781,0.707106781,0.000000000
839,0.419500000,0.000000000,100.000000000,34.280028967,124.278118532,24.278118532,0.000000000,70.710678119,70.622120452,0.707106781,0.707106781,0.000000000
840,0.420000000,0.000000000,100.000000000,34.330028967,124.313473871,24.313473871,0.000000000,70.710678119,70.622120452,0.707106781,0.707106781,0.000000000
841,0.420500000,0.000000000,100.000000000,34.380028967,124.348829211,24.348829211,0.000000000,70.710678119,70.622120452,0.707106781,0.707106781,0.000000000
842,0.421000000,0.000000000,100.000000000,34.430028967,124.384184550,24.384184550,0.000000000,70.710678119,70.622120452,0.707106781,0.707106781,0.000000000
843,0.421500000,0.000000000,100.000000000,34.480028967,124.419539889,24.419539889,0.000000000,70.710678119,70.622120452,0.707106781,0.707106781,0.000000000
844,0.422000000,0.000000000,100.000000000,34.530028967,124.454895228,24.454895228,0.000000000,70.710678119,70.622120452,0.707106781,0.707106781,0.000000000
845,0.422500000,0.000000000,100.000000000,34.580028967,124.490250567,24.490250567,0.000000000,70.710678119,70.622120452,0.707106781,0.707106781,0.000000000
846,0.423000000,0.000000000,100.000000000,34.630028967,124.525605906,24.525605906,0.000000000,70.710678119,70.622120452,0.707106781,0.707106781,0.000000000
847,0.423500000,0.000000000,100.000000000,34.680028967,124.560961245,24.560961245,0.000000000,70.710678119,70.622120452,0.707106781,0.707106781,0.000000000
848,0.424000000,0.000000000,100.000000000,34.730028967,124.596316584,24.596316584,0.000000000,70.710678119,70.622120452,0.707106781,0.707106781,0.000000000
849,0.424500000,0.000000000,100.000000000,34.780028967,124.631671923,24.631671923,0.000000000,70.710678119,70.622120452,0.707106781,0.707106781,0.000000000
850,0.425000000,0.000000000,100.000000000,34.830028967,124.667027262,24.667027262,0.000000000,70.710678119,70.622120452,0.707106781,0.707106781,0.000000000
851,0.425500000,0.000000000,100.000000000,34.880028967,124.702382601,24.702382601,0.000000000,70.710678119,70.622120452,0.707106781,0.707106781,0.000000000
852,0.426000000,0.000000000,100.000000000,34.930028967,124.737737940,24.737737940,0.000000000,70.710678119,70.622120452,0.707106781,0.707106781,0.000000000
853,0.426500000,0.000000000,100.000000000,34.980028967,124.773093279,24.773093279,0.000000000,70.710678119,70.622120452,0.707106781,0.707106781,0.000000000
854,0.427000000,0.000000000,100.000000000,35.030028967,124.808448618,24.808448618,0.000000000,70.710678119,70.622120452,0.707106781,0.707106781,0.000000000
855,0.427500000,0.000000000,100.000000000,35.080028967,124.843803957,24.843803957,0.000000000,70.710678119,70.622120452,0.707106781,0.707106781,0.000000000
856,0.428000000,0.000000000,100.000000000,35.130028967,124.879159296,24.879159296,0.000000000,70.710678119,70.622120452,0.707106781,0.707106781,0.000000000
857,0.428500000,0.000000000,100.000000000,35.180028967,124.914514635,24.914514635,0.000000000,70.710678119,70.622120452,0.707106781,0.707106781,0.000000000
858,0.429000000,0.000000000,100.000000000,35.230028967,124.949869975,24.949869975,0.000000000,70.710678119,70.622120452,0.707106781,0.707106781,0.000000000
859,0.429500000,0.000000000,100.000000000,35.280028967,124.985225314,24.985225314,0.000000000,70.710678119,70.622120452,0.707106781,0.707106781,0.000000000
860,0.430000000,0.000000000,100.000000000,35.330028967,125.020580653,25.020580653,0.000000000,70.710678119,70.622120452,0.707106781,0.707106781,0.000000000
861,0.430500000,0.000000000,100.000000000,35.380028967,125.055935992,25.055935992,0.000000000,70.710678119,70.622120452,0.707106781,0.707106781,0.000000000
862,0.431000000,0.000000000,100.000000000,35.430028967,125.091291331,25.091291331,0.000000000,70.710678119,70.622120452,0.707106781,0.707106781,0.000000000
863,0.431500000,0.000000000,100.000000000,35.480028967,125.126646670,25.126646670,0.000000000,70.710678119,70.622120452,0.707106781,0.707106781,0.000000000
864,0.432000000,0.000000000,100.000000000,35.530028967,125.162002009,25.162002009,0.000000000,70.710678119,70.622120452,0.707106781,0.707106781,0.000000000
865,0.432500000,0.000000000,100.000000000,35.580028967,125.197357348,25.197357348,0.000000000,70.710678119,70.622120452,0.707106781,0.707106781,0.000000000
866,0.433000000,0.000000000,100.000000000,35.630028967,125.232712687,25.232712687,0.000000000,70.710678119,70.622120452,0.707106781,0.707106781,0.000000000
867,0.433500000,0.000000000,100.000000000,35.680028967,125.268068026,25.268068026,0.000000000,70.710678119,70.622120452,0.707106781,0.707106781,0.000000000
868,0.434000000,0.000000000,100.000000000,35.730028967,125.303423365,25.303423365,0.000000000,70.710678119,70.622120452,0.707106781,0.707106781,0.000000000
869,0.434500000,0.000000000,100.000000000,35.780028967,125.338778704,25.338778704,0.000000000,70.710678119,70.622120452,0.707106781,0.707106781,0.000000000
870,0.435000000,0.000000000,100.000000000,35.830028967,125.374134043,25.374134043,0.000000000,70.710678119,70.622120452,0.707106781,0.707106781,0.000000000
871,0.435500000,0.000000000,100.000000000,35.880028967,125.409489382,25.409489382,0.000000000,70.710678119,70.622120452,0.707106781,0.707106781,0.000000000
872,0.436000000,0.000000000,100.000000000,35.930028967,125.444844721,25.444844721,0.000000000,70.710678119,70.622120452,0.707106781,0.707106781,0.000000000
873,0.436500000,0.000000000,100.000000000,35.980028967,125.480200060,25.480200060,0.000000000,70.710678119,70.622120452,0.707106781,0.707106781,0.000000000
874,0.437000000,0.000000000,100.000000000,36.030028967,125.515555399,25.515555399,0.000000000,70.710678119,70.622120452,0.707106781,0.707106781,0.000000000
875,0.437500000,0.000000000,100.000000000,36.080028967,125.550910739,25.550910739,0.000000000,70.710678119,70.622120452,0.707106781,0.707106781,0.000000000
876,0.438000000,0.000000000,100.000000000,36.130028967,125.586266078,25.586266078,0.000000000,70.710678119,70.622120452,0.707106781,0.707106781,0.000000000
877,0.438500000,0.000000000,100.000000000,36.180028967,125.621621417,25.621621417,0.000000000,70.710678119,70.622120452,0.707106781,0.707106781,0.000000000
878,0.439000000,0.000000000,100.000000000,36.230028967,125.656976756,25.656976756,0.000000000,70.710678119,70.622120452,0.707106781,0.707106781,0.000000000
879,0.439500000,0.000000000,100.000000000,36.280028967,125.692332095,25.692332095,0.000000000,70.710678119,70.622120452,0.707106781,0.707106781,0.000000000
880,0.440000000,0.000000000,100.000000000,36.330028967,125.727687434,25.727687434,0.000000000,70.710678119,70.622120452,0.707106781,0.707106781,0.000000000
881,0.440500000,0.000000000,100.000000000,36.380028967,125.763042773,25.763042773,0.000000000,70.710678119,70.622120452,0.707106781,0.707106781,0.000000000
882,0.441000000,0.000000000,100.000000000,36.430028967,125.798398112,25.798398112,0.000000000,70.710678119,70.622120452,0.707106781,0.707106781,0.000000000
883,0.441500000,0.000000000,100.000000000,36.480028967,125.833753451,25.833753451,0.000000000,70.710678119,70.622120452,0.707106781,0.707106781,0.000000000
884,0.442000000,0.000000000,100.000000000,36.530028967,125.869108790,25.869108790,0.000000000,70.710678119,70.622120452,0.707106781,0.707106781,0.000000000
885,0.442500000,0.000000000,100.000000000,36.580028967,125.904464129,25.904464129,0.000000000,70.710678119,70.622120452,0.707106781,0.707106781,0.000000000
886,0.443000000,0.000000000,100.000000000,36.630028967,125.939819468,25.939819468,0.000000000,70.710678119,70.622120452,0.707106781,0.707106781,0.000000000
887,0.443500000,0.000000000,100.000000000,36.680028967,125.975174807,25.975174807,0.000000000,70.710678119,70.622120452,0.707106781,0.707106781,0.000000000
888,0.444000000,0.000000000,100.000000000,36.730028967,126.010530146,26.010530146,0.000000000,70.710678119,70.622120452,0.707106781,0.707106781,0.000000000
889,0.444500000,0.000000000,100.000000000,36.780028967,126.045885485,26.045885485,0.000000000,70.710678119,70.622120452,0.707106781,0.707106781,0.000000000
890,0.445000000,0.000000000,100.000000000,36.830028967,126.081240824,26.081240824,0.000000000,70.710678119,70.622120452,0.707106781,0.707106781,0.000000000
891,0.445500000,0.000000000,100.000000000,36.880028967,126.116596163,26.116596163,0.000000000,70.710678119,70.622120452,0.707106781,0.707106781,0.000000000
892,0.446000000,0.000000000,100.000000000,36.930028967,126.151951503,26.151951503,0.000000000,70.710678119,70.622120452,0.707106781,0.707106781,0.000000000
893,0.446500000,0.000000000,100.000000000,36.980028967,126.187306842,26.187306842,0.000000000,70.710678119,70.622120452,0.707106781,0.707106781,0.000000000
894,0.447000000,0.000000000,100.000000000,37.030028967,126.222662181,26.222662181,0.000000000,70.710678119,70.622120452,0.707106781,0.707106781,0.000000000
895,0.447500000,0.000000000,100.000000000,37.080028967,126.258017520,26.258017520,0.000000000,70.710678119,70.622120452,0.707106781,0.707106781,0.000000000
896,0.448000000,0.000000000,100.000000000,37.130028967,126.293372859,26.293372859,0.000000000,70.710678119,70.622120452,0.707106781,0.707106781,0.000000000
897,0.448500000,0.000000000,100.000000000,37.180028967,126.328728198,26.328728198,0.000000000,70.710678119,70.622120452,0.707106781,0.707106781,0.000000000
898,0.449000000,0.000000000,100.000000000,37.230028967,126.364083537,26.364083537,0.000000000,70.710678119,70.622120452,0.707106781,0.707106781,0.000000000
899,0.449500000,0.000000000,100.000000000,37.280028967,126.399438876,26.399438876,0.000000000,70.710678119,70.622120452,0.707106781,0.707106781,0.000000000
900,0.450000000,0.000000000,100.000000000,37.330028967,126.434794215,26.434794215,0.000000000,70.710678119,70.622120452,0.707106781,0.707106781,0.000000000
901,0.450500000,0.000000000,100.000000000,37.380028967,126.470149554,26.470149554,0.000000000,70.710678119,70.622120452,0.707106781,0.707106781,0.000000000
902,0.451000000,0.000000000,100.000000000,37.430028967,126.505504893,26.505504893,0.000000000,70.710678119,70.622120452,0.707106781,0.707106781,0.000000000
903,0.451500000,0.000000000,100.000000000,37.480028967,126.540860232,26.540860232,0.000000000,70.710678119,70.622120452,0.707106781,0.707106781,0.000000000
904,0.452000000,0.000000000,100.000000000,37.530028967,126.576215571,26.576215571,0.000000000,70.710678119,70.622120452,0.707106781,0.707106781,0.000000000
905,0.452500000,0.000000000,100.000000000,37.580028967,126.611570910,26.611570910,0.000000000,70.710678119,70.622120452,0.707106781,0.707106781,0.000000000
906,0.453000000,0.000000000,100.000000000,37.630028967,126.646926249,26.646926249,0.000000000,70.710678119,70.622120452,0.707106781,0.707106781,0.000000000
907,0.453500000,0.000000000,100.000000000,37.680028967,126.682281588,26.682281588,0.000000000,70.710678119,70.622120452,0.707106781,0.707106781,0.000000000
908,0.454000000,0.000000000,100.000000000,37.730028967,126.717636927,26.717636927,0.000000000,70.710678119,70.622120452,0.707106781,0.707106781,0.000000000
909,0.454500000,0.000000000,100.000000000,37.780028967,126.752992267,26.752992267,0.000000000,70.710678119,70.622120452,0.707106781,0.707106781,0.000000000
910,0.455000000,0.000000000,100.000000000,37.830028967,126.788347606,26.788347606,0.000000000,70.710678119,70.622120452,0.707106781,0.707106781,0.000000000
911,0.455500000,0.000000000,100.000000000,37.880028967,126.823702945,26.823702945,0.000000000,70.710678119,70.622120452,0.707106781,0.707106781,0.000000000
912,0.456000000,0.000000000,100.000000000,37.930028967,126.859058284,26.859058284,0.000000000,70.710678119,70.622120452,0.707106781,0.707106781,0.000000000
913,0.456500000,0.000000000,100.000000000,37.980028967,126.894413623,26.894413623,0.000000000,70.710678119,70.622120452,0.707106781,0.707106781,0.000000000
914,0.457000000,0.000000000,100.000000000,38.030028967,126.929768962,26.929768962,0.000000000,70.710678119,70.622120452,0.707106781,0.707106781,0.000000000
915,0.457500000,0.000000000,100.000000000,38.080028967,126.965124301,26.965124301,0.000000000,70.710678119,70.622120452,0.707106781,0.707106781,0.000000000
916,0.458000000,0.000000000,100.000000000,38.130028967,127.000479640,27.000479640,0.000000000,70.710678119,70.622120452,0.707106781,0.707106781,0.000000000
917,0.458500000,0.000000000,100.000000000,38.180028967,127.035834979,27.035834979,0.000000000,70.710678119,70.622120452,0.707106781,0.707106781,0.000000000
918,0.459000000,0.000000000,100.000000000,38.230028967,127.071190318,27.071190318,0.000000000,70.710678119,70.622120452,0.707106781,0.707106781,0.000000000
919,0.459500000,0.000000000,100.000000000,38.280028967,127.106545657,27.106545657,0.000000000,70.710678119,70.622120452,0.707106781,0.707106781,0.000000000
920,0.460000000,0.000000000,100.000000000,38.330028967,127.141900996,27.141900996,0.000000000,70.710678119,70.622120452,0.707106781,0.707106781,0.000000000
921,0.460500000,0.000000000,100.000000000,38.380028967,127.177256335,27.177256335,0.000000000,70.710678119,70.622120452,0.707106781,0.707106781,0.000000000
922,0.461000000,0.000000000,100.000000000,38.430028967,127.212611674,27.212611674,0.000000000,70.710678119,70.622120452,0.707106781,0.707106781,0.000000000
923,0.461500000,0.000000000,100.000000000,38.480028967,127.247967013,27.247967013,0.000000000,70.710678119,70.622120452,0.707106781,0.707106781,0.000000000
924,0.462000000,0.000000000,100.000000000,38.530028967,127.283322352,27.283322352,0.000000000,70.710678119,70.622120452,0.707106781,0.707106781,0.000000000
925,0.462500000,0.000000000,100.000000000,38.580028967,127.318677691,27.318677691,0.000000000,70.710678119,70.622120452,0.707106781,0.707106781,0.000000000
926,0.463000000,0.000000000,100.000000000,38.630028967,127.354033031,27.354033031,0.000000000,70.710678119,70.622120452,0.707106781,0.707106781,0.000000000
927,0.463500000,0.000000000,100.000000000,38.680028967,127.389388370,27.389388370,0.000000000,70.710678119,70.622120452,0.707106781,0.707106781,0.000000000
928,0.464000000,0.000000000,100.000000000,38.730028967,127.424743709,27.424743709,0.000000000,70.710678119,70.622120452,0.707106781,0.707106781,0.000000000
929,0.464500000,0.000000000,100.000000000,38.780028967,127.460099048,27.460099048,0.000000000,70.710678119,70.622120452,0.707106781,0.707106781,0.000000000
930,0.465000000,0.000000000,100.000000000,38.830028967,127.495454387,27.495454387,0.000000000,70.710678119,70.622120452,0.707106781,0.707106781,0.000000000
931,0.465500000,0.000000000,100.000000000,38.880028967,127.530809726,27.530809726,0.000000000,70.710678119,70.622120452,0.707106781,0.707106781,0.000000000
932,0.466000000,0.000000000,100.000000000,38.930028967,127.566165065,27.566165065,0.000000000,70.710678119,70.622120452,0.707106781,0.707106781,0.000000000
933,0.466500000,0.000000000,100.000000000,38.980028967,127.601520404,27.601520404,0.000000000,70.710678119,70.622120452,0.707106781,0.707106781,0.000000000
934,0.467000000,0.000000000,100.000000000,39.030028967,127.636875743,27.636875743,0.000000000,70.710678119,70.622120452,0.707106781,0.707106781,0.000000000
935,0.467500000,0.000000000,100.000000000,39.080028967,127.672231082,27.672231082,0.000000000,70.710678119,70.622120452,0.707106781,0.707106781,0.000000000
936,0.468000000,0.000000000,100.000000000,39.130028967,127.707586421,27.707586421,0.000000000,70.710678119,70.622120452,0.707106781,0.707106781,0.000000000
937,0.468500000,0.000000000,100.000000000,39.180028967,127.742941760,27.742941760,0.000000000,70.710678119,70.622120452,0.707106781,0.707106781,0.000000000
938,0.469000000,0.000000000,100.000000000,39.230028967,127.778297099,27.778297099,0.000000000,70.710678119,70.622120452,0.707106781,0.707106781,0.000000000
939,0.469500000,0.000000000,100.000000000,39.280028967,127.813652438,27.813652438,0.000000000,70.710678119,70.622120452,0.707106781,0.707106781,0.000000000
940,0.470000000,0.000000000,100.000000000,39.330028967,127.849007777,27.849007777,0.000000000,70.710678119,70.622120452,0.707106781,0.707106781,0.000000000
941,0.470500000,0.000000000,100.000000000,39.380028967,127.884363116,27.884363116,0.000000000,70.710678119,70.622120452,0.707106781,0.707106781,0.000000000
942,0.471000000,0.000000000,100.000000000,39.430028967,127.919718456,27.919718456,0.000000000,70.710678119,70.622120452,0.707106781,0.707106781,0.000000000
943,0.471500000,0.000000000,100.000000000,39.480028967,127.955073795,27.955073795,0.000000000,70.710678119,70.622120452,0.707106781,0.707106781,0.000000000
944,0.472000000,0.000000000,100.000000000,39.530028967,127.990429134,27.990429134,0.000000000,70.710678119,70.622120452,0.707106781,0.707106781,0.000000000
945,0.472500000,0.000000000,100.000000000,39.580028967,128.025784473,28.025784473,0.000000000,70.710678119,70.622120452,0.707106781,0.707106781,0.000000000
946,0.473000000,0.000000000,100.000000000,39.630028967,128.061139812,28.061139812,0.000000000,70.710678119,70.622120452,0.707106781,0.707106781,0.000000000
947,0.473500000,0.000000000,100.000000000,39.680028967,128.096495151,28.096495151,0.000000000,70.710678119,70.622120452,0.707106781,0.707106781,0.000000000
948,0.474000000,0.000000000,100.000000000,39.730028967,128.131850490,28.131850490,0.000000000,70.710678119,70.622120452,0.707106781,0.707106781,0.000000000
949,0.474500000,0.000000000,100.000000000,39.780028967,128.167205829,28.167205829,0.000000000,70.710678119,70.622120452,0.707106781,0.707106781,0.000000000
950,0.475000000,0.000000000,100.000000000,39.830028967,128.202561168,28.202561168,0.000000000,70.710678119,70.622120452,0.707106781,0.707106781,0.000000000
951,0.475500000,0.000000000,100.000000000,39.880028967,128.237916507,28.237916507,0.000000000,70.710678119,70.622120452,0.707106781,0.707106781,0.000000000
952,0.476000000,0.000000000,100.000000000,39.930028967,128.273271846,28.273271846,0.000000000,70.710678119,70.622120452,0.707106781,0.707106781,0.000000000
953,0.476500000,0.000000000,100.000000000,39.980028967,128.308627185,28.308627185,0.000000000,70.710678119,70.622120452,0.707106781,0.707106781,0.000000000
954,0.477000000,0.000000000,100.000000000,40.030028967,128.343982524,28.343982524,0.000000000,70.710678119,70.622120452,0.707106781,0.707106781,0.000000000
955,0.477500000,0.000000000,100.000000000,40.080028967,128.379337863,28.379337863,0.000000000,70.710678119,70.622120452,0.707106781,0.707106781,0.000000000
956,0.478000000,0.000000000,100.000000000,40.130028967,128.414693202,28.414693202,0.000000000,70.710678119,70.622120452,0.707106781,0.707106781,0.000000000
957,0.478500000,0.000000000,100.000000000,40.180028967,128.450048541,28.450048541,0.000000000,70.710678119,70.622120452,0.707106781,0.707106781,0.000000000
958,0.479000000,0.000000000,100.000000000,40.230028967,128.485403880,28.485403880,0.000000000,70.710678119,70.622120452,0.707106781,0.707106781,0.000000000
959,0.479500000,0.000000000,100.000000000,40.280028967,128.520759220,28.520759220,0.000000000,70.710678119,70.622120452,0.707106781,0.707106781,0.000000000
960,0.480000000,0.000000000,100.000000000,40.330028967,128.556114559,28.556114559,0.000000000,70.710678119,70.622120452,0.707106781,0.707106781,0.000000000
961,0.480500000,0.000000000,100.000000000,40.380028967,128.591469898,28.591469898,0.000000000,70.710678119,70.622120452,0.707106781,0.707106781,0.000000000
962,0.481000000,0.000000000,100.000000000,40.430028967,128.626825237,28.626825237,0.000000000,70.710678119,70.622120452,0.707106781,0.707106781,0.000000000
963,0.481500000,0.000000000,100.000000000,40.480028967,128.662180576,28.662180576,0.000000000,70.710678119,70.622120452,0.707106781,0.707106781,0.000000000
964,0.482000000,0.000000000,100.000000000,40.530028967,128.697535915,28.697535915,0.000000000,70.710678119,70.622120452,0.707106781,0.707106781,0.000000000
965,0.482500000,0.000000000,100.000000000,40.580028967,128.732891254,28.732891254,0.000000000,70.710678119,70.622120452,0.707106781,0.707106781,0.000000000
966,0.483000000,0.000000000,100.000000000,40.630028967,128.768246593,28.768246593,0.000000000,70.710678119,70.622120452,0.707106781,0.707106781,0.000000000
967,0.483500000,0.000000000,100.000000000,40.680028967,128.803601932,28.803601932,0.000000000,70.710678119,70.622120452,0.707106781,0.707106781,0.000000000
968,0.484000000,0.000000000,100.000000000,40.730028967,128.838957271,28.838957271,0.000000000,70.710678119,70.622120452,0.707106781,0.707106781,0.000000000
969,0.484500000,0.000000000,100.000000000,40.780028967,128.874312610,28.874312610,0.000000000,70.710678119,70.622120452,0.707106781,0.707106781,0.000000000
970,0.485000000,0.000000000,100.000000000,40.830028967,128.909667949,28.909667949,0.000000000,70.710678119,70.622120452,0.707106781,0.707106781,0.000000000
971,0.485500000,0.000000000,100.000000000,40.880028967,128.945023288,28.945023288,0.000000000,70.710678119,70.622120452,0.707106781,0.707106781,0.000000000
972,0.486000000,0.000000000,100.000000000,40.930028967,128.980378627,28.980378627,0.000000000,70.710678119,70.622120452,0.707106781,0.707106781,0.000000000
973,0.486500000,0.000000000,100.000000000,40.980028967,129.015733966,29.015733966,0.000000000,70.710678119,70.622120452,0.707106781,0.707106781,0.000000000
974,0.487000000,0.000000000,100.000000000,41.030028967,129.051089305,29.051089305,0.000000000,70.710678119,70.622120452,0.707106781,0.707106781,0.000000000
975,0.487500000,0.000000000,100.000000000,41.080028967,129.086444644,29.086444644,0.000000000,70.710678119,70.622120452,0.707106781,0.707106781,0.000000000
976,0.488000000,0.000000000,100.000000000,41.130028967,129.121799984,29.121799984,0.000000000,70.710678119,70.622120452,0.707106781,0.707106781,0.000000000
977,0.488500000,0.000000000,100.000000000,41.180028967,129.157155323,29.157155323,0.000000000,70.710678119,70.622120452,0.707106781,0.707106781,0.000000000
978,0.489000000,0.000000000,100.000000000,41.230028967,129.192510662,29.192510662,0.000000000,70.710678119,70.622120452,0.707106781,0.707106781,0.000000000
979,0.489500000,0.000000000,100.000000000,41.280028967,129.227866001,29.227866001,0.000000000,70.710678119,70.622120452,0.707106781,0.707106781,0.000000000
980,0.490000000,0.000000000,100.000000000,41.330028967,129.263221340,29.263221340,0.000000000,70.710678119,70.622120452,0.707106781,0.707106781,0.000000000
981,0.490500000,0.000000000,100.000000000,41.380028967,129.298576679,29.298576679,0.000000000,70.710678119,70.622120452,0.707106781,0.707106781,0.000000000
982,0.491000000,0.000000000,100.000000000,41.430028967,129.333932018,29.333932018,0.000000000,70.710678119,70.622120452,0.707106781,0.707106781,0.000000000
983,0.491500000,0.000000000,100.000000000,41.480028967,129.369287357,29.369287357,0.000000000,70.710678119,70.622120452,0.707106781,0.707106781,0.000000000
984,0.492000000,0.000000000,100.000000000,41.530028967,129.404642696,29.404642696,0.000000000,70.710678119,70.622120452,0.707106781,0.707106781,0.000000000
985,0.492500000,0.000000000,100.000000000,41.580028967,129.439998035,29.439998035,0.000000000,70.710678119,70.622120452,0.707106781,0.707106781,0.000000000
986,0.493000000,0.000000000,100.000000000,41.630028967,129.475353374,29.475353374,0.000000000,70.710678119,70.622120452,0.707106781,0.707106781,0.000000000
987,0.493500000,0.000000000,100.000000000,41.680028967,129.510708713,29.510708713,0.000000000,70.710678119,70.622120452,0.707106781,0.707106781,0.000000000
988,0.494000000,0.000000000,100.000000000,41.730028967,129.546064052,29.546064052,0.000000000,70.710678119,70.622120452,0.707106781,0.707106781,0.000000000
989,0.494500000,0.000000000,100.000000000,41.780028967,129.581419391,29.581419391,0.000000000,70.710678119,70.622120452,0.707106781,0.707106781,0.000000000
990,0.495000000,0.000000000,100.000000000,41.830028967,129.616774730,29.616774730,0.000000000,70.710678119,70.622120452,0.707106781,0.707106781,0.000000000
991,0.495500000,0.000000000,100.000000000,41.880028967,129.652130069,29.652130069,0.000000000,70.710678119,70.622120452,0.707106781,0.707106781,0.000000000
992,0.496000000,0.000000000,100.000000000,41.930028967,129.687485408,29.687485408,0.000000000,70.710678119,70.622120452,0.707106781,0.707106781,0.000000000
993,0.496500000,0.000000000,100.000000000,41.980028967,129.722840748,29.722840748,0.000000000,70.710678119,70.622120452,0.707106781,0.707106781,0.000000000
994,0.497000000,0.000000000,100.000000000,42.030028967,129.758196087,29.758196087,0.000000000,70.710678119,70.622120452,0.707106781,0.707106781,0.000000000
995,0.497500000,0.000000000,100.000000000,42.080028967,129.793551426,29.793551426,0.000000000,70.710678119,70.622120452,0.707106781,0.707106781,0.000000000
996,0.498000000,0.000000000,100.000000000,42.130028967,129.828906765,29.828906765,0.000000000,70.710678119,70.622120452,0.707106781,0.707106781,0.000000000
997,0.498500000,0.000000000,100.000000000,42.180028967,129.864262104,29.864262104,0.000000000,70.710678119,70.622120452,0.707106781,0.707106781,0.000000000
998,0.499000000,0.000000000,100.000000000,42.230028967,129.899617443,29.899617443,0.000000000,70.710678119,70.622120452,0.707106781,0.707106781,0.000000000
999,0.499500000,0.000000000,100.000000000,42.280028967,129.934972782,29.934972782,0.000000000,70.710678119,70.622120452,0.707106781,0.707106781,0.000000000
1000,0.500000000,0.000000000,100.000000000,42.330028967,129.970328121,29.970328121,0.000000000,70.710678119,70.622120452,0.707106781,0.707106781,0.000000000
1001,0.500500000,0.000000000,100.000000000,42.380028967,130.005683460,30.005683460,0.000000000,70.710678119,70.622120452,0.707106781,0.707106781,0.000000000
1002,0.501000000,0.000000000,100.000000000,42.430028967,130.041038799,30.041038799,0.000000000,70.710678119,70.622120452,0.707106781,0.707106781,0.000000000
1003,0.501500000,0.000000000,100.000000000,42.480028967,130.076394138,30.076394138,0.000000000,70.710678119,70.622120452,0.707106781,0.707106781,0.000000000
1004,0.502000000,0.000000000,100.000000000,42.530028967,130.111749477,30.111749477,0.000000000,70.710678119,70.622120452,0.707106781,0.707106781,0.000000000
1005,0.502500000,0.000000000,100.000000000,42.580028967,130.147104816,30.147104816,0.000000000,70.710678119,70.622120452,0.707106781,0.707106781,0.000000000
1006,0.503000000,0.000000000,100.000000000,42.630028967,130.182460155,30.182460155,0.000000000,70.710678119,70.622120452,0.707106781,0.707106781,0.000000000
1007,0.503500000,0.000000000,100.000000000,42.680028967,130.217815494,30.217815494,0.000000000,70.710678119,70.622120452,0.707106781,0.707106781,0.000000000
1008,0.504000000,0.000000000,100.000000000,42.730028967,130.253170833,30.253170833,0.000000000,70.710678119,70.622120452,0.707106781,0.707106781,0.000000000
1009,0.504500000,0.000000000,100.000000000,42.780028967,130.288526172,30.288526172,0.000000000,70.710678119,70.622120452,0.707106781,0.707106781,0.000000000
1010,0.505000000,0.000000000,100.000000000,42.830028967,130.323881512,30.323881512,0.000000000,70.710678119,70.622120452,0.707106781,0.707106781,0.000000000
1011,0.505500000,0.000000000,100.000000000,42.880028967,130.359236851,30.359236851,0.000000000,70.710678119,70.622120452,0.707106781,0.707106781,0.000000000
1012,0.506000000,0.000000000,100.000000000,42.930028967,130.394592190,30.394592190,0.000000000,70.710678119,70.622120452,0.707106781,0.707106781,0.000000000
1013,0.506500000,0.000000000,100.000000000,42.980028967,130.429947529,30.429947529,0.000000000,70.710678119,70.622120452,0.707106781,0.707106781,0.000000000
1014,0.507000000,0.000000000,100.000000000,43.030028967,130.465302868,30.465302868,0.000000000,70.710678119,70.622120452,0.707106781,0.707106781,0.000000000
1015,0.507500000,0.000000000,100.000000000,43.080028967,130.500658207,30.500658207,0.000000000,70.710678119,70.622120452,0.707106781,0.707106781,0.000000000
1016,0.508000000,0.000000000,100.000000000,43.130028967,130.536013546,30.536013546,0.000000000,70.710678119,70.622120452,0.707106781,0.707106781,0.000000000
1017,0.508500000,0.000000000,100.000000000,43.180028967,130.571368885,30.571368885,0.000000000,70.710678119,70.622120452,0.707106781,0.707106781,0.000000000
1018,0.509000000,0.000000000,100.000000000,43.230028967,130.606724224,30.606724224,0.000000000,70.710678119,70.622120452,0.707106781,0.707106781,0.000000000
1019,0.509500000,0.000000000,100.000000000,43.280028967,130.642079563,30.642079563,0.000000000,70.710678119,70.622120452,0.707106781,0.707106781,0.000000000
1020,0.510000000,0.000000000,100.000000000,43.330028967,130.677434902,30.677434902,0.000000000,70.710678119,70.622120452,0.707106781,0.707106781,0.000000000
1021,0.510500000,0.000000000,100.000000000,43.380028967,130.712790241,30.712790241,0.000000000,70.710678119,70.622120452,0.707106781,0.707106781,0.000000000
1022,0.511000000,0.000000000,100.000000000,43.430028967,130.748145580,30.748145580,0.000000000,70.710678119,70.622120452,0.707106781,0.707106781,0.000000000
1023,0.511500000,0.000000000,100.000000000,43.480028967,130.783500919,30.783500919,0.000000000,70.710678119,70.622120452,0.707106781,0.707106781,0.000000000
1024,0.512000000,0.000000000,100.000000000,43.530028967,130.818856258,30.818856258,0.000000000,70.710678119,70.622120452,0.707106781,0.707106781,0.000000000
1025,0.512500000,0.000000000,100.000000000,43.580028967,130.854211597,30.854211597,0.000000000,70.710678119,70.622120452,0.707106781,0.707106781,0.000000000
1026,0.513000000,0.000000000,100.000000000,43.630028967,130.889566936,30.889566936,0.000000000,70.710678119,70.622120452,0.707106781,0.707106781,0.000000000
1027,0.513500000,0.000000000,100.000000000,43.680028967,130.924922276,30.924922276,0.000000000,70.710678119,70.622120452,0.707106781,0.707106781,0.000000000
1028,0.514000000,0.000000000,100.000000000,43.730028967,130.960277615,30.960277615,0.000000000,70.710678119,70.622120452,0.707106781,0.707106781,0.000000000
1029,0.514500000,0.000000000,100.000000000,43.780028967,130.995632954,30.995632954,0.000000000,70.710678119,70.622120452,0.707106781,0.707106781,0.000000000
1030,0.515000000,0.000000000,100.000000000,43.830028967,131.030988293,31.030988293,0.000000000,70.710678119,70.622120452,0.707106781,0.707106781,0.000000000
1031,0.515500000,0.000000000,100.000000000,43.880028967,131.066343632,31.066343632,0.000000000,70.710678119,70.622120452,0.707106781,0.707106781,0.000000000
1032,0.516000000,0.000000000,100.000000000,43.930028967,131.101698971,31.101698971,0.000000000,70.710678119,70.622120452,0.707106781,0.707106781,0.000000000
1033,0.516500000,0.000000000,100.000000000,43.980028967,131.137054310,31.137054310,0.000000000,70.710678119,70.622120452,0.707106781,0.707106781,0.000000000
1034,0.517000000,0.000000000,100.000000000,44.030028967,131.172409649,31.172409649,0.000000000,70.710678119,70.622120452,0.707106781,0.707106781,0.000000000
1035,0.517500000,0.000000000,100.000000000,44.080028967,131.207764988,31.207764988,0.000000000,70.710678119,70.622120452,0.707106781,0.707106781,0.000000000
1036,0.518000000,0.000000000,100.000000000,44.130028967,131.243120327,31.243120327,0.000000000,70.710678119,70.622120452,0.707106781,0.707106781,0.000000000
1037,0.518500000,0.000000000,100.000000000,44.180028967,131.278475666,31.278475666,0.000000000,70.710678119,70.622120452,0.707106781,0.707106781,0.000000000
1038,0.519000000,0.000000000,100.000000000,44.230028967,131.313831005,31.313831005,0.000000000,70.710678119,70.622120452,0.707106781,0.707106781,0.000000000
1039,0.519500000,0.000000000,100.000000000,44.280028967,131.349186344,31.349186344,0.000000000,70.710678119,70.622120452,0.707106781,0.707106781,0.000000000
1040,0.520000000,0.000000000,100.000000000,44.330028967,131.384541683,31.384541683,0.000000000,70.710678119,70.622120452,0.707106781,0.707106781,0.000000000
1041,0.520500000,0.000000000,100.000000000,44.380028967,131.419897022,31.419897022,0.000000000,70.710678119,70.622120452,0.707106781,0.707106781,0.000000000
1042,0.521000000,0.000000000,100.000000000,44.430028967,131.455252361,31.455252361,0.000000000,70.710678119,70.622120452,0.707106781,0.707106781,0.000000000
1043,0.521500000,0.000000000,100.000000000,44.480028967,131.490607700,31.490607700,0.000000000,70.710678119,70.622120452,0.707106781,0.707106781,0.000000000
1044,0.522000000,0.000000000,100.000000000,44.530028967,131.525963040,31.525963040,0.000000000,70.710678119,70.622120452,0.707106781,0.707106781,0.000000000
1045,0.522500000,0.000000000,100.000000000,44.580028967,131.561318379,31.561318379,0.000000000,70.710678119,70.622120452,0.707106781,0.707106781,0.000000000
1046,0.523000000,0.000000000,100.000000000,44.630028967,131.596673718,31.596673718,0.000000000,70.710678119,70.622120452,0.707106781,0.707106781,0.000000000
1047,0.523500000,0.000000000,100.000000000,44.680028967,131.632029057,31.632029057,0.000000000,70.710678119,70.622120452,0.707106781,0.707106781,0.000000000
1048,0.524000000,0.000000000,100.000000000,44.730028967,131.667384396,31.667384396,0.000000000,70.710678119,70.622120452,0.707106781,0.707106781,0.000000000
1049,0.524500000,0.000000000,100.000000000,44.780028967,131.702739735,31.702739735,0.000000000,70.710678119,70.622120452,0.707106781,0.707106781,0.000000000
1050,0.525000000,0.000000000,100.000000000,44.830028967,131.738095074,31.738095074,0.000000000,70.710678119,70.622120452,0.707106781,0.707106781,0.000000000
1051,0.525500000,0.000000000,100.000000000,44.880028967,131.773450413,31.773450413,0.000000000,70.710678119,70.622120452,0.707106781,0.707106781,0.000000000
1052,0.526000000,0.000000000,100.000000000,44.930028967,131.808805752,31.808805752,0.000000000,70.710678119,70.622120452,0.707106781,0.707106781,0.000000000
1053,0.526500000,0.000000000,100.000000000,44.980028967,131.844161091,31.844161091,0.000000000,70.710678119,70.622120452,0.707106781,0.707106781,0.000000000
1054,0.527000000,0.000000000,100.000000000,45.030028967,131.879516430,31.879516430,0.000000000,70.710678119,70.622120452,0.707106781,0.707106781,0.000000000
1055,0.527500000,0.000000000,100.000000000,45.080028967,131.914871769,31.914871769,0.000000000,70.710678119,70.622120452,0.707106781,0.707106781,0.000000000
1056,0.528000000,0.000000000,100.000000000,45.130028967,131.950227108,31.950227108,0.000000000,70.710678119,70.622120452,0.707106781,0.707106781,0.000000000
1057,0.528500000,0.000000000,100.000000000,45.180028967,131.985582447,31.985582447,0.000000000,70.710678119,70.622120452,0.707106781,0.707106781,0.000000000
1058,0.529000000,0.000000000,100.000000000,45.230028967,132.020937786,32.020937786,0.000000000,70.710678119,70.622120452,0.707106781,0.707106781,0.000000000
1059,0.529500000,0.000000000,100.000000000,45.280028967,132.056293125,32.056293125,0.000000000,70.710678119,70.622120452,0.707106781,0.707106781,0.000000000
1060,0.530000000,0.000000000,100.000000000,45.330028967,132.091648465,32.091648465,0.000000000,70.710678119,70.622120452,0.707106781,0.707106781,0.000000000
1061,0.530500000,0.000000000,100.000000000,45.380028967,132.127003804,32.127003804,0.000000000,70.710678119,70.622120452,0.707106781,0.707106781,0.000000000
1062,0.531000000,0.000000000,100.000000000,45.430028967,132.162359143,32.162359143,0.000000000,70.710678119,70.622120452,0.707106781,0.707106781,0.000000000
1063,0.531500000,0.000000000,100.000000000,45.480028967,132.197714482,32.197714482,0.000000000,70.710678119,70.622120452,0.707106781,0.707106781,0.000000000
1064,0.532000000,0.000000000,100.000000000,45.530028967,132.233069821,32.233069821,0.000000000,70.710678119,70.622120452,0.707106781,0.707106781,0.000000000
1065,0.532500000,0.000000000,100.000000000,45.580028967,132.268425160,32.268425160,0.000000000,70.710678119,70.622120452,0.707106781,0.707106781,0.000000000
1066,0.533000000,0.000000000,100.000000000,45.630028967,132.303780499,32.303780499,0.000000000,70.710678119,70.622120452,0.707106781,0.707106781,0.000000000
1067,0.533500000,0.000000000,100.000000000,45.680028967,132.339135838,32.339135838,0.000000000,70.710678119,70.622120452,0.707106781,0.707106781,0.000000000
1068,0.534000000,0.000000000,100.000000000,45.730028967,132.374491177,32.374491177,0.000000000,70.710678119,70.622120452,0.707106781,0.707106781,0.000000000
1069,0.534500000,0.000000000,100.000000000,45.780028967,132.409846516,32.409846516,0.000000000,70.710678119,70.622120452,0.707106781,0.707106781,0.000000000
1070,0.535000000,0.000000000,100.000000000,45.830028967,132.445201855,32.445201855,0.000000000,70.710678119,70.622120452,0.707106781,0.707106781,0.000000000
1071,0.535500000,0.000000000,100.000000000,45.880028967,132.480557194,32.480557194,0.000000000,70.710678119,70.622120452,0.707106781,0.707106781,0.000000000
1072,0.536000000,0.000000000,100.000000000,45.930028967,132.515912533,32.515912533,0.000000000,70.710678119,70.622120452,0.707106781,0.707106781,0.000000000
1073,0.536500000,0.000000000,100.000000000,45.980028967,132.551267872,32.551267872,0.000000000,70.710678119,70.622120452,0.707106781,0.707106781,0.000000000
1074,0.537000000,0.000000000,100.000000000,46.030028967,132.586623211,32.586623211,0.000000000,70.710678119,70.622120452,0.707106781,0.707106781,0.000000000
1075,0.537500000,0.000000000,100.000000000,46.080028967,132.621978550,32.621978550,0.000000000,70.710678119,70.622120452,0.707106781,0.707106781,0.000000000
1076,0.538000000,0.000000000,100.000000000,46.130028967,132.657333889,32.657333889,0.000000000,70.710678119,70.622120452,0.707106781,0.707106781,0.000000000
1077,0.538500000,0.000000000,100.000000000,46.180028967,132.692689229,32.692689229,0.000000000,70.710678119,70.622120452,0.707106781,0.707106781,0.000000000
1078,0.539000000,0.000000000,100.000000000,46.230028967,132.728044568,32.728044568,0.000000000,70.710678119,70.622120452,0.707106781,0.707106781,0.000000000
1079,0.539500000,0.000000000,100.000000000,46.280028967,132.763399907,32.763399907,0.000000000,70.710678119,70.622120452,0.707106781,0.707106781,0.000000000
1080,0.540000000,0.000000000,100.000000000,46.330028967,132.798755246,32.798755246,0.000000000,70.710678119,70.622120452,0.707106781,0.707106781,0.000000000
1081,0.540500000,0.000000000,100.000000000,46.380028967,132.834110585,32.834110585,0.000000000,70.710678119,70.622120452,0.707106781,0.707106781,0.000000000
1082,0.541000000,0.000000000,100.000000000,46.430028967,132.869465924,32.869465924,0.000000000,70.710678119,70.622120452,0.707106781,0.707106781,0.000000000
1083,0.541500000,0.000000000,100.000000000,46.480028967,132.904821263,32.904821263,0.000000000,70.710678119,70.622120452,0.707106781,0.707106781,0.000000000
1084,0.542000000,0.000000000,100.000000000,46.530028967,132.940176602,32.940176602,0.000000000,70.710678119,70.622120452,0.707106781,0.707106781,0.000000000
1085,0.542500000,0.000000000,100.000000000,46.580028967,132.975531941,32.975531941,0.000000000,70.710678119,70.622120452,0.707106781,0.707106781,0.000000000
1086,0.543000000,0.000000000,100.000000000,46.630028967,133.010887280,33.010887280,0.000000000,70.710678119,70.622120452,0.707106781,0.707106781,0.000000000
1087,0.543500000,0.000000000,100.000000000,46.680028967,133.046242619,33.046242619,0.000000000,70.710678119,70.622120452,0.707106781,0.707106781,0.000000000
1088,0.544000000,0.000000000,100.000000000,46.730028967,133.081597958,33.081597958,0.000000000,70.710678119,70.622120452,0.707106781,0.707106781,0.000000000
1089,0.544500000,0.000000000,100.000000000,46.780028967,133.116953297,33.116953297,0.000000000,70.710678119,70.622120452,0.707106781,0.707106781,0.000000000
1090,0.545000000,0.000000000,100.000000000,46.830028967,133.152308636,33.152308636,0.000000000,70.710678119,70.622120452,0.707106781,0.707106781,0.000000000
1091,0.545500000,0.000000000,100.000000000,46.880028967,133.187663975,33.187663975,0.000000000,70.710678119,70.622120452,0.707106781,0.707106781,0.000000000
1092,0.546000000,0.000000000,100.000000000,46.930028967,133.223019314,33.223019314,0.000000000,70.710678119,70.622120452,0.707106781,0.707106781,0.000000000
1093,0.546500000,0.000000000,100.000000000,46.980028967,133.258374653,33.258374653,0.000000000,70.710678119,70.622120452,0.707106781,0.707106781,0.000000000
1094,0.547000000,0.000000000,100.000000000,47.030028967,133.293729993,33.293729993,0.000000000,70.710678119,70.622120452,0.707106781,0.707106781,0.000000000
1095,0.547500000,0.000000000,100.000000000,47.080028967,133.329085332,33.329085332,0.000000000,70.710678119,70.622120452,0.707106781,0.707106781,0.000000000
1096,0.548000000,0.000000000,100.000000000,47.130028967,133.364440671,33.364440671,0.000000000,70.710678119,70.622120452,0.707106781,0.707106781,0.000000000
1097,0.548500000,0.000000000,100.000000000,47.180028967,133.399796010,33.399796010,0.000000000,70.710678119,70.622120452,0.707106781,0.707106781,0.000000000
1098,0.549000000,0.000000000,100.000000000,47.230028967,133.435151349,33.435151349,0.000000000,70.710678119,70.622120452,0.707106781,0.707106781,0.000000000
1099,0.549500000,0.000000000,100.000000000,47.280028967,133.470506688,33.470506688,0.000000000,70.710678119,70.622120452,0.707106781,0.707106781,0.000000000
1100,0.550000000,0.000000000,100.000000000,47.330028967,133.505862027,33.505862027,0.000000000,70.710678119,70.622120452,0.707106781,0.707106781,0.000000000
1101,0.550500000,0.000000000,100.000000000,47.380028967,133.541217366,33.541217366,0.000000000,70.710678119,70.622120452,0.707106781,0.707106781,0.000000000
1102,0.551000000,0.000000000,100.000000000,47.430028967,133.576572705,33.576572705,0.000000000,70.710678119,70.622120452,0.707106781,0.707106781,0.000000000
1103,0.551500000,0.000000000,100.000000000,47.480028967,133.611928044,33.611928044,0.000000000,70.710678119,70.622120452,0.707106781,0.707106781,0.000000000
1104,0.552000000,0.000000000,100.000000000,47.530028967,133.647283383,33.647283383,0.000000000,70.710678119,70.622120452,0.707106781,0.707106781,0.000000000
1105,0.552500000,0.000000000,100.000000000,47.580028967,133.682638722,33.682638722,0.000000000,70.710678119,70.622120452,0.707106781,0.707106781,0.000000000
1106,0.553000000,0.000000000,100.000000000,47.630028967,133.717994061,33.717994061,0.000000000,70.710678119,70.622120452,0.707106781,0.707106781,0.000000000
1107,0.553500000,0.000000000,100.000000000,47.680028967,133.753349400,33.753349400,0.000000000,70.710678119,70.622120452,0.707106781,0.707106781,0.000000000
1108,0.554000000,0.000000000,100.000000000,47.730028967,133.788704739,33.788704739,0.000000000,70.710678119,70.622120452,0.707106781,0.707106781,0.000000000
1109,0.554500000,0.000000000,100.000000000,47.780028967,133.824060078,33.824060078,0.000000000,70.710678119,70.622120452,0.707106781,0.707106781,0.000000000
1110,0.555000000,0.000000000,100.000000000,47.830028967,133.859415417,33.859415417,0.000000000,70.710678119,70.622120452,0.707106781,0.707106781,0.000000000
1111,0.555500000,0.000000000,100.000000000,47.880028967,133.894770757,33.894770757,0.000000000,70.710678119,70.622120452,0.707106781,0.707106781,0.000000000
1112,0.556000000,0.000000000,100.000000000,47.930028967,133.930126096,33.930126096,0.000000000,70.710678119,70.622120452,0.707106781,0.707106781,0.000000000
1113,0.556500000,0.000000000,100.000000000,47.980028967,133.965481435,33.965481435,0.000000000,70.710678119,70.622120452,0.707106781,0.707106781,0.000000000
1114,0.557000000,0.000000000,100.000000000,48.030028967,134.000836774,34.000836774,0.000000000,70.710678119,70.622120452,0.707106781,0.707106781,0.000000000
1115,0.557500000,0.000000000,100.000000000,48.080028967,134.036192113,34.036192113,0.000000000,70.710678119,70.622120452,0.707106781,0.707106781,0.000000000
1116,0.558000000,0.000000000,100.000000000,48.130028967,134.071547452,34.071547452,0.000000000,70.710678119,70.622120452,0.707106781,0.707106781,0.000000000
1117,0.558500000,0.000000000,100.000000000,48.180028967,134.106902791,34.106902791,0.000000000,70.710678119,70.622120452,0.707106781,0.707106781,0.000000000
1118,0.559000000,0.000000000,100.000000000,48.230028967,134.142258130,34.142258130,0.000000000,70.710678119,70.622120452,0.707106781,0.707106781,0.000000000
1119,0.559500000,0.000000000,100.000000000,48.280028967,134.177613469,34.177613469,0.000000000,70.710678119,70.622120452,0.707106781,0.707106781,0.000000000
1120,0.560000000,0.000000000,100.000000000,48.330028967,134.212968808,34.212968808,0.000000000,70.710678119,70.622120452,0.707106781,0.707106781,0.000000000
1121,0.560500000,0.000000000,100.000000000,48.380028967,134.248324147,34.248324147,0.000000000,70.710678119,70.622120452,0.707106781,0.707106781,0.000000000
1122,0.561000000,0.000000000,100.000000000,48.430028967,134.283679486,34.283679486,0.000000000,70.710678119,70.622120452,0.707106781,0.707106781,0.000000000
1123,0.561500000,0.000000000,100.000000000,48.480028967,134.319034825,34.319034825,0.000000000,70.710678119,70.622120452,0.707106781,0.707106781,0.000000000
1124,0.562000000,0.000000000,100.000000000,48.530028967,134.354390164,34.354390164,0.000000000,70.710678119,70.622120452,0.707106781,0.707106781,0.000000000
1125,0.562500000,0.000000000,100.000000000,48.580028967,134.389745503,34.389745503,0.000000000,70.710678119,70.622120452,0.707106781,0.707106781,0.000000000
1126,0.563000000,0.000000000,100.000000000,48.630028967,134.425100842,34.425100842,0.000000000,70.710678119,70.622120452,0.707106781,0.707106781,0.000000000
1127,0.563500000,0.000000000,100.000000000,48.680028967,134.460456181,34.460456181,0.000000000,70.710678119,70.622120452,0.707106781,0.707106781,0.000000000
1128,0.564000000,0.000000000,100.000000000,48.730028967,134.495811521,34.495811521,0.000000000,70.710678119,70.622120452,0.707106781,0.707106781,0.000000000
1129,0.564500000,0.000000000,100.000000000,48.780028967,134.531166860,34.531166860,0.000000000,70.710678119,70.622120452,0.707106781,0.707106781,0.000000000
1130,0.565000000,0.000000000,100.000000000,48.830028967,134.566522199,34.566522199,0.000000000,70.710678119,70.622120452,0.707106781,0.707106781,0.000000000
1131,0.565500000,0.000000000,100.000000000,48.880028967,134.601877538,34.601877538,0.000000000,70.710678119,70.622120452,0.707106781,0.707106781,0.000000000
1132,0.566000000,0.000000000,100.000000000,48.930028967,134.637232877,34.637232877,0.000000000,70.710678119,70.622120452,0.707106781,0.707106781,0.000000000
1133,0.566500000,0.000000000,100.000000000,48.980028967,134.672588216,34.672588216,0.000000000,70.710678119,70.622120452,0.707106781,0.707106781,0.000000000
1134,0.567000000,0.000000000,100.000000000,49.030028967,134.707943555,34.707943555,0.000000000,70.710678119,70.622120452,0.707106781,0.707106781,0.000000000
1135,0.567500000,0.000000000,100.000000000,49.080028967,134.743298894,34.743298894,0.000000000,70.710678119,70.622120452,0.707106781,0.707106781,0.000000000
1136,0.568000000,0.000000000,100.000000000,49.130028967,134.778654233,34.778654233,0.000000000,70.710678119,70.622120452,0.707106781,0.707106781,0.000000000
1137,0.568500000,0.000000000,100.000000000,49.180028967,134.814009572,34.814009572,0.000000000,70.710678119,70.622120452,0.707106781,0.707106781,0.000000000
1138,0.569000000,0.000000000,100.000000000,49.230028967,134.849364911,34.849364911,0.000000000,70.710678119,70.622120452,0.707106781,0.707106781,0.000000000
1139,0.569500000,0.000000000,100.000000000,49.280028967,134.884720250,34.884720250,0.000000000,70.710678119,70.622120452,0.707106781,0.707106781,0.000000000
1140,0.570000000,0.000000000,100.000000000,49.330028967,134.920075589,34.920075589,0.000000000,70.710678119,70.622120452,0.707106781,0.707106781,0.000000000
1141,0.570500000,0.000000000,100.000000000,49.380028967,134.955430928,34.955430928,0.000000000,70.710678119,70.622120452,0.707106781,0.707106781,0.000000000
1142,0.571000000,0.000000000,100.000000000,49.430028967,134.990786267,34.990786267,0.000000000,70.710678119,70.622120452,0.707106781,0.707106781,0.000000000
1143,0.571500000,0.000000000,100.000000000,49.480028967,135.026141606,35.026141606,0.000000000,70.710678119,70.622120452,0.707106781,0.707106781,0.000000000
1144,0.572000000,0.000000000,100.000000000,49.530028967,135.061496945,35.061496945,0.000000000,70.710678119,70.622120452,0.707106781,0.707106781,0.000000000
1145,0.572500000,0.000000000,100.000000000,49.580028967,135.096852285,35.096852285,0.000000000,70.710678119,70.622120452,0.707106781,0.707106781,0.000000000
1146,0.573000000,0.000000000,100.000000000,49.630028967,135.132207624,35.132207624,0.000000000,70.710678119,70.622120452,0.707106781,0.707106781,0.000000000
1147,0.573500000,0.000000000,100.000000000,49.680028967,135.167562963,35.167562963,0.000000000,70.710678119,70.622120452,0.707106781,0.707106781,0.000000000
1148,0.574000000,0.000000000,100.000000000,49.730028967,135.202918302,35.202918302,0.000000000,70.710678119,70.622120452,0.707106781,0.707106781,0.000000000
1149,0.574500000,0.000000000,100.000000000,49.780028967,135.238273641,35.238273641,0.000000000,70.710678119,70.622120452,0.707106781,0.707106781,0.000000000
1150,0.575000000,0.000000000,100.000000000,49.830028967,135.273628980,35.273628980,0.000000000,70.710678119,70.622120452,0.707106781,0.707106781,0.000000000
1151,0.575500000,0.000000000,100.000000000,49.880028967,135.308984319,35.308984319,0.000000000,70.710678119,70.622120452,0.707106781,0.707106781,0.000000000
1152,0.576000000,0.000000000,100.000000000,49.930028967,135.344339658,35.344339658,0.000000000,70.710678119,70.622120452,0.707106781,0.707106781,0.000000000
1153,0.576500000,0.000000000,100.000000000,49.980028967,135.379694997,35.379694997,0.000000000,70.710678119,70.622120452,0.707106781,0.707106781,0.000000000
1154,0.577000000,0.000000000,100.000000000,50.030028967,135.415050336,35.415050336,0.000000000,70.710678119,70.622120452,0.707106781,0.707106781,0.000000000
1155,0.577500000,0.000000000,100.000000000,50.080028967,135.450405675,35.450405675,0.000000000,70.710678119,70.622120452,0.707106781,0.707106781,0.000000000
1156,0.578000000,0.000000000,100.000000000,50.130028967,135.485761014,35.485761014,0.000000000,70.710678119,70.622120452,0.707106781,0.707106781,0.000000000
1157,0.578500000,0.000000000,100.000000000,50.180028967,135.521116353,35.521116353,0.000000000,70.710678119,70.622120452,0.707106781,0.707106781,0.000000000
1158,0.579000000,0.000000000,100.000000000,50.230028967,135.556471692,35.556471692,0.000000000,70.710678119,70.622120452,0.707106781,0.707106781,0.000000000
1159,0.579500000,0.000000000,100.000000000,50.280028967,135.591827031,35.591827031,0.000000000,70.710678119,70.622120452,0.707106781,0.707106781,0.000000000
1160,0.580000000,0.000000000,100.000000000,50.330028967,135.627182370,35.627182370,0.000000000,70.710678119,70.622120452,0.707106781,0.707106781,0.000000000
1161,0.580500000,0.000000000,100.000000000,50.380028967,135.662537709,35.662537709,0.000000000,70.710678119,70.622120452,0.707106781,0.707106781,0.000000000
1162,0.581000000,0.000000000,100.000000000,50.430028967,135.697893049,35.697893049,0.000000000,70.710678119,70.622120452,0.707106781,0.707106781,0.000000000
1163,0.581500000,0.000000000,100.000000000,50.480028967,135.733248388,35.733248388,0.000000000,70.710678119,70.622120452,0.707106781,0.707106781,0.000000000
1164,0.582000000,0.000000000,100.000000000,50.530028967,135.768603727,35.768603727,0.000000000,70.710678119,70.622120452,0.707106781,0.707106781,0.000000000
1165,0.582500000,0.000000000,100.000000000,50.580028967,135.803959066,35.803959066,0.000000000,70.710678119,70.622120452,0.707106781,0.707106781,0.000000000
1166,0.583000000,0.000000000,100.000000000,50.630028967,135.839314405,35.839314405,0.000000000,70.710678119,70.622120452,0.707106781,0.707106781,0.000000000
1167,0.583500000,0.000000000,100.000000000,50.680028967,135.874669744,35.874669744,0.000000000,70.710678119,70.622120452,0.707106781,0.707106781,0.000000000
1168,0.584000000,0.000000000,100.000000000,50.730028967,135.910025083,35.910025083,0.000000000,70.710678119,70.622120452,0.707106781,0.707106781,0.000000000
1169,0.584500000,0.000000000,100.000000000,50.780028967,135.945380422,35.945380422,0.000000000,70.710678119,70.622120452,0.707106781,0.707106781,0.000000000
1170,0.585000000,0.000000000,100.000000000,50.830028967,135.980735761,35.980735761,0.000000000,70.710678119,70.622120452,0.707106781,0.707106781,0.000000000
1171,0.585500000,0.000000000,100.000000000,50.880028967,136.016091100,36.016091100,0.000000000,70.710678119,70.622120452,0.707106781,0.707106781,0.000000000
1172,0.586000000,0.000000000,100.000000000,50.930028967,136.051446439,36.051446439,0.000000000,70.710678119,70.622120452,0.707106781,0.707106781,0.000000000
1173,0.586500000,0.000000000,100.000000000,50.980028967,136.086801778,36.086801778,0.000000000,70.710678119,70.622120452,0.707106781,0.707106781,0.000000000
1174,0.587000000,0.000000000,100.000000000,51.030028967,136.122157117,36.122157117,0.000000000,70.710678119,70.622120452,0.707106781,0.707106781,0.000000000
1175,0.587500000,0.000000000,100.000000000,51.080028967,136.157512456,36.157512456,0.000000000,70.710678119,70.622120452,0.707106781,0.707106781,0.000000000
1176,0.588000000,0.000000000,100.000000000,51.130028967,136.192867795,36.192867795,0.000000000,70.710678119,70.622120452,0.707106781,0.707106781,0.000000000
1177,0.588500000,0.000000000,100.000000000,51.180028967,136.228223134,36.228223134,0.000000000,70.710678119,70.622120452,0.707106781,0.707106781,0.000000000
1178,0.589000000,0.000000000,100.000000000,51.230028967,136.263578474,36.263578474,0.000000000,70.710678119,70.622120452,0.707106781,0.707106781,0.000000000
1179,0.589500000,0.000000000,100.000000000,51.280028967,136.298933813,36.298933813,0.000000000,70.710678119,70.622120452,0.707106781,0.707106781,0.000000000
1180,0.590000000,0.000000000,100.000000000,51.330028967,136.334289152,36.334289152,0.000000000,70.710678119,70.622120452,0.707106781,0.707106781,0.000000000
1181,0.590500000,0.000000000,100.000000000,51.380028967,136.369644491,36.369644491,0.000000000,70.710678119,70.622120452,0.707106781,0.707106781,0.000000000
1182,0.591000000,0.000000000,100.000000000,51.430028967,136.404999830,36.404999830,0.000000000,70.710678119,70.622120452,0.707106781,0.707106781,0.000000000
1183,0.591500000,0.000000000,100.000000000,51.480028967,136.440355169,36.440355169,0.000000000,70.710678119,70.622120452,0.707106781,0.707106781,0.000000000
1184,0.592000000,0.000000000,100.000000000,51.530028967,136.475710508,36.475710508,0.000000000,70.710678119,70.622120452,0.707106781,0.707106781,0.000000000
1185,0.592500000,0.000000000,100.000000000,51.580028967,136.511065847,36.511065847,0.000000000,70.710678119,70.622120452,0.707106781,0.707106781,0.000000000
1186,0.593000000,0.000000000,100.000000000,51.630028967,136.546421186,36.546421186,0.000000000,70.710678119,70.622120452,0.707106781,0.707106781,0.000000000
1187,0.593500000,0.000000000,100.000000000,51.680028967,136.581776525,36.581776525,0.000000000,70.710678119,70.622120452,0.707106781,0.707106781,0.000000000
1188,0.594000000,0.000000000,100.000000000,51.730028967,136.617131864,36.617131864,0.000000000,70.710678119,70.622120452,0.707106781,0.707106781,0.000000000
1189,0.594500000,0.000000000,100.000000000,51.780028967,136.652487203,36.652487203,0.000000000,70.710678119,70.622120452,0.707106781,0.707106781,0.000000000
1190,0.595000000,0.000000000,100.000000000,51.830028967,136.687842542,36.687842542,0.000000000,70.710678119,70.622120452,0.707106781,0.707106781,0.000000000
1191,0.595500000,0.000000000,100.000000000,51.880028967,136.723197881,36.723197881,0.000000000,70.710678119,70.622120452,0.707106781,0.707106781,0.000000000
1192,0.596000000,0.000000000,100.000000000,51.930028967,136.758553220,36.758553220,0.000000000,70.710678119,70.622120452,0.707106781,0.707106781,0.000000000
1193,0.596500000,0.000000000,100.000000000,51.980028967,136.793908559,36.793908559,0.000000000,70.710678119,70.622120452,0.707106781,0.707106781,0.000000000
1194,0.597000000,0.000000000,100.000000000,52.030028967,136.829263898,36.829263898,0.000000000,70.710678119,70.622120452,0.707106781,0.707106781,0.000000000
1195,0.597500000,0.000000000,100.000000000,52.080028967,136.864619238,36.864619238,0.000000000,70.710678119,70.622120452,0.707106781,0.707106781,0.000000000
1196,0.598000000,0.000000000,100.000000000,52.130028967,136.899974577,36.899974577,0.000000000,70.710678119,70.622120452,0.707106781,0.707106781,0.000000000
1197,0.598500000,0.000000000,100.000000000,52.180028967,136.935329916,36.935329916,0.000000000,70.710678119,70.622120452,0.707106781,0.707106781,0.000000000
1198,0.599000000,0.000000000,100.000000000,52.230028967,136.970685255,36.970685255,0.000000000,70.710678119,70.622120452,0.707106781,0.707106781,0.000000000
1199,0.599500000,0.000000000,100.000000000,52.280028967,137.006040594,37.006040594,0.000000000,70.710678119,70.622120452,0.707106781,0.707106781,0.000000000
1200,0.600000000,0.000000000,100.000000000,52.330028967,137.041395933,37.041395933,0.000000000,70.710678119,70.622120452,0.707106781,0.707106781,0.000000000
1201,0.600500000,0.000000000,100.000000000,52.380028967,137.076751272,37.076751272,0.000000000,70.710678119,70.622120452,0.707106781,0.707106781,0.000000000
1202,0.601000000,0.000000000,100.000000000,52.430028967,137.112106611,37.112106611,0.000000000,70.710678119,70.622120452,0.707106781,0.707106781,0.000000000
1203,0.601500000,0.000000000,100.000000000,52.480028967,137.147461950,37.147461950,0.000000000,70.710678119,70.622120452,0.707106781,0.707106781,0.000000000
1204,0.602000000,0.000000000,100.000000000,52.530028967,137.182817289,37.182817289,0.000000000,70.710678119,70.622120452,0.707106781,0.707106781,0.000000000
1205,0.602500000,0.000000000,100.000000000,52.580028967,137.218172628,37.218172628,0.000000000,70.710678119,70.622120452,0.707106781,0.707106781,0.000000000
1206,0.603000000,0.000000000,100.000000000,52.630028967,137.253527967,37.253527967,0.000000000,70.710678119,70.622120452,0.707106781,0.707106781,0.000000000
1207,0.603500000,0.000000000,100.000000000,52.680028967,137.288883306,37.288883306,0.000000000,70.710678119,70.622120452,0.707106781,0.707106781,0.000000000
1208,0.604000000,0.000000000,100.000000000,52.730028967,137.324238645,37.324238645,0.000000000,70.710678119,70.622120452,0.707106781,0.707106781,0.000000000
1209,0.604500000,0.000000000,100.000000000,52.780028967,137.359593984,37.359593984,0.000000000,70.710678119,70.622120452,0.707106781,0.707106781,0.000000000
1210,0.605000000,0.000000000,100.000000000,52.830028967,137.394949323,37.394949323,0.000000000,70.710678119,70.622120452,0.707106781,0.707106781,0.000000000
1211,0.605500000,0.000000000,100.000000000,52.880028967,137.430304662,37.430304662,0.000000000,70.710678119,70.622120452,0.707106781,0.707106781,0.000000000
1212,0.606000000,0.000000000,100.000000000,52.930028967,137.465660002,37.465660002,0.000000000,70.710678119,70.622120452,0.707106781,0.707106781,0.000000000
1213,0.606500000,0.000000000,100.000000000,52.980028967,137.501015341,37.501015341,0.000000000,70.710678119,70.622120452,0.707106781,0.707106781,0.000000000
1214,0.607000000,0.000000000,100.000000000,53.030028967,137.536370680,37.536370680,0.000000000,70.710678119,70.622120452,0.707106781,0.707106781,0.000000000
1215,0.607500000,0.000000000,100.000000000,53.080028967,137.571726019,37.571726019,0.000000000,70.710678119,70.622120452,0.707106781,0.707106781,0.000000000
1216,0.608000000,0.000000000,100.000000000,53.130028967,137.607081358,37.607081358,0.000000000,70.710678119,70.622120452,0.707106781,0.707106781,0.000000000
1217,0.608500000,0.000000000,100.000000000,53.180028967,137.642436697,37.642436697,0.000000000,70.710678119,70.622120452,0.707106781,0.707106781,0.000000000
1218,0.609000000,0.000000000,100.000000000,53.230028967,137.677792036,37.677792036,0.000000000,70.710678119,70.622120452,0.707106781,0.707106781,0.000000000
1219,0.609500000,0.000000000,100.000000000,53.280028967,137.713147375,37.713147375,0.000000000,70.710678119,70.622120452,0.707106781,0.707106781,0.000000000
1220,0.610000000,0.000000000,100.000000000,53.330028967,137.748502714,37.748502714,0.000000000,70.710678119,70.622120452,0.707106781,0.707106781,0.000000000
1221,0.610500000,0.000000000,100.000000000,53.380028967,137.783858053,37.783858053,0.000000000,70.710678119,70.622120452,0.707106781,0.707106781,0.000000000
1222,0.611000000,0.000000000,100.000000000,53.430028967,137.819213392,37.819213392,0.000000000,70.710678119,70.622120452,0.707106781,0.707106781,0.000000000
1223,0.611500000,0.000000000,100.000000000,53.480028967,137.854568731,37.854568731,0.000000000,70.710678119,70.622120452,0.707106781,0.707106781,0.000000000
1224,0.612000000,0.000000000,100.000000000,53.530028967,137.889924070,37.889924070,0.000000000,70.710678119,70.622120452,0.707106781,0.707106781,0.000000000
1225,0.612500000,0.000000000,100.000000000,53.580028967,137.925279409,37.925279409,0.000000000,70.710678119,70.622120452,0.707106781,0.707106781,0.000000000
1226,0.613000000,0.000000000,100.000000000,53.630028967,137.960634748,37.960634748,0.000000000,70.710678119,70.622120452,0.707106781,0.707106781,0.000000000
1227,0.613500000,0.000000000,100.000000000,53.680028967,137.995990087,37.995990087,0.000000000,70.710678119,70.622120452,0.707106781,0.707106781,0.000000000
1228,0.614000000,0.000000000,100.000000000,53.730028967,138.031345426,38.031345426,0.000000000,70.710678119,70.622120452,0.707106781,0.707106781,0.000000000
1229,0.614500000,0.000000000,100.000000000,53.780028967,138.066700766,38.066700766,0.000000000,70.710678119,70.622120452,0.707106781,0.707106781,0.000000000
1230,0.615000000,0.000000000,100.000000000,53.830028967,138.102056105,38.102056105,0.000000000,70.710678119,70.622120452,0.707106781,0.707106781,0.000000000
1231,0.615500000,0.000000000,100.000000000,53.880028967,138.137411444,38.137411444,0.000000000,70.710678119,70.622120452,0.707106781,0.707106781,0.000000000
1232,0.616000000,0.000000000,100.000000000,53.930028967,138.172766783,38.172766783,0.000000000,70.710678119,70.622120452,0.707106781,0.707106781,0.000000000
1233,0.616500000,0.000000000,100.000000000,53.980028967,138.208122122,38.208122122,0.000000000,70.710678119,70.622120452,0.707106781,0.707106781,0.000000000
1234,0.617000000,0.000000000,100.000000000,54.030028967,138.243477461,38.243477461,0.000000000,70.710678119,70.622120452,0.707106781,0.707106781,0.000000000
1235,0.617500000,0.000000000,100.000000000,54.080028967,138.278832800,38.278832800,0.000000000,70.710678119,70.622120452,0.707106781,0.707106781,0.000000000
1236,0.618000000,0.000000000,100.000000000,54.130028967,138.314188139,38.314188139,0.000000000,70.710678119,70.622120452,0.707106781,0.707106781,0.000000000
1237,0.618500000,0.000000000,100.000000000,54.180028967,138.349543478,38.349543478,0.000000000,70.710678119,70.622120452,0.707106781,0.707106781,0.000000000
1238,0.619000000,0.000000000,100.000000000,54.230028967,138.384898817,38.384898817,0.000000000,70.710678119,70.622120452,0.707106781,0.707106781,0.000000000
1239,0.619500000,0.000000000,100.000000000,54.280028967,138.420254156,38.420254156,0.000000000,70.710678119,70.622120452,0.707106781,0.707106781,0.000000000
1240,0.620000000,0.000000000,100.000000000,54.330028967,138.455609495,38.455609495,0.000000000,70.710678119,70.622120452,0.707106781,0.707106781,0.000000000
1241,0.620500000,0.000000000,100.000000000,54.380028967,138.490964834,38.490964834,0.000000000,70.710678119,70.622120452,0.707106781,0.707106781,0.000000000
1242,0.621000000,0.000000000,100.000000000,54.430028967,138.526320173,38.526320173,0.000000000,70.710678119,70.622120452,0.707106781,0.707106781,0.000000000
1243,0.621500000,0.000000000,100.000000000,54.480028967,138.561675512,38.561675512,0.000000000,70.710678119,70.622120452,0.707106781,0.707106781,0.000000000
1244,0.622000000,0.000000000,100.000000000,54.530028967,138.597030851,38.597030851,0.000000000,70.710678119,70.622120452,0.707106781,0.707106781,0.000000000
1245,0.622500000,0.000000000,100.000000000,54.580028967,138.632386190,38.632386190,0.000000000,70.710678119,70.622120452,0.707106781,0.707106781,0.000000000
1246,0.623000000,0.000000000,100.000000000,54.630028967,138.667741530,38.667741530,0.000000000,70.710678119,70.622120452,0.707106781,0.707106781,0.000000000
1247,0.623500000,0.000000000,100.000000000,54.680028967,138.703096869,38.703096869,0.000000000,70.710678119,70.622120452,0.707106781,0.707106781,0.000000000
1248,0.624000000,0.000000000,100.000000000,54.730028967,138.738452208,38.738452208,0.000000000,70.710678119,70.622120452,0.707106781,0.707106781,0.000000000
1249,0.624500000,0.000000000,100.000000000,54.780028967,138.773807547,38.773807547,0.000000000,70.710678119,70.622120452,0.707106781,0.707106781,0.000000000
1250,0.625000000,0.000000000,100.000000000,54.830028967,138.809162886,38.809162886,0.000000000,70.710678119,70.622120452,0.707106781,0.707106781,0.000000000
1251,0.625500000,0.000000000,100.000000000,54.880028967,138.844518225,38.844518225,0.000000000,70.710678119,70.622120452,0.707106781,0.707106781,0.000000000
1252,0.626000000,0.000000000,100.000000000,54.930028967,138.879873564,38.879873564,0.000000000,70.710678119,70.622120452,0.707106781,0.707106781,0.000000000
1253,0.626500000,0.000000000,100.000000000,54.980028967,138.915228903,38.915228903,0.000000000,70.710678119,70.622120452,0.707106781,0.707106781,0.000000000
1254,0.627000000,0.000000000,100.000000000,55.030028967,138.950584242,38.950584242,0.000000000,70.710678119,70.622120452,0.707106781,0.707106781,0.000000000
1255,0.627500000,0.000000000,100.000000000,55.080028967,138.985939581,38.985939581,0.000000000,70.710678119,70.622120452,0.707106781,0.707106781,0.000000000
1256,0.628000000,0.000000000,100.000000000,55.130028967,139.021294920,39.021294920,0.000000000,70.710678119,70.622120452,0.707106781,0.707106781,0.000000000
1257,0.628500000,0.000000000,100.000000000,55.180028967,139.056650259,39.056650259,0.000000000,70.710678119,70.622120452,0.707106781,0.707106781,0.000000000
1258,0.629000000,0.000000000,100.000000000,55.230028967,139.092005598,39.092005598,0.000000000,70.710678119,70.622120452,0.707106781,0.707106781,0.000000000
1259,0.629500000,0.000000000,100.000000000,55.280028967,139.127360937,39.127360937,0.000000000,70.710678119,70.622120452,0.707106781,0.707106781,0.000000000
1260,0.630000000,0.000000000,100.000000000,55.330028967,139.162716276,39.162716276,0.000000000,70.710678119,70.622120452,0.707106781,0.707106781,0.000000000
1261,0.630500000,0.000000000,100.000000000,55.380028967,139.198071615,39.198071615,0.000000000,70.710678119,70.622120452,0.707106781,0.707106781,0.000000000
1262,0.631000000,0.000000000,100.000000000,55.430028967,139.233426954,39.233426954,0.000000000,70.710678119,70.622120452,0.707106781,0.707106781,0.000000000
1263,0.631500000,0.000000000,100.000000000,55.480028967,139.268782294,39.268782294,0.000000000,70.710678119,70.622120452,0.707106781,0.707106781,0.000000000
1264,0.632000000,0.000000000,100.000000000,55.530028967,139.304137633,39.304137633,0.000000000,70.710678119,70.622120452,0.707106781,0.707106781,0.000000000
1265,0.632500000,0.000000000,100.000000000,55.580028967,139.339492972,39.339492972,0.000000000,70.710678119,70.622120452,0.707106781,0.707106781,0.000000000
1266,0.633000000,0.000000000,100.000000000,55.630028967,139.374848311,39.374848311,0.000000000,70.710678119,70.622120452,0.707106781,0.707106781,0.000000000
1267,0.633500000,0.000000000,100.000000000,55.680028967,139.410203650,39.410203650,0.000000000,70.710678119,70.622120452,0.707106781,0.707106781,0.000000000
1268,0.634000000,0.000000000,100.000000000,55.730028967,139.445558989,39.445558989,0.000000000,70.710678119,70.622120452,0.707106781,0.707106781,0.000000000
1269,0.634500000,0.000000000,100.000000000,55.780028967,139.480914328,39.480914328,0.000000000,70.710678119,70.622120452,0.707106781,0.707106781,0.000000000
1270,0.635000000,0.000000000,100.000000000,55.830028967,139.516269667,39.516269667,0.000000000,70.710678119,70.622120452,0.707106781,0.707106781,0.000000000
1271,0.635500000,0.000000000,100.000000000,55.880028967,139.551625006,39.551625006,0.000000000,70.710678119,70.622120452,0.707106781,0.707106781,0.000000000
1272,0.636000000,0.000000000,100.000000000,55.930028967,139.586980345,39.586980345,0.000000000,70.710678119,70.622120452,0.707106781,0.707106781,0.000000000
1273,0.636500000,0.000000000,100.000000000,55.980028967,139.622335684,39.622335684,0.000000000,70.710678119,70.622120452,0.707106781,0.707106781,0.000000000
1274,0.637000000,0.000000000,100.000000000,56.030028967,139.657691023,39.657691023,0.000000000,70.710678119,70.622120452,0.707106781,0.707106781,0.000000000
1275,0.637500000,0.000000000,100.000000000,56.080028967,139.693046362,39.693046362,0.000000000,70.710678119,70.622120452,0.707106781,0.707106781,0.000000000
1276,0.638000000,0.000000000,100.000000000,56.130028967,139.728401701,39.728401701,0.000000000,70.710678119,70.622120452,0.707106781,0.707106781,0.000000000
1277,0.638500000,0.000000000,100.000000000,56.180028967,139.763757040,39.763757040,0.000000000,70.710678119,70.622120452,0.707106781,0.707106781,0.000000000
1278,0.639000000,0.000000000,100.000000000,56.230028967,139.799112379,39.799112379,0.000000000,70.710678119,70.622120452,0.707106781,0.707106781,0.000000000
1279,0.639500000,0.000000000,100.000000000,56.280028967,139.834467718,39.834467718,0.000000000,70.710678119,70.622120452,0.707106781,0.707106781,0.000000000
1280,0.640000000,0.000000000,100.000000000,56.330028967,139.869823058,39.869823058,0.000000000,70.710678119,70.622120452,0.707106781,0.707106781,0.000000000
1281,0.640500000,0.000000000,100.000000000,56.380028967,139.905178397,39.905178397,0.000000000,70.710678119,70.622120452,0.707106781,0.707106781,0.000000000
1282,0.641000000,0.000000000,100.000000000,56.430028967,139.940533736,39.940533736,0.000000000,70.710678119,70.622120452,0.707106781,0.707106781,0.000000000
1283,0.641500000,0.000000000,100.000000000,56.480028967,139.975889075,39.975889075,0.000000000,70.710678119,70.622120452,0.707106781,0.707106781,0.000000000
1284,0.642000000,0.000000000,100.000000000,56.530028967,140.011244414,40.011244414,0.000000000,70.710678119,70.622120452,0.707106781,0.707106781,0.000000000
1285,0.642500000,0.000000000,100.000000000,56.580028967,140.046599753,40.046599753,0.000000000,70.710678119,70.622120452,0.707106781,0.707106781,0.000000000
1286,0.643000000,0.000000000,100.000000000,56.630028967,140.081955092,40.081955092,0.000000000,70.710678119,70.622120452,0.707106781,0.707106781,0.000000000
1287,0.643500000,0.000000000,100.000000000,56.680028967,140.117310431,40.117310431,0.000000000,70.710678119,70.622120452,0.707106781,0.707106781,0.000000000
1288,0.644000000,0.000000000,100.000000000,56.730028967,140.152665770,40.152665770,0.000000000,70.710678119,70.622120452,0.707106781,0.707106781,0.000000000
1289,0.644500000,0.000000000,100.000000000,56.780028967,140.188021109,40.188021109,0.000000000,70.710678119,70.622120452,0.707106781,0.707106781,0.000000000
1290,0.645000000,0.000000000,100.000000000,56.830028967,140.223376448,40.223376448,0.000000000,70.710678119,70.622120452,0.707106781,0.707106781,0.000000000
1291,0.645500000,0.000000000,100.000000000,56.880028967,140.258731787,40.258731787,0.000000000,70.710678119,70.622120452,0.707106781,0.707106781,0.000000000
1292,0.646000000,0.000000000,100.000000000,56.930028967,140.294087126,40.294087126,0.000000000,70.710678119,70.622120452,0.707106781,0.707106781,0.000000000
1293,0.646500000,0.000000000,100.000000000,56.980028967,140.329442465,40.329442465,0.000000000,70.710678119,70.622120452,0.707106781,0.707106781,0.000000000
1294,0.647000000,0.000000000,100.000000000,57.030028967,140.364797804,40.364797804,0.000000000,70.710678119,70.622120452,0.707106781,0.707106781,0.000000000
1295,0.647500000,0.000000000,100.000000000,57.080028967,140.400153143,40.400153143,0.000000000,70.710678119,70.622120452,0.707106781,0.707106781,0.000000000
1296,0.648000000,0.000000000,100.000000000,57.130028967,140.435508483,40.435508483,0.000000000,70.710678119,70.622120452,0.707106781,0.707106781,0.000000000
1297,0.648500000,0.000000000,100.000000000,57.180028967,140.470863822,40.470863822,0.000000000,70.710678119,70.622120452,0.707106781,0.707106781,0.000000000
1298,0.649000000,0.000000000,100.000000000,57.230028967,140.506219161,40.506219161,0.000000000,70.710678119,70.622120452,0.707106781,0.707106781,0.000000000
1299,0.649500000,0.000000000,100.000000000,57.280028967,140.541574500,40.541574500,0.000000000,70.710678119,70.622120452,0.707106781,0.707106781,0.000000000
1300,0.650000000,0.000000000,100.000000000,57.330028967,140.576929839,40.576929839,0.000000000,70.710678119,70.622120452,0.707106781,0.707106781,0.000000000
1301,0.650500000,0.000000000,100.000000000,57.380028967,140.612285178,40.612285178,0.000000000,70.710678119,70.622120452,0.707106781,0.707106781,0.000000000
1302,0.651000000,0.000000000,100.000000000,57.430028967,140.647640517,40.647640517,0.000000000,70.710678119,70.622120452,0.707106781,0.707106781,0.000000000
1303,0.651500000,0.000000000,100.000000000,57.480028967,140.682995856,40.682995856,0.000000000,70.710678119,70.622120452,0.707106781,0.707106781,0.000000000
1304,0.652000000,0.000000000,100.000000000,57.530028967,140.718351195,40.718351195,0.000000000,70.710678119,70.622120452,0.707106781,0.707106781,0.000000000
1305,0.652500000,0.000000000,100.000000000,57.580028967,140.753706534,40.753706534,0.000000000,70.710678119,70.622120452,0.707106781,0.707106781,0.000000000
1306,0.653000000,0.000000000,100.000000000,57.630028967,140.789061873,40.789061873,0.000000000,70.710678119,70.622120452,0.707106781,0.707106781,0.000000000
1307,0.653500000,0.000000000,100.000000000,57.680028967,140.824417212,40.824417212,0.000000000,70.710678119,70.622120452,0.707106781,0.707106781,0.000000000
1308,0.654000000,0.000000000,100.000000000,57.730028967,140.859772551,40.859772551,0.000000000,70.710678119,70.622120452,0.707106781,0.707106781,0.000000000
1309,0.654500000,0.000000000,100.000000000,57.780028967,140.895127890,40.895127890,0.000000000,70.710678119,70.622120452,0.707106781,0.707106781,0.000000000
1310,0.655000000,0.000000000,100.000000000,57.830028967,140.930483229,40.930483229,0.000000000,70.710678119,70.622120452,0.707106781,0.707106781,0.000000000
1311,0.655500000,0.000000000,100.000000000,57.880028967,140.965838568,40.965838568,0.000000000,70.710678119,70.622120452,0.707106781,0.707106781,0.000000000
1312,0.656000000,0.000000000,100.000000000,57.930028967,141.001193907,41.001193907,0.000000000,70.710678119,70.622120452,0.707106781,0.707106781,0.000000000
1313,0.656500000,0.000000000,100.000000000,57.980028967,141.036549247,41.036549247,0.000000000,70.710678119,70.622120452,0.707106781,0.707106781,0.000000000
1314,0.657000000,0.000000000,100.000000000,58.030028967,141.071904586,41.071904586,0.000000000,70.710678119,70.622120452,0.707106781,0.707106781,0.000000000
1315,0.657500000,0.000000000,100.000000000,58.080028967,141.107259925,41.107259925,0.000000000,70.710678119,70.622120452,0.707106781,0.707106781,0.000000000
1316,0.658000000,0.000000000,100.000000000,58.130028967,141.142615264,41.142615264,0.000000000,70.710678119,70.622120452,0.707106781,0.707106781,0.000000000
1317,0.658500000,0.000000000,100.000000000,58.180028967,141.177970603,41.177970603,0.000000000,70.710678119,70.622120452,0.707106781,0.707106781,0.000000000
1318,0.659000000,0.000000000,100.000000000,58.230028967,141.213325942,41.213325942,0.000000000,70.710678119,70.622120452,0.707106781,0.707106781,0.000000000
1319,0.659500000,0.000000000,100.000000000,58.280028967,141.248681281,41.248681281,0.000000000,70.710678119,70.622120452,0.707106781,0.707106781,0.000000000
1320,0.660000000,0.000000000,100.000000000,58.330028967,141.284036620,41.284036620,0.000000000,70.710678119,70.622120452,0.707106781,0.707106781,0.000000000
1321,0.660500000,0.000000000,100.000000000,58.380028967,141.319391959,41.319391959,0.000000000,70.710678119,70.622120452,0.707106781,0.707106781,0.000000000
1322,0.661000000,0.000000000,100.000000000,58.430028967,141.354747298,41.354747298,0.000000000,70.710678119,70.622120452,0.707106781,0.707106781,0.000000000
1323,0.661500000,0.000000000,100.000000000,58.480028967,141.390102637,41.390102637,0.000000000,70.710678119,70.622120452,0.707106781,0.707106781,0.000000000
1324,0.662000000,0.000000000,100.000000000,58.530028967,141.425457976,41.425457976,0.000000000,70.710678119,70.622120452,0.707106781,0.707106781,0.000000000
1325,0.662500000,0.000000000,100.000000000,58.580028967,141.460813315,41.460813315,0.000000000,70.710678119,70.622120452,0.707106781,0.707106781,0.000000000
1326,0.663000000,0.000000000,100.000000000,58.630028967,141.496168654,41.496168654,0.000000000,70.710678119,70.622120452,0.707106781,0.707106781,0.000000000
1327,0.663500000,0.000000000,100.000000000,58.680028967,141.531523993,41.531523993,0.000000000,70.710678119,70.622120452,0.707106781,0.707106781,0.000000000
1328,0.664000000,0.000000000,100.000000000,58.730028967,141.566879332,41.566879332,0.000000000,70.710678119,70.622120452,0.707106781,0.707106781,0.000000000
1329,0.664500000,0.000000000,100.000000000,58.780028967,141.602234671,41.602234671,0.000000000,70.710678119,70.622120452,0.707106781,0.707106781,0.000000000
1330,0.665000000,0.000000000,100.000000000,58.830028967,141.637590011,41.637590011,0.000000000,70.710678119,70.622120452,0.707106781,0.707106781,0.000000000
1331,0.665500000,0.000000000,100.000000000,58.880028967,141.672945350,41.672945350,0.000000000,70.710678119,70.622120452,0.707106781,0.707106781,0.000000000
1332,0.666000000,0.000000000,100.000000000,58.930028967,141.708300689,41.708300689,0.000000000,70.710678119,70.622120452,0.707106781,0.707106781,0.000000000
1333,0.666500000,0.000000000,100.000000000,58.980028967,141.743656028,41.743656028,0.000000000,70.710678119,70.622120452,0.707106781,0.707106781,0.000000000
1334,0.667000000,0.000000000,100.000000000,59.030028967,141.779011367,41.779011367,0.000000000,70.710678119,70.622120452,0.707106781,0.707106781,0.000000000
1335,0.667500000,0.000000000,100.000000000,59.080028967,141.814366706,41.814366706,0.000000000,70.710678119,70.622120452,0.707106781,0.707106781,0.000000000
1336,0.668000000,0.000000000,100.000000000,59.130028967,141.849722045,41.849722045,0.000000000,70.710678119,70.622120452,0.707106781,0.707106781,0.000000000
1337,0.668500000,0.000000000,100.000000000,59.180028967,141.885077384,41.885077384,0.000000000,70.710678119,70.622120452,0.707106781,0.707106781,0.000000000
1338,0.669000000,0.000000000,100.000000000,59.230028967,141.920432723,41.920432723,0.000000000,70.710678119,70.622120452,0.707106781,0.707106781,0.000000000
1339,0.669500000,0.000000000,100.000000000,59.280028967,141.955788062,41.955788062,0.000000000,70.710678119,70.622120452,0.707106781,0.707106781,0.000000000
1340,0.670000000,0.000000000,100.000000000,59.330028967,141.991143401,41.991143401,0.000000000,70.710678119,70.622120452,0.707106781,0.707106781,0.000000000
1341,0.670500000,0.000000000,100.000000000,59.380028967,142.026498740,42.026498740,0.000000000,70.710678119,70.622120452,0.707106781,0.707106781,0.000000000
1342,0.671000000,0.000000000,100.000000000,59.430028967,142.061854079,42.061854079,0.000000000,70.710678119,70.622120452,0.707106781,0.707106781,0.000000000
1343,0.671500000,0.000000000,100.000000000,59.480028967,142.097209418,42.097209418,0.000000000,70.710678119,70.622120452,0.707106781,0.707106781,0.000000000
1344,0.672000000,0.000000000,100.000000000,59.530028967,142.132564757,42.132564757,0.000000000,70.710678119,70.622120452,0.707106781,0.707106781,0.000000000
1345,0.672500000,0.000000000,100.000000000,59.580028967,142.167920096,42.167920096,0.000000000,70.710678119,70.622120452,0.707106781,0.707106781,0.000000000
1346,0.673000000,0.000000000,100.000000000,59.630028967,142.203275435,42.203275435,0.000000000,70.710678119,70.622120452,0.707106781,0.707106781,0.000000000
1347,0.673500000,0.000000000,100.000000000,59.680028967,142.238630775,42.238630775,0.000000000,70.710678119,70.622120452,0.707106781,0.707106781,0.000000000
1348,0.674000000,0.000000000,100.000000000,59.730028967,142.273986114,42.273986114,0.000000000,70.710678119,70.622120452,0.707106781,0.707106781,0.000000000
1349,0.674500000,0.000000000,100.000000000,59.780028967,142.309341453,42.309341453,0.000000000,70.710678119,70.622120452,0.707106781,0.707106781,0.000000000
1350,0.675000000,0.000000000,100.000000000,59.830028967,142.344696792,42.344696792,0.000000000,70.710678119,70.622120452,0.707106781,0.707106781,0.000000000
1351,0.675500000,0.000000000,100.000000000,59.880028967,142.380052131,42.380052131,0.000000000,70.710678119,70.622120452,0.707106781,0.707106781,0.000000000
1352,0.676000000,0.000000000,100.000000000,59.930028967,142.415407470,42.415407470,0.000000000,70.710678119,70.622120452,0.707106781,0.707106781,0.000000000
1353,0.676500000,0.000000000,100.000000000,59.980028967,142.450762809,42.450762809,0.000000000,70.710678119,70.622120452,0.707106781,0.707106781,0.000000000
1354,0.677000000,0.000000000,100.000000000,60.030028967,142.486118148,42.486118148,0.000000000,70.710678119,70.622120452,0.707106781,0.707106781,0.000000000
1355,0.677500000,0.000000000,100.000000000,60.080028967,142.521473487,42.521473487,0.000000000,70.710678119,70.622120452,0.707106781,0.707106781,0.000000000
1356,0.678000000,0.000000000,100.000000000,60.130028967,142.556828826,42.556828826,0.000000000,70.710678119,70.622120452,0.707106781,0.707106781,0.000000000
1357,0.678500000,0.000000000,100.000000000,60.180028967,142.592184165,42.592184165,0.000000000,70.710678119,70.622120452,0.707106781,0.707106781,0.000000000
1358,0.679000000,0.000000000,100.000000000,60.230028967,142.627539504,42.627539504,0.000000000,70.710678119,70.622120452,0.707106781,0.707106781,0.000000000
1359,0.679500000,-2.729426333,99.999627512,60.280028933,142.662894819,42.662894819,0.000000000,70.710678119,70.622120452,0.707106781,0.707106781,0.000000000
1360,0.680000000,-7.729426333,99.997012798,60.330028197,142.698249638,42.698249638,0.000000000,70.710678119,70.622120452,0.707106781,0.707106781,0.000000000
1361,0.680500000,-12.729426333,99.991898085,60.380025529,142.733603090,42.733603090,0.000000000,70.710678119,70.622120452,0.707106781,0.707106781,0.000000000
1362,0.681000000,-17.729426333,99.984283372,60.430019679,142.768954293,42.768954293,0.000000000,70.710678119,70.622120452,0.707106781,0.707106781,0.000000000
1363,0.681500000,-22.729426333,99.974168659,60.480009396,142.804302361,42.804302361,0.000000000,70.710678119,70.622120452,0.707106781,0.707106781,0.000000000
1364,0.682000000,-27.729426333,99.961553946,60.529993431,142.839646411,42.839646411,0.000000000,70.710678119,70.622120452,0.707106781,0.707106781,0.000000000
1365,0.682500000,-32.729426333,99.946439233,60.579970533,142.874985559,42.874985559,0.000000000,70.710678119,70.622120452,0.707106781,0.707106781,0.000000000
1366,0.683000000,-37.729426333,99.928824519,60.629939453,142.910318921,42.910318921,0.000000000,70.710678119,70.622120452,0.707106781,0.707106781,0.000000000
1367,0.683500000,-42.729426333,99.908709806,60.679898941,142.945645614,42.945645614,0.000000000,70.710678119,70.622120452,0.707106781,0.707106781,0.000000000
1368,0.684000000,-47.729426333,99.886095093,60.729847746,142.980964753,42.980964753,0.000000000,70.710678119,70.622120452,0.707106781,0.707106781,0.000000000
1369,0.684500000,-52.729426333,99.860980380,60.779784619,143.016275454,43.016275454,0.000000000,70.710678119,70.622120452,0.707106781,0.707106781,0.000000000
1370,0.685000000,-57.729426333,99.833365667,60.829708310,143.051576834,43.051576834,0.000000000,70.710678119,70.622120452,0.707106781,0.707106781,0.000000000
1371,0.685500000,-62.729426333,99.803250954,60.879617568,143.086868009,43.086868009,0.000000000,70.710678119,70.622120452,0.707106781,0.707106781,0.000000000
1372,0.686000000,-67.729426333,99.770636240,60.929511144,143.122148095,43.122148095,0.000000000,70.710678119,70.622120452,0.707106781,0.707106781,0.000000000
1373,0.686500000,-72.729426333,99.735521527,60.979387788,143.157416208,43.157416208,0.000000000,70.710678119,70.622120452,0.707106781,0.707106781,0.000000000
1374,0.687000000,-77.729426333,99.697906814,61.029246249,143.192671464,43.192671464,0.000000000,70.710678119,70.622120452,0.707106781,0.707106781,0.000000000
1375,0.687500000,-82.729426333,99.657792101,61.079085278,143.227912979,43.227912979,0.000000000,70.710678119,70.622120452,0.707106781,0.707106781,0.000000000
1376,0.688000000,-87.729426333,99.615177388,61.128903625,143.263139870,43.263139870,0.000000000,70.710678119,70.622120452,0.707106781,0.707106781,0.000000000
1377,0.688500000,-92.729426333,99.570062675,61.178700039,143.298351252,43.298351252,0.000000000,70.710678119,70.622120452,0.707106781,0.707106781,0.000000000
1378,0.689000000,-97.729426333,99.522447961,61.228473271,143.333546242,43.333546242,0.000000000,70.710678119,70.622120452,0.707106781,0.707106781,0.000000000
1379,0.689500000,-102.729426333,99.472333248,61.278222070,143.368723955,43.368723955,0.000000000,70.710678119,70.622120452,0.707106781,0.707106781,0.000000000
1380,0.690000000,-107.729426333,99.419718535,61.327945187,143.403883509,43.403883509,0.000000000,70.710678119,70.622120452,0.707106781,0.707106781,0.000000000
1381,0.690500000,-112.729426333,99.364603822,61.377641372,143.439024018,43.439024018,0.000000000,70.710678119,70.622120452,0.707106781,0.707106781,0.000000000
1382,0.691000000,-117.729426333,99.306989109,61.427309374,143.474144599,43.474144599,0.000000000,70.710678119,70.622120452,0.707106781,0.707106781,0.000000000
1383,0.691500000,-122.729426333,99.246874396,61.476947944,143.509244369,43.509244369,0.000000000,70.710678119,70.622120452,0.707106781,0.707106781,0.000000000
1384,0.692000000,-127.729426333,99.184259682,61.526555832,143.544322443,43.544322443,0.000000000,70.710678119,70.622120452,0.707106781,0.707106781,0.000000000
1385,0.692500000,-132.729426333,99.119144969,61.576131787,143.579377937,43.579377937,0.000000000,70.710678119,70.622120452,0.707106781,0.707106781,0.000000000
1386,0.693000000,-137.729426333,99.051530256,61.625674560,143.614409968,43.614409968,0.000000000,70.710678119,70.622120452,0.707106781,0.707106781,0.000000000
1387,0.693500000,-142.729426333,98.981415543,61.675182901,143.649417651,43.649417651,0.000000000,70.710678119,70.622120452,0.707106781,0.707106781,0.000000000
1388,0.694000000,-147.729426333,98.908800830,61.724655559,143.684400103,43.684400103,0.000000000,70.710678119,70.622120452,0.707106781,0.707106781,0.000000000
1389,0.694500000,-152.729426333,98.833686117,61.774091285,143.719356440,43.719356440,0.000000000,70.710678119,70.622120452,0.707106781,0.707106781,0.000000000
1390,0.695000000,-157.729426333,98.756071403,61.823488829,143.754285778,43.754285778,0.000000000,70.710678119,70.622120452,0.707106781,0.707106781,0.000000000
1391,0.695500000,-162.729426333,98.675956690,61.872846940,143.789187233,43.789187233,0.000000000,70.710678119,70.622120452,0.707106781,0.707106781,0.000000000
1392,0.696000000,-167.729426333,98.593341977,61.922164369,143.824059922,43.824059922,0.000000000,70.710678119,70.622120452,0.707106781,0.707106781,0.000000000
1393,0.696500000,-172.729426333,98.508227264,61.971439865,143.858902959,43.858902959,0.000000000,70.710678119,70.622120452,0.707106781,0.707106781,0.000000000
1394,0.697000000,-177.729426333,98.420612551,62.020672179,143.893715462,43.893715462,0.000000000,70.710678119,70.622120452,0.707106781,0.707106781,0.000000000
1395,0.697500000,-182.729426333,98.330497838,62.069860061,143.928496547,43.928496547,0.000000000,70.710678119,70.622120452,0.707106781,0.707106781,0.000000000
1396,0.698000000,-187.729426333,98.237883124,62.119002261,143.963245330,43.963245330,0.000000000,70.710678119,70.622120452,0.707106781,0.707106781,0.000000000
1397,0.698500000,-192.729426333,98.142768411,62.168097528,143.997960926,43.997960926,0.000000000,70.710678119,70.622120452,0.707106781,0.707106781,0.000000000
1398,0.699000000,-197.729426333,98.045153698,62.217144612,144.032642452,44.032642452,0.000000000,70.710678119,70.622120452,0.707106781,0.707106781,0.000000000
1399,0.699500000,-202.729426333,97.945038985,62.266142265,144.067289024,44.067289024,0.000000000,70.710678119,70.622120452,0.707106781,0.707106781,0.000000000
1400,0.700000000,-207.729426333,97.842424272,62.315089235,144.101899759,44.101899759,0.000000000,70.710678119,70.622120452,0.707106781,0.707106781,0.000000000
1401,0.700500000,-212.729426333,97.737309559,62.363984272,144.136473771,44.136473771,0.000000000,70.710678119,70.622120452,0.707106781,0.707106781,0.000000000
1402,0.701000000,-217.729426333,97.629694845,62.412826127,144.171010178,44.171010178,0.000000000,70.710678119,70.622120452,0.707106781,0.707106781,0.000000000
1403,0.701500000,-222.729426333,97.519580132,62.461613550,144.205508096,44.205508096,0.000000000,70.710678119,70.622120452,0.707106781,0.707106781,0.000000000
1404,0.702000000,-227.729426333,97.406965419,62.510345291,144.239966640,44.239966640,0.000000000,70.710678119,70.622120452,0.707106781,0.707106781,0.000000000
1405,0.702500000,-232.729426333,97.291850706,62.559020099,144.274384927,44.274384927,0.000000000,70.710678119,70.622120452,0.707106781,0.707106781,0.000000000
1406,0.703000000,-237.729426333,97.174235993,62.607636725,144.308762073,44.308762073,0.000000000,70.710678119,70.622120452,0.707106781,0.707106781,0.000000000
1407,0.703500000,-242.729426333,97.054121280,62.656193918,144.343097194,44.343097194,0.000000000,70.710678119,70.622120452,0.707106781,0.707106781,0.000000000
1408,0.704000000,-247.729426333,96.931506566,62.704690430,144.377389406,44.377389406,0.000000000,70.710678119,70.622120452,0.707106781,0.707106781,0.000000000
1409,0.704500000,-252.729426333,96.806391853,62.753125008,144.411637825,44.411637825,0.000000000,70.710678119,70.622120452,0.707106781,0.707106781,0.000000000
1410,0.705000000,-257.729426333,96.678777140,62.801496405,144.445841567,44.445841567,0.000000000,70.710678119,70.622120452,0.707106781,0.707106781,0.000000000
1411,0.705500000,-262.729426333,96.548662427,62.849803369,144.479999749,44.479999749,0.000000000,70.710678119,70.622120452,0.707106781,0.707106781,0.000000000
1412,0.706000000,-267.729426333,96.416047714,62.898044651,144.514111486,44.514111486,0.000000000,70.710678119,70.622120452,0.707106781,0.707106781,0.000000000
1413,0.706500000,-272.729426333,96.280933001,62.946219000,144.548175896,44.548175896,0.000000000,70.710678119,70.622120452,0.707106781,0.707106781,0.000000000
1414,0.707000000,-277.729426333,96.143318287,62.994325167,144.582192092,44.582192092,0.000000000,70.710678119,70.622120452,0.707106781,0.707106781,0.000000000
1415,0.707500000,-282.729426333,96.003203574,63.042361902,144.616159193,44.616159193,0.000000000,70.710678119,70.622120452,0.707106781,0.707106781,0.000000000
1416,0.708000000,-287.729426333,95.860588861,63.090327954,144.650076314,44.650076314,0.000000000,70.710678119,70.622120452,0.707106781,0.707106781,0.000000000
1417,0.708500000,-292.729426333,95.715474148,63.138222074,144.683942571,44.683942571,0.000000000,70.710678119,70.622120452,0.707106781,0.707106781,0.000000000
1418,0.709000000,-297.729426333,95.567859435,63.186043011,144.717757080,44.717757080,0.000000000,70.710678119,70.622120452,0.707106781,0.707106781,0.000000000
1419,0.709500000,-302.729426333,95.417744722,63.233789516,144.751518958,44.751518958,0.000000000,70.710678119,70.622120452,0.707106781,0.707106781,0.000000000
1420,0.710000000,-307.729426333,95.265130008,63.281460339,144.785227320,44.785227320,0.000000000,70.710678119,70.622120452,0.707106781,0.707106781,0.000000000
1421,0.710500000,-312.729426333,95.110015295,63.329054230,144.818881283,44.818881283,0.000000000,70.710678119,70.622120452,0.707106781,0.707106781,0.000000000
1422,0.711000000,-317.729426333,94.952400582,63.376569938,144.852479962,44.852479962,0.000000000,70.710678119,70.622120452,0.707106781,0.707106781,0.000000000
1423,0.711500000,-322.729426333,94.792285869,63.424006214,144.886022474,44.886022474,0.000000000,70.710678119,70.622120452,0.707106781,0.707106781,0.000000000
1424,0.712000000,-327.729426333,94.629671156,63.471361807,144.919507936,44.919507936,0.000000000,70.710678119,70.622120452,0.707106781,0.707106781,0.000000000
1425,0.712500000,-332.729426333,94.464556443,63.518635468,144.952935462,44.952935462,0.000000000,70.710678119,70.622120452,0.707106781,0.707106781,0.000000000
1426,0.713000000,-337.729426333,94.296941729,63.565825947,144.986304169,44.986304169,0.000000000,70.710678119,70.622120452,0.707106781,0.707106781,0.000000000
1427,0.713500000,-342.729426333,94.126827016,63.612931993,145.019613174,45.019613174,0.000000000,70.710678119,70.622120452,0.707106781,0.707106781,0.000000000
1428,0.714000000,-347.729426333,93.954212303,63.659952357,145.052861592,45.052861592,0.000000000,70.710678119,70.622120452,0.707106781,0.707106781,0.000000000
1429,0.714500000,-352.729426333,93.779097590,63.706885789,145.086048540,45.086048540,0.000000000,70.710678119,70.622120452,0.707106781,0.707106781,0.000000000
1430,0.715000000,-357.729426333,93.601482877,63.753731038,145.119173134,45.119173134,0.000000000,70.710678119,70.622120452,0.707106781,0.707106781,0.000000000
1431,0.715500000,-362.729426333,93.421368164,63.800486855,145.152234489,45.152234489,0.000000000,70.710678119,70.622120452,0.707106781,0.707106781,0.000000000
1432,0.716000000,-367.729426333,93.238753450,63.847151990,145.185231722,45.185231722,0.000000000,70.710678119,70.622120452,0.707106781,0.707106781,0.000000000
1433,0.716500000,-372.729426333,93.053638737,63.893725192,145.218163949,45.218163949,0.000000000,70.710678119,70.622120452,0.707106781,0.707106781,0.000000000
1434,0.717000000,-377.729426333,92.866024024,63.940205212,145.251030286,45.251030286,0.000000000,70.710678119,70.622120452,0.707106781,0.707106781,0.000000000
1435,0.717500000,-382.729426333,92.675909311,63.986590799,145.283829850,45.283829850,0.000000000,70.710678119,70.622120452,0.707106781,0.707106781,0.000000000
1436,0.718000000,-387.729426333,92.483294598,64.032880704,145.316561756,45.316561756,0.000000000,70.710678119,70.622120452,0.707106781,0.707106781,0.000000000
1437,0.718500000,-392.729426333,92.288179885,64.079073677,145.349225120,45.349225120,0.000000000,70.710678119,70.622120452,0.707106781,0.707106781,0.000000000
1438,0.719000000,-397.729426333,92.090565171,64.125168468,145.381819059,45.381819059,0.000000000,70.710678119,70.622120452,0.707106781,0.707106781,0.000000000
1439,0.719500000,-402.729426333,91.890450458,64.171163826,145.414342688,45.414342688,0.000000000,70.710678119,70.622120452,0.707106781,0.707106781,0.000000000
1440,0.720000000,-407.729426333,91.687835745,64.217058501,145.446795125,45.446795125,0.000000000,70.710678119,70.622120452,0.707106781,0.707106781,0.000000000
1441,0.720500000,-412.729426333,91.482721032,64.262851245,145.479175484,45.479175484,0.000000000,70.710678119,70.622120452,0.707106781,0.707106781,0.000000000
1442,0.721000000,-417.729426333,91.275106319,64.308540806,145.511482883,45.511482883,0.000000000,70.710678119,70.622120452,0.707106781,0.707106781,0.000000000
1443,0.721500000,-422.729426333,91.064991606,64.354125934,145.543716436,45.543716436,0.000000000,70.710678119,70.622120452,0.707106781,0.707106781,0.000000000
1444,0.722000000,-427.729426333,90.852376892,64.399605381,145.575875261,45.575875261,0.000000000,70.710678119,70.622120452,0.707106781,0.707106781,0.000000000
1445,0.722500000,-432.729426333,90.637262179,64.444977895,145.607958473,45.607958473,0.000000000,70.710678119,70.622120452,0.707106781,0.707106781,0.000000000
1446,0.723000000,-437.729426333,90.419647466,64.490242226,145.639965189,45.639965189,0.000000000,70.710678119,70.622120452,0.707106781,0.707106781,0.000000000
1447,0.723500000,-442.729426333,90.199532753,64.535397125,145.671894525,45.671894525,0.000000000,70.710678119,70.622120452,0.707106781,0.707106781,0.000000000
1448,0.724000000,-447.729426333,89.976918040,64.580441342,145.703745596,45.703745596,0.000000000,70.710678119,70.622120452,0.707106781,0.707106781,0.000000000
1449,0.724500000,-452.729426333,89.751803327,64.625373627,145.735517519,45.735517519,0.000000000,70.710678119,70.622120452,0.707106781,0.707106781,0.000000000
1450,0.725000000,-457.729426333,89.524188613,64.670192729,145.767209410,45.767209410,0.000000000,70.710678119,70.622120452,0.707106781,0.707106781,0.000000000
1451,0.725500000,-462.729426333,89.294073900,64.714897399,145.798820385,45.798820385,0.000000000,70.710678119,70.622120452,0.707106781,0.707106781,0.000000000
1452,0.726000000,-467.729426333,89.061459187,64.759486386,145.830349561,45.830349561,0.000000000,70.710678119,70.622120452,0.707106781,0.707106781,0.000000000
1453,0.726500000,-472.729426333,88.826344474,64.803958441,145.861796052,45.861796052,0.000000000,70.710678119,70.622120452,0.707106781,0.707106781,0.000000000
1454,0.727000000,-477.729426333,88.588729761,64.848312314,145.893158976,45.893158976,0.000000000,70.710678119,70.622120452,0.707106781,0.707106781,0.000000000
1455,0.727500000,-482.729426333,88.348615048,64.892546754,145.924437449,45.924437449,0.000000000,70.710678119,70.622120452,0.707106781,0.707106781,0.000000000
1456,0.728000000,-487.729426333,88.106000334,64.936660512,145.955630587,45.955630587,0.000000000,70.710678119,70.622120452,0.707106781,0.707106781,0.000000000
1457,0.728500000,-492.729426333,87.860885621,64.980652338,145.986737505,45.986737505,0.000000000,70.710678119,70.622120452,0.707106781,0.707106781,0.000000000
1458,0.729000000,-497.729426333,87.613270908,65.024520981,146.017757320,46.017757320,0.000000000,70.710678119,70.622120452,0.707106781,0.707106781,0.000000000
1459,0.729500000,-502.729426333,87.363156195,65.068265192,146.048689148,46.048689148,0.000000000,70.710678119,70.622120452,0.707106781,0.707106781,0.000000000
1460,0.730000000,-507.729426333,87.110541482,65.111883721,146.079532106,46.079532106,0.000000000,70.710678119,70.622120452,0.707106781,0.707106781,0.000000000
1461,0.730500000,-512.729426333,86.855426769,65.155375317,146.110285308,46.110285308,0.000000000,70.710678119,70.622120452,0.707106781,0.707106781,0.000000000
1462,0.731000000,-517.729426333,86.597812055,65.198738731,146.140947872,46.140947872,0.000000000,70.710678119,70.622120452,0.707106781,0.707106781,0.000000000
1463,0.731500000,-522.729426333,86.337697342,65.241972713,146.171518914,46.171518914,0.000000000,70.710678119,70.622120452,0.707106781,0.707106781,0.000000000
1464,0.732000000,-527.729426333,86.075082629,65.285076012,146.201997549,46.201997549,0.000000000,70.710678119,70.622120452,0.707106781,0.707106781,0.000000000
1465,0.732500000,-532.729426333,85.809967916,65.328047378,146.232382894,46.232382894,0.000000000,70.710678119,70.622120452,0.707106781,0.707106781,0.000000000
1466,0.733000000,-537.729426333,85.542353203,65.370885563,146.262674064,46.262674064,0.000000000,70.710678119,70.622120452,0.707106781,0.707106781,0.000000000
1467,0.733500000,-542.729426333,85.272238490,65.413589315,146.292870177,46.292870177,0.000000000,70.710678119,70.622120452,0.707106781,0.707106781,0.000000000
1468,0.734000000,-547.729426333,84.999623776,65.456157385,146.322970348,46.322970348,0.000000000,70.710678119,70.622120452,0.707106781,0.707106781,0.000000000
1469,0.734500000,-552.729426333,84.724509063,65.498588522,146.352973693,46.352973693,0.000000000,70.710678119,70.622120452,0.707106781,0.707106781,0.000000000
1470,0.735000000,-557.729426333,84.446894350,65.540881477,146.382879328,46.382879328,0.000000000,70.710678119,70.622120452,0.707106781,0.707106781,0.000000000
1471,0.735500000,-562.729426333,84.166779637,65.583035000,146.412686370,46.412686370,0.000000000,70.710678119,70.622120452,0.707106781,0.707106781,0.000000000
1472,0.736000000,-567.729426333,83.884164924,65.625047840,146.442393934,46.442393934,0.000000000,70.710678119,70.622120452,0.707106781,0.707106781,0.000000000
1473,0.736500000,-572.729426333,83.599050211,65.666918748,146.472001137,46.472001137,0.000000000,70.710678119,70.622120452,0.707106781,0.707106781,0.000000000
1474,0.737000000,-577.729426333,83.311435497,65.708646474,146.501507095,46.501507095,0.000000000,70.710678119,70.622120452,0.707106781,0.707106781,0.000000000
1475,0.737500000,-582.729426333,83.021320784,65.750229767,146.530910923,46.530910923,0.000000000,70.710678119,70.622120452,0.707106781,0.707106781,0.000000000
1476,0.738000000,-587.729426333,82.728706071,65.791667378,146.560211739,46.560211739,0.000000000,70.710678119,70.622120452,0.707106781,0.707106781,0.000000000
1477,0.738500000,-592.729426333,82.433591358,65.832958056,146.589408658,46.589408658,0.000000000,70.710678119,70.622120452,0.707106781,0.707106781,0.000000000
1478,0.739000000,-597.729426333,82.135976645,65.874100552,146.618500796,46.618500796,0.000000000,70.710678119,70.622120452,0.707106781,0.707106781,0.000000000
1479,0.739500000,-602.729426333,81.835861932,65.915093616,146.647487269,46.647487269,0.000000000,70.710678119,70.622120452,0.707106781,0.707106781,0.000000000
1480,0.740000000,-607.729426333,81.533247218,65.955935998,146.676367194,46.676367194,0.000000000,70.710678119,70.622120452,0.707106781,0.707106781,0.000000000
1481,0.740500000,-612.729426333,81.228132505,65.996626447,146.705139687,46.705139687,0.000000000,70.710678119,70.622120452,0.707106781,0.707106781,0.000000000
1482,0.741000000,-617.729426333,80.920517792,66.037163714,146.733803863,46.733803863,0.000000000,70.710678119,70.622120452,0.707106781,0.707106781,0.000000000
1483,0.741500000,-622.729426333,80.610403079,66.077546548,146.762358839,46.762358839,0.000000000,70.710678119,70.622120452,0.707106781,0.707106781,0.000000000
1484,0.742000000,-627.729426333,80.297788366,66.117773700,146.790803731,46.790803731,0.000000000,70.710678119,70.622120452,0.707106781,0.707106781,0.000000000
1485,0.742500000,-632.729426333,79.982673653,66.157843920,146.819137655,46.819137655,0.000000000,70.710678119,70.622120452,0.707106781,0.707106781,0.000000000
1486,0.743000000,-637.729426333,79.665058939,66.197755957,146.847359727,46.847359727,0.000000000,70.710678119,70.622120452,0.707106781,0.707106781,0.000000000
1487,0.743500000,-642.729426333,79.344944226,66.237508562,146.875469064,46.875469064,0.000000000,70.710678119,70.622120452,0.707106781,0.707106781,0.000000000
1488,0.744000000,-647.729426333,79.022329513,66.277100485,146.903464781,46.903464781,0.000000000,70.710678119,70.622120452,0.707106781,0.707106781,0.000000000
1489,0.744500000,-652.729426333,78.697214800,66.316530475,146.931345994,46.931345994,0.000000000,70.710678119,70.622120452,0.707106781,0.707106781,0.000000000
1490,0.745000000,-657.729426333,78.369600087,66.355797283,146.959111820,46.959111820,0.000000000,70.710678119,70.622120452,0.707106781,0.707106781,0.000000000
1491,0.745500000,-662.729426333,78.039485374,66.394899658,146.986761375,46.986761375,0.000000000,70.710678119,70.622120452,0.707106781,0.707106781,0.000000000
1492,0.746000000,-667.729426333,77.706870660,66.433836351,147.014293775,47.014293775,0.000000000,70.710678119,70.622120452,0.707106781,0.707106781,0.000000000
1493,0.746500000,-672.729426333,77.371755947,66.472606112,147.041708136,47.041708136,0.000000000,70.710678119,70.622120452,0.707106781,0.707106781,0.000000000
1494,0.747000000,-677.729426333,77.034141234,66.511207691,147.069003574,47.069003574,0.000000000,70.710678119,70.622120452,0.707106781,0.707106781,0.000000000
1495,0.747500000,-682.729426333,76.694026521,66.549639837,147.096179205,47.096179205,0.000000000,70.710678119,70.622120452,0.707106781,0.707106781,0.000000000
1496,0.748000000,-687.729426333,76.351411808,66.587901300,147.123234145,47.123234145,0.000000000,70.710678119,70.622120452,0.707106781,0.707106781,0.000000000
1497,0.748500000,-692.729426333,76.006297095,66.625990832,147.150167511,47.150167511,0.000000000,70.710678119,70.622120452,0.707106781,0.707106781,0.000000000
1498,0.749000000,-697.729426333,75.658682381,66.663907181,147.176978419,47.176978419,0.000000000,70.710678119,70.622120452,0.707106781,0.707106781,0.000000000
1499,0.749500000,-702.729426333,75.308567668,66.701649098,147.203665984,47.203665984,0.000000000,70.710678119,70.622120452,0.707106781,0.707106781,0.000000000
1500,0.750000000,-707.729426333,74.955952955,66.739215332,147.230229323,47.230229323,0.000000000,70.710678119,70.622120452,0.707106781,0.707106781,0.000000000
1501,0.750500000,-712.729426333,74.600838242,66.776604634,147.256667552,47.256667552,0.000000000,70.710678119,70.622120452,0.707106781,0.707106781,0.000000000
1502,0.751000000,-717.729426333,74.243223529,66.813815754,147.282979787,47.282979787,0.000000000,70.710678119,70.622120452,0.707106781,0.707106781,0.000000000
1503,0.751500000,-722.729426333,73.883108816,66.850847441,147.309165144,47.309165144,0.000000000,70.710678119,70.622120452,0.707106781,0.707106781,0.000000000
1504,0.752000000,-727.729426333,73.520494102,66.887698446,147.335222740,47.335222740,0.000000000,70.710678119,70.622120452,0.707106781,0.707106781,0.000000000
1505,0.752500000,-732.729426333,73.155379389,66.924367518,147.361151689,47.361151689,0.000000000,70.710678119,70.622120452,0.707106781,0.707106781,0.000000000
1506,0.753000000,-737.729426333,72.787764676,66.960853408,147.386951110,47.386951110,0.000000000,70.710678119,70.622120452,0.707106781,0.707106781,0.000000000
1507,0.753500000,-742.729426333,72.417649963,66.997154866,147.412620117,47.412620117,0.000000000,70.710678119,70.622120452,0.707106781,0.707106781,0.000000000
1508,0.754000000,-747.729426333,72.045035250,67.033270642,147.438157826,47.438157826,0.000000000,70.710678119,70.622120452,0.707106781,0.707106781,0.000000000
1509,0.754500000,-752.729426333,71.669920537,67.069199485,147.463563355,47.463563355,0.000000000,70.710678119,70.622120452,0.707106781,0.707106781,0.000000000
1510,0.755000000,-757.729426333,71.292305823,67.104940146,147.488835819,47.488835819,0.000000000,70.710678119,70.622120452,0.707106781,0.707106781,0.000000000
1511,0.755500000,-762.729426333,70.912191110,67.140491374,147.513974333,47.513974333,0.000000000,70.710678119,70.622120452,0.707106781,0.707106781,0.000000000
1512,0.756000000,-767.729426333,70.529576397,67.175851920,147.538978015,47.538978015,0.000000000,70.710678119,70.622120452,0.707106781,0.707106781,0.000000000
1513,0.756500000,-772.729426333,70.144461684,67.211020534,147.563845980,47.563845980,0.000000000,70.710678119,70.622120452,0.707106781,0.707106781,0.000000000
1514,0.757000000,-777.729426333,69.756846971,67.245995965,147.588577345,47.588577345,0.000000000,70.710678119,70.622120452,0.707106781,0.707106781,0.000000000
1515,0.757500000,-782.729426333,69.366732258,67.280776964,147.613171225,47.613171225,0.000000000,70.710678119,70.622120452,0.707106781,0.707106781,0.000000000
1516,0.758000000,-787.729426333,68.974117544,67.315362281,147.637626737,47.637626737,0.000000000,70.710678119,70.622120452,0.707106781,0.707106781,0.000000000
1517,0.758500000,-792.729426333,68.579002831,67.349750665,147.661942997,47.661942997,0.000000000,70.710678119,70.622120452,0.707106781,0.707106781,0.000000000
1518,0.759000000,-797.729426333,68.181388118,67.383940867,147.686119121,47.686119121,0.000000000,70.710678119,70.622120452,0.707106781,0.707106781,0.000000000
1519,0.759500000,-802.729426333,67.781273405,67.417931636,147.710154224,47.710154224,0.000000000,70.710678119,70.622120452,0.707106781,0.707106781,0.000000000
1520,0.760000000,-807.729426333,67.378658692,67.451721723,147.734047424,47.734047424,0.000000000,70.710678119,70.622120452,0.707106781,0.707106781,0.000000000
1521,0.760500000,-812.729426333,66.973543979,67.485309878,147.757797836,47.757797836,0.000000000,70.710678119,70.622120452,0.707106781,0.707106781,0.000000000
1522,0.761000000,-817.729426333,66.565929265,67.518694851,147.781404577,47.781404577,0.000000000,70.710678119,70.622120452,0.707106781,0.707106781,0.000000000
1523,0.761500000,-822.729426333,66.155814552,67.551875391,147.804866761,47.804866761,0.000000000,70.710678119,70.622120452,0.707106781,0.707106781,0.000000000
1524,0.762000000,-827.729426333,65.743199839,67.584850249,147.828183507,47.828183507,0.000000000,70.710678119,70.622120452,0.707106781,0.707106781,0.000000000
1525,0.762500000,-832.729426333,65.328085126,67.617618174,147.851353929,47.851353929,0.000000000,70.710678119,70.622120452,0.707106781,0.707106781,0.000000000
1526,0.763000000,-837.729426333,64.910470413,67.650177917,147.874377144,47.874377144,0.000000000,70.710678119,70.622120452,0.707106781,0.707106781,0.000000000
1527,0.763500000,-842.729426333,64.490355700,67.682528228,147.897252268,47.897252268,0.000000000,70.710678119,70.622120452,0.707106781,0.707106781,0.000000000
1528,0.764000000,-847.729426333,64.067740986,67.714667856,147.919978418,47.919978418,0.000000000,70.710678119,70.622120452,0.707106781,0.707106781,0.000000000
1529,0.764500000,-852.729426333,63.642626273,67.746595552,147.942554708,47.942554708,0.000000000,70.710678119,70.622120452,0.707106781,0.707106781,0.000000000
1530,0.765000000,-857.729426333,63.215011560,67.778310066,147.964980256,47.964980256,0.000000000,70.710678119,70.622120452,0.707106781,0.707106781,0.000000000
1531,0.765500000,-862.729426333,62.784896847,67.809810147,147.987254177,47.987254177,0.000000000,70.710678119,70.622120452,0.707106781,0.707106781,0.000000000
1532,0.766000000,-867.729426333,62.352282134,67.841094546,148.009375587,48.009375587,0.000000000,70.710678119,70.622120452,0.707106781,0.707106781,0.000000000
1533,0.766500000,-872.729426333,61.917167421,67.872162013,148.031343604,48.031343604,0.000000000,70.710678119,70.622120452,0.707106781,0.707106781,0.000000000
1534,0.767000000,-877.729426333,61.479552707,67.903011297,148.053157342,48.053157342,0.000000000,70.710678119,70.622120452,0.707106781,0.707106781,0.000000000
1535,0.767500000,-882.729426333,61.039437994,67.933641149,148.074815917,48.074815917,0.000000000,70.710678119,70.622120452,0.707106781,0.707106781,0.000000000
1536,0.768000000,-887.729426333,60.596823281,67.964050318,148.096318447,48.096318447,0.000000000,70.710678119,70.622120452,0.707106781,0.707106781,0.000000000
1537,0.768500000,-892.729426333,60.151708568,67.994237555,148.117664048,48.117664048,0.000000000,70.710678119,70.622120452,0.707106781,0.707106781,0.000000000
1538,0.769000000,-897.729426333,59.704093855,68.024201610,148.138851834,48.138851834,0.000000000,70.710678119,70.622120452,0.707106781,0.707106781,0.000000000
1539,0.769500000,-902.729426333,59.253979142,68.053941232,148.159880923,48.159880923,0.000000000,70.710678119,70.622120452,0.707106781,0.707106781,0.000000000
1540,0.770000000,-907.729426333,58.801364428,68.083455172,148.180750430,48.180750430,0.000000000,70.710678119,70.622120452,0.707106781,0.707106781,0.000000000
1541,0.770500000,-912.729426333,58.346249715,68.112742180,148.201459471,48.201459471,0.000000000,70.710678119,70.622120452,0.707106781,0.707106781,0.000000000
1542,0.771000000,-917.729426333,57.888635002,68.141801005,148.222007164,48.222007164,0.000000000,70.710678119,70.622120452,0.707106781,0.707106781,0.000000000
1543,0.771500000,-922.729426333,57.428520289,68.170630398,148.242392623,48.242392623,0.000000000,70.710678119,70.622120452,0.707106781,0.707106781,0.000000000
1544,0.772000000,-927.729426333,56.965905576,68.199229109,148.262614965,48.262614965,0.000000000,70.710678119,70.622120452,0.707106781,0.707106781,0.000000000
1545,0.772500000,-932.729426333,56.500790863,68.227595887,148.282673307,48.282673307,0.000000000,70.710678119,70.622120452,0.707106781,0.707106781,0.000000000
1546,0.773000000,-937.729426333,56.033176149,68.255729483,148.302566763,48.302566763,0.000000000,70.710678119,70.622120452,0.707106781,0.707106781,0.000000000
1547,0.773500000,-942.729426333,55.563061436,68.283628647,148.322294451,48.322294451,0.000000000,70.710678119,70.622120452,0.707106781,0.707106781,0.000000000
1548,0.774000000,-947.729426333,55.090446723,68.311292128,148.341855486,48.341855486,0.000000000,70.710678119,70.622120452,0.707106781,0.707106781,0.000000000
1549,0.774500000,-952.729426333,54.615332010,68.338718677,148.361248985,48.361248985,0.000000000,70.710678119,70.622120452,0.707106781,0.707106781,0.000000000
1550,0.775000000,-957.729426333,54.137717297,68.365907043,148.380474063,48.380474063,0.000000000,70.710678119,70.622120452,0.707106781,0.707106781,0.000000000
1551,0.775500000,-952.854769145,53.660040305,68.392856379,148.399530121,48.399530121,0.000000000,70.710678119,70.622120452,0.707106781,0.707106781,0.000000000
1552,0.776000000,-947.854769145,53.184862920,68.419567500,148.418417736,48.418417736,0.000000000,70.710678119,70.622120452,0.707106781,0.707106781,0.000000000
1553,0.776500000,-942.854769145,52.712185536,68.446041658,148.437137793,48.437137793,0.000000000,70.710678119,70.622120452,0.707106781,0.707106781,0.000000000
1554,0.777000000,-937.854769145,52.242008151,68.472280103,148.455691174,48.455691174,0.000000000,70.710678119,70.622120452,0.707106781,0.707106781,0.000000000
1555,0.777500000,-932.854769145,51.774330767,68.498284083,148.474078765,48.474078765,0.000000000,70.710678119,70.622120452,0.707106781,0.707106781,0.000000000
1556,0.778000000,-927.854769145,51.309153382,68.524054850,148.492301449,48.492301449,0.000000000,70.710678119,70.622120452,0.707106781,0.707106781,0.000000000
1557,0.778500000,-922.854769145,50.846475998,68.549593653,148.510360110,48.510360110,0.000000000,70.710678119,70.622120452,0.707106781,0.707106781,0.000000000
1558,0.779000000,-917.854769145,50.386298613,68.574901743,148.528255632,48.528255632,0.000000000,70.710678119,70.622120452,0.707106781,0.707106781,0.000000000
1559,0.779500000,-912.854769145,49.928621228,68.599980368,148.545988898,48.545988898,0.000000000,70.710678119,70.622120452,0.707106781,0.707106781,0.000000000
1560,0.780000000,-907.854769145,49.473443844,68.624830781,148.563560793,48.563560793,0.000000000,70.710678119,70.622120452,0.707106781,0.707106781,0.000000000
1561,0.780500000,-902.854769145,49.020766459,68.649454229,148.580972201,48.580972201,0.000000000,70.710678119,70.622120452,0.707106781,0.707106781,0.000000000
1562,0.781000000,-897.854769145,48.570589075,68.673851964,148.598224004,48.598224004,0.000000000,70.710678119,70.622120452,0.707106781,0.707106781,0.000000000
1563,0.781500000,-892.854769145,48.122911690,68.698025235,148.615317088,48.615317088,0.000000000,70.710678119,70.622120452,0.707106781,0.707106781,0.000000000
1564,0.782000000,-887.854769145,47.677734306,68.721975292,148.632252336,48.632252336,0.000000000,70.710678119,70.622120452,0.707106781,0.707106781,0.000000000
1565,0.782500000,-882.854769145,47.235056921,68.745703386,148.649030632,48.649030632,0.000000000,70.710678119,70.622120452,0.707106781,0.707106781,0.000000000
1566,0.783000000,-877.854769145,46.794879536,68.769210766,148.665652860,48.665652860,0.000000000,70.710678119,70.622120452,0.707106781,0.707106781,0.000000000
1567,0.783500000,-872.854769145,46.357202152,68.792498682,148.682119903,48.682119903,0.000000000,70.710678119,70.622120452,0.707106781,0.707106781,0.000000000
1568,0.784000000,-867.854769145,45.922024767,68.815568384,148.698432647,48.698432647,0.000000000,70.710678119,70.622120452,0.707106781,0.707106781,0.000000000
1569,0.784500000,-862.854769145,45.489347383,68.838421123,148.714591973,48.714591973,0.000000000,70.710678119,70.622120452,0.707106781,0.707106781,0.000000000
1570,0.785000000,-857.854769145,45.059169998,68.861058149,148.730598767,48.730598767,0.000000000,70.710678119,70.622120452,0.707106781,0.707106781,0.000000000
1571,0.785500000,-852.854769145,44.631492614,68.883480710,148.746453912,48.746453912,0.000000000,70.710678119,70.622120452,0.707106781,0.707106781,0.000000000
1572,0.786000000,-847.854769145,44.206315229,68.905690058,148.762158293,48.762158293,0.000000000,70.710678119,70.622120452,0.707106781,0.707106781,0.000000000
1573,0.786500000,-842.854769145,43.783637844,68.927687442,148.777712792,48.777712792,0.000000000,70.710678119,70.622120452,0.707106781,0.707106781,0.000000000
1574,0.787000000,-837.854769145,43.363460460,68.949474112,148.793118295,48.793118295,0.000000000,70.710678119,70.622120452,0.707106781,0.707106781,0.000000000
1575,0.787500000,-832.854769145,42.945783075,68.971051319,148.808375684,48.808375684,0.000000000,70.710678119,70.622120452,0.707106781,0.707106781,0.000000000
1576,0.788000000,-827.854769145,42.530605691,68.992420312,148.823485844,48.823485844,0.000000000,70.710678119,70.622120452,0.707106781,0.707106781,0.000000000
1577,0.788500000,-822.854769145,42.117928306,69.013582341,148.838449658,48.838449658,0.000000000,70.710678119,70.622120452,0.707106781,0.707106781,0.000000000
1578,0.789000000,-817.854769145,41.707750922,69.034538657,148.853268011,48.853268011,0.000000000,70.710678119,70.622120452,0.707106781,0.707106781,0.000000000
1579,0.789500000,-812.854769145,41.300073537,69.055290509,148.867941786,48.867941786,0.000000000,70.710678119,70.622120452,0.707106781,0.707106781,0.000000000
1580,0.790000000,-807.854769145,40.894896152,69.075839147,148.882471868,48.882471868,0.000000000,70.710678119,70.622120452,0.707106781,0.707106781,0.000000000
1581,0.790500000,-802.854769145,40.492218768,69.096185822,148.896859139,48.896859139,0.000000000,70.710678119,70.622120452,0.707106781,0.707106781,0.000000000
1582,0.791000000,-797.854769145,40.092041383,69.116331783,148.911104485,48.911104485,0.000000000,70.710678119,70.622120452,0.707106781,0.707106781,0.000000000
1583,0.791500000,-792.854769145,39.694363999,69.136278280,148.925208788,48.925208788,0.000000000,70.710678119,70.622120452,0.707106781,0.707106781,0.000000000
1584,0.792000000,-787.854769145,39.299186614,69.156026563,148.939172933,48.939172933,0.000000000,70.710678119,70.622120452,0.707106781,0.707106781,0.000000000
1585,0.792500000,-782.854769145,38.906509230,69.175577883,148.952997804,48.952997804,0.000000000,70.710678119,70.622120452,0.707106781,0.707106781,0.000000000
1586,0.793000000,-777.854769145,38.516331845,69.194933489,148.966684285,48.966684285,0.000000000,70.710678119,70.622120452,0.707106781,0.707106781,0.000000000
1587,0.793500000,-772.854769145,38.128654460,69.214094632,148.980233258,48.980233258,0.000000000,70.710678119,70.622120452,0.707106781,0.707106781,0.000000000
1588,0.794000000,-767.854769145,37.743477076,69.233062560,148.993645609,48.993645609,0.000000000,70.710678119,70.622120452,0.707106781,0.707106781,0.000000000
1589,0.794500000,-762.854769145,37.360799691,69.251838525,149.006922222,49.006922222,0.000000000,70.710678119,70.622120452,0.707106781,0.707106781,0.000000000
1590,0.795000000,-757.854769145,36.980622307,69.270423777,149.020063979,49.020063979,0.000000000,70.710678119,70.622120452,0.707106781,0.707106781,0.000000000
1591,0.795500000,-752.854769145,36.602944922,69.288819564,149.033071765,49.033071765,0.000000000,70.710678119,70.622120452,0.707106781,0.707106781,0.000000000
1592,0.796000000,-747.854769145,36.227767538,69.307027138,149.045946464,49.045946464,0.000000000,70.710678119,70.622120452,0.707106781,0.707106781,0.000000000
1593,0.796500000,-742.854769145,35.855090153,69.325047749,149.058688960,49.058688960,0.000000000,70.710678119,70.622120452,0.707106781,0.707106781,0.000000000
1594,0.797000000,-737.854769145,35.484912768,69.342882645,149.071300136,49.071300136,0.000000000,70.710678119,70.622120452,0.707106781,0.707106781,0.000000000
1595,0.797500000,-732.854769145,35.117235384,69.360533078,149.083780877,49.083780877,0.000000000,70.710678119,70.622120452,0.707106781,0.707106781,0.000000000
1596,0.798000000,-727.854769145,34.752057999,69.378000297,149.096132066,49.096132066,0.000000000,70.710678119,70.622120452,0.707106781,0.707106781,0.000000000
1597,0.798500000,-722.854769145,34.389380615,69.395285553,149.108354587,49.108354587,0.000000000,70.710678119,70.622120452,0.707106781,0.707106781,0.000000000
1598,0.799000000,-717.854769145,34.029203230,69.412390094,149.120449325,49.120449325,0.000000000,70.710678119,70.622120452,0.707106781,0.707106781,0.000000000
1599,0.799500000,-712.854769145,33.671525846,69.429315173,149.132417162,49.132417162,0.000000000,70.710678119,70.622120452,0.707106781,0.707106781,0.000000000
1600,0.800000000,-707.854769145,33.316348461,69.446062037,149.144258984,49.144258984,0.000000000,70.710678119,70.622120452,0.707106781,0.707106781,0.000000000
1601,0.800500000,-702.854769145,32.963671076,69.462631938,149.155975673,49.155975673,0.000000000,70.710678119,70.622120452,0.707106781,0.707106781,0.000000000
1602,0.801000000,-697.854769145,32.613493692,69.479026125,149.167568114,49.167568114,0.000000000,70.710678119,70.622120452,0.707106781,0.707106781,0.000000000
1603,0.801500000,-692.854769145,32.265816307,69.495245848,149.179037190,49.179037190,0.000000000,70.710678119,70.622120452,0.707106781,0.707106781,0.000000000
1604,0.802000000,-687.854769145,31.920638923,69.511292358,149.190383786,49.190383786,0.000000000,70.710678119,70.622120452,0.707106781,0.707106781,0.000000000
1605,0.802500000,-682.854769145,31.577961538,69.527166904,149.201608785,49.201608785,0.000000000,70.710678119,70.622120452,0.707106781,0.707106781,0.000000000
1606,0.803000000,-677.854769145,31.237784154,69.542870736,149.212713071,49.212713071,0.000000000,70.710678119,70.622120452,0.707106781,0.707106781,0.000000000
1607,0.803500000,-672.854769145,30.900106769,69.558405104,149.223697529,49.223697529,0.000000000,70.710678119,70.622120452,0.707106781,0.707106781,0.000000000
1608,0.804000000,-667.854769145,30.564929384,69.573771259,149.234563041,49.234563041,0.000000000,70.710678119,70.622120452,0.707106781,0.707106781,0.000000000
1609,0.804500000,-662.854769145,30.232252000,69.588970450,149.245310492,49.245310492,0.000000000,70.710678119,70.622120452,0.707106781,0.707106781,0.000000000
1610,0.805000000,-657.854769145,29.902074615,69.604003928,149.255940766,49.255940766,0.000000000,70.710678119,70.622120452,0.707106781,0.707106781,0.000000000
1611,0.805500000,-652.854769145,29.574397231,69.618872942,149.266454746,49.266454746,0.000000000,70.710678119,70.622120452,0.707106781,0.707106781,0.000000000
1612,0.806000000,-647.854769145,29.249219846,69.633578742,149.276853317,49.276853317,0.000000000,70.710678119,70.622120452,0.707106781,0.707106781,0.000000000
1613,0.806500000,-642.854769145,28.926542461,69.648122578,149.287137363,49.287137363,0.000000000,70.710678119,70.622120452,0.707106781,0.707106781,0.000000000
1614,0.807000000,-637.854769145,28.606365077,69.662505701,149.297307766,49.297307766,0.000000000,70.710678119,70.622120452,0.707106781,0.707106781,0.000000000
1615,0.807500000,-632.854769145,28.288687692,69.676729360,149.307365412,49.307365412,0.000000000,70.710678119,70.622120452,0.707106781,0.707106781,0.000000000
1616,0.808000000,-627.854769145,27.973510308,69.690794805,149.317311184,49.317311184,0.000000000,70.710678119,70.622120452,0.707106781,0.707106781,0.000000000
1617,0.808500000,-622.854769145,27.660832923,69.704703287,149.327145965,49.327145965,0.000000000,70.710678119,70.622120452,0.707106781,0.707106781,0.000000000
1618,0.809000000,-617.854769145,27.350655539,69.718456055,149.336870641,49.336870641,0.000000000,70.710678119,70.622120452,0.707106781,0.707106781,0.000000000
1619,0.809500000,-612.854769145,27.042978154,69.732054359,149.346486094,49.346486094,0.000000000,70.710678119,70.622120452,0.707106781,0.707106781,0.000000000
1620,0.810000000,-607.854769145,26.737800769,69.745499450,149.355993209,49.355993209,0.000000000,70.710678119,70.622120452,0.707106781,0.707106781,0.000000000
1621,0.810500000,-602.854769145,26.435123385,69.758792577,149.365392869,49.365392869,0.000000000,70.710678119,70.622120452,0.707106781,0.707106781,0.000000000
1622,0.811000000,-597.854769145,26.134946000,69.771934990,149.374685958,49.374685958,0.000000000,70.710678119,70.622120452,0.707106781,0.707106781,0.000000000
1623,0.811500000,-592.854769145,25.837268616,69.784927939,149.383873361,49.383873361,0.000000000,70.710678119,70.622120452,0.707106781,0.707106781,0.000000000
1624,0.812000000,-587.854769145,25.542091231,69.797772675,149.392955961,49.392955961,0.000000000,70.710678119,70.622120452,0.707106781,0.707106781,0.000000000
1625,0.812500000,-582.854769145,25.249413847,69.810470447,149.401934642,49.401934642,0.000000000,70.710678119,70.622120452,0.707106781,0.707106781,0.000000000
1626,0.813000000,-577.854769145,24.959236462,69.823022506,149.410810287,49.410810287,0.000000000,70.710678119,70.622120452,0.707106781,0.707106781,0.000000000
1627,0.813500000,-572.854769145,24.671559077,69.835430100,149.419583782,49.419583782,0.000000000,70.710678119,70.622120452,0.707106781,0.707106781,0.000000000
1628,0.814000000,-567.854769145,24.386381693,69.847694481,149.428256009,49.428256009,0.000000000,70.710678119,70.622120452,0.707106781,0.707106781,0.000000000
1629,0.814500000,-562.854769145,24.103704308,69.859816899,149.436827852,49.436827852,0.000000000,70.710678119,70.622120452,0.707106781,0.707106781,0.000000000
1630,0.815000000,-557.854769145,23.823526924,69.871798602,149.445300196,49.445300196,0.000000000,70.710678119,70.622120452,0.707106781,0.707106781,0.000000000
1631,0.815500000,-552.854769145,23.545849539,69.883640842,149.453673924,49.453673924,0.000000000,70.710678119,70.622120452,0.707106781,0.707106781,0.000000000
1632,0.816000000,-547.854769145,23.270672155,69.895344869,149.461949921,49.461949921,0.000000000,70.710678119,70.622120452,0.707106781,0.707106781,0.000000000
1633,0.816500000,-542.854769145,22.997994770,69.906911931,149.470129069,49.470129069,0.000000000,70.710678119,70.622120452,0.707106781,0.707106781,0.000000000
1634,0.817000000,-537.854769145,22.727817385,69.918343280,149.478212253,49.478212253,0.000000000,70.710678119,70.622120452,0.707106781,0.707106781,0.000000000
1635,0.817500000,-532.854769145,22.460140001,69.929640165,149.486200357,49.486200357,0.000000000,70.710678119,70.622120452,0.707106781,0.707106781,0.000000000
1636,0.818000000,-527.854769145,22.194962616,69.940803837,149.494094265,49.494094265,0.000000000,70.710678119,70.622120452,0.707106781,0.707106781,0.000000000
1637,0.818500000,-522.854769145,21.932285232,69.951835544,149.501894861,49.501894861,0.000000000,70.710678119,70.622120452,0.707106781,0.707106781,0.000000000
1638,0.819000000,-517.854769145,21.672107847,69.962736539,149.509603027,49.509603027,0.000000000,70.710678119,70.622120452,0.707106781,0.707106781,0.000000000
1639,0.819500000,-512.854769145,21.414430463,69.973508069,149.517219650,49.517219650,0.000000000,70.710678119,70.622120452,0.707106781,0.707106781,0.000000000
1640,0.820000000,-507.854769145,21.159253078,69.984151386,149.524745611,49.524745611,0.000000000,70.710678119,70.622120452,0.707106781,0.707106781,0.000000000
1641,0.820500000,-502.854769145,20.906575693,69.994667739,149.532181796,49.532181796,0.000000000,70.710678119,70.622120452,0.707106781,0.707106781,0.000000000
1642,0.821000000,-497.854769145,20.656398309,70.005058378,149.539529087,49.539529087,0.000000000,70.710678119,70.622120452,0.707106781,0.707106781,0.000000000
1643,0.821500000,-492.854769145,20.408720924,70.015324554,149.546788370,49.546788370,0.000000000,70.710678119,70.622120452,0.707106781,0.707106781,0.000000000
1644,0.822000000,-487.854769145,20.163543540,70.025467516,149.553960527,49.553960527,0.000000000,70.710678119,70.622120452,0.707106781,0.707106781,0.000000000
1645,0.822500000,-482.854769145,19.920866155,70.035488514,149.561046443,49.561046443,0.000000000,70.710678119,70.622120452,0.707106781,0.707106781,0.000000000
1646,0.823000000,-477.854769145,19.680688771,70.045388798,149.568047001,49.568047001,0.000000000,70.710678119,70.622120452,0.707106781,0.707106781,0.000000000
1647,0.823500000,-472.854769145,19.443011386,70.055169619,149.574963086,49.574963086,0.000000000,70.710678119,70.622120452,0.707106781,0.707106781,0.000000000
1648,0.824000000,-467.854769145,19.207834001,70.064832227,149.581795581,49.581795581,0.000000000,70.710678119,70.622120452,0.707106781,0.707106781,0.000000000
1649,0.824500000,-462.854769145,18.975156617,70.074377870,149.588545370,49.588545370,0.000000000,70.710678119,70.622120452,0.707106781,0.707106781,0.000000000
1650,0.825000000,-457.854769145,18.744979232,70.083807800,149.595213337,49.595213337,0.000000000,70.710678119,70.622120452,0.707106781,0.707106781,0.000000000
1651,0.825500000,-452.854769145,18.517301848,70.093123266,149.601800367,49.601800367,0.000000000,70.710678119,70.622120452,0.707106781,0.707106781,0.000000000
1652,0.826000000,-447.854769145,18.292124463,70.102325518,149.608307342,49.608307342,0.000000000,70.710678119,70.622120452,0.707106781,0.707106781,0.000000000
1653,0.826500000,-442.854769145,18.069447079,70.111415807,149.614735146,49.614735146,0.000000000,70.710678119,70.622120452,0.707106781,0.707106781,0.000000000
1654,0.827000000,-437.854769145,17.849269694,70.120395382,149.621084665,49.621084665,0.000000000,70.710678119,70.622120452,0.707106781,0.707106781,0.000000000
1655,0.827500000,-432.854769145,17.631592309,70.129265493,149.627356781,49.627356781,0.000000000,70.710678119,70.622120452,0.707106781,0.707106781,0.000000000
1656,0.828000000,-427.854769145,17.416414925,70.138027391,149.633552378,49.633552378,0.000000000,70.710678119,70.622120452,0.707106781,0.707106781,0.000000000
1657,0.828500000,-422.854769145,17.203737540,70.146682325,149.639672340,49.639672340,0.000000000,70.710678119,70.622120452,0.707106781,0.707106781,0.000000000
1658,0.829000000,-417.854769145,16.993560156,70.155231545,149.645717552,49.645717552,0.000000000,70.710678119,70.622120452,0.707106781,0.707106781,0.000000000
1659,0.829500000,-412.854769145,16.785882771,70.163676302,149.651688897,49.651688897,0.000000000,70.710678119,70.622120452,0.707106781,0.707106781,0.000000000
1660,0.830000000,-407.854769145,16.580705387,70.172017845,149.657587258,49.657587258,0.000000000,70.710678119,70.622120452,0.707106781,0.707106781,0.000000000
1661,0.830500000,-402.854769145,16.378028002,70.180257424,149.663413520,49.663413520,0.000000000,70.710678119,70.622120452,0.707106781,0.707106781,0.000000000
1662,0.831000000,-397.854769145,16.177850617,70.188396289,149.669168567,49.669168567,0.000000000,70.710678119,70.622120452,0.707106781,0.707106781,0.000000000
1663,0.831500000,-392.854769145,15.980173233,70.196435691,149.674853283,49.674853283,0.000000000,70.710678119,70.622120452,0.707106781,0.707106781,0.000000000
1664,0.832000000,-387.854769145,15.784995848,70.204376879,149.680468551,49.680468551,0.000000000,70.710678119,70.622120452,0.707106781,0.707106781,0.000000000
1665,0.832500000,-382.854769145,15.592318464,70.212221104,149.686015255,49.686015255,0.000000000,70.710678119,70.622120452,0.707106781,0.707106781,0.000000000
1666,0.833000000,-377.854769145,15.402141079,70.219969614,149.691494280,49.691494280,0.000000000,70.710678119,70.622120452,0.707106781,0.707106781,0.000000000
1667,0.833500000,-372.854769145,15.214463695,70.227623661,149.696906508,49.696906508,0.000000000,70.710678119,70.622120452,0.707106781,0.707106781,0.000000000
1668,0.834000000,-367.854769145,15.029286310,70.235184495,149.702252825,49.702252825,0.000000000,70.710678119,70.622120452,0.707106781,0.707106781,0.000000000
1669,0.834500000,-362.854769145,14.846608925,70.242653364,149.707534113,49.707534113,0.000000000,70.710678119,70.622120452,0.707106781,0.707106781,0.000000000
1670,0.835000000,-357.854769145,14.666431541,70.250031520,149.712751257,49.712751257,0.000000000,70.710678119,70.622120452,0.707106781,0.707106781,0.000000000
1671,0.835500000,-352.854769145,14.488754156,70.257320213,149.717905141,49.717905141,0.000000000,70.710678119,70.622120452,0.707106781,0.707106781,0.000000000
1672,0.836000000,-347.854769145,14.313576772,70.264520691,149.722996648,49.722996648,0.000000000,70.710678119,70.622120452,0.707106781,0.707106781,0.000000000
1673,0.836500000,-342.854769145,14.140899387,70.271634206,149.728026663,49.728026663,0.000000000,70.710678119,70.622120452,0.707106781,0.707106781,0.000000000
1674,0.837000000,-337.854769145,13.970722003,70.278662007,149.732996069,49.732996069,0.000000000,70.710678119,70.622120452,0.707106781,0.707106781,0.000000000
1675,0.837500000,-332.854769145,13.803044618,70.285605345,149.737905750,49.737905750,0.000000000,70.710678119,70.622120452,0.707106781,0.707106781,0.000000000
1676,0.838000000,-327.854769145,13.637867233,70.292465468,149.742756590,49.742756590,0.000000000,70.710678119,70.622120452,0.707106781,0.707106781,0.000000000
1677,0.838500000,-322.854769145,13.475189849,70.299243629,149.747549473,49.747549473,0.000000000,70.710678119,70.622120452,0.707106781,0.707106781,0.000000000
1678,0.839000000,-317.854769145,13.315012464,70.305941075,149.752285282,49.752285282,0.000000000,70.710678119,70.622120452,0.707106781,0.707106781,0.000000000
1679,0.839500000,-312.854769145,13.157335080,70.312559058,149.756964903,49.756964903,0.000000000,70.710678119,70.622120452,0.707106781,0.707106781,0.000000000
1680,0.840000000,-307.854769145,13.002157695,70.319098827,149.761589218,49.761589218,0.000000000,70.710678119,70.622120452,0.707106781,0.707106781,0.000000000
1681,0.840500000,-302.854769145,12.849480311,70.325561632,149.766159111,49.766159111,0.000000000,70.710678119,70.622120452,0.707106781,0.707106781,0.000000000
1682,0.841000000,-297.854769145,12.699302926,70.331948724,149.770675467,49.770675467,0.000000000,70.710678119,70.622120452,0.707106781,0.707106781,0.000000000
1683,0.841500000,-292.854769145,12.551625541,70.338261352,149.775139169,49.775139169,0.000000000,70.710678119,70.622120452,0.707106781,0.707106781,0.000000000
1684,0.842000000,-287.854769145,12.406448157,70.344500766,149.779551101,49.779551101,0.000000000,70.710678119,70.622120452,0.707106781,0.707106781,0.000000000
1685,0.842500000,-282.854769145,12.263770772,70.350668216,149.783912148,49.783912148,0.000000000,70.710678119,70.622120452,0.707106781,0.707106781,0.000000000
1686,0.843000000,-277.854769145,12.123593388,70.356764953,149.788223192,49.788223192,0.000000000,70.710678119,70.622120452,0.707106781,0.707106781,0.000000000
1687,0.843500000,-272.854769145,11.985916003,70.362792227,149.792485117,49.792485117,0.000000000,70.710678119,70.622120452,0.707106781,0.707106781,0.000000000
1688,0.844000000,-267.854769145,11.850738619,70.368751286,149.796698809,49.796698809,0.000000000,70.710678119,70.622120452,0.707106781,0.707106781,0.000000000
1689,0.844500000,-262.854769145,11.718061234,70.374643382,149.800865150,49.800865150,0.000000000,70.710678119,70.622120452,0.707106781,0.707106781,0.000000000
1690,0.845000000,-257.854769145,11.587883849,70.380469764,149.804985024,49.804985024,0.000000000,70.710678119,70.622120452,0.707106781,0.707106781,0.000000000
1691,0.845500000,-252.854769145,11.460206465,70.386231682,149.809059315,49.809059315,0.000000000,70.710678119,70.622120452,0.707106781,0.707106781,0.000000000
1692,0.846000000,-247.854769145,11.335029080,70.391930387,149.813088908,49.813088908,0.000000000,70.710678119,70.622120452,0.707106781,0.707106781,0.000000000
1693,0.846500000,-242.854769145,11.212351696,70.397567128,149.817074686,49.817074686,0.000000000,70.710678119,70.622120452,0.707106781,0.707106781,0.000000000
1694,0.847000000,-237.854769145,11.092174311,70.403143155,149.821017533,49.821017533,0.000000000,70.710678119,70.622120452,0.707106781,0.707106781,0.000000000
1695,0.847500000,-232.854769145,10.974496927,70.408659719,149.824918332,49.824918332,0.000000000,70.710678119,70.622120452,0.707106781,0.707106781,0.000000000
1696,0.848000000,-227.854769145,10.859319542,70.414118069,149.828777969,49.828777969,0.000000000,70.710678119,70.622120452,0.707106781,0.707106781,0.000000000
1697,0.848500000,-222.854769145,10.746642157,70.419519455,149.832597325,49.832597325,0.000000000,70.710678119,70.622120452,0.707106781,0.707106781,0.000000000
1698,0.849000000,-217.854769145,10.636464773,70.424865128,149.836377287,49.836377287,0.000000000,70.710678119,70.622120452,0.707106781,0.707106781,0.000000000
1699,0.849500000,-212.854769145,10.528787388,70.430156337,149.840118736,49.840118736,0.000000000,70.710678119,70.622120452,0.707106781,0.707106781,0.000000000
1700,0.850000000,-207.854769145,10.423610004,70.435394332,149.843822558,49.843822558,0.000000000,70.710678119,70.622120452,0.707106781,0.707106781,0.000000000
1701,0.850500000,-202.854769145,10.320932619,70.440580363,149.847489636,49.847489636,0.000000000,70.710678119,70.622120452,0.707106781,0.707106781,0.000000000
1702,0.851000000,-197.854769145,10.220755235,70.445715681,149.851120854,49.851120854,0.000000000,70.710678119,70.622120452,0.707106781,0.707106781,0.000000000
1703,0.851500000,-192.854769145,10.123077850,70.450801535,149.854717096,49.854717096,0.000000000,70.710678119,70.622120452,0.707106781,0.707106781,0.000000000
1704,0.852000000,-187.854769145,10.027900465,70.455839176,149.858279246,49.858279246,0.000000000,70.710678119,70.622120452,0.707106781,0.707106781,0.000000000
1705,0.852500000,-182.854769145,9.935223081,70.460829852,149.861808187,49.861808187,0.000000000,70.710678119,70.622120452,0.707106781,0.707106781,0.000000000
1706,0.853000000,-177.854769145,9.845045696,70.465774815,149.865304804,49.865304804,0.000000000,70.710678119,70.622120452,0.707106781,0.707106781,0.000000000
1707,0.853500000,-172.854769145,9.757368312,70.470675315,149.868769981,49.868769981,0.000000000,70.710678119,70.622120452,0.707106781,0.707106781,0.000000000
1708,0.854000000,-167.854769145,9.672190927,70.475532600,149.872204600,49.872204600,0.000000000,70.710678119,70.622120452,0.707106781,0.707106781,0.000000000
1709,0.854500000,-162.854769145,9.589513543,70.480347922,149.875609547,49.875609547,0.000000000,70.710678119,70.622120452,0.707106781,0.707106781,0.000000000
1710,0.855000000,-157.854769145,9.509336158,70.485122531,149.878985705,49.878985705,0.000000000,70.710678119,70.622120452,0.707106781,0.707106781,0.000000000
1711,0.855500000,-152.854769145,9.431658773,70.489857675,149.882333958,49.882333958,0.000000000,70.710678119,70.622120452,0.707106781,0.707106781,0.000000000
1712,0.856000000,-147.854769145,9.356481389,70.494554606,149.885655189,49.885655189,0.000000000,70.710678119,70.622120452,0.707106781,0.707106781,0.000000000
1713,0.856500000,-142.854769145,9.283804004,70.499214573,149.888950284,49.888950284,0.000000000,70.710678119,70.622120452,0.707106781,0.707106781,0.000000000
1714,0.857000000,-137.854769145,9.213626620,70.503838827,149.892220125,49.892220125,0.000000000,70.710678119,70.622120452,0.707106781,0.707106781,0.000000000
1715,0.857500000,-132.854769145,9.145949235,70.508428617,149.895465596,49.895465596,0.000000000,70.710678119,70.622120452,0.707106781,0.707106781,0.000000000
1716,0.858000000,-127.854769145,9.080771851,70.512985193,149.898687582,49.898687582,0.000000000,70.710678119,70.622120452,0.707106781,0.707106781,0.000000000
1717,0.858500000,-122.854769145,9.018094466,70.517509805,149.901886966,49.901886966,0.000000000,70.710678119,70.622120452,0.707106781,0.707106781,0.000000000
1718,0.859000000,-117.854769145,8.957917081,70.522003704,149.905064632,49.905064632,0.000000000,70.710678119,70.622120452,0.707106781,0.707106781,0.000000000
1719,0.859500000,-112.854769145,8.900239697,70.526468139,149.908221465,49.908221465,0.000000000,70.710678119,70.622120452,0.707106781,0.707106781,0.000000000
1720,0.860000000,-107.854769145,8.845062312,70.530904360,149.911358347,49.911358347,0.000000000,70.710678119,70.622120452,0.707106781,0.707106781,0.000000000
1721,0.860500000,-102.854769145,8.792384928,70.535313618,149.914476163,49.914476163,0.000000000,70.710678119,70.622120452,0.707106781,0.707106781,0.000000000
1722,0.861000000,-97.854769145,8.742207543,70.539697162,149.917575797,49.917575797,0.000000000,70.710678119,70.622120452,0.707106781,0.707106781,0.000000000
1723,0.861500000,-92.854769145,8.694530159,70.544056242,149.920658132,49.920658132,0.000000000,70.710678119,70.622120452,0.707106781,0.707106781,0.000000000
1724,0.862000000,-87.854769145,8.649352774,70.548392109,149.923724052,49.923724052,0.000000000,70.710678119,70.622120452,0.707106781,0.707106781,0.000000000
1725,0.862500000,-82.854769145,8.606675389,70.552706011,149.926774442,49.926774442,0.000000000,70.710678119,70.622120452,0.707106781,0.707106781,0.000000000
1726,0.863000000,-77.854769145,8.566498005,70.556999201,149.929810186,49.929810186,0.000000000,70.710678119,70.622120452,0.707106781,0.707106781,0.000000000
1727,0.863500000,-72.854769145,8.528820620,70.561272926,149.932832166,49.932832166,0.000000000,70.710678119,70.622120452,0.707106781,0.707106781,0.000000000
1728,0.864000000,-67.854769145,8.493643236,70.565528438,149.935841267,49.935841267,0.000000000,70.710678119,70.622120452,0.707106781,0.707106781,0.000000000
1729,0.864500000,-62.854769145,8.460965851,70.569766986,149.938838373,49.938838373,0.000000000,70.710678119,70.622120452,0.707106781,0.707106781,0.000000000
1730,0.865000000,-57.854769145,8.430788467,70.573989820,149.941824368,49.941824368,0.000000000,70.710678119,70.622120452,0.707106781,0.707106781,0.000000000
1731,0.865500000,-52.854769145,8.403111082,70.578198191,149.944800136,49.944800136,0.000000000,70.710678119,70.622120452,0.707106781,0.707106781,0.000000000
1732,0.866000000,-47.854769145,8.377933697,70.582393348,149.947766560,49.947766560,0.000000000,70.710678119,70.622120452,0.707106781,0.707106781,0.000000000
1733,0.866500000,-42.854769145,8.355256313,70.586576542,149.950724524,49.950724524,0.000000000,70.710678119,70.622120452,0.707106781,0.707106781,0.000000000
1734,0.867000000,-37.854769145,8.335078928,70.590749021,149.953674913,49.953674913,0.000000000,70.710678119,70.622120452,0.707106781,0.707106781,0.000000000
1735,0.867500000,-32.854769145,8.317401544,70.594912037,149.956618609,49.956618609,0.000000000,70.710678119,70.622120452,0.707106781,0.707106781,0.000000000
1736,0.868000000,-27.854769145,8.302224159,70.599066839,149.959556498,49.959556498,0.000000000,70.710678119,70.622120452,0.707106781,0.707106781,0.000000000
1737,0.868500000,-22.854769145,8.289546774,70.603214678,149.962489463,49.962489463,0.000000000,70.710678119,70.622120452,0.707106781,0.707106781,0.000000000
1738,0.869000000,-17.854769145,8.279369390,70.607356803,149.965418388,49.965418388,0.000000000,70.710678119,70.622120452,0.707106781,0.707106781,0.000000000
1739,0.869500000,-12.854769145,8.271692005,70.611494464,149.968344156,49.968344156,0.000000000,70.710678119,70.622120452,0.707106781,0.707106781,0.000000000
1740,0.870000000,-7.854769145,8.266514621,70.615628911,149.971267652,49.971267652,0.000000000,70.710678119,70.622120452,0.707106781,0.707106781,0.000000000
1741,0.870500000,-2.854769145,8.263837236,70.619761395,149.974189759,49.974189759,0.000000000,70.710678119,70.622120452,0.707106781,0.707106781,0.000000000
1742,0.871000000,0.000000000,8.263429751,70.622120452,149.975857864,49.975857864,0.000000000,70.710678119,70.622120452,0.707106781,0.707106781,0.000000000
