index,time_s,acc,vel,s,X,Y,Z,L_raw,L_trim,ux,uy,uz
0,0.000000000,0.000000000,8.263429751,0.000000000,149.975857864,50.024142136,0.000000000,70.710678119,70.622120452,-0.707106781,0.707106781,0.000000000
1,0.000500000,5.000000000,8.264679751,0.004131923,149.972936153,50.027063847,0.000000000,70.710678119,70.622120452,-0.707106781,0.707106781,0.000000000
2,0.001000000,10.000000000,8.268429751,0.008265096,149.970013559,50.029986441,0.000000000,70.710678119,70.622120452,-0.707106781,0.707106781,0.000000000
3,0.001500000,15.000000000,8.274679751,0.012400770,149.967089196,50.032910804,0.000000000,70.710678119,70.622120452,-0.707106781,0.707106781,0.000000000
4,0.002000000,20.000000000,8.283429751,0.016540193,149.964162182,50.035837818,0.000000000,70.710678119,70.622120452,-0.707106781,0.707106781,0.000000000
5,0.002500000,25.000000000,8.294679751,0.020684616,149.961231632,50.038768368,0.000000000,70.710678119,70.622120452,-0.707106781,0.707106781,0.000000000
6,0.003000000,30.000000000,8.308429751,0.024835289,149.958296663,50.041703337,0.000000000,70.710678119,70.622120452,-0.707106781,0.707106781,0.000000000
7,0.003500000,35.000000000,8.324679751,0.028993462,149.955356390,50.044643610,0.000000000,70.710678119,70.622120452,-0.707106781,0.707106781,0.000000000
8,0.004000000,40.000000000,8.343429751,0.033160386,149.952409931,50.047590069,0.000000000,70.710678119,70.622120452,-0.707106781,0.707106781,0.000000000
9,0.004500000,45.000000000,8.364679751,0.037337309,149.949456400,50.050543600,0.000000000,70.710678119,70.622120452,-0.707106781,0.707106781,0.000000000
10,0.005000000,50.000000000,8.388429751,0.041525482,149.946494914,50.053505086,0.000000000,70.710678119,70.622120452,-0.707106781,0.707106781,0.000000000
11,0.005500000,55.000000000,8.414679751,0.045726155,149.943524590,50.056475410,0.000000000,70.710678119,70.622120452,-0.707106781,0.707106781,0.000000000
12,0.006000000,60.000000000,8.443429751,0.049940579,149.940544543,50.059455457,0.000000000,70.710678119,70.622120452,-0.707106781,0.707106781,0.000000000
13,0.006500000,65.000000000,8.474679751,0.054170002,149.937553889,50.062446111,0.000000000,70.710678119,70.622120452,-0.707106781,0.707106781,0.000000000
14,0.007000000,70.000000000,8.508429751,0.058415675,149.934551745,50.065448255,0.000000000,70.710678119,70.622120452,-0.707106781,0.707106781,0.000000000
15,0.007500000,75.000000000,8.544679751,0.062678848,149.931537226,50.068462774,0.000000000,70.710678119,70.622120452,-0.707106781,0.707106781,0.000000000
16,0.008000000,80.000000000,8.583429751,0.066960771,149.928509449,50.071490551,0.000000000,70.710678119,70.622120452,-0.707106781,0.707106781,0.000000000
17,0.008500000,85.000000000,8.624679751,0.071262695,149.925467530,50.074532470,0.000000000,70.710678119,70.622120452,-0.707106781,0.707106781,0.000000000
18,0.009000000,90.000000000,8.668429751,0.075585868,149.922410585,50.077589415,0.000000000,70.710678119,70.622120452,-0.707106781,0.707106781,0.000000000
19,0.009500000,95.000000000,8.714679751,0.079931541,149.919337730,50.080662270,0.000000000,70.710678119,70.622120452,-0.707106781,0.707106781,0.000000000
20,0.010000000,100.000000000,8.763429751,0.084300964,149.916248081,50.083751919,0.000000000,70.710678119,70.622120452,-0.707106781,0.707106781,0.000000000
21,0.010500000,105.000000000,8.814679751,0.088695387,149.913140754,50.086859246,0.000000000,70.710678119,70.622120452,-0.707106781,0.707106781,0.000000000
22,0.011000000,110.000000000,8.868429751,0.093116061,149.910014866,50.089985134,0.000000000,70.710678119,70.622120452,-0.707106781,0.707106781,0.000000000
23,0.011500000,115.000000000,8.924679751,0.097564234,149.906869533,50.093130467,0.000000000,70.710678119,70.622120452,-0.707106781,0.707106781,0.000000000
24,0.012000000,120.000000000,8.983429751,0.102041157,149.903703870,50.096296130,0.000000000,70.710678119,70.622120452,-0.707106781,0.707106781,0.000000000
25,0.012500000,125.000000000,9.044679751,0.106548080,149.900516994,50.099483006,0.000000000,70.710678119,70.622120452,-0.707106781,0.707106781,0.000000000
26,0.013000000,130.000000000,9.108429751,0.111086253,149.897308021,50.102691979,0.000000000,70.710678119,70.622120452,-0.707106781,0.707106781,0.000000000
27,0.013500000,135.000000000,9.174679751,0.115656927,149.894076067,50.105923933,0.000000000,70.710678119,70.622120452,-0.707106781,0.707106781,0.000000000
28,0.014000000,140.000000000,9.243429751,0.120261350,149.890820248,50.109179752,0.000000000,70.710678119,70.622120452,-0.707106781,0.707106781,0.000000000
29,0.014500000,145.000000000,9.314679751,0.124900773,149.887539681,50.112460319,0.000000000,70.710678119,70.622120452,-0.707106781,0.707106781,0.000000000
30,0.015000000,150.000000000,9.388429751,0.129576446,149.884233481,50.115766519,0.000000000,70.710678119,70.622120452,-0.707106781,0.707106781,0.000000000
31,0.015500000,155.000000000,9.464679751,0.134289619,149.880900764,50.119099236,0.000000000,70.710678119,70.622120452,-0.707106781,0.707106781,0.000000000
32,0.016000000,160.000000000,9.543429751,0.139041543,149.877540647,50.122459353,0.000000000,70.710678119,70.622120452,-0.707106781,0.707106781,0.000000000
33,0.016500000,165.000000000,9.624679751,0.143833466,149.874152245,50.125847755,0.000000000,70.710678119,70.622120452,-0.707106781,0.707106781,0.000000000
34,0.017000000,170.000000000,9.708429751,0.148666639,149.870734676,50.129265324,0.000000000,70.710678119,70.622120452,-0.707106781,0.707106781,0.000000000
35,0.017500000,175.000000000,9.794679751,0.153542312,149.867287054,50.132712946,0.000000000,70.710678119,70.622120452,-0.707106781,0.707106781,0.000000000
36,0.018000000,180.000000000,9.883429751,0.158461736,149.863808497,50.136191503,0.000000000,70.710678119,70.622120452,-0.707106781,0.707106781,0.000000000
37,0.018500000,185.000000000,9.974679751,0.163426159,149.860298119,50.139701881,0.000000000,70.710678119,70.622120452,-0.707106781,0.707106781,0.000000000
38,0.019000000,190.000000000,10.068429751,0.168436832,149.856755038,50.143244962,0.000000000,70.710678119,70.622120452,-0.707106781,0.707106781,0.000000000
39,0.019500000,195.000000000,10.164679751,0.173495005,149.853178370,50.146821630,0.000000000,70.710678119,70.622120452,-0.707106781,0.707106781,0.000000000
40,0.020000000,200.000000000,10.263429751,0.178601928,149.849567230,50.150432770,0.000000000,70.710678119,70.622120452,-0.707106781,0.707106781,0.000000000
41,0.020500000,205.000000000,10.364679751,0.183758852,149.845920734,50.154079266,0.000000000,70.710678119,70.622120452,-0.707106781,0.707106781,0.000000000
42,0.021000000,210.000000000,10.468429751,0.188967025,149.842238000,50.157762000,0.000000000,70.710678119,70.622120452,-0.707106781,0.707106781,0.000000000
43,0.021500000,215.000000000,10.574679751,0.194227698,149.838518142,50.161481858,0.000000000,70.710678119,70.622120452,-0.707106781,0.707106781,0.000000000
44,0.022000000,220.000000000,10.683429751,0.199542121,149.834760277,50.165239723,0.000000000,70.710678119,70.622120452,-0.707106781,0.707106781,0.000000000
45,0.022500000,225.000000000,10.794679751,0.204911544,149.830963522,50.169036478,0.000000000,70.710678119,70.622120452,-0.707106781,0.707106781,0.000000000
46,0.023000000,230.000000000,10.908429751,0.210337218,149.827126991,50.172873009,0.000000000,70.710678119,70.622120452,-0.707106781,0.707106781,0.000000000
47,0.023500000,235.000000000,11.024679751,0.215820391,149.823249803,50.176750197,0.000000000,70.710678119,70.622120452,-0.707106781,0.707106781,0.000000000
48,0.024000000,240.000000000,11.143429751,0.221362314,149.819331071,50.180668929,0.000000000,70.710678119,70.622120452,-0.707106781,0.707106781,0.000000000
49,0.024500000,245.000000000,11.264679751,0.226964237,149.815369913,50.184630087,0.000000000,70.710678119,70.622120452,-0.707106781,0.707106781,0.000000000
50,0.025000000,250.000000000,11.388429751,0.232627410,149.811365445,50.188634555,0.000000000,70.710678119,70.622120452,-0.707106781,0.707106781,0.000000000
51,0.025500000,255.000000000,11.514679751,0.238353084,149.807316783,50.192683217,0.000000000,70.710678119,70.622120452,-0.707106781,0.707106781,0.000000000
52,0.026000000,260.000000000,11.643429751,0.244142507,149.803223042,50.196776958,0.000000000,70.710678119,70.622120452,-0.707106781,0.707106781,0.000000000
53,0.026500000,265.000000000,11.774679751,0.249996930,149.799083340,50.200916660,0.000000000,70.710678119,70.622120452,-0.707106781,0.707106781,0.000000000
54,0.027000000,270.000000000,11.908429751,0.255917603,149.794896792,50.205103208,0.000000000,70.710678119,70.622120452,-0.707106781,0.707106781,0.000000000
55,0.027500000,275.000000000,12.044679751,0.261905776,149.790662514,50.209337486,0.000000000,70.710678119,70.622120452,-0.707106781,0.707106781,0.000000000
56,0.028000000,280.000000000,12.183429751,0.267962700,149.786379622,50.213620378,0.000000000,70.710678119,70.622120452,-0.707106781,0.707106781,0.000000000
57,0.028500000,285.000000000,12.324679751,0.274089623,149.782047233,50.217952767,0.000000000,70.710678119,70.622120452,-0.707106781,0.707106781,0.000000000
58,0.029000000,290.000000000,12.468429751,0.280287796,149.777664463,50.222335537,0.000000000,70.710678119,70.622120452,-0.707106781,0.707106781,0.000000000
59,0.029500000,295.000000000,12.614679751,0.286558469,149.773230428,50.226769572,0.000000000,70.710678119,70.622120452,-0.707106781,0.707106781,0.000000000
60,0.030000000,300.000000000,12.763429751,0.292902893,149.768744243,50.231255757,0.000000000,70.710678119,70.622120452,-0.707106781,0.707106781,0.000000000
61,0.030500000,305.000000000,12.914679751,0.299322316,149.764205025,50.235794975,0.000000000,70.710678119,70.622120452,-0.707106781,0.707106781,0.000000000
62,0.031000000,310.000000000,13.068429751,0.305817989,149.759611891,50.240388109,0.000000000,70.710678119,70.622120452,-0.707106781,0.707106781,0.000000000
63,0.031500000,315.000000000,13.224679751,0.312391162,149.754963955,50.245036045,0.000000000,70.710678119,70.622120452,-0.707106781,0.707106781,0.000000000
64,0.032000000,320.000000000,13.383429751,0.319043085,149.750260335,50.249739665,0.000000000,70.710678119,70.622120452,-0.707106781,0.707106781,0.000000000
65,0.032500000,325.000000000,13.544679751,0.325775009,149.745500147,50.254499853,0.000000000,70.710678119,70.622120452,-0.707106781,0.707106781,0.000000000
66,0.033000000,330.000000000,13.708429751,0.332588182,149.740682506,50.259317494,0.000000000,70.710678119,70.622120452,-0.707106781,0.707106781,0.000000000
67,0.033500000,335.000000000,13.874679751,0.339483855,149.735806528,50.264193472,0.000000000,70.710678119,70.622120452,-0.707106781,0.707106781,0.000000000
68,0.034000000,340.000000000,14.043429751,0.346463278,149.730871331,50.269128669,0.000000000,70.710678119,70.622120452,-0.707106781,0.707106781,0.000000000
69,0.034500000,345.000000000,14.214679751,0.353527701,149.725876029,50.274123971,0.000000000,70.710678119,70.622120452,-0.707106781,0.707106781,0.000000000
70,0.035000000,350.000000000,14.388429751,0.360678375,149.720819740,50.279180260,0.000000000,70.710678119,70.622120452,-0.707106781,0.707106781,0.000000000
71,0.035500000,355.000000000,14.564679751,0.367916548,149.715701579,50.284298421,0.000000000,70.710678119,70.622120452,-0.707106781,0.707106781,0.000000000
72,0.036000000,360.000000000,14.743429751,0.375243471,149.710520661,50.289479339,0.000000000,70.710678119,70.622120452,-0.707106781,0.707106781,0.000000000
73,0.036500000,365.000000000,14.924679751,0.382660394,149.705276105,50.294723895,0.000000000,70.710678119,70.622120452,-0.707106781,0.707106781,0.000000000
74,0.037000000,370.000000000,15.108429751,0.390168567,149.699967025,50.300032975,0.000000000,70.710678119,70.622120452,-0.707106781,0.707106781,0.000000000
75,0.037500000,375.000000000,15.294679751,0.397769241,149.694592537,50.305407463,0.000000000,70.710678119,70.622120452,-0.707106781,0.707106781,0.000000000
76,0.038000000,380.000000000,15.483429751,0.405463664,149.689151758,50.310848242,0.000000000,70.710678119,70.622120452,-0.707106781,0.707106781,0.000000000
77,0.038500000,385.000000000,15.674679751,0.413253087,149.683643804,50.316356196,0.000000000,70.710678119,70.622120452,-0.707106781,0.707106781,0.000000000
78,0.039000000,390.000000000,15.868429751,0.421138760,149.678067791,50.321932209,0.000000000,70.710678119,70.622120452,-0.707106781,0.707106781,0.000000000
79,0.039500000,395.000000000,16.064679751,0.429121933,149.672422835,50.327577165,0.000000000,70.710678119,70.622120452,-0.707106781,0.707106781,0.000000000
80,0.040000000,400.000000000,16.263429751,0.437203857,149.666708053,50.333291947,0.000000000,70.710678119,70.622120452,-0.707106781,0.707106781,0.000000000
81,0.040500000,405.000000000,16.464679751,0.445385780,149.660922559,50.339077441,0.000000000,70.710678119,70.622120452,-0.707106781,0.707106781,0.000000000
82,0.041000000,410.000000000,16.668429751,0.453668953,149.655065471,50.344934529,0.000000000,70.710678119,70.622120452,-0.707106781,0.707106781,0.000000000
83,0.041500000,415.000000000,16.874679751,0.462054626,149.649135905,50.350864095,0.000000000,70.710678119,70.622120452,-0.707106781,0.707106781,0.000000000
84,0.042000000,420.000000000,17.083429751,0.470544050,149.643132976,50.356867024,0.000000000,70.710678119,70.622120452,-0.707106781,0.707106781,0.000000000
85,0.042500000,425.000000000,17.294679751,0.479138473,149.637055801,50.362944199,0.000000000,70.710678119,70.622120452,-0.707106781,0.707106781,0.000000000
86,0.043000000,430.000000000,17.508429751,0.487839146,149.630903496,50.369096504,0.000000000,70.710678119,70.622120452,-0.707106781,0.707106781,0.000000000
87,0.043500000,435.000000000,17.724679751,0.496647319,149.624675177,50.375324823,0.000000000,70.710678119,70.622120452,-0.707106781,0.707106781,0.000000000
88,0.044000000,440.000000000,17.943429751,0.505564242,149.618369960,50.381630040,0.000000000,70.710678119,70.622120452,-0.707106781,0.707106781,0.000000000
89,0.044500000,445.000000000,18.164679751,0.514591166,149.611986962,50.388013038,0.000000000,70.710678119,70.622120452,-0.707106781,0.707106781,0.000000000
90,0.045000000,450.000000000,18.388429751,0.523729339,149.605525297,50.394474703,0.000000000,70.710678119,70.622120452,-0.707106781,0.707106781,0.000000000
91,0.045500000,455.000000000,18.614679751,0.532980012,149.598984084,50.401015916,0.000000000,70.710678119,70.622120452,-0.707106781,0.707106781,0.000000000
92,0.046000000,460.000000000,18.843429751,0.542344435,149.592362437,50.407637563,0.000000000,70.710678119,70.622120452,-0.707106781,0.707106781,0.000000000
93,0.046500000,465.000000000,19.074679751,0.551823858,149.585659472,50.414340528,0.000000000,70.710678119,70.622120452,-0.707106781,0.707106781,0.000000000
94,0.047000000,470.000000000,19.308429751,0.561419532,149.578874306,50.421125694,0.000000000,70.710678119,70.622120452,-0.707106781,0.707106781,0.000000000
95,0.047500000,475.000000000,19.544679751,0.571132705,149.572006056,50.427993944,0.000000000,70.710678119,70.622120452,-0.707106781,0.707106781,0.000000000
96,0.048000000,480.000000000,19.783429751,0.580964628,149.565053836,50.434946164,0.000000000,70.710678119,70.622120452,-0.707106781,0.707106781,0.000000000
97,0.048500000,485.000000000,20.024679751,0.590916551,149.558016764,50.441983236,0.000000000,70.710678119,70.622120452,-0.707106781,0.707106781,0.000000000
98,0.049000000,490.000000000,20.268429751,0.600989724,149.550893955,50.449106045,0.000000000,70.710678119,70.622120452,-0.707106781,0.707106781,0.000000000
99,0.049500000,495.000000000,20.514679751,0.611185398,149.543684525,50.456315475,0.000000000,70.710678119,70.622120452,-0.707106781,0.707106781,0.000000000
100,0.050000000,500.000000000,20.763429751,0.621504821,149.536387591,50.463612409,0.000000000,70.710678119,70.622120452,-0.707106781,0.707106781,0.000000000
101,0.050500000,505.000000000,21.014679751,0.631949244,149.529002269,50.470997731,0.000000000,70.710678119,70.622120452,-0.707106781,0.707106781,0.000000000
102,0.051000000,510.000000000,21.268429751,0.642519917,149.521527674,50.478472326,0.000000000,70.710678119,70.622120452,-0.707106781,0.707106781,0.000000000
103,0.051500000,515.000000000,21.524679751,0.653218091,149.513962923,50.486037077,0.000000000,70.710678119,70.622120452,-0.707106781,0.707106781,0.000000000
104,0.052000000,520.000000000,21.783429751,0.664045014,149.506307132,50.493692868,0.000000000,70.710678119,70.622120452,-0.707106781,0.707106781,0.000000000
105,0.052500000,525.000000000,22.044679751,0.675001937,149.498559417,50.501440583,0.000000000,70.710678119,70.622120452,-0.707106781,0.707106781,0.000000000
106,0.053000000,530.000000000,22.308429751,0.686090110,149.490718895,50.509281105,0.000000000,70.710678119,70.622120452,-0.707106781,0.707106781,0.000000000
107,0.053500000,535.000000000,22.574679751,0.697310783,149.482784681,50.517215319,0.000000000,70.710678119,70.622120452,-0.707106781,0.707106781,0.000000000
108,0.054000000,540.000000000,22.843429751,0.708665207,149.474755891,50.525244109,0.000000000,70.710678119,70.622120452,-0.707106781,0.707106781,0.000000000
109,0.054500000,545.000000000,23.114679751,0.720154630,149.466631642,50.533368358,0.000000000,70.710678119,70.622120452,-0.707106781,0.707106781,0.000000000
110,0.055000000,550.000000000,23.388429751,0.731780303,149.458411050,50.541588950,0.000000000,70.710678119,70.622120452,-0.707106781,0.707106781,0.000000000
111,0.055500000,555.000000000,23.664679751,0.743543476,149.450093230,50.549906770,0.000000000,70.710678119,70.622120452,-0.707106781,0.707106781,0.000000000
112,0.056000000,560.000000000,23.943429751,0.755445399,149.441677300,50.558322700,0.000000000,70.710678119,70.622120452,-0.707106781,0.707106781,0.000000000
113,0.056500000,565.000000000,24.224679751,0.767487323,149.433162374,50.566837626,0.000000000,70.710678119,70.622120452,-0.707106781,0.707106781,0.000000000
114,0.057000000,570.000000000,24.508429751,0.779670496,149.424547570,50.575452430,0.000000000,70.710678119,70.622120452,-0.707106781,0.707106781,0.000000000
115,0.057500000,575.000000000,24.794679751,0.791996169,149.415832003,50.584167997,0.000000000,70.710678119,70.622120452,-0.707106781,0.707106781,0.000000000
116,0.058000000,580.000000000,25.083429751,0.804465592,149.407014789,50.592985211,0.000000000,70.710678119,70.622120452,-0.707106781,0.707106781,0.000000000
117,0.058500000,585.000000000,25.374679751,0.817080015,149.398095045,50.601904955,0.000000000,70.710678119,70.622120452,-0.707106781,0.707106781,0.000000000
118,0.059000000,590.000000000,25.668429751,0.829840689,149.389071886,50.610928114,0.000000000,70.710678119,70.622120452,-0.707106781,0.707106781,0.000000000
119,0.059500000,595.000000000,25.964679751,0.842748862,149.379944429,50.620055571,0.000000000,70.710678119,70.622120452,-0.707106781,0.707106781,0.000000000
120,0.060000000,600.000000000,26.263429751,0.855805785,149.370711790,50.629288210,0.000000000,70.710678119,70.622120452,-0.707106781,0.707106781,0.000000000
121,0.060500000,605.000000000,26.564679751,0.869012708,149.361373085,50.638626915,0.000000000,70.710678119,70.622120452,-0.707106781,0.707106781,0.000000000
122,0.061000000,610.000000000,26.868429751,0.882370881,149.351927431,50.648072569,0.000000000,70.710678119,70.622120452,-0.707106781,0.707106781,0.000000000
123,0.061500000,615.000000000,27.174679751,0.895881555,149.342373942,50.657626058,0.000000000,70.710678119,70.622120452,-0.707106781,0.707106781,0.000000000
124,0.062000000,620.000000000,27.483429751,0.909545978,149.332711736,50.667288264,0.000000000,70.710678119,70.622120452,-0.707106781,0.707106781,0.000000000
125,0.062500000,625.000000000,27.794679751,0.923365401,149.322939928,50.677060072,0.000000000,70.710678119,70.622120452,-0.707106781,0.707106781,0.000000000
126,0.063000000,630.000000000,28.108429751,0.937341074,149.313057634,50.686942366,0.000000000,70.710678119,70.622120452,-0.707106781,0.707106781,0.000000000
127,0.063500000,635.000000000,28.424679751,0.951474248,149.303063972,50.696936028,0.000000000,70.710678119,70.622120452,-0.707106781,0.707106781,0.000000000
128,0.064000000,640.000000000,28.743429751,0.965766171,149.292958056,50.707041944,0.000000000,70.710678119,70.622120452,-0.707106781,0.707106781,0.000000000
129,0.064500000,645.000000000,29.064679751,0.980218094,149.282739003,50.717260997,0.000000000,70.710678119,70.622120452,-0.707106781,0.707106781,0.000000000
130,0.065000000,650.000000000,29.388429751,0.994831267,149.272405929,50.727594071,0.000000000,70.710678119,70.622120452,-0.707106781,0.707106781,0.000000000
131,0.065500000,655.000000000,29.714679751,1.009606940,149.261957951,50.738042049,0.000000000,70.710678119,70.622120452,-0.707106781,0.707106781,0.000000000
132,0.066000000,660.000000000,30.043429751,1.024546364,149.251394183,50.748605817,0.000000000,70.710678119,70.622120452,-0.707106781,0.707106781,0.000000000
133,0.066500000,665.000000000,30.374679751,1.039650787,149.240713743,50.759286257,0.000000000,70.710678119,70.622120452,-0.707106781,0.707106781,0.000000000
134,0.067000000,670.000000000,30.708429751,1.054921460,149.229915746,50.770084254,0.000000000,70.710678119,70.622120452,-0.707106781,0.707106781,0.000000000
135,0.067500000,675.000000000,31.044679751,1.070359633,149.218999309,50.781000691,0.000000000,70.710678119,70.622120452,-0.707106781,0.707106781,0.000000000
136,0.068000000,680.000000000,31.383429751,1.085966556,149.207963548,50.792036452,0.000000000,70.710678119,70.622120452,-0.707106781,0.707106781,0.000000000
137,0.068500000,685.000000000,31.724679751,1.101743480,149.196807579,50.803192421,0.000000000,70.710678119,70.622120452,-0.707106781,0.707106781,0.000000000
138,0.069000000,690.000000000,32.068429751,1.117691653,149.185530517,50.814469483,0.000000000,70.710678119,70.622120452,-0.707106781,0.707106781,0.000000000
139,0.069500000,695.000000000,32.414679751,1.133812326,149.174131480,50.825868520,0.000000000,70.710678119,70.622120452,-0.707106781,0.707106781,0.000000000
140,0.070000000,700.000000000,32.763429751,1.150106749,149.162609583,50.837390417,0.000000000,70.710678119,70.622120452,-0.707106781,0.707106781,0.000000000
141,0.070500000,705.000000000,33.114679751,1.166576172,149.150963942,50.849036058,0.000000000,70.710678119,70.622120452,-0.707106781,0.707106781,0.000000000
142,0.071000000,710.000000000,33.468429751,1.183221846,149.139193674,50.860806326,0.000000000,70.710678119,70.622120452,-0.707106781,0.707106781,0.000000000
143,0.071500000,715.000000000,33.824679751,1.200045019,149.127297894,50.872702106,0.000000000,70.710678119,70.622120452,-0.707106781,0.707106781,0.000000000
144,0.072000000,720.000000000,34.183429751,1.217046942,149.115275719,50.884724281,0.000000000,70.710678119,70.622120452,-0.707106781,0.707106781,0.000000000
145,0.072500000,725.000000000,34.544679751,1.234228865,149.103126264,50.896873736,0.000000000,70.710678119,70.622120452,-0.707106781,0.707106781,0.000000000
146,0.073000000,730.000000000,34.908429751,1.251592038,149.090848647,50.909151353,0.000000000,70.710678119,70.622120452,-0.707106781,0.707106781,0.000000000
147,0.073500000,735.000000000,35.274679751,1.269137712,149.078441982,50.921558018,0.000000000,70.710678119,70.622120452,-0.707106781,0.707106781,0.000000000
148,0.074000000,740.000000000,35.643429751,1.286867135,149.065905387,50.934094613,0.000000000,70.710678119,70.622120452,-0.707106781,0.707106781,0.000000000
149,0.074500000,745.000000000,36.014679751,1.304781558,149.053237977,50.946762023,0.000000000,70.710678119,70.622120452,-0.707106781,0.707106781,0.000000000
150,0.075000000,750.000000000,36.388429751,1.322882231,149.040438868,50.959561132,0.000000000,70.710678119,70.622120452,-0.707106781,0.707106781,0.000000000
151,0.075500000,755.000000000,36.764679751,1.341170405,149.027507177,50.972492823,0.000000000,70.710678119,70.622120452,-0.707106781,0.707106781,0.000000000
152,0.076000000,760.000000000,37.143429751,1.359647328,149.014442019,50.985557981,0.000000000,70.710678119,70.622120452,-0.707106781,0.707106781,0.000000000
153,0.076500000,765.000000000,37.524679751,1.378314251,149.001242511,50.998757489,0.000000000,70.710678119,70.622120452,-0.707106781,0.707106781,0.000000000
154,0.077000000,770.000000000,37.908429751,1.397172424,148.987907769,51.012092231,0.000000000,70.710678119,70.622120452,-0.707106781,0.707106781,0.000000000
155,0.077500000,775.000000000,38.294679751,1.416223097,148.974436909,51.025563091,0.000000000,70.710678119,70.622120452,-0.707106781,0.707106781,0.000000000
156,0.078000000,780.000000000,38.683429751,1.435467521,148.960829046,51.039170954,0.000000000,70.710678119,70.622120452,-0.707106781,0.707106781,0.000000000
157,0.078500000,785.000000000,39.074679751,1.454906944,148.947083298,51.052916702,0.000000000,70.710678119,70.622120452,-0.707106781,0.707106781,0.000000000
158,0.079000000,790.000000000,39.468429751,1.474542617,148.933198781,51.066801219,0.000000000,70.710678119,70.622120452,-0.707106781,0.707106781,0.000000000
159,0.079500000,795.000000000,39.864679751,1.494375790,148.919174609,51.080825391,0.000000000,70.710678119,70.622120452,-0.707106781,0.707106781,0.000000000
160,0.080000000,800.000000000,40.263429751,1.514407713,148.905009901,51.094990099,0.000000000,70.710678119,70.622120452,-0.707106781,0.707106781,0.000000000
161,0.080500000,805.000000000,40.664679751,1.534639637,148.890703771,51.109296229,0.000000000,70.710678119,70.622120452,-0.707106781,0.707106781,0.000000000
162,0.081000000,810.000000000,41.068429751,1.555072810,148.876255335,51.123744665,0.000000000,70.710678119,70.622120452,-0.707106781,0.707106781,0.000000000
163,0.081500000,815.000000000,41.474679751,1.575708483,148.861663711,51.138336289,0.000000000,70.710678119,70.622120452,-0.707106781,0.707106781,0.000000000
164,0.082000000,820.000000000,41.883429751,1.596547906,148.846928013,51.153071987,0.000000000,70.710678119,70.622120452,-0.707106781,0.707106781,0.000000000
165,0.082500000,825.000000000,42.294679751,1.617592329,148.832047359,51.167952641,0.000000000,70.710678119,70.622120452,-0.707106781,0.707106781,0.000000000
166,0.083000000,830.000000000,42.708429751,1.638843003,148.817020864,51.182979136,0.000000000,70.710678119,70.622120452,-0.707106781,0.707106781,0.000000000
167,0.083500000,835.000000000,43.124679751,1.660301176,148.801847644,51.198152356,0.000000000,70.710678119,70.622120452,-0.707106781,0.707106781,0.000000000
168,0.084000000,840.000000000,43.543429751,1.681968099,148.786526816,51.213473184,0.000000000,70.710678119,70.622120452,-0.707106781,0.707106781,0.000000000
169,0.084500000,845.000000000,43.964679751,1.703845022,148.771057495,51.228942505,0.000000000,70.710678119,70.622120452,-0.707106781,0.707106781,0.000000000
170,0.085000000,850.000000000,44.388429751,1.725933195,148.755438798,51.244561202,0.000000000,70.710678119,70.622120452,-0.707106781,0.707106781,0.000000000
171,0.085500000,855.000000000,44.814679751,1.748233869,148.739669841,51.260330159,0.000000000,70.710678119,70.622120452,-0.707106781,0.707106781,0.000000000
172,0.086000000,860.000000000,45.243429751,1.770748292,148.723749739,51.276250261,0.000000000,70.710678119,70.622120452,-0.707106781,0.707106781,0.000000000
173,0.086500000,865.000000000,45.674679751,1.793477715,148.707677610,51.292322390,0.000000000,70.710678119,70.622120452,-0.707106781,0.707106781,0.000000000
174,0.087000000,870.000000000,46.108429751,1.816423388,148.691452569,51.308547431,0.000000000,70.710678119,70.622120452,-0.707106781,0.707106781,0.000000000
175,0.087500000,875.000000000,46.544679751,1.839586562,148.675073732,51.324926268,0.000000000,70.710678119,70.622120452,-0.707106781,0.707106781,0.000000000
176,0.088000000,880.000000000,46.983429751,1.862968485,148.658540216,51.341459784,0.000000000,70.710678119,70.622120452,-0.707106781,0.707106781,0.000000000
177,0.088500000,885.000000000,47.424679751,1.886570408,148.641851136,51.358148864,0.000000000,70.710678119,70.622120452,-0.707106781,0.707106781,0.000000000
178,0.089000000,890.000000000,47.868429751,1.910393581,148.625005608,51.374994392,0.000000000,70.710678119,70.622120452,-0.707106781,0.707106781,0.000000000
179,0.089500000,895.000000000,48.314679751,1.934439254,148.608002750,51.391997250,0.000000000,70.710678119,70.622120452,-0.707106781,0.707106781,0.000000000
180,0.090000000,900.000000000,48.763429751,1.958708678,148.590841676,51.409158324,0.000000000,70.710678119,70.622120452,-0.707106781,0.707106781,0.000000000
181,0.090500000,905.000000000,49.214679751,1.983203101,148.573521503,51.426478497,0.000000000,70.710678119,70.622120452,-0.707106781,0.707106781,0.000000000
182,0.091000000,910.000000000,49.668429751,2.007923774,148.556041348,51.443958652,0.000000000,70.710678119,70.622120452,-0.707106781,0.707106781,0.000000000
183,0.091500000,915.000000000,50.124679751,2.032871947,148.538400325,51.461599675,0.000000000,70.710678119,70.622120452,-0.707106781,0.707106781,0.000000000
184,0.092000000,920.000000000,50.583429751,2.058048870,148.520597552,51.479402448,0.000000000,70.710678119,70.622120452,-0.707106781,0.707106781,0.000000000
185,0.092500000,925.000000000,51.044679751,2.083455794,148.502632144,51.497367856,0.000000000,70.710678119,70.622120452,-0.707106781,0.707106781,0.000000000
186,0.093000000,930.000000000,51.508429751,2.109093967,148.484503218,51.515496782,0.000000000,70.710678119,70.622120452,-0.707106781,0.707106781,0.000000000
187,0.093500000,935.000000000,51.974679751,2.134964640,148.466209890,51.533790110,0.000000000,70.710678119,70.622120452,-0.707106781,0.707106781,0.000000000
188,0.094000000,940.000000000,52.443429751,2.161069063,148.447751275,51.552248725,0.000000000,70.710678119,70.622120452,-0.707106781,0.707106781,0.000000000
189,0.094500000,945.000000000,52.914679751,2.187408486,148.429126490,51.570873510,0.000000000,70.710678119,70.622120452,-0.707106781,0.707106781,0.000000000
190,0.095000000,950.000000000,53.388429751,2.213984160,148.410334652,51.589665348,0.000000000,70.710678119,70.622120452,-0.707106781,0.707106781,0.000000000
191,0.095500000,955.000000000,53.864679751,2.240797333,148.391374875,51.608625125,0.000000000,70.710678119,70.622120452,-0.707106781,0.707106781,0.000000000
192,0.096000000,955.584195478,54.342942268,2.267849220,148.372246302,51.627753698,0.000000000,70.710678119,70.622120452,-0.707106781,0.707106781,0.000000000
193,0.096500000,950.584195478,54.819484365,2.295139931,148.352948855,51.647051145,0.000000000,70.710678119,70.622120452,-0.707106781,0.707106781,0.000000000
194,0.097000000,945.584195478,55.293526463,2.322668288,148.333483368,51.666516632,0.000000000,70.710678119,70.622120452,-0.707106781,0.707106781,0.000000000
195,0.097500000,940.584195478,55.765068561,2.350433041,148.313850722,51.686149278,0.000000000,70.710678119,70.622120452,-0.707106781,0.707106781,0.000000000
196,0.098000000,935.584195478,56.234110659,2.378432940,148.294051804,51.705948196,0.000000000,70.710678119,70.622120452,-0.707106781,0.707106781,0.000000000
197,0.098500000,930.584195478,56.700652756,2.406666735,148.274087496,51.725912504,0.000000000,70.710678119,70.622120452,-0.707106781,0.707106781,0.000000000
198,0.099000000,925.584195478,57.164694854,2.435133176,148.253958683,51.746041317,0.000000000,70.710678119,70.622120452,-0.707106781,0.707106781,0.000000000
199,0.099500000,920.584195478,57.626236952,2.463831013,148.233666247,51.766333753,0.000000000,70.710678119,70.622120452,-0.707106781,0.707106781,0.000000000
200,0.100000000,915.584195478,58.085279050,2.492758996,148.213211074,51.786788926,0.000000000,70.710678119,70.622120452,-0.707106781,0.707106781,0.000000000
201,0.100500000,910.584195478,58.541821147,2.521915875,148.192594047,51.807405953,0.000000000,70.710678119,70.622120452,-0.707106781,0.707106781,0.000000000
202,0.101000000,905.584195478,58.995863245,2.551300401,148.171816050,51.828183950,0.000000000,70.710678119,70.622120452,-0.707106781,0.707106781,0.000000000
203,0.101500000,900.584195478,59.447405343,2.580911322,148.150877967,51.849122033,0.000000000,70.710678119,70.622120452,-0.707106781,0.707106781,0.000000000
204,0.102000000,895.584195478,59.896447440,2.610747389,148.129780681,51.870219319,0.000000000,70.710678119,70.622120452,-0.707106781,0.707106781,0.000000000
205,0.102500000,890.584195478,60.342989538,2.640807353,148.108525077,51.891474923,0.000000000,70.710678119,70.622120452,-0.707106781,0.707106781,0.000000000
206,0.103000000,885.584195478,60.787031636,2.671089962,148.087112039,51.912887961,0.000000000,70.710678119,70.622120452,-0.707106781,0.707106781,0.000000000
207,0.103500000,880.584195478,61.228573734,2.701593968,148.065542450,51.934457550,0.000000000,70.710678119,70.622120452,-0.707106781,0.707106781,0.000000000
208,0.104000000,875.584195478,61.667615831,2.732318119,148.043817194,51.956182806,0.000000000,70.710678119,70.622120452,-0.707106781,0.707106781,0.000000000
209,0.104500000,870.584195478,62.104157929,2.763261167,148.021937155,51.978062845,0.000000000,70.710678119,70.622120452,-0.707106781,0.707106781,0.000000000
210,0.105000000,865.584195478,62.538200027,2.794421861,147.999903217,52.000096783,0.000000000,70.710678119,70.622120452,-0.707106781,0.707106781,0.000000000
211,0.105500000,860.584195478,62.969742125,2.825798950,147.977716264,52.022283736,0.000000000,70.710678119,70.622120452,-0.707106781,0.707106781,0.000000000
212,0.106000000,855.584195478,63.398784222,2.857391186,147.955377180,52.044622820,0.000000000,70.710678119,70.622120452,-0.707106781,0.707106781,0.000000000
213,0.106500000,850.584195478,63.825326320,2.889197318,147.932886849,52.067113151,0.000000000,70.710678119,70.622120452,-0.707106781,0.707106781,0.000000000
214,0.107000000,845.584195478,64.249368418,2.921216096,147.910246154,52.089753846,0.000000000,70.710678119,70.622120452,-0.707106781,0.707106781,0.000000000
215,0.107500000,840.584195478,64.670910516,2.953446270,147.887455979,52.112544021,0.000000000,70.710678119,70.622120452,-0.707106781,0.707106781,0.000000000
216,0.108000000,835.584195478,65.089952613,2.985886589,147.864517209,52.135482791,0.000000000,70.710678119,70.622120452,-0.707106781,0.707106781,0.000000000
217,0.108500000,830.584195478,65.506494711,3.018535805,147.841430727,52.158569273,0.000000000,70.710678119,70.622120452,-0.707106781,0.707106781,0.000000000
218,0.109000000,825.584195478,65.920536809,3.051392668,147.818197417,52.181802583,0.000000000,70.710678119,70.622120452,-0.707106781,0.707106781,0.000000000
219,0.109500000,820.584195478,66.332078907,3.084455926,147.794818163,52.205181837,0.000000000,70.710678119,70.622120452,-0.707106781,0.707106781,0.000000000
220,0.110000000,815.584195478,66.741121004,3.117724330,147.771293849,52.228706151,0.000000000,70.710678119,70.622120452,-0.707106781,0.707106781,0.000000000
221,0.110500000,810.584195478,67.147663102,3.151196630,147.747625358,52.252374642,0.000000000,70.710678119,70.622120452,-0.707106781,0.707106781,0.000000000
222,0.111000000,805.584195478,67.551705200,3.184871576,147.723813576,52.276186424,0.000000000,70.710678119,70.622120452,-0.707106781,0.707106781,0.000000000
223,0.111500000,800.584195478,67.953247298,3.218747919,147.699859384,52.300140616,0.000000000,70.710678119,70.622120452,-0.707106781,0.707106781,0.000000000
224,0.112000000,795.584195478,68.352289395,3.252824407,147.675763668,52.324236332,0.000000000,70.710678119,70.622120452,-0.707106781,0.707106781,0.000000000
225,0.112500000,790.584195478,68.748831493,3.287099791,147.651527312,52.348472688,0.000000000,70.710678119,70.622120452,-0.707106781,0.707106781,0.000000000
226,0.113000000,785.584195478,69.142873591,3.321572822,147.627151198,52.372848802,0.000000000,70.710678119,70.622120452,-0.707106781,0.707106781,0.000000000
227,0.113500000,780.584195478,69.534415688,3.356242248,147.602636211,52.397363789,0.000000000,70.710678119,70.622120452,-0.707106781,0.707106781,0.000000000
228,0.114000000,775.584195478,69.923457786,3.391106821,147.577983236,52.422016764,0.000000000,70.710678119,70.622120452,-0.707106781,0.707106781,0.000000000
229,0.114500000,770.584195478,70.309999884,3.426165289,147.553193155,52.446806845,0.000000000,70.710678119,70.622120452,-0.707106781,0.707106781,0.000000000
230,0.115000000,765.584195478,70.694041982,3.461416404,147.528266853,52.471733147,0.000000000,70.710678119,70.622120452,-0.707106781,0.707106781,0.000000000
231,0.115500000,760.584195478,71.075584079,3.496858915,147.503205213,52.496794787,0.000000000,70.710678119,70.622120452,-0.707106781,0.707106781,0.000000000
232,0.116000000,755.584195478,71.454626177,3.532491571,147.478009120,52.521990880,0.000000000,70.710678119,70.622120452,-0.707106781,0.707106781,0.000000000
233,0.116500000,750.584195478,71.831168275,3.568313124,147.452679457,52.547320543,0.000000000,70.710678119,70.622120452,-0.707106781,0.707106781,0.000000000
234,0.117000000,745.584195478,72.205210373,3.604322323,147.427217108,52.572782892,0.000000000,70.710678119,70.622120452,-0.707106781,0.707106781,0.000000000
235,0.117500000,740.584195478,72.576752470,3.640517918,147.401622958,52.598377042,0.000000000,70.710678119,70.622120452,-0.707106781,0.707106781,0.000000000
236,0.118000000,735.584195478,72.945794568,3.676898659,147.375897889,52.624102111,0.000000000,70.710678119,70.622120452,-0.707106781,0.707106781,0.000000000
237,0.118500000,730.584195478,73.312336666,3.713463296,147.350042786,52.649957214,0.000000000,70.710678119,70.622120452,-0.707106781,0.707106781,0.000000000
238,0.119000000,725.584195478,73.676378764,3.750210579,147.324058533,52.675941467,0.000000000,70.710678119,70.622120452,-0.707106781,0.707106781,0.000000000
239,0.119500000,720.584195478,74.037920861,3.787139258,147.297946014,52.702053986,0.000000000,70.710678119,70.622120452,-0.707106781,0.707106781,0.000000000
240,0.120000000,715.584195478,74.396962959,3.824248083,147.271706112,52.728293888,0.000000000,70.710678119,70.622120452,-0.707106781,0.707106781,0.000000000
241,0.120500000,710.584195478,74.753505057,3.861535804,147.245339712,52.754660288,0.000000000,70.710678119,70.622120452,-0.707106781,0.707106781,0.000000000
242,0.121000000,705.584195478,75.107547155,3.899001171,147.218847696,52.781152304,0.000000000,70.710678119,70.622120452,-0.707106781,0.707106781,0.000000000
243,0.121500000,700.584195478,75.459089252,3.936642935,147.192230950,52.807769050,0.000000000,70.710678119,70.622120452,-0.707106781,0.707106781,0.000000000
244,0.122000000,695.584195478,75.808131350,3.974459844,147.165490357,52.834509643,0.000000000,70.710678119,70.622120452,-0.707106781,0.707106781,0.000000000
245,0.122500000,690.584195478,76.154673448,4.012450649,147.138626801,52.861373199,0.000000000,70.710678119,70.622120452,-0.707106781,0.707106781,0.000000000
246,0.123000000,685.584195478,76.498715546,4.050614101,147.111641166,52.888358834,0.000000000,70.710678119,70.622120452,-0.707106781,0.707106781,0.000000000
247,0.123500000,680.584195478,76.840257643,4.088948948,147.084534335,52.915465665,0.000000000,70.710678119,70.622120452,-0.707106781,0.707106781,0.000000000
248,0.124000000,675.584195478,77.179299741,4.127453942,147.057307193,52.942692807,0.000000000,70.710678119,70.622120452,-0.707106781,0.707106781,0.000000000
249,0.124500000,670.584195478,77.515841839,4.166127831,147.029960624,52.970039376,0.000000000,70.710678119,70.622120452,-0.707106781,0.707106781,0.000000000
250,0.125000000,665.584195478,77.849883936,4.204969367,147.002495510,52.997504490,0.000000000,70.710678119,70.622120452,-0.707106781,0.707106781,0.000000000
251,0.125500000,660.584195478,78.181426034,4.243977298,146.974912737,53.025087263,0.000000000,70.710678119,70.622120452,-0.707106781,0.707106781,0.000000000
252,0.126000000,655.584195478,78.510468132,4.283150376,146.947213189,53.052786811,0.000000000,70.710678119,70.622120452,-0.707106781,0.707106781,0.000000000
253,0.126500000,650.584195478,78.837010230,4.322487350,146.919397748,53.080602252,0.000000000,70.710678119,70.622120452,-0.707106781,0.707106781,0.000000000
254,0.127000000,645.584195478,79.161052327,4.361986970,146.891467299,53.108532701,0.000000000,70.710678119,70.622120452,-0.707106781,0.707106781,0.000000000
255,0.127500000,640.584195478,79.482594425,4.401647986,146.863422725,53.136577275,0.000000000,70.710678119,70.622120452,-0.707106781,0.707106781,0.000000000
256,0.128000000,635.584195478,79.801636523,4.441469148,146.835264912,53.164735088,0.000000000,70.710678119,70.622120452,-0.707106781,0.707106781,0.000000000
257,0.128500000,630.584195478,80.118178621,4.481449205,146.806994742,53.193005258,0.000000000,70.710678119,70.622120452,-0.707106781,0.707106781,0.000000000
258,0.129000000,625.584195478,80.432220718,4.521586909,146.778613099,53.221386901,0.000000000,70.710678119,70.622120452,-0.707106781,0.707106781,0.000000000
259,0.129500000,620.584195478,80.743762816,4.561881010,146.750120868,53.249879132,0.000000000,70.710678119,70.622120452,-0.707106781,0.707106781,0.000000000
260,0.130000000,615.584195478,81.052804914,4.602330256,146.721518931,53.278481069,0.000000000,70.710678119,70.622120452,-0.707106781,0.707106781,0.000000000
261,0.130500000,610.584195478,81.359347012,4.642933398,146.692808174,53.307191826,0.000000000,70.710678119,70.622120452,-0.707106781,0.707106781,0.000000000
262,0.131000000,605.584195478,81.663389109,4.683689186,146.663989480,53.336010520,0.000000000,70.710678119,70.622120452,-0.707106781,0.707106781,0.000000000
263,0.131500000,600.584195478,81.964931207,4.724596370,146.635063733,53.364936267,0.000000000,70.710678119,70.622120452,-0.707106781,0.707106781,0.000000000
264,0.132000000,595.584195478,82.263973305,4.765653701,146.606031816,53.393968184,0.000000000,70.710678119,70.622120452,-0.707106781,0.707106781,0.000000000
265,0.132500000,590.584195478,82.560515403,4.806859927,146.576894614,53.423105386,0.000000000,70.710678119,70.622120452,-0.707106781,0.707106781,0.000000000
266,0.133000000,585.584195478,82.854557500,4.848213799,146.547653010,53.452346990,0.000000000,70.710678119,70.622120452,-0.707106781,0.707106781,0.000000000
267,0.133500000,580.584195478,83.146099598,4.889714068,146.518307889,53.481692111,0.000000000,70.710678119,70.622120452,-0.707106781,0.707106781,0.000000000
268,0.134000000,575.584195478,83.435141696,4.931359482,146.488860134,53.511139866,0.000000000,70.710678119,70.622120452,-0.707106781,0.707106781,0.000000000
269,0.134500000,570.584195478,83.721683794,4.973148793,146.459310629,53.540689371,0.000000000,70.710678119,70.622120452,-0.707106781,0.707106781,0.000000000
270,0.135000000,565.584195478,84.005725891,5.015080749,146.429660258,53.570339742,0.000000000,70.710678119,70.622120452,-0.707106781,0.707106781,0.000000000
271,0.135500000,560.584195478,84.287267989,5.057154102,146.399909905,53.600090095,0.000000000,70.710678119,70.622120452,-0.707106781,0.707106781,0.000000000
272,0.136000000,555.584195478,84.566310087,5.099367601,146.370060454,53.629939546,0.000000000,70.710678119,70.622120452,-0.707106781,0.707106781,0.000000000
273,0.136500000,550.584195478,84.842852184,5.141719995,146.340112789,53.659887211,0.000000000,70.710678119,70.622120452,-0.707106781,0.707106781,0.000000000
274,0.137000000,545.584195478,85.116894282,5.184210036,146.310067793,53.689932207,0.000000000,70.710678119,70.622120452,-0.707106781,0.707106781,0.000000000
275,0.137500000,540.584195478,85.388436380,5.226836473,146.279926350,53.720073650,0.000000000,70.710678119,70.622120452,-0.707106781,0.707106781,0.000000000
276,0.138000000,535.584195478,85.657478478,5.269598056,146.249689345,53.750310655,0.000000000,70.710678119,70.622120452,-0.707106781,0.707106781,0.000000000
277,0.138500000,530.584195478,85.924020575,5.312493535,146.219357661,53.780642339,0.000000000,70.710678119,70.622120452,-0.707106781,0.707106781,0.000000000
278,0.139000000,525.584195478,86.188062673,5.355521660,146.188932182,53.811067818,0.000000000,70.710678119,70.622120452,-0.707106781,0.707106781,0.000000000
279,0.139500000,520.584195478,86.449604771,5.398681181,146.158413792,53.841586208,0.000000000,70.710678119,70.622120452,-0.707106781,0.707106781,0.000000000
280,0.140000000,515.584195478,86.708646869,5.441970848,146.127803375,53.872196625,0.000000000,70.710678119,70.622120452,-0.707106781,0.707106781,0.000000000
281,0.140500000,510.584195478,86.965188966,5.485389411,146.097101814,53.902898186,0.000000000,70.710678119,70.622120452,-0.707106781,0.707106781,0.000000000
282,0.141000000,505.584195478,87.219231064,5.528935620,146.066309995,53.933690005,0.000000000,70.710678119,70.622120452,-0.707106781,0.707106781,0.000000000
283,0.141500000,500.584195478,87.470773162,5.572608225,146.035428799,53.964571201,0.000000000,70.710678119,70.622120452,-0.707106781,0.707106781,0.000000000
284,0.142000000,495.584195478,87.719815260,5.616405977,146.004459112,53.995540888,0.000000000,70.710678119,70.622120452,-0.707106781,0.707106781,0.000000000
285,0.142500000,490.584195478,87.966357357,5.660327624,145.973401818,54.026598182,0.000000000,70.710678119,70.622120452,-0.707106781,0.707106781,0.000000000
286,0.143000000,485.584195478,88.210399455,5.704371917,145.942257799,54.057742201,0.000000000,70.710678119,70.622120452,-0.707106781,0.707106781,0.000000000
287,0.143500000,480.584195478,88.451941553,5.748537607,145.911027941,54.088972059,0.000000000,70.710678119,70.622120452,-0.707106781,0.707106781,0.000000000
288,0.144000000,475.584195478,88.690983651,5.792823442,145.879713126,54.120286874,0.000000000,70.710678119,70.622120452,-0.707106781,0.707106781,0.000000000
289,0.144500000,470.584195478,88.927525748,5.837228174,145.848314239,54.151685761,0.000000000,70.710678119,70.622120452,-0.707106781,0.707106781,0.000000000
290,0.145000000,465.584195478,89.161567846,5.881750551,145.816832164,54.183167836,0.000000000,70.710678119,70.622120452,-0.707106781,0.707106781,0.000000000
291,0.145500000,460.584195478,89.393109944,5.926389325,145.785267785,54.214732215,0.000000000,70.710678119,70.622120452,-0.707106781,0.707106781,0.000000000
292,0.146000000,455.584195478,89.622152042,5.971143245,145.753621985,54.246378015,0.000000000,70.710678119,70.622120452,-0.707106781,0.707106781,0.000000000
293,0.146500000,450.584195478,89.848694139,6.016011060,145.721895648,54.278104352,0.000000000,70.710678119,70.622120452,-0.707106781,0.707106781,0.000000000
294,0.147000000,445.584195478,90.072736237,6.060991522,145.690089658,54.309910342,0.000000000,70.710678119,70.622120452,-0.707106781,0.707106781,0.000000000
295,0.147500000,440.584195478,90.294278335,6.106083380,145.658204900,54.341795100,0.000000000,70.710678119,70.622120452,-0.707106781,0.707106781,0.000000000
296,0.148000000,435.584195478,90.513320432,6.151285384,145.626242257,54.373757743,0.000000000,70.710678119,70.622120452,-0.707106781,0.707106781,0.000000000
297,0.148500000,430.584195478,90.729862530,6.196596284,145.594202612,54.405797388,0.000000000,70.710678119,70.622120452,-0.707106781,0.707106781,0.000000000
298,0.149000000,425.584195478,90.943904628,6.242014830,145.562086850,54.437913150,0.000000000,70.710678119,70.622120452,-0.707106781,0.707106781,0.000000000
299,0.149500000,420.584195478,91.155446726,6.287539772,145.529895855,54.470104145,0.000000000,70.710678119,70.622120452,-0.707106781,0.707106781,0.000000000
300,0.150000000,415.584195478,91.364488823,6.333169860,145.497630510,54.502369490,0.000000000,70.710678119,70.622120452,-0.707106781,0.707106781,0.000000000
301,0.150500000,410.584195478,91.571030921,6.378903844,145.465291700,54.534708300,0.000000000,70.710678119,70.622120452,-0.707106781,0.707106781,0.000000000
302,0.151000000,405.584195478,91.775073019,6.424740474,145.432880308,54.567119692,0.000000000,70.710678119,70.622120452,-0.707106781,0.707106781,0.000000000
303,0.151500000,400.584195478,91.976615117,6.470678500,145.400397218,54.599602782,0.000000000,70.710678119,70.622120452,-0.707106781,0.707106781,0.000000000
304,0.152000000,395.584195478,92.175657214,6.516716672,145.367843314,54.632156686,0.000000000,70.710678119,70.622120452,-0.707106781,0.707106781,0.000000000
305,0.152500000,390.584195478,92.372199312,6.562853741,145.335219480,54.664780520,0.000000000,70.710678119,70.622120452,-0.707106781,0.707106781,0.000000000
306,0.153000000,385.584195478,92.566241410,6.609088455,145.302526600,54.697473400,0.000000000,70.710678119,70.622120452,-0.707106781,0.707106781,0.000000000
307,0.153500000,380.584195478,92.757783508,6.655419565,145.269765558,54.730234442,0.000000000,70.710678119,70.622120452,-0.707106781,0.707106781,0.000000000
308,0.154000000,375.584195478,92.946825605,6.701845822,145.236937237,54.763062763,0.000000000,70.710678119,70.622120452,-0.707106781,0.707106781,0.000000000
309,0.154500000,370.584195478,93.133367703,6.748365974,145.204042522,54.795957478,0.000000000,70.710678119,70.622120452,-0.707106781,0.707106781,0.000000000
310,0.155000000,365.584195478,93.317409801,6.794978773,145.171082296,54.828917704,0.000000000,70.710678119,70.622120452,-0.707106781,0.707106781,0.000000000
311,0.155500000,360.584195478,93.498951899,6.841682967,145.138057443,54.861942557,0.000000000,70.710678119,70.622120452,-0.707106781,0.707106781,0.000000000
312,0.156000000,355.584195478,93.677993996,6.888477308,145.104968848,54.895031152,0.000000000,70.710678119,70.622120452,-0.707106781,0.707106781,0.000000000
313,0.156500000,350.584195478,93.854536094,6.935360545,145.071817393,54.928182607,0.000000000,70.710678119,70.622120452,-0.707106781,0.707106781,0.000000000
314,0.157000000,345.584195478,94.028578192,6.982331428,145.038603963,54.961396037,0.000000000,70.710678119,70.622120452,-0.707106781,0.707106781,0.000000000
315,0.157500000,340.584195478,94.200120290,7.029388706,145.005329443,54.994670557,0.000000000,70.710678119,70.622120452,-0.707106781,0.707106781,0.000000000
316,0.158000000,335.584195478,94.369162387,7.076531131,144.971994714,55.028005286,0.000000000,70.710678119,70.622120452,-0.707106781,0.707106781,0.000000000
317,0.158500000,330.584195478,94.535704485,7.123757452,144.938600662,55.061399338,0.000000000,70.710678119,70.622120452,-0.707106781,0.707106781,0.000000000
318,0.159000000,325.584195478,94.699746583,7.171066419,144.905148171,55.094851829,0.000000000,70.710678119,70.622120452,-0.707106781,0.707106781,0.000000000
319,0.159500000,320.584195478,94.861288680,7.218456782,144.871638124,55.128361876,0.000000000,70.710678119,70.622120452,-0.707106781,0.707106781,0.000000000
320,0.160000000,315.584195478,95.020330778,7.265927291,144.838071405,55.161928595,0.000000000,70.710678119,70.622120452,-0.707106781,0.707106781,0.000000000
321,0.160500000,310.584195478,95.176872876,7.313476696,144.804448899,55.195551101,0.000000000,70.710678119,70.622120452,-0.707106781,0.707106781,0.000000000
322,0.161000000,305.584195478,95.330914974,7.361103747,144.770771488,55.229228512,0.000000000,70.710678119,70.622120452,-0.707106781,0.707106781,0.000000000
323,0.161500000,300.584195478,95.482457071,7.408807194,144.737040057,55.262959943,0.000000000,70.710678119,70.622120452,-0.707106781,0.707106781,0.000000000
324,0.162000000,295.584195478,95.631499169,7.456585788,144.703255489,55.296744511,0.000000000,70.710678119,70.622120452,-0.707106781,0.707106781,0.000000000
325,0.162500000,290.584195478,95.778041267,7.504438277,144.669418670,55.330581330,0.000000000,70.710678119,70.622120452,-0.707106781,0.707106781,0.000000000
326,0.163000000,285.584195478,95.922083365,7.552363412,144.635530482,55.364469518,0.000000000,70.710678119,70.622120452,-0.707106781,0.707106781,0.000000000
327,0.163500000,280.584195478,96.063625462,7.600359944,144.601591809,55.398408191,0.000000000,70.710678119,70.622120452,-0.707106781,0.707106781,0.000000000
328,0.164000000,275.584195478,96.202667560,7.648426621,144.567603535,55.432396465,0.000000000,70.710678119,70.622120452,-0.707106781,0.707106781,0.000000000
329,0.164500000,270.584195478,96.339209658,7.696562194,144.533566545,55.466433455,0.000000000,70.710678119,70.622120452,-0.707106781,0.707106781,0.000000000
330,0.165000000,265.584195478,96.473251756,7.744765414,144.499481721,55.500518279,0.000000000,70.710678119,70.622120452,-0.707106781,0.707106781,0.000000000
331,0.165500000,260.584195478,96.604793853,7.793035030,144.465349949,55.534650051,0.000000000,70.710678119,70.622120452,-0.707106781,0.707106781,0.000000000
332,0.166000000,255.584195478,96.733835951,7.841369791,144.431172111,55.568827889,0.000000000,70.710678119,70.622120452,-0.707106781,0.707106781,0.000000000
333,0.166500000,250.584195478,96.860378049,7.889768449,144.396949092,55.603050908,0.000000000,70.710678119,70.622120452,-0.707106781,0.707106781,0.000000000
334,0.167000000,245.584195478,96.984420147,7.938229753,144.362681776,55.637318224,0.000000000,70.710678119,70.622120452,-0.707106781,0.707106781,0.000000000
335,0.167500000,240.584195478,97.105962244,7.986752452,144.328371046,55.671628954,0.000000000,70.710678119,70.622120452,-0.707106781,0.707106781,0.000000000
336,0.168000000,235.584195478,97.225004342,8.035335298,144.294017786,55.705982214,0.000000000,70.710678119,70.622120452,-0.707106781,0.707106781,0.000000000
337,0.168500000,230.584195478,97.341546440,8.083977040,144.259622880,55.740377120,0.000000000,70.710678119,70.622120452,-0.707106781,0.707106781,0.000000000
338,0.169000000,225.584195478,97.455588538,8.132676428,144.225187213,55.774812787,0.000000000,70.710678119,70.622120452,-0.707106781,0.707106781,0.000000000
339,0.169500000,220.584195478,97.567130635,8.181432212,144.190711668,55.809288332,0.000000000,70.710678119,70.622120452,-0.707106781,0.707106781,0.000000000
340,0.170000000,215.584195478,97.676172733,8.230243142,144.156197128,55.843802872,0.000000000,70.710678119,70.622120452,-0.707106781,0.707106781,0.000000000
341,0.170500000,210.584195478,97.782714831,8.279107968,144.121644478,55.878355522,0.000000000,70.710678119,70.622120452,-0.707106781,0.707106781,0.000000000
342,0.171000000,205.584195478,97.886756928,8.328025440,144.087054602,55.912945398,0.000000000,70.710678119,70.622120452,-0.707106781,0.707106781,0.000000000
343,0.171500000,200.584195478,97.988299026,8.376994308,144.052428383,55.947571617,0.000000000,70.710678119,70.622120452,-0.707106781,0.707106781,0.000000000
344,0.172000000,195.584195478,98.087341124,8.426013322,144.017766706,55.982233294,0.000000000,70.710678119,70.622120452,-0.707106781,0.707106781,0.000000000
345,0.172500000,190.584195478,98.183883222,8.475081233,143.983070454,56.016929546,0.000000000,70.710678119,70.622120452,-0.707106781,0.707106781,0.000000000
346,0.173000000,185.584195478,98.277925319,8.524196789,143.948340511,56.051659489,0.000000000,70.710678119,70.622120452,-0.707106781,0.707106781,0.000000000
347,0.173500000,180.584195478,98.369467417,8.573358741,143.913577761,56.086422239,0.000000000,70.710678119,70.622120452,-0.707106781,0.707106781,0.000000000
348,0.174000000,175.584195478,98.458509515,8.622565840,143.878783088,56.121216912,0.000000000,70.710678119,70.622120452,-0.707106781,0.707106781,0.000000000
349,0.174500000,170.584195478,98.545051613,8.671816834,143.843957376,56.156042624,0.000000000,70.710678119,70.622120452,-0.707106781,0.707106781,0.000000000
350,0.175000000,165.584195478,98.629093710,8.721110475,143.809101508,56.190898492,0.000000000,70.710678119,70.622120452,-0.707106781,0.707106781,0.000000000
351,0.175500000,160.584195478,98.710635808,8.770445511,143.774216369,56.225783631,0.000000000,70.710678119,70.622120452,-0.707106781,0.707106781,0.000000000
352,0.176000000,155.584195478,98.789677906,8.819820694,143.739302843,56.260697157,0.000000000,70.710678119,70.622120452,-0.707106781,0.707106781,0.000000000
353,0.176500000,150.584195478,98.866220004,8.869234772,143.704361813,56.295638187,0.000000000,70.710678119,70.622120452,-0.707106781,0.707106781,0.000000000
354,0.177000000,145.584195478,98.940262101,8.918686497,143.669394163,56.330605837,0.000000000,70.710678119,70.622120452,-0.707106781,0.707106781,0.000000000
355,0.177500000,140.584195478,99.011804199,8.968174618,143.634400777,56.365599223,0.000000000,70.710678119,70.622120452,-0.707106781,0.707106781,0.000000000
356,0.178000000,135.584195478,99.080846297,9.017697885,143.599382539,56.400617461,0.000000000,70.710678119,70.622120452,-0.707106781,0.707106781,0.000000000
357,0.178500000,130.584195478,99.147388395,9.067255048,143.564340334,56.435659666,0.000000000,70.710678119,70.622120452,-0.707106781,0.707106781,0.000000000
358,0.179000000,125.584195478,99.211430492,9.116844856,143.529275043,56.470724957,0.000000000,70.710678119,70.622120452,-0.707106781,0.707106781,0.000000000
359,0.179500000,120.584195478,99.272972590,9.166466061,143.494187553,56.505812447,0.000000000,70.710678119,70.622120452,-0.707106781,0.707106781,0.000000000
360,0.180000000,115.584195478,99.332014688,9.216117412,143.459078746,56.540921254,0.000000000,70.710678119,70.622120452,-0.707106781,0.707106781,0.000000000
361,0.180500000,110.584195478,99.388556786,9.265797659,143.423949506,56.576050494,0.000000000,70.710678119,70.622120452,-0.707106781,0.707106781,0.000000000
362,0.181000000,105.584195478,99.442598883,9.315505552,143.388800718,56.611199282,0.000000000,70.710678119,70.622120452,-0.707106781,0.707106781,0.000000000
363,0.181500000,100.584195478,99.494140981,9.365239842,143.353633265,56.646366735,0.000000000,70.710678119,70.622120452,-0.707106781,0.707106781,0.000000000
364,0.182000000,95.584195478,99.543183079,9.414999277,143.318448031,56.681551969,0.000000000,70.710678119,70.622120452,-0.707106781,0.707106781,0.000000000
365,0.182500000,90.584195478,99.589725176,9.464782608,143.283245900,56.716754100,0.000000000,70.710678119,70.622120452,-0.707106781,0.707106781,0.000000000
366,0.183000000,85.584195478,99.633767274,9.514588585,143.248027756,56.751972244,0.000000000,70.710678119,70.622120452,-0.707106781,0.707106781,0.000000000
367,0.183500000,80.584195478,99.675309372,9.564415959,143.212794482,56.787205518,0.000000000,70.710678119,70.622120452,-0.707106781,0.707106781,0.000000000
368,0.184000000,75.584195478,99.714351470,9.614263478,143.177546963,56.822453037,0.000000000,70.710678119,70.622120452,-0.707106781,0.707106781,0.000000000
369,0.184500000,70.584195478,99.750893567,9.664129893,143.142286082,56.857713918,0.000000000,70.710678119,70.622120452,-0.707106781,0.707106781,0.000000000
370,0.185000000,65.584195478,99.784935665,9.714013955,143.107012724,56.892987276,0.000000000,70.710678119,70.622120452,-0.707106781,0.707106781,0.000000000
371,0.185500000,60.584195478,99.816477763,9.763914412,143.071727772,56.928272228,0.000000000,70.710678119,70.622120452,-0.707106781,0.707106781,0.000000000
372,0.186000000,55.584195478,99.845519861,9.813830016,143.036432111,56.963567889,0.000000000,70.710678119,70.622120452,-0.707106781,0.707106781,0.000000000
373,0.186500000,50.584195478,99.872061958,9.863759516,143.001126623,56.998873377,0.000000000,70.710678119,70.622120452,-0.707106781,0.707106781,0.000000000
374,0.187000000,45.584195478,99.896104056,9.913701661,142.965812193,57.034187807,0.000000000,70.710678119,70.622120452,-0.707106781,0.707106781,0.000000000
375,0.187500000,40.584195478,99.917646154,9.963655203,142.930489705,57.069510295,0.000000000,70.710678119,70.622120452,-0.707106781,0.707106781,0.000000000
376,0.188000000,35.584195478,99.936688252,10.013618891,142.895160043,57.104839957,0.000000000,70.710678119,70.622120452,-0.707106781,0.707106781,0.000000000
377,0.188500000,30.584195478,99.953230349,10.063591475,142.859824090,57.140175910,0.000000000,70.710678119,70.622120452,-0.707106781,0.707106781,0.000000000
378,0.189000000,25.584195478,99.967272447,10.113571704,142.824482730,57.175517270,0.000000000,70.710678119,70.622120452,-0.707106781,0.707106781,0.000000000
379,0.189500000,20.584195478,99.978814545,10.163558330,142.789136848,57.210863152,0.000000000,70.710678119,70.622120452,-0.707106781,0.707106781,0.000000000
380,0.190000000,15.584195478,99.987856643,10.213550102,142.753787327,57.246212673,0.000000000,70.710678119,70.622120452,-0.707106781,0.707106781,0.000000000
381,0.190500000,10.584195478,99.994398740,10.263545770,142.718435051,57.281564949,0.000000000,70.710678119,70.622120452,-0.707106781,0.707106781,0.000000000
382,0.191000000,5.584195478,99.998440838,10.313544084,142.683080904,57.316919096,0.000000000,70.710678119,70.622120452,-0.707106781,0.707106781,0.000000000
383,0.191500000,0.584195478,99.999982936,10.363543795,142.647725770,57.352274230,0.000000000,70.710678119,70.622120452,-0.707106781,0.707106781,0.000000000
384,0.192000000,0.000000000,100.000000000,10.413543794,142.612370431,57.387629569,0.000000000,70.710678119,70.622120452,-0.707106781,0.707106781,0.000000000
385,0.192500000,0.000000000,100.000000000,10.463543794,142.577015092,57.422984908,0.000000000,70.710678119,70.622120452,-0.707106781,0.707106781,0.000000000
386,0.193000000,0.000000000,100.000000000,10.513543794,142.541659753,57.458340247,0.000000000,70.710678119,70.622120452,-0.707106781,0.707106781,0.000000000
387,0.193500000,0.000000000,100.000000000,10.563543794,142.506304414,57.493695586,0.000000000,70.710678119,70.622120452,-0.707106781,0.707106781,0.000000000
388,0.194000000,0.000000000,100.000000000,10.613543794,142.470949075,57.529050925,0.000000000,70.710678119,70.622120452,-0.707106781,0.707106781,0.000000000
389,0.194500000,0.000000000,100.000000000,10.663543794,142.435593736,57.564406264,0.000000000,70.710678119,70.622120452,-0.707106781,0.707106781,0.000000000
390,0.195000000,0.000000000,100.000000000,10.713543794,142.400238397,57.599761603,0.000000000,70.710678119,70.622120452,-0.707106781,0.707106781,0.000000000
391,0.195500000,0.000000000,100.000000000,10.763543794,142.364883058,57.635116942,0.000000000,70.710678119,70.622120452,-0.707106781,0.707106781,0.000000000
392,0.196000000,0.000000000,100.000000000,10.813543794,142.329527719,57.670472281,0.000000000,70.710678119,70.622120452,-0.707106781,0.707106781,0.000000000
393,0.196500000,0.000000000,100.000000000,10.863543794,142.294172380,57.705827620,0.000000000,70.710678119,70.622120452,-0.707106781,0.707106781,0.000000000
394,0.197000000,0.000000000,100.000000000,10.913543794,142.258817041,57.741182959,0.000000000,70.710678119,70.622120452,-0.707106781,0.707106781,0.000000000
395,0.197500000,0.000000000,100.000000000,10.963543794,142.223461702,57.776538298,0.000000000,70.710678119,70.622120452,-0.707106781,0.707106781,0.000000000
396,0.198000000,0.000000000,100.000000000,11.013543794,142.188106363,57.811893637,0.000000000,70.710678119,70.622120452,-0.707106781,0.707106781,0.000000000
397,0.198500000,0.000000000,100.000000000,11.063543794,142.152751024,57.847248976,0.000000000,70.710678119,70.622120452,-0.707106781,0.707106781,0.000000000
398,0.199000000,0.000000000,100.000000000,11.113543794,142.117395685,57.882604315,0.000000000,70.710678119,70.622120452,-0.707106781,0.707106781,0.000000000
399,0.199500000,0.000000000,100.000000000,11.163543794,142.082040345,57.917959655,0.000000000,70.710678119,70.622120452,-0.707106781,0.707106781,0.000000000
400,0.200000000,0.000000000,100.000000000,11.213543794,142.046685006,57.953314994,0.000000000,70.710678119,70.622120452,-0.707106781,0.707106781,0.000000000
401,0.200500000,0.000000000,100.000000000,11.263543794,142.011329667,57.988670333,0.000000000,70.710678119,70.622120452,-0.707106781,0.707106781,0.000000000
402,0.201000000,0.000000000,100.000000000,11.313543794,141.975974328,58.024025672,0.000000000,70.710678119,70.622120452,-0.707106781,0.707106781,0.000000000
403,0.201500000,0.000000000,100.000000000,11.363543794,141.940618989,58.059381011,0.000000000,70.710678119,70.622120452,-0.707106781,0.707106781,0.000000000
404,0.202000000,0.000000000,100.000000000,11.413543794,141.905263650,58.094736350,0.000000000,70.710678119,70.622120452,-0.707106781,0.707106781,0.000000000
405,0.202500000,0.000000000,100.000000000,11.463543794,141.869908311,58.130091689,0.000000000,70.710678119,70.622120452,-0.707106781,0.707106781,0.000000000
406,0.203000000,0.000000000,100.000000000,11.513543794,141.834552972,58.165447028,0.000000000,70.710678119,70.622120452,-0.707106781,0.707106781,0.000000000
407,0.203500000,0.000000000,100.000000000,11.563543794,141.799197633,58.200802367,0.000000000,70.710678119,70.622120452,-0.707106781,0.707106781,0.000000000
408,0.204000000,0.000000000,100.000000000,11.613543794,141.763842294,58.236157706,0.000000000,70.710678119,70.622120452,-0.707106781,0.707106781,0.000000000
409,0.204500000,0.000000000,100.000000000,11.663543794,141.728486955,58.271513045,0.000000000,70.710678119,70.622120452,-0.707106781,0.707106781,0.000000000
410,0.205000000,0.000000000,100.000000000,11.713543794,141.693131616,58.306868384,0.000000000,70.710678119,70.622120452,-0.707106781,0.707106781,0.000000000
411,0.205500000,0.000000000,100.000000000,11.763543794,141.657776277,58.342223723,0.000000000,70.710678119,70.622120452,-0.707106781,0.707106781,0.000000000
412,0.206000000,0.000000000,100.000000000,11.813543794,141.622420938,58.377579062,0.000000000,70.710678119,70.622120452,-0.707106781,0.707106781,0.000000000
413,0.206500000,0.000000000,100.000000000,11.863543794,141.587065599,58.412934401,0.000000000,70.710678119,70.622120452,-0.707106781,0.707106781,0.000000000
414,0.207000000,0.000000000,100.000000000,11.913543794,141.551710260,58.448289740,0.000000000,70.710678119,70.622120452,-0.707106781,0.707106781,0.000000000
415,0.207500000,0.000000000,100.000000000,11.963543794,141.516354920,58.483645080,0.000000000,70.710678119,70.622120452,-0.707106781,0.707106781,0.000000000
416,0.208000000,0.000000000,100.000000000,12.013543794,141.480999581,58.519000419,0.000000000,70.710678119,70.622120452,-0.707106781,0.707106781,0.000000000
417,0.208500000,0.000000000,100.000000000,12.063543794,141.445644242,58.554355758,0.000000000,70.710678119,70.622120452,-0.707106781,0.707106781,0.000000000
418,0.209000000,0.000000000,100.000000000,12.113543794,141.410288903,58.589711097,0.000000000,70.710678119,70.622120452,-0.707106781,0.707106781,0.000000000
419,0.209500000,0.000000000,100.000000000,12.163543794,141.374933564,58.625066436,0.000000000,70.710678119,70.622120452,-0.707106781,0.707106781,0.000000000
420,0.210000000,0.000000000,100.000000000,12.213543794,141.339578225,58.660421775,0.000000000,70.710678119,70.622120452,-0.707106781,0.707106781,0.000000000
421,0.210500000,0.000000000,100.000000000,12.263543794,141.304222886,58.695777114,0.000000000,70.710678119,70.622120452,-0.707106781,0.707106781,0.000000000
422,0.211000000,0.000000000,100.000000000,12.313543794,141.268867547,58.731132453,0.000000000,70.710678119,70.622120452,-0.707106781,0.707106781,0.000000000
423,0.211500000,0.000000000,100.000000000,12.363543794,141.233512208,58.766487792,0.000000000,70.710678119,70.622120452,-0.707106781,0.707106781,0.000000000
424,0.212000000,0.000000000,100.000000000,12.413543794,141.198156869,58.801843131,0.000000000,70.710678119,70.622120452,-0.707106781,0.707106781,0.000000000
425,0.212500000,0.000000000,100.000000000,12.463543794,141.162801530,58.837198470,0.000000000,70.710678119,70.622120452,-0.707106781,0.707106781,0.000000000
426,0.213000000,0.000000000,100.000000000,12.513543794,141.127446191,58.872553809,0.000000000,70.710678119,70.622120452,-0.707106781,0.707106781,0.000000000
427,0.213500000,0.000000000,100.000000000,12.563543794,141.092090852,58.907909148,0.000000000,70.710678119,70.622120452,-0.707106781,0.707106781,0.000000000
428,0.214000000,0.000000000,100.000000000,12.613543794,141.056735513,58.943264487,0.000000000,70.710678119,70.622120452,-0.707106781,0.707106781,0.000000000
429,0.214500000,0.000000000,100.000000000,12.663543794,141.021380174,58.978619826,0.000000000,70.710678119,70.622120452,-0.707106781,0.707106781,0.000000000
430,0.215000000,0.000000000,100.000000000,12.713543794,140.986024835,59.013975165,0.000000000,70.710678119,70.622120452,-0.707106781,0.707106781,0.000000000
431,0.215500000,0.000000000,100.000000000,12.763543794,140.950669496,59.049330504,0.000000000,70.710678119,70.622120452,-0.707106781,0.707106781,0.000000000
432,0.216000000,0.000000000,100.000000000,12.813543794,140.915314156,59.084685844,0.000000000,70.710678119,70.622120452,-0.707106781,0.707106781,0.000000000
433,0.216500000,0.000000000,100.000000000,12.863543794,140.879958817,59.120041183,0.000000000,70.710678119,70.622120452,-0.707106781,0.707106781,0.000000000
434,0.217000000,0.000000000,100.000000000,12.913543794,140.844603478,59.155396522,0.000000000,70.710678119,70.622120452,-0.707106781,0.707106781,0.000000000
435,0.217500000,0.000000000,100.000000000,12.963543794,140.809248139,59.190751861,0.000000000,70.710678119,70.622120452,-0.707106781,0.707106781,0.000000000
436,0.218000000,0.000000000,100.000000000,13.013543794,140.773892800,59.226107200,0.000000000,70.710678119,70.622120452,-0.707106781,0.707106781,0.000000000
437,0.218500000,0.000000000,100.000000000,13.063543794,140.738537461,59.261462539,0.000000000,70.710678119,70.622120452,-0.707106781,0.707106781,0.000000000
438,0.219000000,0.000000000,100.000000000,13.113543794,140.703182122,59.296817878,0.000000000,70.710678119,70.622120452,-0.707106781,0.707106781,0.000000000
439,0.219500000,0.000000000,100.000000000,13.163543794,140.667826783,59.332173217,0.000000000,70.710678119,70.622120452,-0.707106781,0.707106781,0.000000000
440,0.220000000,0.000000000,100.000000000,13.213543794,140.632471444,59.367528556,0.000000000,70.710678119,70.622120452,-0.707106781,0.707106781,0.000000000
441,0.220500000,0.000000000,100.000000000,13.263543794,140.597116105,59.402883895,0.000000000,70.710678119,70.622120452,-0.707106781,0.707106781,0.000000000
442,0.221000000,0.000000000,100.000000000,13.313543794,140.561760766,59.438239234,0.000000000,70.710678119,70.622120452,-0.707106781,0.707106781,0.000000000
443,0.221500000,0.000000000,100.000000000,13.363543794,140.526405427,59.473594573,0.000000000,70.710678119,70.622120452,-0.707106781,0.707106781,0.000000000
444,0.222000000,0.000000000,100.000000000,13.413543794,140.491050088,59.508949912,0.000000000,70.710678119,70.622120452,-0.707106781,0.707106781,0.000000000
445,0.222500000,0.000000000,100.000000000,13.463543794,140.455694749,59.544305251,0.000000000,70.710678119,70.622120452,-0.707106781,0.707106781,0.000000000
446,0.223000000,0.000000000,100.000000000,13.513543794,140.420339410,59.579660590,0.000000000,70.710678119,70.622120452,-0.707106781,0.707106781,0.000000000
447,0.223500000,0.000000000,100.000000000,13.563543794,140.384984071,59.615015929,0.000000000,70.710678119,70.622120452,-0.707106781,0.707106781,0.000000000
448,0.224000000,0.000000000,100.000000000,13.613543794,140.349628732,59.650371268,0.000000000,70.710678119,70.622120452,-0.707106781,0.707106781,0.000000000
449,0.224500000,0.000000000,100.000000000,13.663543794,140.314273392,59.685726608,0.000000000,70.710678119,70.622120452,-0.707106781,0.707106781,0.000000000
450,0.225000000,0.000000000,100.000000000,13.713543794,140.278918053,59.721081947,0.000000000,70.710678119,70.622120452,-0.707106781,0.707106781,0.000000000
451,0.225500000,0.000000000,100.000000000,13.763543794,140.243562714,59.756437286,0.000000000,70.710678119,70.622120452,-0.707106781,0.707106781,0.000000000
452,0.226000000,0.000000000,100.000000000,13.813543794,140.208207375,59.791792625,0.000000000,70.710678119,70.622120452,-0.707106781,0.707106781,0.000000000
453,0.226500000,0.000000000,100.000000000,13.863543794,140.172852036,59.827147964,0.000000000,70.710678119,70.622120452,-0.707106781,0.707106781,0.000000000
454,0.227000000,0.000000000,100.000000000,13.913543794,140.137496697,59.862503303,0.000000000,70.710678119,70.622120452,-0.707106781,0.707106781,0.000000000
455,0.227500000,0.000000000,100.000000000,13.963543794,140.102141358,59.897858642,0.000000000,70.710678119,70.622120452,-0.707106781,0.707106781,0.000000000
456,0.228000000,0.000000000,100.000000000,14.013543794,140.066786019,59.933213981,0.000000000,70.710678119,70.622120452,-0.707106781,0.707106781,0.000000000
457,0.228500000,0.000000000,100.000000000,14.063543794,140.031430680,59.968569320,0.000000000,70.710678119,70.622120452,-0.707106781,0.707106781,0.000000000
458,0.229000000,0.000000000,100.000000000,14.113543794,139.996075341,60.003924659,0.000000000,70.710678119,70.622120452,-0.707106781,0.707106781,0.000000000
459,0.229500000,0.000000000,100.000000000,14.163543794,139.960720002,60.039279998,0.000000000,70.710678119,70.622120452,-0.707106781,0.707106781,0.000000000
460,0.230000000,0.000000000,100.000000000,14.213543794,139.925364663,60.074635337,0.000000000,70.710678119,70.622120452,-0.707106781,0.707106781,0.000000000
461,0.230500000,0.000000000,100.000000000,14.263543794,139.890009324,60.109990676,0.000000000,70.710678119,70.622120452,-0.707106781,0.707106781,0.000000000
462,0.231000000,0.000000000,100.000000000,14.313543794,139.854653985,60.145346015,0.000000000,70.710678119,70.622120452,-0.707106781,0.707106781,0.000000000
463,0.231500000,0.000000000,100.000000000,14.363543794,139.819298646,60.180701354,0.000000000,70.710678119,70.622120452,-0.707106781,0.707106781,0.000000000
464,0.232000000,0.000000000,100.000000000,14.413543794,139.783943307,60.216056693,0.000000000,70.710678119,70.622120452,-0.707106781,0.707106781,0.000000000
465,0.232500000,0.000000000,100.000000000,14.463543794,139.748587968,60.251412032,0.000000000,70.710678119,70.622120452,-0.707106781,0.707106781,0.000000000
466,0.233000000,0.000000000,100.000000000,14.513543794,139.713232628,60.286767372,0.000000000,70.710678119,70.622120452,-0.707106781,0.707106781,0.000000000
467,0.233500000,0.000000000,100.000000000,14.563543794,139.677877289,60.322122711,0.000000000,70.710678119,70.622120452,-0.707106781,0.707106781,0.000000000
468,0.234000000,0.000000000,100.000000000,14.613543794,139.642521950,60.357478050,0.000000000,70.710678119,70.622120452,-0.707106781,0.707106781,0.000000000
469,0.234500000,0.000000000,100.000000000,14.663543794,139.607166611,60.392833389,0.000000000,70.710678119,70.622120452,-0.707106781,0.707106781,0.000000000
470,0.235000000,0.000000000,100.000000000,14.713543794,139.571811272,60.428188728,0.000000000,70.710678119,70.622120452,-0.707106781,0.707106781,0.000000000
471,0.235500000,0.000000000,100.000000000,14.763543794,139.536455933,60.463544067,0.000000000,70.710678119,70.622120452,-0.707106781,0.707106781,0.000000000
472,0.236000000,0.000000000,100.000000000,14.813543794,139.501100594,60.498899406,0.000000000,70.710678119,70.622120452,-0.707106781,0.707106781,0.000000000
473,0.236500000,0.000000000,100.000000000,14.863543794,139.465745255,60.534254745,0.000000000,70.710678119,70.622120452,-0.707106781,0.707106781,0.000000000
474,0.237000000,0.000000000,100.000000000,14.913543794,139.430389916,60.569610084,0.000000000,70.710678119,70.622120452,-0.707106781,0.707106781,0.000000000
475,0.237500000,0.000000000,100.000000000,14.963543794,139.395034577,60.604965423,0.000000000,70.710678119,70.622120452,-0.707106781,0.707106781,0.000000000
476,0.238000000,0.000000000,100.000000000,15.013543794,139.359679238,60.640320762,0.000000000,70.710678119,70.622120452,-0.707106781,0.707106781,0.000000000
477,0.238500000,0.000000000,100.000000000,15.063543794,139.324323899,60.675676101,0.000000000,70.710678119,70.622120452,-0.707106781,0.707106781,0.000000000
478,0.239000000,0.000000000,100.000000000,15.113543794,139.288968560,60.711031440,0.000000000,70.710678119,70.622120452,-0.707106781,0.707106781,0.000000000
479,0.239500000,0.000000000,100.000000000,15.163543794,139.253613221,60.746386779,0.000000000,70.710678119,70.622120452,-0.707106781,0.707106781,0.000000000
480,0.240000000,0.000000000,100.000000000,15.213543794,139.218257882,60.781742118,0.000000000,70.710678119,70.622120452,-0.707106781,0.707106781,0.000000000
481,0.240500000,0.000000000,100.000000000,15.263543794,139.182902543,60.817097457,0.000000000,70.710678119,70.622120452,-0.707106781,0.707106781,0.000000000
482,0.241000000,0.000000000,100.000000000,15.313543794,139.147547204,60.852452796,0.000000000,70.710678119,70.622120452,-0.707106781,0.707106781,0.000000000
483,0.241500000,0.000000000,100.000000000,15.363543794,139.112191864,60.887808136,0.000000000,70.710678119,70.622120452,-0.707106781,0.707106781,0.000000000
484,0.242000000,0.000000000,100.000000000,15.413543794,139.076836525,60.923163475,0.000000000,70.710678119,70.622120452,-0.707106781,0.707106781,0.000000000
485,0.242500000,0.000000000,100.000000000,15.463543794,139.041481186,60.958518814,0.000000000,70.710678119,70.622120452,-0.707106781,0.707106781,0.000000000
486,0.243000000,0.000000000,100.000000000,15.513543794,139.006125847,60.993874153,0.000000000,70.710678119,70.622120452,-0.707106781,0.707106781,0.000000000
487,0.243500000,0.000000000,100.000000000,15.563543794,138.970770508,61.029229492,0.000000000,70.710678119,70.622120452,-0.707106781,0.707106781,0.000000000
488,0.244000000,0.000000000,100.000000000,15.613543794,138.935415169,61.064584831,0.000000000,70.710678119,70.622120452,-0.707106781,0.707106781,0.000000000
489,0.244500000,0.000000000,100.000000000,15.663543794,138.900059830,61.099940170,0.000000000,70.710678119,70.622120452,-0.707106781,0.707106781,0.000000000
490,0.245000000,0.000000000,100.000000000,15.713543794,138.864704491,61.135295509,0.000000000,70.710678119,70.622120452,-0.707106781,0.707106781,0.000000000
491,0.245500000,0.000000000,100.000000000,15.763543794,138.829349152,61.170650848,0.000000000,70.710678119,70.622120452,-0.707106781,0.707106781,0.000000000
492,0.246000000,0.000000000,100.000000000,15.813543794,138.793993813,61.206006187,0.000000000,70.710678119,70.622120452,-0.707106781,0.707106781,0.000000000
493,0.246500000,0.000000000,100.000000000,15.863543794,138.758638474,61.241361526,0.000000000,70.710678119,70.622120452,-0.707106781,0.707106781,0.000000000
494,0.247000000,0.000000000,100.000000000,15.913543794,138.723283135,61.276716865,0.000000000,70.710678119,70.622120452,-0.707106781,0.707106781,0.000000000
495,0.247500000,0.000000000,100.000000000,15.963543794,138.687927796,61.312072204,0.000000000,70.710678119,70.622120452,-0.707106781,0.707106781,0.000000000
496,0.248000000,0.000000000,100.000000000,16.013543794,138.652572457,61.347427543,0.000000000,70.710678119,70.622120452,-0.707106781,0.707106781,0.000000000
497,0.248500000,0.000000000,100.000000000,16.063543794,138.617217118,61.382782882,0.000000000,70.710678119,70.622120452,-0.707106781,0.707106781,0.000000000
498,0.249000000,0.000000000,100.000000000,16.113543794,138.581861779,61.418138221,0.000000000,70.710678119,70.622120452,-0.707106781,0.707106781,0.000000000
499,0.249500000,0.000000000,100.000000000,16.163543794,138.546506440,61.453493560,0.000000000,70.710678119,70.622120452,-0.707106781,0.707106781,0.000000000
500,0.250000000,0.000000000,100.000000000,16.213543794,138.511151100,61.488848900,0.000000000,70.710678119,70.622120452,-0.707106781,0.707106781,0.000000000
501,0.250500000,0.000000000,100.000000000,16.263543794,138.475795761,61.524204239,0.000000000,70.710678119,70.622120452,-0.707106781,0.707106781,0.000000000
502,0.251000000,0.000000000,100.000000000,16.313543794,138.440440422,61.559559578,0.000000000,70.710678119,70.622120452,-0.707106781,0.707106781,0.000000000
503,0.251500000,0.000000000,100.000000000,16.363543794,138.405085083,61.594914917,0.000000000,70.710678119,70.622120452,-0.707106781,0.707106781,0.000000000
504,0.252000000,0.000000000,100.000000000,16.413543794,138.369729744,61.630270256,0.000000000,70.710678119,70.622120452,-0.707106781,0.707106781,0.000000000
505,0.252500000,0.000000000,100.000000000,16.463543794,138.334374405,61.665625595,0.000000000,70.710678119,70.622120452,-0.707106781,0.707106781,0.000000000
506,0.253000000,0.000000000,100.000000000,16.513543794,138.299019066,61.700980934,0.000000000,70.710678119,70.622120452,-0.707106781,0.707106781,0.000000000
507,0.253500000,0.000000000,100.000000000,16.563543794,138.263663727,61.736336273,0.000000000,70.710678119,70.622120452,-0.707106781,0.707106781,0.000000000
508,0.254000000,0.000000000,100.000000000,16.613543794,138.228308388,61.771691612,0.000000000,70.710678119,70.622120452,-0.707106781,0.707106781,0.000000000
509,0.254500000,0.000000000,100.000000000,16.663543794,138.192953049,61.807046951,0.000000000,70.710678119,70.622120452,-0.707106781,0.707106781,0.000000000
510,0.255000000,0.000000000,100.000000000,16.713543794,138.157597710,61.842402290,0.000000000,70.710678119,70.622120452,-0.707106781,0.707106781,0.000000000
511,0.255500000,0.000000000,100.000000000,16.763543794,138.122242371,61.877757629,0.000000000,70.710678119,70.622120452,-0.707106781,0.707106781,0.000000000
512,0.256000000,0.000000000,100.000000000,16.813543794,138.086887032,61.913112968,0.000000000,70.710678119,70.622120452,-0.707106781,0.707106781,0.000000000
513,0.256500000,0.000000000,100.000000000,16.863543794,138.051531693,61.948468307,0.000000000,70.710678119,70.622120452,-0.707106781,0.707106781,0.000000000
514,0.257000000,0.000000000,100.000000000,16.913543794,138.016176354,61.983823646,0.000000000,70.710678119,70.622120452,-0.707106781,0.707106781,0.000000000
515,0.257500000,0.000000000,100.000000000,16.963543794,137.980821015,62.019178985,0.000000000,70.710678119,70.622120452,-0.707106781,0.707106781,0.000000000
516,0.258000000,0.000000000,100.000000000,17.013543794,137.945465676,62.054534324,0.000000000,70.710678119,70.622120452,-0.707106781,0.707106781,0.000000000
517,0.258500000,0.000000000,100.000000000,17.063543794,137.910110336,62.089889664,0.000000000,70.710678119,70.622120452,-0.707106781,0.707106781,0.000000000
518,0.259000000,0.000000000,100.000000000,17.113543794,137.874754997,62.125245003,0.000000000,70.710678119,70.622120452,-0.707106781,0.707106781,0.000000000
519,0.259500000,0.000000000,100.000000000,17.163543794,137.839399658,62.160600342,0.000000000,70.710678119,70.622120452,-0.707106781,0.707106781,0.000000000
520,0.260000000,0.000000000,100.000000000,17.213543794,137.804044319,62.195955681,0.000000000,70.710678119,70.622120452,-0.707106781,0.707106781,0.000000000
521,0.260500000,0.000000000,100.000000000,17.263543794,137.768688980,62.231311020,0.000000000,70.710678119,70.622120452,-0.707106781,0.707106781,0.000000000
522,0.261000000,0.000000000,100.000000000,17.313543794,137.733333641,62.266666359,0.000000000,70.710678119,70.622120452,-0.707106781,0.707106781,0.000000000
523,0.261500000,0.000000000,100.000000000,17.363543794,137.697978302,62.302021698,0.000000000,70.710678119,70.622120452,-0.707106781,0.707106781,0.000000000
524,0.262000000,0.000000000,100.000000000,17.413543794,137.662622963,62.337377037,0.000000000,70.710678119,70.622120452,-0.707106781,0.707106781,0.000000000
525,0.262500000,0.000000000,100.000000000,17.463543794,137.627267624,62.372732376,0.000000000,70.710678119,70.622120452,-0.707106781,0.707106781,0.000000000
526,0.263000000,0.000000000,100.000000000,17.513543794,137.591912285,62.408087715,0.000000000,70.710678119,70.622120452,-0.707106781,0.707106781,0.000000000
527,0.263500000,0.000000000,100.000000000,17.563543794,137.556556946,62.443443054,0.000000000,70.710678119,70.622120452,-0.707106781,0.707106781,0.000000000
528,0.264000000,0.000000000,100.000000000,17.613543794,137.521201607,62.478798393,0.000000000,70.710678119,70.622120452,-0.707106781,0.707106781,0.000000000
529,0.264500000,0.000000000,100.000000000,17.663543794,137.485846268,62.514153732,0.000000000,70.710678119,70.622120452,-0.707106781,0.707106781,0.000000000
530,0.265000000,0.000000000,100.000000000,17.713543794,137.450490929,62.549509071,0.000000000,70.710678119,70.622120452,-0.707106781,0.707106781,0.000000000
531,0.265500000,0.000000000,100.000000000,17.763543794,137.415135590,62.584864410,0.000000000,70.710678119,70.622120452,-0.707106781,0.707106781,0.000000000
532,0.266000000,0.000000000,100.000000000,17.813543794,137.379780251,62.620219749,0.000000000,70.710678119,70.622120452,-0.707106781,0.707106781,0.000000000
533,0.266500000,0.000000000,100.000000000,17.863543794,137.344424911,62.655575089,0.000000000,70.710678119,70.622120452,-0.707106781,0.707106781,0.000000000
534,0.267000000,0.000000000,100.000000000,17.913543794,137.309069572,62.690930428,0.000000000,70.710678119,70.622120452,-0.707106781,0.707106781,0.000000000
535,0.267500000,0.000000000,100.000000000,17.963543794,137.273714233,62.726285767,0.000000000,70.710678119,70.622120452,-0.707106781,0.707106781,0.000000000
536,0.268000000,0.000000000,100.000000000,18.013543794,137.238358894,62.761641106,0.000000000,70.710678119,70.622120452,-0.707106781,0.707106781,0.000000000
537,0.268500000,0.000000000,100.000000000,18.063543794,137.203003555,62.796996445,0.000000000,70.710678119,70.622120452,-0.707106781,0.707106781,0.000000000
538,0.269000000,0.000000000,100.000000000,18.113543794,137.167648216,62.832351784,0.000000000,70.710678119,70.622120452,-0.707106781,0.707106781,0.000000000
539,0.269500000,0.000000000,100.000000000,18.163543794,137.132292877,62.867707123,0.000000000,70.710678119,70.622120452,-0.707106781,0.707106781,0.000000000
540,0.270000000,0.000000000,100.000000000,18.213543794,137.096937538,62.903062462,0.000000000,70.710678119,70.622120452,-0.707106781,0.707106781,0.000000000
541,0.270500000,0.000000000,100.000000000,18.263543794,137.061582199,62.938417801,0.000000000,70.710678119,70.622120452,-0.707106781,0.707106781,0.000000000
542,0.271000000,0.000000000,100.000000000,18.313543794,137.026226860,62.973773140,0.000000000,70.710678119,70.622120452,-0.707106781,0.707106781,0.000000000
543,0.271500000,0.000000000,100.000000000,18.363543794,136.990871521,63.009128479,0.000000000,70.710678119,70.622120452,-0.707106781,0.707106781,0.000000000
544,0.272000000,0.000000000,100.000000000,18.413543794,136.955516182,63.044483818,0.000000000,70.710678119,70.622120452,-0.707106781,0.707106781,0.000000000
545,0.272500000,0.000000000,100.000000000,18.463543794,136.920160843,63.079839157,0.000000000,70.710678119,70.622120452,-0.707106781,0.707106781,0.000000000
546,0.273000000,0.000000000,100.000000000,18.513543794,136.884805504,63.115194496,0.000000000,70.710678119,70.622120452,-0.707106781,0.707106781,0.000000000
547,0.273500000,0.000000000,100.000000000,18.563543794,136.849450165,63.150549835,0.000000000,70.710678119,70.622120452,-0.707106781,0.707106781,0.000000000
548,0.274000000,0.000000000,100.000000000,18.613543794,136.814094826,63.185905174,0.000000000,70.710678119,70.622120452,-0.707106781,0.707106781,0.000000000
549,0.274500000,0.000000000,100.000000000,18.663543794,136.778739487,63.221260513,0.000000000,70.710678119,70.622120452,-0.707106781,0.707106781,0.000000000
550,0.275000000,0.000000000,100.000000000,18.713543794,136.743384147,63.256615853,0.000000000,70.710678119,70.622120452,-0.707106781,0.707106781,0.000000000
551,0.275500000,0.000000000,100.000000000,18.763543794,136.708028808,63.291971192,0.000000000,70.710678119,70.622120452,-0.707106781,0.707106781,0.000000000
552,0.276000000,0.000000000,100.000000000,18.813543794,136.672673469,63.327326531,0.000000000,70.710678119,70.622120452,-0.707106781,0.707106781,0.000000000
553,0.276500000,0.000000000,100.000000000,18.863543794,136.637318130,63.362681870,0.000000000,70.710678119,70.622120452,-0.707106781,0.707106781,0.000000000
554,0.277000000,0.000000000,100.000000000,18.913543794,136.601962791,63.398037209,0.000000000,70.710678119,70.622120452,-0.707106781,0.707106781,0.000000000
555,0.277500000,0.000000000,100.000000000,18.963543794,136.566607452,63.433392548,0.000000000,70.710678119,70.622120452,-0.707106781,0.707106781,0.000000000
556,0.278000000,0.000000000,100.000000000,19.013543794,136.531252113,63.468747887,0.000000000,70.710678119,70.622120452,-0.707106781,0.707106781,0.000000000
557,0.278500000,0.000000000,100.000000000,19.063543794,136.495896774,63.504103226,0.000000000,70.710678119,70.622120452,-0.707106781,0.707106781,0.000000000
558,0.279000000,0.000000000,100.000000000,19.113543794,136.460541435,63.539458565,0.000000000,70.710678119,70.622120452,-0.707106781,0.707106781,0.000000000
559,0.279500000,0.000000000,100.000000000,19.163543794,136.425186096,63.574813904,0.000000000,70.710678119,70.622120452,-0.707106781,0.707106781,0.000000000
560,0.280000000,0.000000000,100.000000000,19.213543794,136.389830757,63.610169243,0.000000000,70.710678119,70.622120452,-0.707106781,0.707106781,0.000000000
561,0.280500000,0.000000000,100.000000000,19.263543794,136.354475418,63.645524582,0.000000000,70.710678119,70.622120452,-0.707106781,0.707106781,0.000000000
562,0.281000000,0.000000000,100.000000000,19.313543794,136.319120079,63.680879921,0.000000000,70.710678119,70.622120452,-0.707106781,0.707106781,0.000000000
563,0.281500000,0.000000000,100.000000000,19.363543794,136.283764740,63.716235260,0.000000000,70.710678119,70.622120452,-0.707106781,0.707106781,0.000000000
564,0.282000000,0.000000000,100.000000000,19.413543794,136.248409401,63.751590599,0.000000000,70.710678119,70.622120452,-0.707106781,0.707106781,0.000000000
565,0.282500000,0.000000000,100.000000000,19.463543794,136.213054062,63.786945938,0.000000000,70.710678119,70.622120452,-0.707106781,0.707106781,0.000000000
566,0.283000000,0.000000000,100.000000000,19.513543794,136.177698723,63.822301277,0.000000000,70.710678119,70.622120452,-0.707106781,0.707106781,0.000000000
567,0.283500000,0.000000000,100.000000000,19.563543794,136.142343383,63.857656617,0.000000000,70.710678119,70.622120452,-0.707106781,0.707106781,0.000000000
568,0.284000000,0.000000000,100.000000000,19.613543794,136.106988044,63.893011956,0.000000000,70.710678119,70.622120452,-0.707106781,0.707106781,0.000000000
569,0.284500000,0.000000000,100.000000000,19.663543794,136.071632705,63.928367295,0.000000000,70.710678119,70.622120452,-0.707106781,0.707106781,0.000000000
570,0.285000000,0.000000000,100.000000000,19.713543794,136.036277366,63.963722634,0.000000000,70.710678119,70.622120452,-0.707106781,0.707106781,0.000000000
571,0.285500000,0.000000000,100.000000000,19.763543794,136.000922027,63.999077973,0.000000000,70.710678119,70.622120452,-0.707106781,0.707106781,0.000000000
572,0.286000000,0.000000000,100.000000000,19.813543794,135.965566688,64.034433312,0.000000000,70.710678119,70.622120452,-0.707106781,0.707106781,0.000000000
573,0.286500000,0.000000000,100.000000000,19.863543794,135.930211349,64.069788651,0.000000000,70.710678119,70.622120452,-0.707106781,0.707106781,0.000000000
574,0.287000000,0.000000000,100.000000000,19.913543794,135.894856010,64.105143990,0.000000000,70.710678119,70.622120452,-0.707106781,0.707106781,0.000000000
575,0.287500000,0.000000000,100.000000000,19.963543794,135.859500671,64.140499329,0.000000000,70.710678119,70.622120452,-0.707106781,0.707106781,0.000000000
576,0.288000000,0.000000000,100.000000000,20.013543794,135.824145332,64.175854668,0.000000000,70.710678119,70.622120452,-0.707106781,0.707106781,0.000000000
577,0.288500000,0.000000000,100.000000000,20.063543794,135.788789993,64.211210007,0.000000000,70.710678119,70.622120452,-0.707106781,0.707106781,0.000000000
578,0.289000000,0.000000000,100.000000000,20.113543794,135.753434654,64.246565346,0.000000000,70.710678119,70.622120452,-0.707106781,0.707106781,0.000000000
579,0.289500000,0.000000000,100.000000000,20.163543794,135.718079315,64.281920685,0.000000000,70.710678119,70.622120452,-0.707106781,0.707106781,0.000000000
580,0.290000000,0.000000000,100.000000000,20.213543794,135.682723976,64.317276024,0.000000000,70.710678119,70.622120452,-0.707106781,0.707106781,0.000000000
581,0.290500000,0.000000000,100.000000000,20.263543794,135.647368637,64.352631363,0.000000000,70.710678119,70.622120452,-0.707106781,0.707106781,0.000000000
582,0.291000000,0.000000000,100.000000000,20.313543794,135.612013298,64.387986702,0.000000000,70.710678119,70.622120452,-0.707106781,0.707106781,0.000000000
583,0.291500000,0.000000000,100.000000000,20.363543794,135.576657959,64.423342041,0.000000000,70.710678119,70.622120452,-0.707106781,0.707106781,0.000000000
584,0.292000000,0.000000000,100.000000000,20.413543794,135.541302619,64.458697381,0.000000000,70.710678119,70.622120452,-0.707106781,0.707106781,0.000000000
585,0.292500000,0.000000000,100.000000000,20.463543794,135.505947280,64.494052720,0.000000000,70.710678119,70.622120452,-0.707106781,0.707106781,0.000000000
586,0.293000000,0.000000000,100.000000000,20.513543794,135.470591941,64.529408059,0.000000000,70.710678119,70.622120452,-0.707106781,0.707106781,0.000000000
587,0.293500000,0.000000000,100.000000000,20.563543794,135.435236602,64.564763398,0.000000000,70.710678119,70.622120452,-0.707106781,0.707106781,0.000000000
588,0.294000000,0.000000000,100.000000000,20.613543794,135.399881263,64.600118737,0.000000000,70.710678119,70.622120452,-0.707106781,0.707106781,0.000000000
589,0.294500000,0.000000000,100.000000000,20.663543794,135.364525924,64.635474076,0.000000000,70.710678119,70.622120452,-0.707106781,0.707106781,0.000000000
590,0.295000000,0.000000000,100.000000000,20.713543794,135.329170585,64.670829415,0.000000000,70.710678119,70.622120452,-0.707106781,0.707106781,0.000000000
591,0.295500000,0.000000000,100.000000000,20.763543794,135.293815246,64.706184754,0.000000000,70.710678119,70.622120452,-0.707106781,0.707106781,0.000000000
592,0.296000000,0.000000000,100.000000000,20.813543794,135.258459907,64.741540093,0.000000000,70.710678119,70.622120452,-0.707106781,0.707106781,0.000000000
593,0.296500000,0.000000000,100.000000000,20.863543794,135.223104568,64.776895432,0.000000000,70.710678119,70.622120452,-0.707106781,0.707106781,0.000000000
594,0.297000000,0.000000000,100.000000000,20.913543794,135.187749229,64.812250771,0.000000000,70.710678119,70.622120452,-0.707106781,0.707106781,0.000000000
595,0.297500000,0.000000000,100.000000000,20.963543794,135.152393890,64.847606110,0.000000000,70.710678119,70.622120452,-0.707106781,0.707106781,0.000000000
596,0.298000000,0.000000000,100.000000000,21.013543794,135.117038551,64.882961449,0.000000000,70.710678119,70.622120452,-0.707106781,0.707106781,0.000000000
597,0.298500000,0.000000000,100.000000000,21.063543794,135.081683212,64.918316788,0.000000000,70.710678119,70.622120452,-0.707106781,0.707106781,0.000000000
598,0.299000000,0.000000000,100.000000000,21.113543794,135.046327873,64.953672127,0.000000000,70.710678119,70.622120452,-0.707106781,0.707106781,0.000000000
599,0.299500000,0.000000000,100.000000000,21.163543794,135.010972534,64.989027466,0.000000000,70.710678119,70.622120452,-0.707106781,0.707106781,0.000000000
600,0.300000000,0.000000000,100.000000000,21.213543794,134.975617195,65.024382805,0.000000000,70.710678119,70.622120452,-0.707106781,0.707106781,0.000000000
601,0.300500000,0.000000000,100.000000000,21.263543794,134.940261855,65.059738145,0.000000000,70.710678119,70.622120452,-0.707106781,0.707106781,0.000000000
602,0.301000000,0.000000000,100.000000000,21.313543794,134.904906516,65.095093484,0.000000000,70.710678119,70.622120452,-0.707106781,0.707106781,0.000000000
603,0.301500000,0.000000000,100.000000000,21.363543794,134.869551177,65.130448823,0.000000000,70.710678119,70.622120452,-0.707106781,0.707106781,0.000000000
604,0.302000000,0.000000000,100.000000000,21.413543794,134.834195838,65.165804162,0.000000000,70.710678119,70.622120452,-0.707106781,0.707106781,0.000000000
605,0.302500000,0.000000000,100.000000000,21.463543794,134.798840499,65.201159501,0.000000000,70.710678119,70.622120452,-0.707106781,0.707106781,0.000000000
606,0.303000000,0.000000000,100.000000000,21.513543794,134.763485160,65.236514840,0.000000000,70.710678119,70.622120452,-0.707106781,0.707106781,0.000000000
607,0.303500000,0.000000000,100.000000000,21.563543794,134.728129821,65.271870179,0.000000000,70.710678119,70.622120452,-0.707106781,0.707106781,0.000000000
608,0.304000000,0.000000000,100.000000000,21.613543794,134.692774482,65.307225518,0.000000000,70.710678119,70.622120452,-0.707106781,0.707106781,0.000000000
609,0.304500000,0.000000000,100.000000000,21.663543794,134.657419143,65.342580857,0.000000000,70.710678119,70.622120452,-0.707106781,0.707106781,0.000000000
610,0.305000000,0.000000000,100.000000000,21.713543794,134.622063804,65.377936196,0.000000000,70.710678119,70.622120452,-0.707106781,0.707106781,0.000000000
611,0.305500000,0.000000000,100.000000000,21.763543794,134.586708465,65.413291535,0.000000000,70.710678119,70.622120452,-0.707106781,0.707106781,0.000000000
612,0.306000000,0.000000000,100.000000000,21.813543794,134.551353126,65.448646874,0.000000000,70.710678119,70.622120452,-0.707106781,0.707106781,0.000000000
613,0.306500000,0.000000000,100.000000000,21.863543794,134.515997787,65.484002213,0.000000000,70.710678119,70.622120452,-0.707106781,0.707106781,0.000000000
614,0.307000000,0.000000000,100.000000000,21.913543794,134.480642448,65.519357552,0.000000000,70.710678119,70.622120452,-0.707106781,0.707106781,0.000000000
615,0.307500000,0.000000000,100.000000000,21.963543794,134.445287109,65.554712891,0.000000000,70.710678119,70.622120452,-0.707106781,0.707106781,0.000000000
616,0.308000000,0.000000000,100.000000000,22.013543794,134.409931770,65.590068230,0.000000000,70.710678119,70.622120452,-0.707106781,0.707106781,0.000000000
617,0.308500000,0.000000000,100.000000000,22.063543794,134.374576431,65.625423569,0.000000000,70.710678119,70.622120452,-0.707106781,0.707106781,0.000000000
618,0.309000000,0.000000000,100.000000000,22.113543794,134.339221091,65.660778909,0.000000000,70.710678119,70.622120452,-0.707106781,0.707106781,0.000000000
619,0.309500000,0.000000000,100.000000000,22.163543794,134.303865752,65.696134248,0.000000000,70.710678119,70.622120452,-0.707106781,0.707106781,0.000000000
620,0.310000000,0.000000000,100.000000000,22.213543794,134.268510413,65.731489587,0.000000000,70.710678119,70.622120452,-0.707106781,0.707106781,0.000000000
621,0.310500000,0.000000000,100.000000000,22.263543794,134.233155074,65.766844926,0.000000000,70.710678119,70.622120452,-0.707106781,0.707106781,0.000000000
622,0.311000000,0.000000000,100.000000000,22.313543794,134.197799735,65.802200265,0.000000000,70.710678119,70.622120452,-0.707106781,0.707106781,0.000000000
623,0.311500000,0.000000000,100.000000000,22.363543794,134.162444396,65.837555604,0.000000000,70.710678119,70.622120452,-0.707106781,0.707106781,0.000000000
624,0.312000000,0.000000000,100.000000000,22.413543794,134.127089057,65.872910943,0.000000000,70.710678119,70.622120452,-0.707106781,0.707106781,0.000000000
625,0.312500000,0.000000000,100.000000000,22.463543794,134.091733718,65.908266282,0.000000000,70.710678119,70.622120452,-0.707106781,0.707106781,0.000000000
626,0.313000000,0.000000000,100.000000000,22.513543794,134.056378379,65.943621621,0.000000000,70.710678119,70.622120452,-0.707106781,0.707106781,0.000000000
627,0.313500000,0.000000000,100.000000000,22.563543794,134.021023040,65.978976960,0.000000000,70.710678119,70.622120452,-0.707106781,0.707106781,0.000000000
628,0.314000000,0.000000000,100.000000000,22.613543794,133.985667701,66.014332299,0.000000000,70.710678119,70.622120452,-0.707106781,0.707106781,0.000000000
629,0.314500000,0.000000000,100.000000000,22.663543794,133.950312362,66.049687638,0.000000000,70.710678119,70.622120452,-0.707106781,0.707106781,0.000000000
630,0.315000000,0.000000000,100.000000000,22.713543794,133.914957023,66.085042977,0.000000000,70.710678119,70.622120452,-0.707106781,0.707106781,0.000000000
631,0.315500000,0.000000000,100.000000000,22.763543794,133.879601684,66.120398316,0.000000000,70.710678119,70.622120452,-0.707106781,0.707106781,0.000000000
632,0.316000000,0.000000000,100.000000000,22.813543794,133.844246345,66.155753655,0.000000000,70.710678119,70.622120452,-0.707106781,0.707106781,0.000000000
633,0.316500000,0.000000000,100.000000000,22.863543794,133.808891006,66.191108994,0.000000000,70.710678119,70.622120452,-0.707106781,0.707106781,0.000000000
634,0.317000000,0.000000000,100.000000000,22.913543794,133.773535667,66.226464333,0.000000000,70.710678119,70.622120452,-0.707106781,0.707106781,0.000000000
635,0.317500000,0.000000000,100.000000000,22.963543794,133.738180327,66.261819673,0.000000000,70.710678119,70.622120452,-0.707106781,0.707106781,0.000000000
636,0.318000000,0.000000000,100.000000000,23.013543794,133.702824988,66.297175012,0.000000000,70.710678119,70.622120452,-0.707106781,0.707106781,0.000000000
637,0.318500000,0.000000000,100.000000000,23.063543794,133.667469649,66.332530351,0.000000000,70.710678119,70.622120452,-0.707106781,0.707106781,0.000000000
638,0.319000000,0.000000000,100.000000000,23.113543794,133.632114310,66.367885690,0.000000000,70.710678119,70.622120452,-0.707106781,0.707106781,0.000000000
639,0.319500000,0.000000000,100.000000000,23.163543794,133.596758971,66.403241029,0.000000000,70.710678119,70.622120452,-0.707106781,0.707106781,0.000000000
640,0.320000000,0.000000000,100.000000000,23.213543794,133.561403632,66.438596368,0.000000000,70.710678119,70.622120452,-0.707106781,0.707106781,0.000000000
641,0.320500000,0.000000000,100.000000000,23.263543794,133.526048293,66.473951707,0.000000000,70.710678119,70.622120452,-0.707106781,0.707106781,0.000000000
642,0.321000000,0.000000000,100.000000000,23.313543794,133.490692954,66.509307046,0.000000000,70.710678119,70.622120452,-0.707106781,0.707106781,0.000000000
643,0.321500000,0.000000000,100.000000000,23.363543794,133.455337615,66.544662385,0.000000000,70.710678119,70.622120452,-0.707106781,0.707106781,0.000000000
644,0.322000000,0.000000000,100.000000000,23.413543794,133.419982276,66.580017724,0.000000000,70.710678119,70.622120452,-0.707106781,0.707106781,0.000000000
645,0.322500000,0.000000000,100.000000000,23.463543794,133.384626937,66.615373063,0.000000000,70.710678119,70.622120452,-0.707106781,0.707106781,0.000000000
646,0.323000000,0.000000000,100.000000000,23.513543794,133.349271598,66.650728402,0.000000000,70.710678119,70.622120452,-0.707106781,0.707106781,0.000000000
647,0.323500000,0.000000000,100.000000000,23.563543794,133.313916259,66.686083741,0.000000000,70.710678119,70.622120452,-0.707106781,0.707106781,0.000000000
648,0.324000000,0.000000000,100.000000000,23.613543794,133.278560920,66.721439080,0.000000000,70.710678119,70.622120452,-0.707106781,0.707106781,0.000000000
649,0.324500000,0.000000000,100.000000000,23.663543794,133.243205581,66.756794419,0.000000000,70.710678119,70.622120452,-0.707106781,0.707106781,0.000000000
650,0.325000000,0.000000000,100.000000000,23.713543794,133.207850242,66.792149758,0.000000000,70.710678119,70.622120452,-0.707106781,0.707106781,0.000000000
651,0.325500000,0.000000000,100.000000000,23.763543794,133.172494902,66.827505098,0.000000000,70.710678119,70.622120452,-0.707106781,0.707106781,0.000000000
652,0.326000000,0.000000000,100.000000000,23.813543794,133.137139563,66.862860437,0.000000000,70.710678119,70.622120452,-0.707106781,0.707106781,0.000000000
653,0.326500000,0.000000000,100.000000000,23.863543794,133.101784224,66.898215776,0.000000000,70.710678119,70.622120452,-0.707106781,0.707106781,0.000000000
654,0.327000000,0.000000000,100.000000000,23.913543794,133.066428885,66.933571115,0.000000000,70.710678119,70.622120452,-0.707106781,0.707106781,0.000000000
655,0.327500000,0.000000000,100.000000000,23.963543794,133.031073546,66.968926454,0.000000000,70.710678119,70.622120452,-0.707106781,0.707106781,0.000000000
656,0.328000000,0.000000000,100.000000000,24.013543794,132.995718207,67.004281793,0.000000000,70.710678119,70.622120452,-0.707106781,0.707106781,0.000000000
657,0.328500000,0.000000000,100.000000000,24.063543794,132.960362868,67.039637132,0.000000000,70.710678119,70.622120452,-0.707106781,0.707106781,0.000000000
658,0.329000000,0.000000000,100.000000000,24.113543794,132.925007529,67.074992471,0.000000000,70.710678119,70.622120452,-0.707106781,0.707106781,0.000000000
659,0.329500000,0.000000000,100.000000000,24.163543794,132.889652190,67.110347810,0.000000000,70.710678119,70.622120452,-0.707106781,0.707106781,0.000000000
660,0.330000000,0.000000000,100.000000000,24.213543794,132.854296851,67.145703149,0.000000000,70.710678119,70.622120452,-0.707106781,0.707106781,0.000000000
661,0.330500000,0.000000000,100.000000000,24.263543794,132.818941512,67.181058488,0.000000000,70.710678119,70.622120452,-0.707106781,0.707106781,0.000000000
662,0.331000000,0.000000000,100.000000000,24.313543794,132.783586173,67.216413827,0.000000000,70.710678119,70.622120452,-0.707106781,0.707106781,0.000000000
663,0.331500000,0.000000000,100.000000000,24.363543794,132.748230834,67.251769166,0.000000000,70.710678119,70.622120452,-0.707106781,0.707106781,0.000000000
664,0.332000000,0.000000000,100.000000000,24.413543794,132.712875495,67.287124505,0.000000000,70.710678119,70.622120452,-0.707106781,0.707106781,0.000000000
665,0.332500000,0.000000000,100.000000000,24.463543794,132.677520156,67.322479844,0.000000000,70.710678119,70.622120452,-0.707106781,0.707106781,0.000000000
666,0.333000000,0.000000000,100.000000000,24.513543794,132.642164817,67.357835183,0.000000000,70.710678119,70.622120452,-0.707106781,0.707106781,0.000000000
667,0.333500000,0.000000000,100.000000000,24.563543794,132.606809478,67.393190522,0.000000000,70.710678119,70.622120452,-0.707106781,0.707106781,0.000000000
668,0.334000000,0.000000000,100.000000000,24.613543794,132.571454138,67.428545862,0.000000000,70.710678119,70.622120452,-0.707106781,0.707106781,0.000000000
669,0.334500000,0.000000000,100.000000000,24.663543794,132.536098799,67.463901201,0.000000000,70.710678119,70.622120452,-0.707106781,0.707106781,0.000000000
670,0.335000000,0.000000000,100.000000000,24.713543794,132.500743460,67.499256540,0.000000000,70.710678119,70.622120452,-0.707106781,0.707106781,0.000000000
671,0.335500000,0.000000000,100.000000000,24.763543794,132.465388121,67.534611879,0.000000000,70.710678119,70.622120452,-0.707106781,0.707106781,0.000000000
672,0.336000000,0.000000000,100.000000000,24.813543794,132.430032782,67.569967218,0.000000000,70.710678119,70.622120452,-0.707106781,0.707106781,0.000000000
673,0.336500000,0.000000000,100.000000000,24.863543794,132.394677443,67.605322557,0.000000000,70.710678119,70.622120452,-0.707106781,0.707106781,0.000000000
674,0.337000000,0.000000000,100.000000000,24.913543794,132.359322104,67.640677896,0.000000000,70.710678119,70.622120452,-0.707106781,0.707106781,0.000000000
675,0.337500000,0.000000000,100.000000000,24.963543794,132.323966765,67.676033235,0.000000000,70.710678119,70.622120452,-0.707106781,0.707106781,0.000000000
676,0.338000000,0.000000000,100.000000000,25.013543794,132.288611426,67.711388574,0.000000000,70.710678119,70.622120452,-0.707106781,0.707106781,0.000000000
677,0.338500000,0.000000000,100.000000000,25.063543794,132.253256087,67.746743913,0.000000000,70.710678119,70.622120452,-0.707106781,0.707106781,0.000000000
678,0.339000000,0.000000000,100.000000000,25.113543794,132.217900748,67.782099252,0.000000000,70.710678119,70.622120452,-0.707106781,0.707106781,0.000000000
679,0.339500000,0.000000000,100.000000000,25.163543794,132.182545409,67.817454591,0.000000000,70.710678119,70.622120452,-0.707106781,0.707106781,0.000000000
680,0.340000000,0.000000000,100.000000000,25.213543794,132.147190070,67.852809930,0.000000000,70.710678119,70.622120452,-0.707106781,0.707106781,0.000000000
681,0.340500000,0.000000000,100.000000000,25.263543794,132.111834731,67.888165269,0.000000000,70.710678119,70.622120452,-0.707106781,0.707106781,0.000000000
682,0.341000000,0.000000000,100.000000000,25.313543794,132.076479392,67.923520608,0.000000000,70.710678119,70.622120452,-0.707106781,0.707106781,0.000000000
683,0.341500000,0.000000000,100.000000000,25.363543794,132.041124053,67.958875947,0.000000000,70.710678119,70.622120452,-0.707106781,0.707106781,0.000000000
684,0.342000000,0.000000000,100.000000000,25.413543794,132.005768714,67.994231286,0.000000000,70.710678119,70.622120452,-0.707106781,0.707106781,0.000000000
685,0.342500000,0.000000000,100.000000000,25.463543794,131.970413374,68.029586626,0.000000000,70.710678119,70.622120452,-0.707106781,0.707106781,0.000000000
686,0.343000000,0.000000000,100.000000000,25.513543794,131.935058035,68.064941965,0.000000000,70.710678119,70.622120452,-0.707106781,0.707106781,0.000000000
687,0.343500000,0.000000000,100.000000000,25.563543794,131.899702696,68.100297304,0.000000000,70.710678119,70.622120452,-0.707106781,0.707106781,0.000000000
688,0.344000000,0.000000000,100.000000000,25.613543794,131.864347357,68.135652643,0.000000000,70.710678119,70.622120452,-0.707106781,0.707106781,0.000000000
689,0.344500000,0.000000000,100.000000000,25.663543794,131.828992018,68.171007982,0.000000000,70.710678119,70.622120452,-0.707106781,0.707106781,0.000000000
690,0.345000000,0.000000000,100.000000000,25.713543794,131.793636679,68.206363321,0.000000000,70.710678119,70.622120452,-0.707106781,0.707106781,0.000000000
691,0.345500000,0.000000000,100.000000000,25.763543794,131.758281340,68.241718660,0.000000000,70.710678119,70.622120452,-0.707106781,0.707106781,0.000000000
692,0.346000000,0.000000000,100.000000000,25.813543794,131.722926001,68.277073999,0.000000000,70.710678119,70.622120452,-0.707106781,0.707106781,0.000000000
693,0.346500000,0.000000000,100.000000000,25.863543794,131.687570662,68.312429338,0.000000000,70.710678119,70.622120452,-0.707106781,0.707106781,0.000000000
694,0.347000000,0.000000000,100.000000000,25.913543794,131.652215323,68.347784677,0.000000000,70.710678119,70.622120452,-0.707106781,0.707106781,0.000000000
695,0.347500000,0.000000000,100.000000000,25.963543794,131.616859984,68.383140016,0.000000000,70.710678119,70.622120452,-0.707106781,0.707106781,0.000000000
696,0.348000000,0.000000000,100.000000000,26.013543794,131.581504645,68.418495355,0.000000000,70.710678119,70.622120452,-0.707106781,0.707106781,0.000000000
697,0.348500000,0.000000000,100.000000000,26.063543794,131.546149306,68.453850694,0.000000000,70.710678119,70.622120452,-0.707106781,0.707106781,0.000000000
698,0.349000000,0.000000000,100.000000000,26.113543794,131.510793967,68.489206033,0.000000000,70.710678119,70.622120452,-0.707106781,0.707106781,0.000000000
699,0.349500000,0.000000000,100.000000000,26.163543794,131.475438628,68.524561372,0.000000000,70.710678119,70.622120452,-0.707106781,0.707106781,0.000000000
700,0.350000000,0.000000000,100.000000000,26.213543794,131.440083289,68.559916711,0.000000000,70.710678119,70.622120452,-0.707106781,0.707106781,0.000000000
701,0.350500000,0.000000000,100.000000000,26.263543794,131.404727950,68.595272050,0.000000000,70.710678119,70.622120452,-0.707106781,0.707106781,0.000000000
702,0.351000000,0.000000000,100.000000000,26.313543794,131.369372610,68.630627390,0.000000000,70.710678119,70.622120452,-0.707106781,0.707106781,0.000000000
703,0.351500000,0.000000000,100.000000000,26.363543794,131.334017271,68.665982729,0.000000000,70.710678119,70.622120452,-0.707106781,0.707106781,0.000000000
704,0.352000000,0.000000000,100.000000000,26.413543794,131.298661932,68.701338068,0.000000000,70.710678119,70.622120452,-0.707106781,0.707106781,0.000000000
705,0.352500000,0.000000000,100.000000000,26.463543794,131.263306593,68.736693407,0.000000000,70.710678119,70.622120452,-0.707106781,0.707106781,0.000000000
706,0.353000000,0.000000000,100.000000000,26.513543794,131.227951254,68.772048746,0.000000000,70.710678119,70.622120452,-0.707106781,0.707106781,0.000000000
707,0.353500000,0.000000000,100.000000000,26.563543794,131.192595915,68.807404085,0.000000000,70.710678119,70.622120452,-0.707106781,0.707106781,0.000000000
708,0.354000000,0.000000000,100.000000000,26.613543794,131.157240576,68.842759424,0.000000000,70.710678119,70.622120452,-0.707106781,0.707106781,0.000000000
709,0.354500000,0.000000000,100.000000000,26.663543794,131.121885237,68.878114763,0.000000000,70.710678119,70.622120452,-0.707106781,0.707106781,0.000000000
710,0.355000000,0.000000000,100.000000000,26.713543794,131.086529898,68.913470102,0.000000000,70.710678119,70.622120452,-0.707106781,0.707106781,0.000000000
711,0.355500000,0.000000000,100.000000000,26.763543794,131.051174559,68.948825441,0.000000000,70.710678119,70.622120452,-0.707106781,0.707106781,0.000000000
712,0.356000000,0.000000000,100.000000000,26.813543794,131.015819220,68.984180780,0.000000000,70.710678119,70.622120452,-0.707106781,0.707106781,0.000000000
713,0.356500000,0.000000000,100.000000000,26.863543794,130.980463881,69.019536119,0.000000000,70.710678119,70.622120452,-0.707106781,0.707106781,0.000000000
714,0.357000000,0.000000000,100.000000000,26.913543794,130.945108542,69.054891458,0.000000000,70.710678119,70.622120452,-0.707106781,0.707106781,0.000000000
715,0.357500000,0.000000000,100.000000000,26.963543794,130.909753203,69.090246797,0.000000000,70.710678119,70.622120452,-0.707106781,0.707106781,0.000000000
716,0.358000000,0.000000000,100.000000000,27.013543794,130.874397864,69.125602136,0.000000000,70.710678119,70.622120452,-0.707106781,0.707106781,0.000000000
717,0.358500000,0.000000000,100.000000000,27.063543794,130.839042525,69.160957475,0.000000000,70.710678119,70.622120452,-0.707106781,0.707106781,0.000000000
718,0.359000000,0.000000000,100.000000000,27.113543794,130.803687186,69.196312814,0.000000000,70.710678119,70.622120452,-0.707106781,0.707106781,0.000000000
719,0.359500000,0.000000000,100.000000000,27.163543794,130.768331846,69.231668154,0.000000000,70.710678119,70.622120452,-0.707106781,0.707106781,0.000000000
720,0.360000000,0.000000000,100.000000000,27.213543794,130.732976507,69.267023493,0.000000000,70.710678119,70.622120452,-0.707106781,0.707106781,0.000000000
721,0.360500000,0.000000000,100.000000000,27.263543794,130.697621168,69.302378832,0.000000000,70.710678119,70.622120452,-0.707106781,0.707106781,0.000000000
722,0.361000000,0.000000000,100.000000000,27.313543794,130.662265829,69.337734171,0.000000000,70.710678119,70.622120452,-0.707106781,0.707106781,0.000000000
723,0.361500000,0.000000000,100.000000000,27.363543794,130.626910490,69.373089510,0.000000000,70.710678119,70.622120452,-0.707106781,0.707106781,0.000000000
724,0.362000000,0.000000000,100.000000000,27.413543794,130.591555151,69.408444849,0.000000000,70.710678119,70.622120452,-0.707106781,0.707106781,0.000000000
725,0.362500000,0.000000000,100.000000000,27.463543794,130.556199812,69.443800188,0.000000000,70.710678119,70.622120452,-0.707106781,0.707106781,0.000000000
726,0.363000000,0.000000000,100.000000000,27.513543794,130.520844473,69.479155527,0.000000000,70.710678119,70.622120452,-0.707106781,0.707106781,0.000000000
727,0.363500000,0.000000000,100.000000000,27.563543794,130.485489134,69.514510866,0.000000000,70.710678119,70.622120452,-0.707106781,0.707106781,0.000000000
728,0.364000000,0.000000000,100.000000000,27.613543794,130.450133795,69.549866205,0.000000000,70.710678119,70.622120452,-0.707106781,0.707106781,0.000000000
729,0.364500000,0.000000000,100.000000000,27.663543794,130.414778456,69.585221544,0.000000000,70.710678119,70.622120452,-0.707106781,0.707106781,0.000000000
730,0.365000000,0.000000000,100.000000000,27.713543794,130.379423117,69.620576883,0.000000000,70.710678119,70.622120452,-0.707106781,0.707106781,0.000000000
731,0.365500000,0.000000000,100.000000000,27.763543794,130.344067778,69.655932222,0.000000000,70.710678119,70.622120452,-0.707106781,0.707106781,0.000000000
732,0.366000000,0.000000000,100.000000000,27.813543794,130.308712439,69.691287561,0.000000000,70.710678119,70.622120452,-0.707106781,0.707106781,0.000000000
733,0.366500000,0.000000000,100.000000000,27.863543794,130.273357100,69.726642900,0.000000000,70.710678119,70.622120452,-0.707106781,0.707106781,0.000000000
734,0.367000000,0.000000000,100.000000000,27.913543794,130.238001761,69.761998239,0.000000000,70.710678119,70.622120452,-0.707106781,0.707106781,0.000000000
735,0.367500000,0.000000000,100.000000000,27.963543794,130.202646422,69.797353578,0.000000000,70.710678119,70.622120452,-0.707106781,0.707106781,0.000000000
736,0.368000000,0.000000000,100.000000000,28.013543794,130.167291082,69.832708918,0.000000000,70.710678119,70.622120452,-0.707106781,0.707106781,0.000000000
737,0.368500000,0.000000000,100.000000000,28.063543794,130.131935743,69.868064257,0.000000000,70.710678119,70.622120452,-0.707106781,0.707106781,0.000000000
738,0.369000000,0.000000000,100.000000000,28.113543794,130.096580404,69.903419596,0.000000000,70.710678119,70.622120452,-0.707106781,0.707106781,0.000000000
739,0.369500000,0.000000000,100.000000000,28.163543794,130.061225065,69.938774935,0.000000000,70.710678119,70.622120452,-0.707106781,0.707106781,0.000000000
740,0.370000000,0.000000000,100.000000000,28.213543794,130.025869726,69.974130274,0.000000000,70.710678119,70.622120452,-0.707106781,0.707106781,0.000000000
741,0.370500000,0.000000000,100.000000000,28.263543794,129.990514387,70.009485613,0.000000000,70.710678119,70.622120452,-0.707106781,0.707106781,0.000000000
742,0.371000000,0.000000000,100.000000000,28.313543794,129.955159048,70.044840952,0.000000000,70.710678119,70.622120452,-0.707106781,0.707106781,0.000000000
743,0.371500000,0.000000000,100.000000000,28.363543794,129.919803709,70.080196291,0.000000000,70.710678119,70.622120452,-0.707106781,0.707106781,0.000000000
744,0.372000000,0.000000000,100.000000000,28.413543794,129.884448370,70.115551630,0.000000000,70.710678119,70.622120452,-0.707106781,0.707106781,0.000000000
745,0.372500000,0.000000000,100.000000000,28.463543794,129.849093031,70.150906969,0.000000000,70.710678119,70.622120452,-0.707106781,0.707106781,0.000000000
746,0.373000000,0.000000000,100.000000000,28.513543794,129.813737692,70.186262308,0.000000000,70.710678119,70.622120452,-0.707106781,0.707106781,0.000000000
747,0.373500000,0.000000000,100.000000000,28.563543794,129.778382353,70.221617647,0.000000000,70.710678119,70.622120452,-0.707106781,0.707106781,0.000000000
748,0.374000000,0.000000000,100.000000000,28.613543794,129.743027014,70.256972986,0.000000000,70.710678119,70.622120452,-0.707106781,0.707106781,0.000000000
749,0.374500000,0.000000000,100.000000000,28.663543794,129.707671675,70.292328325,0.000000000,70.710678119,70.622120452,-0.707106781,0.707106781,0.000000000
750,0.375000000,0.000000000,100.000000000,28.713543794,129.672316336,70.327683664,0.000000000,70.710678119,70.622120452,-0.707106781,0.707106781,0.000000000
751,0.375500000,0.000000000,100.000000000,28.763543794,129.636960997,70.363039003,0.000000000,70.710678119,70.622120452,-0.707106781,0.707106781,0.000000000
752,0.376000000,0.000000000,100.000000000,28.813543794,129.601605658,70.398394342,0.000000000,70.710678119,70.622120452,-0.707106781,0.707106781,0.000000000
753,0.376500000,0.000000000,100.000000000,28.863543794,129.566250318,70.433749682,0.000000000,70.710678119,70.622120452,-0.707106781,0.707106781,0.000000000
754,0.377000000,0.000000000,100.000000000,28.913543794,129.530894979,70.469105021,0.000000000,70.710678119,70.622120452,-0.707106781,0.707106781,0.000000000
755,0.377500000,0.000000000,100.000000000,28.963543794,129.495539640,70.504460360,0.000000000,70.710678119,70.622120452,-0.707106781,0.707106781,0.000000000
756,0.378000000,0.000000000,100.000000000,29.013543794,129.460184301,70.539815699,0.000000000,70.710678119,70.622120452,-0.707106781,0.707106781,0.000000000
757,0.378500000,0.000000000,100.000000000,29.063543794,129.424828962,70.575171038,0.000000000,70.710678119,70.622120452,-0.707106781,0.707106781,0.000000000
758,0.379000000,0.000000000,100.000000000,29.113543794,129.389473623,70.610526377,0.000000000,70.710678119,70.622120452,-0.707106781,0.707106781,0.000000000
759,0.379500000,0.000000000,100.000000000,29.163543794,129.354118284,70.645881716,0.000000000,70.710678119,70.622120452,-0.707106781,0.707106781,0.000000000
760,0.380000000,0.000000000,100.000000000,29.213543794,129.318762945,70.681237055,0.000000000,70.710678119,70.622120452,-0.707106781,0.707106781,0.000000000
761,0.380500000,0.000000000,100.000000000,29.263543794,129.283407606,70.716592394,0.000000000,70.710678119,70.622120452,-0.707106781,0.707106781,0.000000000
762,0.381000000,0.000000000,100.000000000,29.313543794,129.248052267,70.751947733,0.000000000,70.710678119,70.622120452,-0.707106781,0.707106781,0.000000000
763,0.381500000,0.000000000,100.000000000,29.363543794,129.212696928,70.787303072,0.000000000,70.710678119,70.622120452,-0.707106781,0.707106781,0.000000000
764,0.382000000,0.000000000,100.000000000,29.413543794,129.177341589,70.822658411,0.000000000,70.710678119,70.622120452,-0.707106781,0.707106781,0.000000000
765,0.382500000,0.000000000,100.000000000,29.463543794,129.141986250,70.858013750,0.000000000,70.710678119,70.622120452,-0.707106781,0.707106781,0.000000000
766,0.383000000,0.000000000,100.000000000,29.513543794,129.106630911,70.893369089,0.000000000,70.710678119,70.622120452,-0.707106781,0.707106781,0.000000000
767,0.383500000,0.000000000,100.000000000,29.563543794,129.071275572,70.928724428,0.000000000,70.710678119,70.622120452,-0.707106781,0.707106781,0.000000000
768,0.384000000,0.000000000,100.000000000,29.613543794,129.035920233,70.964079767,0.000000000,70.710678119,70.622120452,-0.707106781,0.707106781,0.000000000
769,0.384500000,0.000000000,100.000000000,29.663543794,129.000564893,70.999435107,0.000000000,70.710678119,70.622120452,-0.707106781,0.707106781,0.000000000
770,0.385000000,0.000000000,100.000000000,29.713543794,128.965209554,71.034790446,0.000000000,70.710678119,70.622120452,-0.707106781,0.707106781,0.000000000
771,0.385500000,0.000000000,100.000000000,29.763543794,128.929854215,71.070145785,0.000000000,70.710678119,70.622120452,-0.707106781,0.707106781,0.000000000
772,0.386000000,0.000000000,100.000000000,29.813543794,128.894498876,71.105501124,0.000000000,70.710678119,70.622120452,-0.707106781,0.707106781,0.000000000
773,0.386500000,0.000000000,100.000000000,29.863543794,128.859143537,71.140856463,0.000000000,70.710678119,70.622120452,-0.707106781,0.707106781,0.000000000
774,0.387000000,0.000000000,100.000000000,29.913543794,128.823788198,71.176211802,0.000000000,70.710678119,70.622120452,-0.707106781,0.707106781,0.000000000
775,0.387500000,0.000000000,100.000000000,29.963543794,128.788432859,71.211567141,0.000000000,70.710678119,70.622120452,-0.707106781,0.707106781,0.000000000
776,0.388000000,0.000000000,100.000000000,30.013543794,128.753077520,71.246922480,0.000000000,70.710678119,70.622120452,-0.707106781,0.707106781,0.000000000
777,0.388500000,0.000000000,100.000000000,30.063543794,128.717722181,71.282277819,0.000000000,70.710678119,70.622120452,-0.707106781,0.707106781,0.000000000
778,0.389000000,0.000000000,100.000000000,30.113543794,128.682366842,71.317633158,0.000000000,70.710678119,70.622120452,-0.707106781,0.707106781,0.000000000
779,0.389500000,0.000000000,100.000000000,30.163543794,128.647011503,71.352988497,0.000000000,70.710678119,70.622120452,-0.707106781,0.707106781,0.000000000
780,0.390000000,0.000000000,100.000000000,30.213543794,128.611656164,71.388343836,0.000000000,70.710678119,70.622120452,-0.707106781,0.707106781,0.000000000
781,0.390500000,0.000000000,100.000000000,30.263543794,128.576300825,71.423699175,0.000000000,70.710678119,70.622120452,-0.707106781,0.707106781,0.000000000
782,0.391000000,0.000000000,100.000000000,30.313543794,128.540945486,71.459054514,0.000000000,70.710678119,70.622120452,-0.707106781,0.707106781,0.000000000
783,0.391500000,0.000000000,100.000000000,30.363543794,128.505590147,71.494409853,0.000000000,70.710678119,70.622120452,-0.707106781,0.707106781,0.000000000
784,0.392000000,0.000000000,100.000000000,30.413543794,128.470234808,71.529765192,0.000000000,70.710678119,70.622120452,-0.707106781,0.707106781,0.000000000
785,0.392500000,0.000000000,100.000000000,30.463543794,128.434879469,71.565120531,0.000000000,70.710678119,70.622120452,-0.707106781,0.707106781,0.000000000
786,0.393000000,0.000000000,100.000000000,30.513543794,128.399524129,71.600475871,0.000000000,70.710678119,70.622120452,-0.707106781,0.707106781,0.000000000
787,0.393500000,0.000000000,100.000000000,30.563543794,128.364168790,71.635831210,0.000000000,70.710678119,70.622120452,-0.707106781,0.707106781,0.000000000
788,0.394000000,0.000000000,100.000000000,30.613543794,128.328813451,71.671186549,0.000000000,70.710678119,70.622120452,-0.707106781,0.707106781,0.000000000
789,0.394500000,0.000000000,100.000000000,30.663543794,128.293458112,71.706541888,0.000000000,70.710678119,70.622120452,-0.707106781,0.707106781,0.000000000
790,0.395000000,0.000000000,100.000000000,30.713543794,128.258102773,71.741897227,0.000000000,70.710678119,70.622120452,-0.707106781,0.707106781,0.000000000
791,0.395500000,0.000000000,100.000000000,30.763543794,128.222747434,71.777252566,0.000000000,70.710678119,70.622120452,-0.707106781,0.707106781,0.000000000
792,0.396000000,0.000000000,100.000000000,30.813543794,128.187392095,71.812607905,0.000000000,70.710678119,70.622120452,-0.707106781,0.707106781,0.000000000
793,0.396500000,0.000000000,100.000000000,30.863543794,128.152036756,71.847963244,0.000000000,70.710678119,70.622120452,-0.707106781,0.707106781,0.000000000
794,0.397000000,0.000000000,100.000000000,30.913543794,128.116681417,71.883318583,0.000000000,70.710678119,70.622120452,-0.707106781,0.707106781,0.000000000
795,0.397500000,0.000000000,100.000000000,30.963543794,128.081326078,71.918673922,0.000000000,70.710678119,70.622120452,-0.707106781,0.707106781,0.000000000
796,0.398000000,0.000000000,100.000000000,31.013543794,128.045970739,71.954029261,0.000000000,70.710678119,70.622120452,-0.707106781,0.707106781,0.000000000
797,0.398500000,0.000000000,100.000000000,31.063543794,128.010615400,71.989384600,0.000000000,70.710678119,70.622120452,-0.707106781,0.707106781,0.000000000
798,0.399000000,0.000000000,100.000000000,31.113543794,127.975260061,72.024739939,0.000000000,70.710678119,70.622120452,-0.707106781,0.707106781,0.000000000
799,0.399500000,0.000000000,100.000000000,31.163543794,127.939904722,72.060095278,0.000000000,70.710678119,70.622120452,-0.707106781,0.707106781,0.000000000
800,0.400000000,0.000000000,100.000000000,31.213543794,127.904549383,72.095450617,0.000000000,70.710678119,70.622120452,-0.707106781,0.707106781,0.000000000
801,0.400500000,0.000000000,100.000000000,31.263543794,127.869194044,72.130805956,0.000000000,70.710678119,70.622120452,-0.707106781,0.707106781,0.000000000
802,0.401000000,0.000000000,100.000000000,31.313543794,127.833838705,72.166161295,0.000000000,70.710678119,70.622120452,-0.707106781,0.707106781,0.000000000
803,0.401500000,0.000000000,100.000000000,31.363543794,127.798483365,72.201516635,0.000000000,70.710678119,70.622120452,-0.707106781,0.707106781,0.000000000
804,0.402000000,0.000000000,100.000000000,31.413543794,127.763128026,72.236871974,0.000000000,70.710678119,70.622120452,-0.707106781,0.707106781,0.000000000
805,0.402500000,0.000000000,100.000000000,31.463543794,127.727772687,72.272227313,0.000000000,70.710678119,70.622120452,-0.707106781,0.707106781,0.000000000
806,0.403000000,0.000000000,100.000000000,31.513543794,127.692417348,72.307582652,0.000000000,70.710678119,70.622120452,-0.707106781,0.707106781,0.000000000
807,0.403500000,0.000000000,100.000000000,31.563543794,127.657062009,72.342937991,0.000000000,70.710678119,70.622120452,-0.707106781,0.707106781,0.000000000
808,0.404000000,0.000000000,100.000000000,31.613543794,127.621706670,72.378293330,0.000000000,70.710678119,70.622120452,-0.707106781,0.707106781,0.000000000
809,0.404500000,0.000000000,100.000000000,31.663543794,127.586351331,72.413648669,0.000000000,70.710678119,70.622120452,-0.707106781,0.707106781,0.000000000
810,0.405000000,0.000000000,100.000000000,31.713543794,127.550995992,72.449004008,0.000000000,70.710678119,70.622120452,-0.707106781,0.707106781,0.000000000
811,0.405500000,0.000000000,100.000000000,31.763543794,127.515640653,72.484359347,0.000000000,70.710678119,70.622120452,-0.707106781,0.707106781,0.000000000
812,0.406000000,0.000000000,100.000000000,31.813543794,127.480285314,72.519714686,0.000000000,70.710678119,70.622120452,-0.707106781,0.707106781,0.000000000
813,0.406500000,0.000000000,100.000000000,31.863543794,127.444929975,72.555070025,0.000000000,70.710678119,70.622120452,-0.707106781,0.707106781,0.000000000
814,0.407000000,0.000000000,100.000000000,31.913543794,127.409574636,72.590425364,0.000000000,70.710678119,70.622120452,-0.707106781,0.707106781,0.000000000
815,0.407500000,0.000000000,100.000000000,31.963543794,127.374219297,72.625780703,0.000000000,70.710678119,70.622120452,-0.707106781,0.707106781,0.000000000
816,0.408000000,0.000000000,100.000000000,32.013543794,127.338863958,72.661136042,0.000000000,70.710678119,70.622120452,-0.707106781,0.707106781,0.000000000
817,0.408500000,0.000000000,100.000000000,32.063543794,127.303508619,72.696491381,0.000000000,70.710678119,70.622120452,-0.707106781,0.707106781,0.000000000
818,0.409000000,0.000000000,100.000000000,32.113543794,127.268153280,72.731846720,0.000000000,70.710678119,70.622120452,-0.707106781,0.707106781,0.000000000
819,0.409500000,0.000000000,100.000000000,32.163543794,127.232797941,72.767202059,0.000000000,70.710678119,70.622120452,-0.707106781,0.707106781,0.000000000
820,0.410000000,0.000000000,100.000000000,32.213543794,127.197442601,72.802557399,0.000000000,70.710678119,70.622120452,-0.707106781,0.707106781,0.000000000
821,0.410500000,0.000000000,100.000000000,32.263543794,127.162087262,72.837912738,0.000000000,70.710678119,70.622120452,-0.707106781,0.707106781,0.000000000
822,0.411000000,0.000000000,100.000000000,32.313543794,127.126731923,72.873268077,0.000000000,70.710678119,70.622120452,-0.707106781,0.707106781,0.000000000
823,0.411500000,0.000000000,100.000000000,32.363543794,127.091376584,72.908623416,0.000000000,70.710678119,70.622120452,-0.707106781,0.707106781,0.000000000
824,0.412000000,0.000000000,100.000000000,32.413543794,127.056021245,72.943978755,0.000000000,70.710678119,70.622120452,-0.707106781,0.707106781,0.000000000
825,0.412500000,0.000000000,100.000000000,32.463543794,127.020665906,72.979334094,0.000000000,70.710678119,70.622120452,-0.707106781,0.707106781,0.000000000
826,0.413000000,0.000000000,100.000000000,32.513543794,126.985310567,73.014689433,0.000000000,70.710678119,70.622120452,-0.707106781,0.707106781,0.000000000
827,0.413500000,0.000000000,100.000000000,32.563543794,126.949955228,73.050044772,0.000000000,70.710678119,70.622120452,-0.707106781,0.707106781,0.000000000
828,0.414000000,0.000000000,100.000000000,32.613543794,126.914599889,73.085400111,0.000000000,70.710678119,70.622120452,-0.707106781,0.707106781,0.000000000
829,0.414500000,0.000000000,100.000000000,32.663543794,126.879244550,73.120755450,0.000000000,70.710678119,70.622120452,-0.707106781,0.707106781,0.000000000
830,0.415000000,0.000000000,100.000000000,32.713543794,126.843889211,73.156110789,0.000000000,70.710678119,70.622120452,-0.707106781,0.707106781,0.000000000
831,0.415500000,0.000000000,100.000000000,32.763543794,126.808533872,73.191466128,0.000000000,70.710678119,70.622120452,-0.707106781,0.707106781,0.000000000
832,0.416000000,0.000000000,100.000000000,32.813543794,126.773178533,73.226821467,0.000000000,70.710678119,70.622120452,-0.707106781,0.707106781,0.000000000
833,0.416500000,0.000000000,100.000000000,32.863543794,126.737823194,73.262176806,0.000000000,70.710678119,70.622120452,-0.707106781,0.707106781,0.000000000
834,0.417000000,0.000000000,100.000000000,32.913543794,126.702467855,73.297532145,0.000000000,70.710678119,70.622120452,-0.707106781,0.707106781,0.000000000
835,0.417500000,0.000000000,100.000000000,32.963543794,126.667112516,73.332887484,0.000000000,70.710678119,70.622120452,-0.707106781,0.707106781,0.000000000
836,0.418000000,0.000000000,100.000000000,33.013543794,126.631757177,73.368242823,0.000000000,70.710678119,70.622120452,-0.707106781,0.707106781,0.000000000
837,0.418500000,0.000000000,100.000000000,33.063543794,126.596401837,73.403598163,0.000000000,70.710678119,70.622120452,-0.707106781,0.707106781,0.000000000
838,0.419000000,0.000000000,100.000000000,33.113543794,126.561046498,73.438953502,0.000000000,70.710678119,70.622120452,-0.707106781,0.707106781,0.000000000
839,0.419500000,0.000000000,100.000000000,33.163543794,126.525691159,73.474308841,0.000000000,70.710678119,70.622120452,-0.707106781,0.707106781,0.000000000
840,0.420000000,0.000000000,100.000000000,33.213543794,126.490335820,73.509664180,0.000000000,70.710678119,70.622120452,-0.707106781,0.707106781,0.000000000
841,0.420500000,0.000000000,100.000000000,33.263543794,126.454980481,73.545019519,0.000000000,70.710678119,70.622120452,-0.707106781,0.707106781,0.000000000
842,0.421000000,0.000000000,100.000000000,33.313543794,126.419625142,73.580374858,0.000000000,70.710678119,70.622120452,-0.707106781,0.707106781,0.000000000
843,0.421500000,0.000000000,100.000000000,33.363543794,126.384269803,73.615730197,0.000000000,70.710678119,70.622120452,-0.707106781,0.707106781,0.000000000
844,0.422000000,0.000000000,100.000000000,33.413543794,126.348914464,73.651085536,0.000000000,70.710678119,70.622120452,-0.707106781,0.707106781,0.000000000
845,0.422500000,0.000000000,100.000000000,33.463543794,126.313559125,73.686440875,0.000000000,70.710678119,70.622120452,-0.707106781,0.707106781,0.000000000
846,0.423000000,0.000000000,100.000000000,33.513543794,126.278203786,73.721796214,0.000000000,70.710678119,70.622120452,-0.707106781,0.707106781,0.000000000
847,0.423500000,0.000000000,100.000000000,33.563543794,126.242848447,73.757151553,0.000000000,70.710678119,70.622120452,-0.707106781,0.707106781,0.000000000
848,0.424000000,0.000000000,100.000000000,33.613543794,126.207493108,73.792506892,0.000000000,70.710678119,70.622120452,-0.707106781,0.707106781,0.000000000
849,0.424500000,0.000000000,100.000000000,33.663543794,126.172137769,73.827862231,0.000000000,70.710678119,70.622120452,-0.707106781,0.707106781,0.000000000
850,0.425000000,0.000000000,100.000000000,33.713543794,126.136782430,73.863217570,0.000000000,70.710678119,70.622120452,-0.707106781,0.707106781,0.000000000
851,0.425500000,0.000000000,100.000000000,33.763543794,126.101427091,73.898572909,0.000000000,70.710678119,70.622120452,-0.707106781,0.707106781,0.000000000
852,0.426000000,0.000000000,100.000000000,33.813543794,126.066071752,73.933928248,0.000000000,70.710678119,70.622120452,-0.707106781,0.707106781,0.000000000
853,0.426500000,0.000000000,100.000000000,33.863543794,126.030716413,73.969283587,0.000000000,70.710678119,70.622120452,-0.707106781,0.707106781,0.000000000
854,0.427000000,0.000000000,100.000000000,33.913543794,125.995361073,74.004638927,0.000000000,70.710678119,70.622120452,-0.707106781,0.707106781,0.000000000
855,0.427500000,0.000000000,100.000000000,33.963543794,125.960005734,74.039994266,0.000000000,70.710678119,70.622120452,-0.707106781,0.707106781,0.000000000
856,0.428000000,0.000000000,100.000000000,34.013543794,125.924650395,74.075349605,0.000000000,70.710678119,70.622120452,-0.707106781,0.707106781,0.000000000
857,0.428500000,0.000000000,100.000000000,34.063543794,125.889295056,74.110704944,0.000000000,70.710678119,70.622120452,-0.707106781,0.707106781,0.000000000
858,0.429000000,0.000000000,100.000000000,34.113543794,125.853939717,74.146060283,0.000000000,70.710678119,70.622120452,-0.707106781,0.707106781,0.000000000
859,0.429500000,0.000000000,100.000000000,34.163543794,125.818584378,74.181415622,0.000000000,70.710678119,70.622120452,-0.707106781,0.707106781,0.000000000
860,0.430000000,0.000000000,100.000000000,34.213543794,125.783229039,74.216770961,0.000000000,70.710678119,70.622120452,-0.707106781,0.707106781,0.000000000
861,0.430500000,0.000000000,100.000000000,34.263543794,125.747873700,74.252126300,0.000000000,70.710678119,70.622120452,-0.707106781,0.707106781,0.000000000
862,0.431000000,0.000000000,100.000000000,34.313543794,125.712518361,74.287481639,0.000000000,70.710678119,70.622120452,-0.707106781,0.707106781,0.000000000
863,0.431500000,0.000000000,100.000000000,34.363543794,125.677163022,74.322836978,0.000000000,70.710678119,70.622120452,-0.707106781,0.707106781,0.000000000
864,0.432000000,0.000000000,100.000000000,34.413543794,125.641807683,74.358192317,0.000000000,70.710678119,70.622120452,-0.707106781,0.707106781,0.000000000
865,0.432500000,0.000000000,100.000000000,34.463543794,125.606452344,74.393547656,0.000000000,70.710678119,70.622120452,-0.707106781,0.707106781,0.000000000
866,0.433000000,0.000000000,100.000000000,34.513543794,125.571097005,74.428902995,0.000000000,70.710678119,70.622120452,-0.707106781,0.707106781,0.000000000
867,0.433500000,0.000000000,100.000000000,34.563543794,125.535741666,74.464258334,0.000000000,70.710678119,70.622120452,-0.707106781,0.707106781,0.000000000
868,0.434000000,0.000000000,100.000000000,34.613543794,125.500386327,74.499613673,0.000000000,70.710678119,70.622120452,-0.707106781,0.707106781,0.000000000
869,0.434500000,0.000000000,100.000000000,34.663543794,125.465030988,74.534969012,0.000000000,70.710678119,70.622120452,-0.707106781,0.707106781,0.000000000
870,0.435000000,0.000000000,100.000000000,34.713543794,125.429675649,74.570324351,0.000000000,70.710678119,70.622120452,-0.707106781,0.707106781,0.000000000
871,0.435500000,0.000000000,100.000000000,34.763543794,125.394320309,74.605679691,0.000000000,70.710678119,70.622120452,-0.707106781,0.707106781,0.000000000
872,0.436000000,0.000000000,100.000000000,34.813543794,125.358964970,74.641035030,0.000000000,70.710678119,70.622120452,-0.707106781,0.707106781,0.000000000
873,0.436500000,0.000000000,100.000000000,34.863543794,125.323609631,74.676390369,0.000000000,70.710678119,70.622120452,-0.707106781,0.707106781,0.000000000
874,0.437000000,0.000000000,100.000000000,34.913543794,125.288254292,74.711745708,0.000000000,70.710678119,70.622120452,-0.707106781,0.707106781,0.000000000
875,0.437500000,0.000000000,100.000000000,34.963543794,125.252898953,74.747101047,0.000000000,70.710678119,70.622120452,-0.707106781,0.707106781,0.000000000
876,0.438000000,0.000000000,100.000000000,35.013543794,125.217543614,74.782456386,0.000000000,70.710678119,70.622120452,-0.707106781,0.707106781,0.000000000
877,0.438500000,0.000000000,100.000000000,35.063543794,125.182188275,74.817811725,0.000000000,70.710678119,70.622120452,-0.707106781,0.707106781,0.000000000
878,0.439000000,0.000000000,100.000000000,35.113543794,125.146832936,74.853167064,0.000000000,70.710678119,70.622120452,-0.707106781,0.707106781,0.000000000
879,0.439500000,0.000000000,100.000000000,35.163543794,125.111477597,74.888522403,0.000000000,70.710678119,70.622120452,-0.707106781,0.707106781,0.000000000
880,0.440000000,0.000000000,100.000000000,35.213543794,125.076122258,74.923877742,0.000000000,70.710678119,70.622120452,-0.707106781,0.707106781,0.000000000
881,0.440500000,0.000000000,100.000000000,35.263543794,125.040766919,74.959233081,0.000000000,70.710678119,70.622120452,-0.707106781,0.707106781,0.000000000
882,0.441000000,0.000000000,100.000000000,35.313543794,125.005411580,74.994588420,0.000000000,70.710678119,70.622120452,-0.707106781,0.707106781,0.000000000
883,0.441500000,0.000000000,100.000000000,35.363543794,124.970056241,75.029943759,0.000000000,70.710678119,70.622120452,-0.707106781,0.707106781,0.000000000
884,0.442000000,0.000000000,100.000000000,35.413543794,124.934700902,75.065299098,0.000000000,70.710678119,70.622120452,-0.707106781,0.707106781,0.000000000
885,0.442500000,0.000000000,100.000000000,35.463543794,124.899345563,75.100654437,0.000000000,70.710678119,70.622120452,-0.707106781,0.707106781,0.000000000
886,0.443000000,0.000000000,100.000000000,35.513543794,124.863990224,75.136009776,0.000000000,70.710678119,70.622120452,-0.707106781,0.707106781,0.000000000
887,0.443500000,0.000000000,100.000000000,35.563543794,124.828634884,75.171365116,0.000000000,70.710678119,70.622120452,-0.707106781,0.707106781,0.000000000
888,0.444000000,0.000000000,100.000000000,35.613543794,124.793279545,75.206720455,0.000000000,70.710678119,70.622120452,-0.707106781,0.707106781,0.000000000
889,0.444500000,0.000000000,100.000000000,35.663543794,124.757924206,75.242075794,0.000000000,70.710678119,70.622120452,-0.707106781,0.707106781,0.000000000
890,0.445000000,0.000000000,100.000000000,35.713543794,124.722568867,75.277431133,0.000000000,70.710678119,70.622120452,-0.707106781,0.707106781,0.000000000
891,0.445500000,0.000000000,100.000000000,35.763543794,124.687213528,75.312786472,0.000000000,70.710678119,70.622120452,-0.707106781,0.707106781,0.000000000
892,0.446000000,0.000000000,100.000000000,35.813543794,124.651858189,75.348141811,0.000000000,70.710678119,70.622120452,-0.707106781,0.707106781,0.000000000
893,0.446500000,0.000000000,100.000000000,35.863543794,124.616502850,75.383497150,0.000000000,70.710678119,70.622120452,-0.707106781,0.707106781,0.000000000
894,0.447000000,0.000000000,100.000000000,35.913543794,124.581147511,75.418852489,0.000000000,70.710678119,70.622120452,-0.707106781,0.707106781,0.000000000
895,0.447500000,0.000000000,100.000000000,35.963543794,124.545792172,75.454207828,0.000000000,70.710678119,70.622120452,-0.707106781,0.707106781,0.000000000
896,0.448000000,0.000000000,100.000000000,36.013543794,124.510436833,75.489563167,0.000000000,70.710678119,70.622120452,-0.707106781,0.707106781,0.000000000
897,0.448500000,0.000000000,100.000000000,36.063543794,124.475081494,75.524918506,0.000000000,70.710678119,70.622120452,-0.707106781,0.707106781,0.000000000
898,0.449000000,0.000000000,100.000000000,36.113543794,124.439726155,75.560273845,0.000000000,70.710678119,70.622120452,-0.707106781,0.707106781,0.000000000
899,0.449500000,0.000000000,100.000000000,36.163543794,124.404370816,75.595629184,0.000000000,70.710678119,70.622120452,-0.707106781,0.707106781,0.000000000
900,0.450000000,0.000000000,100.000000000,36.213543794,124.369015477,75.630984523,0.000000000,70.710678119,70.622120452,-0.707106781,0.707106781,0.000000000
901,0.450500000,0.000000000,100.000000000,36.263543794,124.333660138,75.666339862,0.000000000,70.710678119,70.622120452,-0.707106781,0.707106781,0.000000000
902,0.451000000,0.000000000,100.000000000,36.313543794,124.298304799,75.701695201,0.000000000,70.710678119,70.622120452,-0.707106781,0.707106781,0.000000000
903,0.451500000,0.000000000,100.000000000,36.363543794,124.262949460,75.737050540,0.000000000,70.710678119,70.622120452,-0.707106781,0.707106781,0.000000000
904,0.452000000,0.000000000,100.000000000,36.413543794,124.227594120,75.772405880,0.000000000,70.710678119,70.622120452,-0.707106781,0.707106781,0.000000000
905,0.452500000,0.000000000,100.000000000,36.463543794,124.192238781,75.807761219,0.000000000,70.710678119,70.622120452,-0.707106781,0.707106781,0.000000000
906,0.453000000,0.000000000,100.000000000,36.513543794,124.156883442,75.843116558,0.000000000,70.710678119,70.622120452,-0.707106781,0.707106781,0.000000000
907,0.453500000,0.000000000,100.000000000,36.563543794,124.121528103,75.878471897,0.000000000,70.710678119,70.622120452,-0.707106781,0.707106781,0.000000000
908,0.454000000,0.000000000,100.000000000,36.613543794,124.086172764,75.913827236,0.000000000,70.710678119,70.622120452,-0.707106781,0.707106781,0.000000000
909,0.454500000,0.000000000,100.000000000,36.663543794,124.050817425,75.949182575,0.000000000,70.710678119,70.622120452,-0.707106781,0.707106781,0.000000000
910,0.455000000,0.000000000,100.000000000,36.713543794,124.015462086,75.984537914,0.000000000,70.710678119,70.622120452,-0.707106781,0.707106781,0.000000000
911,0.455500000,0.000000000,100.000000000,36.763543794,123.980106747,76.019893253,0.000000000,70.710678119,70.622120452,-0.707106781,0.707106781,0.000000000
912,0.456000000,0.000000000,100.000000000,36.813543794,123.944751408,76.055248592,0.000000000,70.710678119,70.622120452,-0.707106781,0.707106781,0.000000000
913,0.456500000,0.000000000,100.000000000,36.863543794,123.909396069,76.090603931,0.000000000,70.710678119,70.622120452,-0.707106781,0.707106781,0.000000000
914,0.457000000,0.000000000,100.000000000,36.913543794,123.874040730,76.125959270,0.000000000,70.710678119,70.622120452,-0.707106781,0.707106781,0.000000000
915,0.457500000,0.000000000,100.000000000,36.963543794,123.838685391,76.161314609,0.000000000,70.710678119,70.622120452,-0.707106781,0.707106781,0.000000000
916,0.458000000,0.000000000,100.000000000,37.013543794,123.803330052,76.196669948,0.000000000,70.710678119,70.622120452,-0.707106781,0.707106781,0.000000000
917,0.458500000,0.000000000,100.000000000,37.063543794,123.767974713,76.232025287,0.000000000,70.710678119,70.622120452,-0.707106781,0.707106781,0.000000000
918,0.459000000,0.000000000,100.000000000,37.113543794,123.732619374,76.267380626,0.000000000,70.710678119,70.622120452,-0.707106781,0.707106781,0.000000000
919,0.459500000,0.000000000,100.000000000,37.163543794,123.697264035,76.302735965,0.000000000,70.710678119,70.622120452,-0.707106781,0.707106781,0.000000000
920,0.460000000,0.000000000,100.000000000,37.213543794,123.661908696,76.338091304,0.000000000,70.710678119,70.622120452,-0.707106781,0.707106781,0.000000000
921,0.460500000,0.000000000,100.000000000,37.263543794,123.626553356,76.373446644,0.000000000,70.710678119,70.622120452,-0.707106781,0.707106781,0.000000000
922,0.461000000,0.000000000,100.000000000,37.313543794,123.591198017,76.408801983,0.000000000,70.710678119,70.622120452,-0.707106781,0.707106781,0.000000000
923,0.461500000,0.000000000,100.000000000,37.363543794,123.555842678,76.444157322,0.000000000,70.710678119,70.622120452,-0.707106781,0.707106781,0.000000000
924,0.462000000,0.000000000,100.000000000,37.413543794,123.520487339,76.479512661,0.000000000,70.710678119,70.622120452,-0.707106781,0.707106781,0.000000000
925,0.462500000,0.000000000,100.000000000,37.463543794,123.485132000,76.514868000,0.000000000,70.710678119,70.622120452,-0.707106781,0.707106781,0.000000000
926,0.463000000,0.000000000,100.000000000,37.513543794,123.449776661,76.550223339,0.000000000,70.710678119,70.622120452,-0.707106781,0.707106781,0.000000000
927,0.463500000,0.000000000,100.000000000,37.563543794,123.414421322,76.585578678,0.000000000,70.710678119,70.622120452,-0.707106781,0.707106781,0.000000000
928,0.464000000,0.000000000,100.000000000,37.613543794,123.379065983,76.620934017,0.000000000,70.710678119,70.622120452,-0.707106781,0.707106781,0.000000000
929,0.464500000,0.000000000,100.000000000,37.663543794,123.343710644,76.656289356,0.000000000,70.710678119,70.622120452,-0.707106781,0.707106781,0.000000000
930,0.465000000,0.000000000,100.000000000,37.713543794,123.308355305,76.691644695,0.000000000,70.710678119,70.622120452,-0.707106781,0.707106781,0.000000000
931,0.465500000,0.000000000,100.000000000,37.763543794,123.272999966,76.727000034,0.000000000,70.710678119,70.622120452,-0.707106781,0.707106781,0.000000000
932,0.466000000,0.000000000,100.000000000,37.813543794,123.237644627,76.762355373,0.000000000,70.710678119,70.622120452,-0.707106781,0.707106781,0.000000000
933,0.466500000,0.000000000,100.000000000,37.863543794,123.202289288,76.797710712,0.000000000,70.710678119,70.622120452,-0.707106781,0.707106781,0.000000000
934,0.467000000,0.000000000,100.000000000,37.913543794,123.166933949,76.833066051,0.000000000,70.710678119,70.622120452,-0.707106781,0.707106781,0.000000000
935,0.467500000,0.000000000,100.000000000,37.963543794,123.131578610,76.868421390,0.000000000,70.710678119,70.622120452,-0.707106781,0.707106781,0.000000000
936,0.468000000,0.000000000,100.000000000,38.013543794,123.096223271,76.903776729,0.000000000,70.710678119,70.622120452,-0.707106781,0.707106781,0.000000000
937,0.468500000,0.000000000,100.000000000,38.063543794,123.060867932,76.939132068,0.000000000,70.710678119,70.622120452,-0.707106781,0.707106781,0.000000000
938,0.469000000,0.000000000,100.000000000,38.113543794,123.025512592,76.974487408,0.000000000,70.710678119,70.622120452,-0.707106781,0.707106781,0.000000000
939,0.469500000,0.000000000,100.000000000,38.163543794,122.990157253,77.009842747,0.000000000,70.710678119,70.622120452,-0.707106781,0.707106781,0.000000000
940,0.470000000,0.000000000,100.000000000,38.213543794,122.954801914,77.045198086,0.000000000,70.710678119,70.622120452,-0.707106781,0.707106781,0.000000000
941,0.470500000,0.000000000,100.000000000,38.263543794,122.919446575,77.080553425,0.000000000,70.710678119,70.622120452,-0.707106781,0.707106781,0.000000000
942,0.471000000,0.000000000,100.000000000,38.313543794,122.884091236,77.115908764,0.000000000,70.710678119,70.622120452,-0.707106781,0.707106781,0.000000000
943,0.471500000,0.000000000,100.000000000,38.363543794,122.848735897,77.151264103,0.000000000,70.710678119,70.622120452,-0.707106781,0.707106781,0.000000000
944,0.472000000,0.000000000,100.000000000,38.413543794,122.813380558,77.186619442,0.000000000,70.710678119,70.622120452,-0.707106781,0.707106781,0.000000000
945,0.472500000,0.000000000,100.000000000,38.463543794,122.778025219,77.221974781,0.000000000,70.710678119,70.622120452,-0.707106781,0.707106781,0.000000000
946,0.473000000,0.000000000,100.000000000,38.513543794,122.742669880,77.257330120,0.000000000,70.710678119,70.622120452,-0.707106781,0.707106781,0.000000000
947,0.473500000,0.000000000,100.000000000,38.563543794,122.707314541,77.292685459,0.000000000,70.710678119,70.622120452,-0.707106781,0.707106781,0.000000000
948,0.474000000,0.000000000,100.000000000,38.613543794,122.671959202,77.328040798,0.000000000,70.710678119,70.622120452,-0.707106781,0.707106781,0.000000000
949,0.474500000,0.000000000,100.000000000,38.663543794,122.636603863,77.363396137,0.000000000,70.710678119,70.622120452,-0.707106781,0.707106781,0.000000000
950,0.475000000,0.000000000,100.000000000,38.713543794,122.601248524,77.398751476,0.000000000,70.710678119,70.622120452,-0.707106781,0.707106781,0.000000000
951,0.475500000,0.000000000,100.000000000,38.763543794,122.565893185,77.434106815,0.000000000,70.710678119,70.622120452,-0.707106781,0.707106781,0.000000000
952,0.476000000,0.000000000,100.000000000,38.813543794,122.530537846,77.469462154,0.000000000,70.710678119,70.622120452,-0.707106781,0.707106781,0.000000000
953,0.476500000,0.000000000,100.000000000,38.863543794,122.495182507,77.504817493,0.000000000,70.710678119,70.622120452,-0.707106781,0.707106781,0.000000000
954,0.477000000,0.000000000,100.000000000,38.913543794,122.459827168,77.540172832,0.000000000,70.710678119,70.622120452,-0.707106781,0.707106781,0.000000000
955,0.477500000,0.000000000,100.000000000,38.963543794,122.424471828,77.575528172,0.000000000,70.710678119,70.622120452,-0.707106781,0.707106781,0.000000000
956,0.478000000,0.000000000,100.000000000,39.013543794,122.389116489,77.610883511,0.000000000,70.710678119,70.622120452,-0.707106781,0.707106781,0.000000000
957,0.478500000,0.000000000,100.000000000,39.063543794,122.353761150,77.646238850,0.000000000,70.710678119,70.622120452,-0.707106781,0.707106781,0.000000000
958,0.479000000,0.000000000,100.000000000,39.113543794,122.318405811,77.681594189,0.000000000,70.710678119,70.622120452,-0.707106781,0.707106781,0.000000000
959,0.479500000,0.000000000,100.000000000,39.163543794,122.283050472,77.716949528,0.000000000,70.710678119,70.622120452,-0.707106781,0.707106781,0.000000000
960,0.480000000,0.000000000,100.000000000,39.213543794,122.247695133,77.752304867,0.000000000,70.710678119,70.622120452,-0.707106781,0.707106781,0.000000000
961,0.480500000,0.000000000,100.000000000,39.263543794,122.212339794,77.787660206,0.000000000,70.710678119,70.622120452,-0.707106781,0.707106781,0.000000000
962,0.481000000,0.000000000,100.000000000,39.313543794,122.176984455,77.823015545,0.000000000,70.710678119,70.622120452,-0.707106781,0.707106781,0.000000000
963,0.481500000,0.000000000,100.000000000,39.363543794,122.141629116,77.858370884,0.000000000,70.710678119,70.622120452,-0.707106781,0.707106781,0.000000000
964,0.482000000,0.000000000,100.000000000,39.413543794,122.106273777,77.893726223,0.000000000,70.710678119,70.622120452,-0.707106781,0.707106781,0.000000000
965,0.482500000,0.000000000,100.000000000,39.463543794,122.070918438,77.929081562,0.000000000,70.710678119,70.622120452,-0.707106781,0.707106781,0.000000000
966,0.483000000,0.000000000,100.000000000,39.513543794,122.035563099,77.964436901,0.000000000,70.710678119,70.622120452,-0.707106781,0.707106781,0.000000000
967,0.483500000,0.000000000,100.000000000,39.563543794,122.000207760,77.999792240,0.000000000,70.710678119,70.622120452,-0.707106781,0.707106781,0.000000000
968,0.484000000,0.000000000,100.000000000,39.613543794,121.964852421,78.035147579,0.000000000,70.710678119,70.622120452,-0.707106781,0.707106781,0.000000000
969,0.484500000,0.000000000,100.000000000,39.663543794,121.929497082,78.070502918,0.000000000,70.710678119,70.622120452,-0.707106781,0.707106781,0.000000000
970,0.485000000,0.000000000,100.000000000,39.713543794,121.894141743,78.105858257,0.000000000,70.710678119,70.622120452,-0.707106781,0.707106781,0.000000000
971,0.485500000,0.000000000,100.000000000,39.763543794,121.858786404,78.141213596,0.000000000,70.710678119,70.622120452,-0.707106781,0.707106781,0.000000000
972,0.486000000,0.000000000,100.000000000,39.813543794,121.823431064,78.176568936,0.000000000,70.710678119,70.622120452,-0.707106781,0.707106781,0.000000000
973,0.486500000,0.000000000,100.000000000,39.863543794,121.788075725,78.211924275,0.000000000,70.710678119,70.622120452,-0.707106781,0.707106781,0.000000000
974,0.487000000,0.000000000,100.000000000,39.913543794,121.752720386,78.247279614,0.000000000,70.710678119,70.622120452,-0.707106781,0.707106781,0.000000000
975,0.487500000,0.000000000,100.000000000,39.963543794,121.717365047,78.282634953,0.000000000,70.710678119,70.622120452,-0.707106781,0.707106781,0.000000000
976,0.488000000,0.000000000,100.000000000,40.013543794,121.682009708,78.317990292,0.000000000,70.710678119,70.622120452,-0.707106781,0.707106781,0.000000000
977,0.488500000,0.000000000,100.000000000,40.063543794,121.646654369,78.353345631,0.000000000,70.710678119,70.622120452,-0.707106781,0.707106781,0.000000000
978,0.489000000,0.000000000,100.000000000,40.113543794,121.611299030,78.388700970,0.000000000,70.710678119,70.622120452,-0.707106781,0.707106781,0.000000000
979,0.489500000,0.000000000,100.000000000,40.163543794,121.575943691,78.424056309,0.000000000,70.710678119,70.622120452,-0.707106781,0.707106781,0.000000000
980,0.490000000,0.000000000,100.000000000,40.213543794,121.540588352,78.459411648,0.000000000,70.710678119,70.622120452,-0.707106781,0.707106781,0.000000000
981,0.490500000,0.000000000,100.000000000,40.263543794,121.505233013,78.494766987,0.000000000,70.710678119,70.622120452,-0.707106781,0.707106781,0.000000000
982,0.491000000,0.000000000,100.000000000,40.313543794,121.469877674,78.530122326,0.000000000,70.710678119,70.622120452,-0.707106781,0.707106781,0.000000000
983,0.491500000,0.000000000,100.000000000,40.363543794,121.434522335,78.565477665,0.000000000,70.710678119,70.622120452,-0.707106781,0.707106781,0.000000000
984,0.492000000,0.000000000,100.000000000,40.413543794,121.399166996,78.600833004,0.000000000,70.710678119,70.622120452,-0.707106781,0.707106781,0.000000000
985,0.492500000,0.000000000,100.000000000,40.463543794,121.363811657,78.636188343,0.000000000,70.710678119,70.622120452,-0.707106781,0.707106781,0.000000000
986,0.493000000,0.000000000,100.000000000,40.513543794,121.328456318,78.671543682,0.000000000,70.710678119,70.622120452,-0.707106781,0.707106781,0.000000000
987,0.493500000,0.000000000,100.000000000,40.563543794,121.293100979,78.706899021,0.000000000,70.710678119,70.622120452,-0.707106781,0.707106781,0.000000000
988,0.494000000,0.000000000,100.000000000,40.613543794,121.257745640,78.742254360,0.000000000,70.710678119,70.622120452,-0.707106781,0.707106781,0.000000000
989,0.494500000,0.000000000,100.000000000,40.663543794,121.222390300,78.777609700,0.000000000,70.710678119,70.622120452,-0.707106781,0.707106781,0.000000000
990,0.495000000,0.000000000,100.000000000,40.713543794,121.187034961,78.812965039,0.000000000,70.710678119,70.622120452,-0.707106781,0.707106781,0.000000000
991,0.495500000,0.000000000,100.000000000,40.763543794,121.151679622,78.848320378,0.000000000,70.710678119,70.622120452,-0.707106781,0.707106781,0.000000000
992,0.496000000,0.000000000,100.000000000,40.813543794,121.116324283,78.883675717,0.000000000,70.710678119,70.622120452,-0.707106781,0.707106781,0.000000000
993,0.496500000,0.000000000,100.000000000,40.863543794,121.080968944,78.919031056,0.000000000,70.710678119,70.622120452,-0.707106781,0.707106781,0.000000000
994,0.497000000,0.000000000,100.000000000,40.913543794,121.045613605,78.954386395,0.000000000,70.710678119,70.622120452,-0.707106781,0.707106781,0.000000000
995,0.497500000,0.000000000,100.000000000,40.963543794,121.010258266,78.989741734,0.000000000,70.710678119,70.622120452,-0.707106781,0.707106781,0.000000000
996,0.498000000,0.000000000,100.000000000,41.013543794,120.974902927,79.025097073,0.000000000,70.710678119,70.622120452,-0.707106781,0.707106781,0.000000000
997,0.498500000,0.000000000,100.000000000,41.063543794,120.939547588,79.060452412,0.000000000,70.710678119,70.622120452,-0.707106781,0.707106781,0.000000000
998,0.499000000,0.000000000,100.000000000,41.113543794,120.904192249,79.095807751,0.000000000,70.710678119,70.622120452,-0.707106781,0.707106781,0.000000000
999,0.499500000,0.000000000,100.000000000,41.163543794,120.868836910,79.131163090,0.000000000,70.710678119,70.622120452,-0.707106781,0.707106781,0.000000000
1000,0.500000000,0.000000000,100.000000000,41.213543794,120.833481571,79.166518429,0.000000000,70.710678119,70.622120452,-0.707106781,0.707106781,0.000000000
1001,0.500500000,0.000000000,100.000000000,41.263543794,120.798126232,79.201873768,0.000000000,70.710678119,70.622120452,-0.707106781,0.707106781,0.000000000
1002,0.501000000,0.000000000,100.000000000,41.313543794,120.762770893,79.237229107,0.000000000,70.710678119,70.622120452,-0.707106781,0.707106781,0.000000000
1003,0.501500000,0.000000000,100.000000000,41.363543794,120.727415554,79.272584446,0.000000000,70.710678119,70.622120452,-0.707106781,0.707106781,0.000000000
1004,0.502000000,0.000000000,100.000000000,41.413543794,120.692060215,79.307939785,0.000000000,70.710678119,70.622120452,-0.707106781,0.707106781,0.000000000
1005,0.502500000,0.000000000,100.000000000,41.463543794,120.656704875,79.343295125,0.000000000,70.710678119,70.622120452,-0.707106781,0.707106781,0.000000000
1006,0.503000000,0.000000000,100.000000000,41.513543794,120.621349536,79.378650464,0.000000000,70.710678119,70.622120452,-0.707106781,0.707106781,0.000000000
1007,0.503500000,0.000000000,100.000000000,41.563543794,120.585994197,79.414005803,0.000000000,70.710678119,70.622120452,-0.707106781,0.707106781,0.000000000
1008,0.504000000,0.000000000,100.000000000,41.613543794,120.550638858,79.449361142,0.000000000,70.710678119,70.622120452,-0.707106781,0.707106781,0.000000000
1009,0.504500000,0.000000000,100.000000000,41.663543794,120.515283519,79.484716481,0.000000000,70.710678119,70.622120452,-0.707106781,0.707106781,0.000000000
1010,0.505000000,0.000000000,100.000000000,41.713543794,120.479928180,79.520071820,0.000000000,70.710678119,70.622120452,-0.707106781,0.707106781,0.000000000
1011,0.505500000,0.000000000,100.000000000,41.763543794,120.444572841,79.555427159,0.000000000,70.710678119,70.622120452,-0.707106781,0.707106781,0.000000000
1012,0.506000000,0.000000000,100.000000000,41.813543794,120.409217502,79.590782498,0.000000000,70.710678119,70.622120452,-0.707106781,0.707106781,0.000000000
1013,0.506500000,0.000000000,100.000000000,41.863543794,120.373862163,79.626137837,0.000000000,70.710678119,70.622120452,-0.707106781,0.707106781,0.000000000
1014,0.507000000,0.000000000,100.000000000,41.913543794,120.338506824,79.661493176,0.000000000,70.710678119,70.622120452,-0.707106781,0.707106781,0.000000000
1015,0.507500000,0.000000000,100.000000000,41.963543794,120.303151485,79.696848515,0.000000000,70.710678119,70.622120452,-0.707106781,0.707106781,0.000000000
1016,0.508000000,0.000000000,100.000000000,42.013543794,120.267796146,79.732203854,0.000000000,70.710678119,70.622120452,-0.707106781,0.707106781,0.000000000
1017,0.508500000,0.000000000,100.000000000,42.063543794,120.232440807,79.767559193,0.000000000,70.710678119,70.622120452,-0.707106781,0.707106781,0.000000000
1018,0.509000000,0.000000000,100.000000000,42.113543794,120.197085468,79.802914532,0.000000000,70.710678119,70.622120452,-0.707106781,0.707106781,0.000000000
1019,0.509500000,0.000000000,100.000000000,42.163543794,120.161730129,79.838269871,0.000000000,70.710678119,70.622120452,-0.707106781,0.707106781,0.000000000
1020,0.510000000,0.000000000,100.000000000,42.213543794,120.126374790,79.873625210,0.000000000,70.710678119,70.622120452,-0.707106781,0.707106781,0.000000000
1021,0.510500000,0.000000000,100.000000000,42.263543794,120.091019451,79.908980549,0.000000000,70.710678119,70.622120452,-0.707106781,0.707106781,0.000000000
1022,0.511000000,0.000000000,100.000000000,42.313543794,120.055664111,79.944335889,0.000000000,70.710678119,70.622120452,-0.707106781,0.707106781,0.000000000
1023,0.511500000,0.000000000,100.000000000,42.363543794,120.020308772,79.979691228,0.000000000,70.710678119,70.622120452,-0.707106781,0.707106781,0.000000000
1024,0.512000000,0.000000000,100.000000000,42.413543794,119.984953433,80.015046567,0.000000000,70.710678119,70.622120452,-0.707106781,0.707106781,0.000000000
1025,0.512500000,0.000000000,100.000000000,42.463543794,119.949598094,80.050401906,0.000000000,70.710678119,70.622120452,-0.707106781,0.707106781,0.000000000
1026,0.513000000,0.000000000,100.000000000,42.513543794,119.914242755,80.085757245,0.000000000,70.710678119,70.622120452,-0.707106781,0.707106781,0.000000000
1027,0.513500000,0.000000000,100.000000000,42.563543794,119.878887416,80.121112584,0.000000000,70.710678119,70.622120452,-0.707106781,0.707106781,0.000000000
1028,0.514000000,0.000000000,100.000000000,42.613543794,119.843532077,80.156467923,0.000000000,70.710678119,70.622120452,-0.707106781,0.707106781,0.000000000
1029,0.514500000,0.000000000,100.000000000,42.663543794,119.808176738,80.191823262,0.000000000,70.710678119,70.622120452,-0.707106781,0.707106781,0.000000000
1030,0.515000000,0.000000000,100.000000000,42.713543794,119.772821399,80.227178601,0.000000000,70.710678119,70.622120452,-0.707106781,0.707106781,0.000000000
1031,0.515500000,0.000000000,100.000000000,42.763543794,119.737466060,80.262533940,0.000000000,70.710678119,70.622120452,-0.707106781,0.707106781,0.000000000
1032,0.516000000,0.000000000,100.000000000,42.813543794,119.702110721,80.297889279,0.000000000,70.710678119,70.622120452,-0.707106781,0.707106781,0.000000000
1033,0.516500000,0.000000000,100.000000000,42.863543794,119.666755382,80.333244618,0.000000000,70.710678119,70.622120452,-0.707106781,0.707106781,0.000000000
1034,0.517000000,0.000000000,100.000000000,42.913543794,119.631400043,80.368599957,0.000000000,70.710678119,70.622120452,-0.707106781,0.707106781,0.000000000
1035,0.517500000,0.000000000,100.000000000,42.963543794,119.596044704,80.403955296,0.000000000,70.710678119,70.622120452,-0.707106781,0.707106781,0.000000000
1036,0.518000000,0.000000000,100.000000000,43.013543794,119.560689365,80.439310635,0.000000000,70.710678119,70.622120452,-0.707106781,0.707106781,0.000000000
1037,0.518500000,0.000000000,100.000000000,43.063543794,119.525334026,80.474665974,0.000000000,70.710678119,70.622120452,-0.707106781,0.707106781,0.000000000
1038,0.519000000,0.000000000,100.000000000,43.113543794,119.489978687,80.510021313,0.000000000,70.710678119,70.622120452,-0.707106781,0.707106781,0.000000000
1039,0.519500000,0.000000000,100.000000000,43.163543794,119.454623347,80.545376653,0.000000000,70.710678119,70.622120452,-0.707106781,0.707106781,0.000000000
1040,0.520000000,0.000000000,100.000000000,43.213543794,119.419268008,80.580731992,0.000000000,70.710678119,70.622120452,-0.707106781,0.707106781,0.000000000
1041,0.520500000,0.000000000,100.000000000,43.263543794,119.383912669,80.616087331,0.000000000,70.710678119,70.622120452,-0.707106781,0.707106781,0.000000000
1042,0.521000000,0.000000000,100.000000000,43.313543794,119.348557330,80.651442670,0.000000000,70.710678119,70.622120452,-0.707106781,0.707106781,0.000000000
1043,0.521500000,0.000000000,100.000000000,43.363543794,119.313201991,80.686798009,0.000000000,70.710678119,70.622120452,-0.707106781,0.707106781,0.000000000
1044,0.522000000,0.000000000,100.000000000,43.413543794,119.277846652,80.722153348,0.000000000,70.710678119,70.622120452,-0.707106781,0.707106781,0.000000000
1045,0.522500000,0.000000000,100.000000000,43.463543794,119.242491313,80.757508687,0.000000000,70.710678119,70.622120452,-0.707106781,0.707106781,0.000000000
1046,0.523000000,0.000000000,100.000000000,43.513543794,119.207135974,80.792864026,0.000000000,70.710678119,70.622120452,-0.707106781,0.707106781,0.000000000
1047,0.523500000,0.000000000,100.000000000,43.563543794,119.171780635,80.828219365,0.000000000,70.710678119,70.622120452,-0.707106781,0.707106781,0.000000000
1048,0.524000000,0.000000000,100.000000000,43.613543794,119.136425296,80.863574704,0.000000000,70.710678119,70.622120452,-0.707106781,0.707106781,0.000000000
1049,0.524500000,0.000000000,100.000000000,43.663543794,119.101069957,80.898930043,0.000000000,70.710678119,70.622120452,-0.707106781,0.707106781,0.000000000
1050,0.525000000,0.000000000,100.000000000,43.713543794,119.065714618,80.934285382,0.000000000,70.710678119,70.622120452,-0.707106781,0.707106781,0.000000000
1051,0.525500000,0.000000000,100.000000000,43.763543794,119.030359279,80.969640721,0.000000000,70.710678119,70.622120452,-0.707106781,0.707106781,0.000000000
1052,0.526000000,0.000000000,100.000000000,43.813543794,118.995003940,81.004996060,0.000000000,70.710678119,70.622120452,-0.707106781,0.707106781,0.000000000
1053,0.526500000,0.000000000,100.000000000,43.863543794,118.959648601,81.040351399,0.000000000,70.710678119,70.622120452,-0.707106781,0.707106781,0.000000000
1054,0.527000000,0.000000000,100.000000000,43.913543794,118.924293262,81.075706738,0.000000000,70.710678119,70.622120452,-0.707106781,0.707106781,0.000000000
1055,0.527500000,0.000000000,100.000000000,43.963543794,118.888937923,81.111062077,0.000000000,70.710678119,70.622120452,-0.707106781,0.707106781,0.000000000
1056,0.528000000,0.000000000,100.000000000,44.013543794,118.853582583,81.146417417,0.000000000,70.710678119,70.622120452,-0.707106781,0.707106781,0.000000000
1057,0.528500000,0.000000000,100.000000000,44.063543794,118.818227244,81.181772756,0.000000000,70.710678119,70.622120452,-0.707106781,0.707106781,0.000000000
1058,0.529000000,0.000000000,100.000000000,44.113543794,118.782871905,81.217128095,0.000000000,70.710678119,70.622120452,-0.707106781,0.707106781,0.000000000
1059,0.529500000,0.000000000,100.000000000,44.163543794,118.747516566,81.252483434,0.000000000,70.710678119,70.622120452,-0.707106781,0.707106781,0.000000000
1060,0.530000000,0.000000000,100.000000000,44.213543794,118.712161227,81.287838773,0.000000000,70.710678119,70.622120452,-0.707106781,0.707106781,0.000000000
1061,0.530500000,0.000000000,100.000000000,44.263543794,118.676805888,81.323194112,0.000000000,70.710678119,70.622120452,-0.707106781,0.707106781,0.000000000
1062,0.531000000,0.000000000,100.000000000,44.313543794,118.641450549,81.358549451,0.000000000,70.710678119,70.622120452,-0.707106781,0.707106781,0.000000000
1063,0.531500000,0.000000000,100.000000000,44.363543794,118.606095210,81.393904790,0.000000000,70.710678119,70.622120452,-0.707106781,0.707106781,0.000000000
1064,0.532000000,0.000000000,100.000000000,44.413543794,118.570739871,81.429260129,0.000000000,70.710678119,70.622120452,-0.707106781,0.707106781,0.000000000
1065,0.532500000,0.000000000,100.000000000,44.463543794,118.535384532,81.464615468,0.000000000,70.710678119,70.622120452,-0.707106781,0.707106781,0.000000000
1066,0.533000000,0.000000000,100.000000000,44.513543794,118.500029193,81.499970807,0.000000000,70.710678119,70.622120452,-0.707106781,0.707106781,0.000000000
1067,0.533500000,0.000000000,100.000000000,44.563543794,118.464673854,81.535326146,0.000000000,70.710678119,70.622120452,-0.707106781,0.707106781,0.000000000
1068,0.534000000,0.000000000,100.000000000,44.613543794,118.429318515,81.570681485,0.000000000,70.710678119,70.622120452,-0.707106781,0.707106781,0.000000000
1069,0.534500000,0.000000000,100.000000000,44.663543794,118.393963176,81.606036824,0.000000000,70.710678119,70.622120452,-0.707106781,0.707106781,0.000000000
1070,0.535000000,0.000000000,100.000000000,44.713543794,118.358607837,81.641392163,0.000000000,70.710678119,70.622120452,-0.707106781,0.707106781,0.000000000
1071,0.535500000,0.000000000,100.000000000,44.763543794,118.323252498,81.676747502,0.000000000,70.710678119,70.622120452,-0.707106781,0.707106781,0.000000000
1072,0.536000000,0.000000000,100.000000000,44.813543794,118.287897159,81.712102841,0.000000000,70.710678119,70.622120452,-0.707106781,0.707106781,0.000000000
1073,0.536500000,0.000000000,100.000000000,44.863543794,118.252541819,81.747458181,0.000000000,70.710678119,70.622120452,-0.707106781,0.707106781,0.000000000
1074,0.537000000,0.000000000,100.000000000,44.913543794,118.217186480,81.782813520,0.000000000,70.710678119,70.622120452,-0.707106781,0.707106781,0.000000000
1075,0.537500000,0.000000000,100.000000000,44.963543794,118.181831141,81.818168859,0.000000000,70.710678119,70.622120452,-0.707106781,0.707106781,0.000000000
1076,0.538000000,0.000000000,100.000000000,45.013543794,118.146475802,81.853524198,0.000000000,70.710678119,70.622120452,-0.707106781,0.707106781,0.000000000
1077,0.538500000,0.000000000,100.000000000,45.063543794,118.111120463,81.888879537,0.000000000,70.710678119,70.622120452,-0.707106781,0.707106781,0.000000000
1078,0.539000000,0.000000000,100.000000000,45.113543794,118.075765124,81.924234876,0.000000000,70.710678119,70.622120452,-0.707106781,0.707106781,0.000000000
1079,0.539500000,0.000000000,100.000000000,45.163543794,118.040409785,81.959590215,0.000000000,70.710678119,70.622120452,-0.707106781,0.707106781,0.000000000
1080,0.540000000,0.000000000,100.000000000,45.213543794,118.005054446,81.994945554,0.000000000,70.710678119,70.622120452,-0.707106781,0.707106781,0.000000000
1081,0.540500000,0.000000000,100.000000000,45.263543794,117.969699107,82.030300893,0.000000000,70.710678119,70.622120452,-0.707106781,0.707106781,0.000000000
1082,0.541000000,0.000000000,100.000000000,45.313543794,117.934343768,82.065656232,0.000000000,70.710678119,70.622120452,-0.707106781,0.707106781,0.000000000
1083,0.541500000,0.000000000,100.000000000,45.363543794,117.898988429,82.101011571,0.000000000,70.710678119,70.622120452,-0.707106781,0.707106781,0.000000000
1084,0.542000000,0.000000000,100.000000000,45.413543794,117.863633090,82.136366910,0.000000000,70.710678119,70.622120452,-0.707106781,0.707106781,0.000000000
1085,0.542500000,0.000000000,100.000000000,45.463543794,117.828277751,82.171722249,0.000000000,70.710678119,70.622120452,-0.707106781,0.707106781,0.000000000
1086,0.543000000,0.000000000,100.000000000,45.513543794,117.792922412,82.207077588,0.000000000,70.710678119,70.622120452,-0.707106781,0.707106781,0.000000000
1087,0.543500000,0.000000000,100.000000000,45.563543794,117.757567073,82.242432927,0.000000000,70.710678119,70.622120452,-0.707106781,0.707106781,0.000000000
1088,0.544000000,0.000000000,100.000000000,45.613543794,117.722211734,82.277788266,0.000000000,70.710678119,70.622120452,-0.707106781,0.707106781,0.000000000
1089,0.544500000,0.000000000,100.000000000,45.663543794,117.686856395,82.313143605,0.000000000,70.710678119,70.622120452,-0.707106781,0.707106781,0.000000000
1090,0.545000000,0.000000000,100.000000000,45.713543794,117.651501055,82.348498945,0.000000000,70.710678119,70.622120452,-0.707106781,0.707106781,0.000000000
1091,0.545500000,0.000000000,100.000000000,45.763543794,117.616145716,82.383854284,0.000000000,70.710678119,70.622120452,-0.707106781,0.707106781,0.000000000
1092,0.546000000,0.000000000,100.000000000,45.813543794,117.580790377,82.419209623,0.000000000,70.710678119,70.622120452,-0.707106781,0.707106781,0.000000000
1093,0.546500000,0.000000000,100.000000000,45.863543794,117.545435038,82.454564962,0.000000000,70.710678119,70.622120452,-0.707106781,0.707106781,0.000000000
1094,0.547000000,0.000000000,100.000000000,45.913543794,117.510079699,82.489920301,0.000000000,70.710678119,70.622120452,-0.707106781,0.707106781,0.000000000
1095,0.547500000,0.000000000,100.000000000,45.963543794,117.474724360,82.525275640,0.000000000,70.710678119,70.622120452,-0.707106781,0.707106781,0.000000000
1096,0.548000000,0.000000000,100.000000000,46.013543794,117.439369021,82.560630979,0.000000000,70.710678119,70.622120452,-0.707106781,0.707106781,0.000000000
1097,0.548500000,0.000000000,100.000000000,46.063543794,117.404013682,82.595986318,0.000000000,70.710678119,70.622120452,-0.707106781,0.707106781,0.000000000
1098,0.549000000,0.000000000,100.000000000,46.113543794,117.368658343,82.631341657,0.000000000,70.710678119,70.622120452,-0.707106781,0.707106781,0.000000000
1099,0.549500000,0.000000000,100.000000000,46.163543794,117.333303004,82.666696996,0.000000000,70.710678119,70.622120452,-0.707106781,0.707106781,0.000000000
1100,0.550000000,0.000000000,100.000000000,46.213543794,117.297947665,82.702052335,0.000000000,70.710678119,70.622120452,-0.707106781,0.707106781,0.000000000
1101,0.550500000,0.000000000,100.000000000,46.263543794,117.262592326,82.737407674,0.000000000,70.710678119,70.622120452,-0.707106781,0.707106781,0.000000000
1102,0.551000000,0.000000000,100.000000000,46.313543794,117.227236987,82.772763013,0.000000000,70.710678119,70.622120452,-0.707106781,0.707106781,0.000000000
1103,0.551500000,0.000000000,100.000000000,46.363543794,117.191881648,82.808118352,0.000000000,70.710678119,70.622120452,-0.707106781,0.707106781,0.000000000
1104,0.552000000,0.000000000,100.000000000,46.413543794,117.156526309,82.843473691,0.000000000,70.710678119,70.622120452,-0.707106781,0.707106781,0.000000000
1105,0.552500000,0.000000000,100.000000000,46.463543794,117.121170970,82.878829030,0.000000000,70.710678119,70.622120452,-0.707106781,0.707106781,0.000000000
1106,0.553000000,0.000000000,100.000000000,46.513543794,117.085815631,82.914184369,0.000000000,70.710678119,70.622120452,-0.707106781,0.707106781,0.000000000
1107,0.553500000,0.000000000,100.000000000,46.563543794,117.050460291,82.949539709,0.000000000,70.710678119,70.622120452,-0.707106781,0.707106781,0.000000000
1108,0.554000000,0.000000000,100.000000000,46.613543794,117.015104952,82.984895048,0.000000000,70.710678119,70.622120452,-0.707106781,0.707106781,0.000000000
1109,0.554500000,0.000000000,100.000000000,46.663543794,116.979749613,83.020250387,0.000000000,70.710678119,70.622120452,-0.707106781,0.707106781,0.000000000
1110,0.555000000,0.000000000,100.000000000,46.713543794,116.944394274,83.055605726,0.000000000,70.710678119,70.622120452,-0.707106781,0.707106781,0.000000000
1111,0.555500000,0.000000000,100.000000000,46.763543794,116.909038935,83.090961065,0.000000000,70.710678119,70.622120452,-0.707106781,0.707106781,0.000000000
1112,0.556000000,0.000000000,100.000000000,46.813543794,116.873683596,83.126316404,0.000000000,70.710678119,70.622120452,-0.707106781,0.707106781,0.000000000
1113,0.556500000,0.000000000,100.000000000,46.863543794,116.838328257,83.161671743,0.000000000,70.710678119,70.622120452,-0.707106781,0.707106781,0.000000000
1114,0.557000000,0.000000000,100.000000000,46.913543794,116.802972918,83.197027082,0.000000000,70.710678119,70.622120452,-0.707106781,0.707106781,0.000000000
1115,0.557500000,0.000000000,100.000000000,46.963543794,116.767617579,83.232382421,0.000000000,70.710678119,70.622120452,-0.707106781,0.707106781,0.000000000
1116,0.558000000,0.000000000,100.000000000,47.013543794,116.732262240,83.267737760,0.000000000,70.710678119,70.622120452,-0.707106781,0.707106781,0.000000000
1117,0.558500000,0.000000000,100.000000000,47.063543794,116.696906901,83.303093099,0.000000000,70.710678119,70.622120452,-0.707106781,0.707106781,0.000000000
1118,0.559000000,0.000000000,100.000000000,47.113543794,116.661551562,83.338448438,0.000000000,70.710678119,70.622120452,-0.707106781,0.707106781,0.000000000
1119,0.559500000,0.000000000,100.000000000,47.163543794,116.626196223,83.373803777,0.000000000,70.710678119,70.622120452,-0.707106781,0.707106781,0.000000000
1120,0.560000000,0.000000000,100.000000000,47.213543794,116.590840884,83.409159116,0.000000000,70.710678119,70.622120452,-0.707106781,0.707106781,0.000000000
1121,0.560500000,0.000000000,100.000000000,47.263543794,116.555485545,83.444514455,0.000000000,70.710678119,70.622120452,-0.707106781,0.707106781,0.000000000
1122,0.561000000,0.000000000,100.000000000,47.313543794,116.520130206,83.479869794,0.000000000,70.710678119,70.622120452,-0.707106781,0.707106781,0.000000000
1123,0.561500000,0.000000000,100.000000000,47.363543794,116.484774866,83.515225134,0.000000000,70.710678119,70.622120452,-0.707106781,0.707106781,0.000000000
1124,0.562000000,0.000000000,100.000000000,47.413543794,116.449419527,83.550580473,0.000000000,70.710678119,70.622120452,-0.707106781,0.707106781,0.000000000
1125,0.562500000,0.000000000,100.000000000,47.463543794,116.414064188,83.585935812,0.000000000,70.710678119,70.622120452,-0.707106781,0.707106781,0.000000000
1126,0.563000000,0.000000000,100.000000000,47.513543794,116.378708849,83.621291151,0.000000000,70.710678119,70.622120452,-0.707106781,0.707106781,0.000000000
1127,0.563500000,0.000000000,100.000000000,47.563543794,116.343353510,83.656646490,0.000000000,70.710678119,70.622120452,-0.707106781,0.707106781,0.000000000
1128,0.564000000,0.000000000,100.000000000,47.613543794,116.307998171,83.692001829,0.000000000,70.710678119,70.622120452,-0.707106781,0.707106781,0.000000000
1129,0.564500000,0.000000000,100.000000000,47.663543794,116.272642832,83.727357168,0.000000000,70.710678119,70.622120452,-0.707106781,0.707106781,0.000000000
1130,0.565000000,0.000000000,100.000000000,47.713543794,116.237287493,83.762712507,0.000000000,70.710678119,70.622120452,-0.707106781,0.707106781,0.000000000
1131,0.565500000,0.000000000,100.000000000,47.763543794,116.201932154,83.798067846,0.000000000,70.710678119,70.622120452,-0.707106781,0.707106781,0.000000000
1132,0.566000000,0.000000000,100.000000000,47.813543794,116.166576815,83.833423185,0.000000000,70.710678119,70.622120452,-0.707106781,0.707106781,0.000000000
1133,0.566500000,0.000000000,100.000000000,47.863543794,116.131221476,83.868778524,0.000000000,70.710678119,70.622120452,-0.707106781,0.707106781,0.000000000
1134,0.567000000,0.000000000,100.000000000,47.913543794,116.095866137,83.904133863,0.000000000,70.710678119,70.622120452,-0.707106781,0.707106781,0.000000000
1135,0.567500000,0.000000000,100.000000000,47.963543794,116.060510798,83.939489202,0.000000000,70.710678119,70.622120452,-0.707106781,0.707106781,0.000000000
1136,0.568000000,0.000000000,100.000000000,48.013543794,116.025155459,83.974844541,0.000000000,70.710678119,70.622120452,-0.707106781,0.707106781,0.000000000
1137,0.568500000,0.000000000,100.000000000,48.063543794,115.989800120,84.010199880,0.000000000,70.710678119,70.622120452,-0.707106781,0.707106781,0.000000000
1138,0.569000000,0.000000000,100.000000000,48.113543794,115.954444781,84.045555219,0.000000000,70.710678119,70.622120452,-0.707106781,0.707106781,0.000000000
1139,0.569500000,0.000000000,100.000000000,48.163543794,115.919089442,84.080910558,0.000000000,70.710678119,70.622120452,-0.707106781,0.707106781,0.000000000
1140,0.570000000,0.000000000,100.000000000,48.213543794,115.883734102,84.116265898,0.000000000,70.710678119,70.622120452,-0.707106781,0.707106781,0.000000000
1141,0.570500000,0.000000000,100.000000000,48.263543794,115.848378763,84.151621237,0.000000000,70.710678119,70.622120452,-0.707106781,0.707106781,0.000000000
1142,0.571000000,0.000000000,100.000000000,48.313543794,115.813023424,84.186976576,0.000000000,70.710678119,70.622120452,-0.707106781,0.707106781,0.000000000
1143,0.571500000,0.000000000,100.000000000,48.363543794,115.777668085,84.222331915,0.000000000,70.710678119,70.622120452,-0.707106781,0.707106781,0.000000000
1144,0.572000000,0.000000000,100.000000000,48.413543794,115.742312746,84.257687254,0.000000000,70.710678119,70.622120452,-0.707106781,0.707106781,0.000000000
1145,0.572500000,0.000000000,100.000000000,48.463543794,115.706957407,84.293042593,0.000000000,70.710678119,70.622120452,-0.707106781,0.707106781,0.000000000
1146,0.573000000,0.000000000,100.000000000,48.513543794,115.671602068,84.328397932,0.000000000,70.710678119,70.622120452,-0.707106781,0.707106781,0.000000000
1147,0.573500000,0.000000000,100.000000000,48.563543794,115.636246729,84.363753271,0.000000000,70.710678119,70.622120452,-0.707106781,0.707106781,0.000000000
1148,0.574000000,0.000000000,100.000000000,48.613543794,115.600891390,84.399108610,0.000000000,70.710678119,70.622120452,-0.707106781,0.707106781,0.000000000
1149,0.574500000,0.000000000,100.000000000,48.663543794,115.565536051,84.434463949,0.000000000,70.710678119,70.622120452,-0.707106781,0.707106781,0.000000000
1150,0.575000000,0.000000000,100.000000000,48.713543794,115.530180712,84.469819288,0.000000000,70.710678119,70.622120452,-0.707106781,0.707106781,0.000000000
1151,0.575500000,0.000000000,100.000000000,48.763543794,115.494825373,84.505174627,0.000000000,70.710678119,70.622120452,-0.707106781,0.707106781,0.000000000
1152,0.576000000,0.000000000,100.000000000,48.813543794,115.459470034,84.540529966,0.000000000,70.710678119,70.622120452,-0.707106781,0.707106781,0.000000000
1153,0.576500000,0.000000000,100.000000000,48.863543794,115.424114695,84.575885305,0.000000000,70.710678119,70.622120452,-0.707106781,0.707106781,0.000000000
1154,0.577000000,0.000000000,100.000000000,48.913543794,115.388759356,84.611240644,0.000000000,70.710678119,70.622120452,-0.707106781,0.707106781,0.000000000
1155,0.577500000,0.000000000,100.000000000,48.963543794,115.353404017,84.646595983,0.000000000,70.710678119,70.622120452,-0.707106781,0.707106781,0.000000000
1156,0.578000000,0.000000000,100.000000000,49.013543794,115.318048678,84.681951322,0.000000000,70.710678119,70.622120452,-0.707106781,0.707106781,0.000000000
1157,0.578500000,0.000000000,100.000000000,49.063543794,115.282693338,84.717306662,0.000000000,70.710678119,70.622120452,-0.707106781,0.707106781,0.000000000
1158,0.579000000,0.000000000,100.000000000,49.113543794,115.247337999,84.752662001,0.000000000,70.710678119,70.622120452,-0.707106781,0.707106781,0.000000000
1159,0.579500000,0.000000000,100.000000000,49.163543794,115.211982660,84.788017340,0.000000000,70.710678119,70.622120452,-0.707106781,0.707106781,0.000000000
1160,0.580000000,0.000000000,100.000000000,49.213543794,115.176627321,84.823372679,0.000000000,70.710678119,70.622120452,-0.707106781,0.707106781,0.000000000
1161,0.580500000,0.000000000,100.000000000,49.263543794,115.141271982,84.858728018,0.000000000,70.710678119,70.622120452,-0.707106781,0.707106781,0.000000000
1162,0.581000000,0.000000000,100.000000000,49.313543794,115.105916643,84.894083357,0.000000000,70.710678119,70.622120452,-0.707106781,0.707106781,0.000000000
1163,0.581500000,0.000000000,100.000000000,49.363543794,115.070561304,84.929438696,0.000000000,70.710678119,70.622120452,-0.707106781,0.707106781,0.000000000
1164,0.582000000,0.000000000,100.000000000,49.413543794,115.035205965,84.964794035,0.000000000,70.710678119,70.622120452,-0.707106781,0.707106781,0.000000000
1165,0.582500000,0.000000000,100.000000000,49.463543794,114.999850626,85.000149374,0.000000000,70.710678119,70.622120452,-0.707106781,0.707106781,0.000000000
1166,0.583000000,0.000000000,100.000000000,49.513543794,114.964495287,85.035504713,0.000000000,70.710678119,70.622120452,-0.707106781,0.707106781,0.000000000
1167,0.583500000,0.000000000,100.000000000,49.563543794,114.929139948,85.070860052,0.000000000,70.710678119,70.622120452,-0.707106781,0.707106781,0.000000000
1168,0.584000000,0.000000000,100.000000000,49.613543794,114.893784609,85.106215391,0.000000000,70.710678119,70.622120452,-0.707106781,0.707106781,0.000000000
1169,0.584500000,0.000000000,100.000000000,49.663543794,114.858429270,85.141570730,0.000000000,70.710678119,70.622120452,-0.707106781,0.707106781,0.000000000
1170,0.585000000,0.000000000,100.000000000,49.713543794,114.823073931,85.176926069,0.000000000,70.710678119,70.622120452,-0.707106781,0.707106781,0.000000000
1171,0.585500000,0.000000000,100.000000000,49.763543794,114.787718592,85.212281408,0.000000000,70.710678119,70.622120452,-0.707106781,0.707106781,0.000000000
1172,0.586000000,0.000000000,100.000000000,49.813543794,114.752363253,85.247636747,0.000000000,70.710678119,70.622120452,-0.707106781,0.707106781,0.000000000
1173,0.586500000,0.000000000,100.000000000,49.863543794,114.717007914,85.282992086,0.000000000,70.710678119,70.622120452,-0.707106781,0.707106781,0.000000000
1174,0.587000000,0.000000000,100.000000000,49.913543794,114.681652574,85.318347426,0.000000000,70.710678119,70.622120452,-0.707106781,0.707106781,0.000000000
1175,0.587500000,0.000000000,100.000000000,49.963543794,114.646297235,85.353702765,0.000000000,70.710678119,70.622120452,-0.707106781,0.707106781,0.000000000
1176,0.588000000,0.000000000,100.000000000,50.013543794,114.610941896,85.389058104,0.000000000,70.710678119,70.622120452,-0.707106781,0.707106781,0.000000000
1177,0.588500000,0.000000000,100.000000000,50.063543794,114.575586557,85.424413443,0.000000000,70.710678119,70.622120452,-0.707106781,0.707106781,0.000000000
1178,0.589000000,0.000000000,100.000000000,50.113543794,114.540231218,85.459768782,0.000000000,70.710678119,70.622120452,-0.707106781,0.707106781,0.000000000
1179,0.589500000,0.000000000,100.000000000,50.163543794,114.504875879,85.495124121,0.000000000,70.710678119,70.622120452,-0.707106781,0.707106781,0.000000000
1180,0.590000000,0.000000000,100.000000000,50.213543794,114.469520540,85.530479460,0.000000000,70.710678119,70.622120452,-0.707106781,0.707106781,0.000000000
1181,0.590500000,0.000000000,100.000000000,50.263543794,114.434165201,85.565834799,0.000000000,70.710678119,70.622120452,-0.707106781,0.707106781,0.000000000
1182,0.591000000,0.000000000,100.000000000,50.313543794,114.398809862,85.601190138,0.000000000,70.710678119,70.622120452,-0.707106781,0.707106781,0.000000000
1183,0.591500000,0.000000000,100.000000000,50.363543794,114.363454523,85.636545477,0.000000000,70.710678119,70.622120452,-0.707106781,0.707106781,0.000000000
1184,0.592000000,0.000000000,100.000000000,50.413543794,114.328099184,85.671900816,0.000000000,70.710678119,70.622120452,-0.707106781,0.707106781,0.000000000
1185,0.592500000,0.000000000,100.000000000,50.463543794,114.292743845,85.707256155,0.000000000,70.710678119,70.622120452,-0.707106781,0.707106781,0.000000000
1186,0.593000000,0.000000000,100.000000000,50.513543794,114.257388506,85.742611494,0.000000000,70.710678119,70.622120452,-0.707106781,0.707106781,0.000000000
1187,0.593500000,0.000000000,100.000000000,50.563543794,114.222033167,85.777966833,0.000000000,70.710678119,70.622120452,-0.707106781,0.707106781,0.000000000
1188,0.594000000,0.000000000,100.000000000,50.613543794,114.186677828,85.813322172,0.000000000,70.710678119,70.622120452,-0.707106781,0.707106781,0.000000000
1189,0.594500000,0.000000000,100.000000000,50.663543794,114.151322489,85.848677511,0.000000000,70.710678119,70.622120452,-0.707106781,0.707106781,0.000000000
1190,0.595000000,0.000000000,100.000000000,50.713543794,114.115967150,85.884032850,0.000000000,70.710678119,70.622120452,-0.707106781,0.707106781,0.000000000
1191,0.595500000,0.000000000,100.000000000,50.763543794,114.080611810,85.919388190,0.000000000,70.710678119,70.622120452,-0.707106781,0.707106781,0.000000000
1192,0.596000000,0.000000000,100.000000000,50.813543794,114.045256471,85.954743529,0.000000000,70.710678119,70.622120452,-0.707106781,0.707106781,0.000000000
1193,0.596500000,0.000000000,100.000000000,50.863543794,114.009901132,85.990098868,0.000000000,70.710678119,70.622120452,-0.707106781,0.707106781,0.000000000
1194,0.597000000,0.000000000,100.000000000,50.913543794,113.974545793,86.025454207,0.000000000,70.710678119,70.622120452,-0.707106781,0.707106781,0.000000000
1195,0.597500000,0.000000000,100.000000000,50.963543794,113.939190454,86.060809546,0.000000000,70.710678119,70.622120452,-0.707106781,0.707106781,0.000000000
1196,0.598000000,0.000000000,100.000000000,51.013543794,113.903835115,86.096164885,0.000000000,70.710678119,70.622120452,-0.707106781,0.707106781,0.000000000
1197,0.598500000,0.000000000,100.000000000,51.063543794,113.868479776,86.131520224,0.000000000,70.710678119,70.622120452,-0.707106781,0.707106781,0.000000000
1198,0.599000000,0.000000000,100.000000000,51.113543794,113.833124437,86.166875563,0.000000000,70.710678119,70.622120452,-0.707106781,0.707106781,0.000000000
1199,0.599500000,0.000000000,100.000000000,51.163543794,113.797769098,86.202230902,0.000000000,70.710678119,70.622120452,-0.707106781,0.707106781,0.000000000
1200,0.600000000,0.000000000,100.000000000,51.213543794,113.762413759,86.237586241,0.000000000,70.710678119,70.622120452,-0.707106781,0.707106781,0.000000000
1201,0.600500000,0.000000000,100.000000000,51.263543794,113.727058420,86.272941580,0.000000000,70.710678119,70.622120452,-0.707106781,0.707106781,0.000000000
1202,0.601000000,0.000000000,100.000000000,51.313543794,113.691703081,86.308296919,0.000000000,70.710678119,70.622120452,-0.707106781,0.707106781,0.000000000
1203,0.601500000,0.000000000,100.000000000,51.363543794,113.656347742,86.343652258,0.000000000,70.710678119,70.622120452,-0.707106781,0.707106781,0.000000000
1204,0.602000000,0.000000000,100.000000000,51.413543794,113.620992403,86.379007597,0.000000000,70.710678119,70.622120452,-0.707106781,0.707106781,0.000000000
1205,0.602500000,0.000000000,100.000000000,51.463543794,113.585637064,86.414362936,0.000000000,70.710678119,70.622120452,-0.707106781,0.707106781,0.000000000
1206,0.603000000,0.000000000,100.000000000,51.513543794,113.550281725,86.449718275,0.000000000,70.710678119,70.622120452,-0.707106781,0.707106781,0.000000000
1207,0.603500000,0.000000000,100.000000000,51.563543794,113.514926386,86.485073614,0.000000000,70.710678119,70.622120452,-0.707106781,0.707106781,0.000000000
1208,0.604000000,0.000000000,100.000000000,51.613543794,113.479571046,86.520428954,0.000000000,70.710678119,70.622120452,-0.707106781,0.707106781,0.000000000
1209,0.604500000,0.000000000,100.000000000,51.663543794,113.444215707,86.555784293,0.000000000,70.710678119,70.622120452,-0.707106781,0.707106781,0.000000000
1210,0.605000000,0.000000000,100.000000000,51.713543794,113.408860368,86.591139632,0.000000000,70.710678119,70.622120452,-0.707106781,0.707106781,0.000000000
1211,0.605500000,0.000000000,100.000000000,51.763543794,113.373505029,86.626494971,0.000000000,70.710678119,70.622120452,-0.707106781,0.707106781,0.000000000
1212,0.606000000,0.000000000,100.000000000,51.813543794,113.338149690,86.661850310,0.000000000,70.710678119,70.622120452,-0.707106781,0.707106781,0.000000000
1213,0.606500000,0.000000000,100.000000000,51.863543794,113.302794351,86.697205649,0.000000000,70.710678119,70.622120452,-0.707106781,0.707106781,0.000000000
1214,0.607000000,0.000000000,100.000000000,51.913543794,113.267439012,86.732560988,0.000000000,70.710678119,70.622120452,-0.707106781,0.707106781,0.000000000
1215,0.607500000,0.000000000,100.000000000,51.963543794,113.232083673,86.767916327,0.000000000,70.710678119,70.622120452,-0.707106781,0.707106781,0.000000000
1216,0.608000000,0.000000000,100.000000000,52.013543794,113.196728334,86.803271666,0.000000000,70.710678119,70.622120452,-0.707106781,0.707106781,0.000000000
1217,0.608500000,0.000000000,100.000000000,52.063543794,113.161372995,86.838627005,0.000000000,70.710678119,70.622120452,-0.707106781,0.707106781,0.000000000
1218,0.609000000,0.000000000,100.000000000,52.113543794,113.126017656,86.873982344,0.000000000,70.710678119,70.622120452,-0.707106781,0.707106781,0.000000000
1219,0.609500000,0.000000000,100.000000000,52.163543794,113.090662317,86.909337683,0.000000000,70.710678119,70.622120452,-0.707106781,0.707106781,0.000000000
1220,0.610000000,0.000000000,100.000000000,52.213543794,113.055306978,86.944693022,0.000000000,70.710678119,70.622120452,-0.707106781,0.707106781,0.000000000
1221,0.610500000,0.000000000,100.000000000,52.263543794,113.019951639,86.980048361,0.000000000,70.710678119,70.622120452,-0.707106781,0.707106781,0.000000000
1222,0.611000000,0.000000000,100.000000000,52.313543794,112.984596300,87.015403700,0.000000000,70.710678119,70.622120452,-0.707106781,0.707106781,0.000000000
1223,0.611500000,0.000000000,100.000000000,52.363543794,112.949240961,87.050759039,0.000000000,70.710678119,70.622120452,-0.707106781,0.707106781,0.000000000
1224,0.612000000,0.000000000,100.000000000,52.413543794,112.913885622,87.086114378,0.000000000,70.710678119,70.622120452,-0.707106781,0.707106781,0.000000000
1225,0.612500000,0.000000000,100.000000000,52.463543794,112.878530282,87.121469718,0.000000000,70.710678119,70.622120452,-0.707106781,0.707106781,0.000000000
1226,0.613000000,0.000000000,100.000000000,52.513543794,112.843174943,87.156825057,0.000000000,70.710678119,70.622120452,-0.707106781,0.707106781,0.000000000
1227,0.613500000,0.000000000,100.000000000,52.563543794,112.807819604,87.192180396,0.000000000,70.710678119,70.622120452,-0.707106781,0.707106781,0.000000000
1228,0.614000000,0.000000000,100.000000000,52.613543794,112.772464265,87.227535735,0.000000000,70.710678119,70.622120452,-0.707106781,0.707106781,0.000000000
1229,0.614500000,0.000000000,100.000000000,52.663543794,112.737108926,87.262891074,0.000000000,70.710678119,70.622120452,-0.707106781,0.707106781,0.000000000
1230,0.615000000,0.000000000,100.000000000,52.713543794,112.701753587,87.298246413,0.000000000,70.710678119,70.622120452,-0.707106781,0.707106781,0.000000000
1231,0.615500000,0.000000000,100.000000000,52.763543794,112.666398248,87.333601752,0.000000000,70.710678119,70.622120452,-0.707106781,0.707106781,0.000000000
1232,0.616000000,0.000000000,100.000000000,52.813543794,112.631042909,87.368957091,0.000000000,70.710678119,70.622120452,-0.707106781,0.707106781,0.000000000
1233,0.616500000,0.000000000,100.000000000,52.863543794,112.595687570,87.404312430,0.000000000,70.710678119,70.622120452,-0.707106781,0.707106781,0.000000000
1234,0.617000000,0.000000000,100.000000000,52.913543794,112.560332231,87.439667769,0.000000000,70.710678119,70.622120452,-0.707106781,0.707106781,0.000000000
1235,0.617500000,0.000000000,100.000000000,52.963543794,112.524976892,87.475023108,0.000000000,70.710678119,70.622120452,-0.707106781,0.707106781,0.000000000
1236,0.618000000,0.000000000,100.000000000,53.013543794,112.489621553,87.510378447,0.000000000,70.710678119,70.622120452,-0.707106781,0.707106781,0.000000000
1237,0.618500000,0.000000000,100.000000000,53.063543794,112.454266214,87.545733786,0.000000000,70.710678119,70.622120452,-0.707106781,0.707106781,0.000000000
1238,0.619000000,0.000000000,100.000000000,53.113543794,112.418910875,87.581089125,0.000000000,70.710678119,70.622120452,-0.707106781,0.707106781,0.000000000
1239,0.619500000,0.000000000,100.000000000,53.163543794,112.383555536,87.616444464,0.000000000,70.710678119,70.622120452,-0.707106781,0.707106781,0.000000000
1240,0.620000000,0.000000000,100.000000000,53.213543794,112.348200197,87.651799803,0.000000000,70.710678119,70.622120452,-0.707106781,0.707106781,0.000000000
1241,0.620500000,0.000000000,100.000000000,53.263543794,112.312844857,87.687155143,0.000000000,70.710678119,70.622120452,-0.707106781,0.707106781,0.000000000
1242,0.621000000,0.000000000,100.000000000,53.313543794,112.277489518,87.722510482,0.000000000,70.710678119,70.622120452,-0.707106781,0.707106781,0.000000000
1243,0.621500000,0.000000000,100.000000000,53.363543794,112.242134179,87.757865821,0.000000000,70.710678119,70.622120452,-0.707106781,0.707106781,0.000000000
1244,0.622000000,0.000000000,100.000000000,53.413543794,112.206778840,87.793221160,0.000000000,70.710678119,70.622120452,-0.707106781,0.707106781,0.000000000
1245,0.622500000,0.000000000,100.000000000,53.463543794,112.171423501,87.828576499,0.000000000,70.710678119,70.622120452,-0.707106781,0.707106781,0.000000000
1246,0.623000000,0.000000000,100.000000000,53.513543794,112.136068162,87.863931838,0.000000000,70.710678119,70.622120452,-0.707106781,0.707106781,0.000000000
1247,0.623500000,0.000000000,100.000000000,53.563543794,112.100712823,87.899287177,0.000000000,70.710678119,70.622120452,-0.707106781,0.707106781,0.000000000
1248,0.624000000,0.000000000,100.000000000,53.613543794,112.065357484,87.934642516,0.000000000,70.710678119,70.622120452,-0.707106781,0.707106781,0.000000000
1249,0.624500000,0.000000000,100.000000000,53.663543794,112.030002145,87.969997855,0.000000000,70.710678119,70.622120452,-0.707106781,0.707106781,0.000000000
1250,0.625000000,0.000000000,100.000000000,53.713543794,111.994646806,88.005353194,0.000000000,70.710678119,70.622120452,-0.707106781,0.707106781,0.000000000
1251,0.625500000,0.000000000,100.000000000,53.763543794,111.959291467,88.040708533,0.000000000,70.710678119,70.622120452,-0.707106781,0.707106781,0.000000000
1252,0.626000000,0.000000000,100.000000000,53.813543794,111.923936128,88.076063872,0.000000000,70.710678119,70.622120452,-0.707106781,0.707106781,0.000000000
1253,0.626500000,0.000000000,100.000000000,53.863543794,111.888580789,88.111419211,0.000000000,70.710678119,70.622120452,-0.707106781,0.707106781,0.000000000
1254,0.627000000,0.000000000,100.000000000,53.913543794,111.853225450,88.146774550,0.000000000,70.710678119,70.622120452,-0.707106781,0.707106781,0.000000000
1255,0.627500000,0.000000000,100.000000000,53.963543794,111.817870111,88.182129889,0.000000000,70.710678119,70.622120452,-0.707106781,0.707106781,0.000000000
1256,0.628000000,0.000000000,100.000000000,54.013543794,111.782514772,88.217485228,0.000000000,70.710678119,70.622120452,-0.707106781,0.707106781,0.000000000
1257,0.628500000,0.000000000,100.000000000,54.063543794,111.747159433,88.252840567,0.000000000,70.710678119,70.622120452,-0.707106781,0.707106781,0.000000000
1258,0.629000000,0.000000000,100.000000000,54.113543794,111.711804093,88.288195907,0.000000000,70.710678119,70.622120452,-0.707106781,0.707106781,0.000000000
1259,0.629500000,0.000000000,100.000000000,54.163543794,111.676448754,88.323551246,0.000000000,70.710678119,70.622120452,-0.707106781,0.707106781,0.000000000
1260,0.630000000,0.000000000,100.000000000,54.213543794,111.641093415,88.358906585,0.000000000,70.710678119,70.622120452,-0.707106781,0.707106781,0.000000000
1261,0.630500000,0.000000000,100.000000000,54.263543794,111.605738076,88.394261924,0.000000000,70.710678119,70.622120452,-0.707106781,0.707106781,0.000000000
1262,0.631000000,0.000000000,100.000000000,54.313543794,111.570382737,88.429617263,0.000000000,70.710678119,70.622120452,-0.707106781,0.707106781,0.000000000
1263,0.631500000,0.000000000,100.000000000,54.363543794,111.535027398,88.464972602,0.000000000,70.710678119,70.622120452,-0.707106781,0.707106781,0.000000000
1264,0.632000000,0.000000000,100.000000000,54.413543794,111.499672059,88.500327941,0.000000000,70.710678119,70.622120452,-0.707106781,0.707106781,0.000000000
1265,0.632500000,0.000000000,100.000000000,54.463543794,111.464316720,88.535683280,0.000000000,70.710678119,70.622120452,-0.707106781,0.707106781,0.000000000
1266,0.633000000,0.000000000,100.000000000,54.513543794,111.428961381,88.571038619,0.000000000,70.710678119,70.622120452,-0.707106781,0.707106781,0.000000000
1267,0.633500000,0.000000000,100.000000000,54.563543794,111.393606042,88.606393958,0.000000000,70.710678119,70.622120452,-0.707106781,0.707106781,0.000000000
1268,0.634000000,0.000000000,100.000000000,54.613543794,111.358250703,88.641749297,0.000000000,70.710678119,70.622120452,-0.707106781,0.707106781,0.000000000
1269,0.634500000,0.000000000,100.000000000,54.663543794,111.322895364,88.677104636,0.000000000,70.710678119,70.622120452,-0.707106781,0.707106781,0.000000000
1270,0.635000000,0.000000000,100.000000000,54.713543794,111.287540025,88.712459975,0.000000000,70.710678119,70.622120452,-0.707106781,0.707106781,0.000000000
1271,0.635500000,0.000000000,100.000000000,54.763543794,111.252184686,88.747815314,0.000000000,70.710678119,70.622120452,-0.707106781,0.707106781,0.000000000
1272,0.636000000,0.000000000,100.000000000,54.813543794,111.216829347,88.783170653,0.000000000,70.710678119,70.622120452,-0.707106781,0.707106781,0.000000000
1273,0.636500000,0.000000000,100.000000000,54.863543794,111.181474008,88.818525992,0.000000000,70.710678119,70.622120452,-0.707106781,0.707106781,0.000000000
1274,0.637000000,0.000000000,100.000000000,54.913543794,111.146118669,88.853881331,0.000000000,70.710678119,70.622120452,-0.707106781,0.707106781,0.000000000
1275,0.637500000,0.000000000,100.000000000,54.963543794,111.110763329,88.889236671,0.000000000,70.710678119,70.622120452,-0.707106781,0.707106781,0.000000000
1276,0.638000000,0.000000000,100.000000000,55.013543794,111.075407990,88.924592010,0.000000000,70.710678119,70.622120452,-0.707106781,0.707106781,0.000000000
1277,0.638500000,0.000000000,100.000000000,55.063543794,111.040052651,88.959947349,0.000000000,70.710678119,70.622120452,-0.707106781,0.707106781,0.000000000
1278,0.639000000,0.000000000,100.000000000,55.113543794,111.004697312,88.995302688,0.000000000,70.710678119,70.622120452,-0.707106781,0.707106781,0.000000000
1279,0.639500000,0.000000000,100.000000000,55.163543794,110.969341973,89.030658027,0.000000000,70.710678119,70.622120452,-0.707106781,0.707106781,0.000000000
1280,0.640000000,0.000000000,100.000000000,55.213543794,110.933986634,89.066013366,0.000000000,70.710678119,70.622120452,-0.707106781,0.707106781,0.000000000
1281,0.640500000,0.000000000,100.000000000,55.263543794,110.898631295,89.101368705,0.000000000,70.710678119,70.622120452,-0.707106781,0.707106781,0.000000000
1282,0.641000000,0.000000000,100.000000000,55.313543794,110.863275956,89.136724044,0.000000000,70.710678119,70.622120452,-0.707106781,0.707106781,0.000000000
1283,0.641500000,0.000000000,100.000000000,55.363543794,110.827920617,89.172079383,0.000000000,70.710678119,70.622120452,-0.707106781,0.707106781,0.000000000
1284,0.642000000,0.000000000,100.000000000,55.413543794,110.792565278,89.207434722,0.000000000,70.710678119,70.622120452,-0.707106781,0.707106781,0.000000000
1285,0.642500000,0.000000000,100.000000000,55.463543794,110.757209939,89.242790061,0.000000000,70.710678119,70.622120452,-0.707106781,0.707106781,0.000000000
1286,0.643000000,0.000000000,100.000000000,55.513543794,110.721854600,89.278145400,0.000000000,70.710678119,70.622120452,-0.707106781,0.707106781,0.000000000
1287,0.643500000,0.000000000,100.000000000,55.563543794,110.686499261,89.313500739,0.000000000,70.710678119,70.622120452,-0.707106781,0.707106781,0.000000000
1288,0.644000000,0.000000000,100.000000000,55.613543794,110.651143922,89.348856078,0.000000000,70.710678119,70.622120452,-0.707106781,0.707106781,0.000000000
1289,0.644500000,0.000000000,100.000000000,55.663543794,110.615788583,89.384211417,0.000000000,70.710678119,70.622120452,-0.707106781,0.707106781,0.000000000
1290,0.645000000,0.000000000,100.000000000,55.713543794,110.580433244,89.419566756,0.000000000,70.710678119,70.622120452,-0.707106781,0.707106781,0.000000000
1291,0.645500000,0.000000000,100.000000000,55.763543794,110.545077905,89.454922095,0.000000000,70.710678119,70.622120452,-0.707106781,0.707106781,0.000000000
1292,0.646000000,0.000000000,100.000000000,55.813543794,110.509722565,89.490277435,0.000000000,70.710678119,70.622120452,-0.707106781,0.707106781,0.000000000
1293,0.646500000,0.000000000,100.000000000,55.863543794,110.474367226,89.525632774,0.000000000,70.710678119,70.622120452,-0.707106781,0.707106781,0.000000000
1294,0.647000000,0.000000000,100.000000000,55.913543794,110.439011887,89.560988113,0.000000000,70.710678119,70.622120452,-0.707106781,0.707106781,0.000000000
1295,0.647500000,0.000000000,100.000000000,55.963543794,110.403656548,89.596343452,0.000000000,70.710678119,70.622120452,-0.707106781,0.707106781,0.000000000
1296,0.648000000,0.000000000,100.000000000,56.013543794,110.368301209,89.631698791,0.000000000,70.710678119,70.622120452,-0.707106781,0.707106781,0.000000000
1297,0.648500000,0.000000000,100.000000000,56.063543794,110.332945870,89.667054130,0.000000000,70.710678119,70.622120452,-0.707106781,0.707106781,0.000000000
1298,0.649000000,0.000000000,100.000000000,56.113543794,110.297590531,89.702409469,0.000000000,70.710678119,70.622120452,-0.707106781,0.707106781,0.000000000
1299,0.649500000,0.000000000,100.000000000,56.163543794,110.262235192,89.737764808,0.000000000,70.710678119,70.622120452,-0.707106781,0.707106781,0.000000000
1300,0.650000000,0.000000000,100.000000000,56.213543794,110.226879853,89.773120147,0.000000000,70.710678119,70.622120452,-0.707106781,0.707106781,0.000000000
1301,0.650500000,0.000000000,100.000000000,56.263543794,110.191524514,89.808475486,0.000000000,70.710678119,70.622120452,-0.707106781,0.707106781,0.000000000
1302,0.651000000,0.000000000,100.000000000,56.313543794,110.156169175,89.843830825,0.000000000,70.710678119,70.622120452,-0.707106781,0.707106781,0.000000000
1303,0.651500000,0.000000000,100.000000000,56.363543794,110.120813836,89.879186164,0.000000000,70.710678119,70.622120452,-0.707106781,0.707106781,0.000000000
1304,0.652000000,0.000000000,100.000000000,56.413543794,110.085458497,89.914541503,0.000000000,70.710678119,70.622120452,-0.707106781,0.707106781,0.000000000
1305,0.652500000,0.000000000,100.000000000,56.463543794,110.050103158,89.949896842,0.000000000,70.710678119,70.622120452,-0.707106781,0.707106781,0.000000000
1306,0.653000000,0.000000000,100.000000000,56.513543794,110.014747819,89.985252181,0.000000000,70.710678119,70.622120452,-0.707106781,0.707106781,0.000000000
1307,0.653500000,0.000000000,100.000000000,56.563543794,109.979392480,90.020607520,0.000000000,70.710678119,70.622120452,-0.707106781,0.707106781,0.000000000
1308,0.654000000,0.000000000,100.000000000,56.613543794,109.944037141,90.055962859,0.000000000,70.710678119,70.622120452,-0.707106781,0.707106781,0.000000000
1309,0.654500000,0.000000000,100.000000000,56.663543794,109.908681801,90.091318199,0.000000000,70.710678119,70.622120452,-0.707106781,0.707106781,0.000000000
1310,0.655000000,0.000000000,100.000000000,56.713543794,109.873326462,90.126673538,0.000000000,70.710678119,70.622120452,-0.707106781,0.707106781,0.000000000
1311,0.655500000,0.000000000,100.000000000,56.763543794,109.837971123,90.162028877,0.000000000,70.710678119,70.622120452,-0.707106781,0.707106781,0.000000000
1312,0.656000000,0.000000000,100.000000000,56.813543794,109.802615784,90.197384216,0.000000000,70.710678119,70.622120452,-0.707106781,0.707106781,0.000000000
1313,0.656500000,0.000000000,100.000000000,56.863543794,109.767260445,90.232739555,0.000000000,70.710678119,70.622120452,-0.707106781,0.707106781,0.000000000
1314,0.657000000,0.000000000,100.000000000,56.913543794,109.731905106,90.268094894,0.000000000,70.710678119,70.622120452,-0.707106781,0.707106781,0.000000000
1315,0.657500000,0.000000000,100.000000000,56.963543794,109.696549767,90.303450233,0.000000000,70.710678119,70.622120452,-0.707106781,0.707106781,0.000000000
1316,0.658000000,0.000000000,100.000000000,57.013543794,109.661194428,90.338805572,0.000000000,70.710678119,70.622120452,-0.707106781,0.707106781,0.000000000
1317,0.658500000,0.000000000,100.000000000,57.063543794,109.625839089,90.374160911,0.000000000,70.710678119,70.622120452,-0.707106781,0.707106781,0.000000000
1318,0.659000000,0.000000000,100.000000000,57.113543794,109.590483750,90.409516250,0.000000000,70.710678119,70.622120452,-0.707106781,0.707106781,0.000000000
1319,0.659500000,0.000000000,100.000000000,57.163543794,109.555128411,90.444871589,0.000000000,70.710678119,70.622120452,-0.707106781,0.707106781,0.000000000
1320,0.660000000,0.000000000,100.000000000,57.213543794,109.519773072,90.480226928,0.000000000,70.710678119,70.622120452,-0.707106781,0.707106781,0.000000000
1321,0.660500000,0.000000000,100.000000000,57.263543794,109.484417733,90.515582267,0.000000000,70.710678119,70.622120452,-0.707106781,0.707106781,0.000000000
1322,0.661000000,0.000000000,100.000000000,57.313543794,109.449062394,90.550937606,0.000000000,70.710678119,70.622120452,-0.707106781,0.707106781,0.000000000
1323,0.661500000,0.000000000,100.000000000,57.363543794,109.413707055,90.586292945,0.000000000,70.710678119,70.622120452,-0.707106781,0.707106781,0.000000000
1324,0.662000000,0.000000000,100.000000000,57.413543794,109.378351716,90.621648284,0.000000000,70.710678119,70.622120452,-0.707106781,0.707106781,0.000000000
1325,0.662500000,0.000000000,100.000000000,57.463543794,109.342996377,90.657003623,0.000000000,70.710678119,70.622120452,-0.707106781,0.707106781,0.000000000
1326,0.663000000,0.000000000,100.000000000,57.513543794,109.307641037,90.692358963,0.000000000,70.710678119,70.622120452,-0.707106781,0.707106781,0.000000000
1327,0.663500000,0.000000000,100.000000000,57.563543794,109.272285698,90.727714302,0.000000000,70.710678119,70.622120452,-0.707106781,0.707106781,0.000000000
1328,0.664000000,0.000000000,100.000000000,57.613543794,109.236930359,90.763069641,0.000000000,70.710678119,70.622120452,-0.707106781,0.707106781,0.000000000
1329,0.664500000,0.000000000,100.000000000,57.663543794,109.201575020,90.798424980,0.000000000,70.710678119,70.622120452,-0.707106781,0.707106781,0.000000000
1330,0.665000000,0.000000000,100.000000000,57.713543794,109.166219681,90.833780319,0.000000000,70.710678119,70.622120452,-0.707106781,0.707106781,0.000000000
1331,0.665500000,0.000000000,100.000000000,57.763543794,109.130864342,90.869135658,0.000000000,70.710678119,70.622120452,-0.707106781,0.707106781,0.000000000
1332,0.666000000,0.000000000,100.000000000,57.813543794,109.095509003,90.904490997,0.000000000,70.710678119,70.622120452,-0.707106781,0.707106781,0.000000000
1333,0.666500000,0.000000000,100.000000000,57.863543794,109.060153664,90.939846336,0.000000000,70.710678119,70.622120452,-0.707106781,0.707106781,0.000000000
1334,0.667000000,0.000000000,100.000000000,57.913543794,109.024798325,90.975201675,0.000000000,70.710678119,70.622120452,-0.707106781,0.707106781,0.000000000
1335,0.667500000,0.000000000,100.000000000,57.963543794,108.989442986,91.010557014,0.000000000,70.710678119,70.622120452,-0.707106781,0.707106781,0.000000000
1336,0.668000000,0.000000000,100.000000000,58.013543794,108.954087647,91.045912353,0.000000000,70.710678119,70.622120452,-0.707106781,0.707106781,0.000000000
1337,0.668500000,0.000000000,100.000000000,58.063543794,108.918732308,91.081267692,0.000000000,70.710678119,70.622120452,-0.707106781,0.707106781,0.000000000
1338,0.669000000,0.000000000,100.000000000,58.113543794,108.883376969,91.116623031,0.000000000,70.710678119,70.622120452,-0.707106781,0.707106781,0.000000000
1339,0.669500000,0.000000000,100.000000000,58.163543794,108.848021630,91.151978370,0.000000000,70.710678119,70.622120452,-0.707106781,0.707106781,0.000000000
1340,0.670000000,0.000000000,100.000000000,58.213543794,108.812666291,91.187333709,0.000000000,70.710678119,70.622120452,-0.707106781,0.707106781,0.000000000
1341,0.670500000,0.000000000,100.000000000,58.263543794,108.777310952,91.222689048,0.000000000,70.710678119,70.622120452,-0.707106781,0.707106781,0.000000000
1342,0.671000000,0.000000000,100.000000000,58.313543794,108.741955613,91.258044387,0.000000000,70.710678119,70.622120452,-0.707106781,0.707106781,0.000000000
1343,0.671500000,0.000000000,100.000000000,58.363543794,108.706600273,91.293399727,0.000000000,70.710678119,70.622120452,-0.707106781,0.707106781,0.000000000
1344,0.672000000,0.000000000,100.000000000,58.413543794,108.671244934,91.328755066,0.000000000,70.710678119,70.622120452,-0.707106781,0.707106781,0.000000000
1345,0.672500000,0.000000000,100.000000000,58.463543794,108.635889595,91.364110405,0.000000000,70.710678119,70.622120452,-0.707106781,0.707106781,0.000000000
1346,0.673000000,0.000000000,100.000000000,58.513543794,108.600534256,91.399465744,0.000000000,70.710678119,70.622120452,-0.707106781,0.707106781,0.000000000
1347,0.673500000,0.000000000,100.000000000,58.563543794,108.565178917,91.434821083,0.000000000,70.710678119,70.622120452,-0.707106781,0.707106781,0.000000000
1348,0.674000000,0.000000000,100.000000000,58.613543794,108.529823578,91.470176422,0.000000000,70.710678119,70.622120452,-0.707106781,0.707106781,0.000000000
1349,0.674500000,0.000000000,100.000000000,58.663543794,108.494468239,91.505531761,0.000000000,70.710678119,70.622120452,-0.707106781,0.707106781,0.000000000
1350,0.675000000,0.000000000,100.000000000,58.713543794,108.459112900,91.540887100,0.000000000,70.710678119,70.622120452,-0.707106781,0.707106781,0.000000000
1351,0.675500000,0.000000000,100.000000000,58.763543794,108.423757561,91.576242439,0.000000000,70.710678119,70.622120452,-0.707106781,0.707106781,0.000000000
1352,0.676000000,0.000000000,100.000000000,58.813543794,108.388402222,91.611597778,0.000000000,70.710678119,70.622120452,-0.707106781,0.707106781,0.000000000
1353,0.676500000,0.000000000,100.000000000,58.863543794,108.353046883,91.646953117,0.000000000,70.710678119,70.622120452,-0.707106781,0.707106781,0.000000000
1354,0.677000000,0.000000000,100.000000000,58.913543794,108.317691544,91.682308456,0.000000000,70.710678119,70.622120452,-0.707106781,0.707106781,0.000000000
1355,0.677500000,0.000000000,100.000000000,58.963543794,108.282336205,91.717663795,0.000000000,70.710678119,70.622120452,-0.707106781,0.707106781,0.000000000
1356,0.678000000,0.000000000,100.000000000,59.013543794,108.246980866,91.753019134,0.000000000,70.710678119,70.622120452,-0.707106781,0.707106781,0.000000000
1357,0.678500000,0.000000000,100.000000000,59.063543794,108.211625527,91.788374473,0.000000000,70.710678119,70.622120452,-0.707106781,0.707106781,0.000000000
1358,0.679000000,0.000000000,100.000000000,59.113543794,108.176270188,91.823729812,0.000000000,70.710678119,70.622120452,-0.707106781,0.707106781,0.000000000
1359,0.679500000,0.000000000,100.000000000,59.163543794,108.140914848,91.859085152,0.000000000,70.710678119,70.622120452,-0.707106781,0.707106781,0.000000000
1360,0.680000000,0.000000000,100.000000000,59.213543794,108.105559509,91.894440491,0.000000000,70.710678119,70.622120452,-0.707106781,0.707106781,0.000000000
1361,0.680500000,0.000000000,100.000000000,59.263543794,108.070204170,91.929795830,0.000000000,70.710678119,70.622120452,-0.707106781,0.707106781,0.000000000
1362,0.681000000,0.000000000,100.000000000,59.313543794,108.034848831,91.965151169,0.000000000,70.710678119,70.622120452,-0.707106781,0.707106781,0.000000000
1363,0.681500000,0.000000000,100.000000000,59.363543794,107.999493492,92.000506508,0.000000000,70.710678119,70.622120452,-0.707106781,0.707106781,0.000000000
1364,0.682000000,0.000000000,100.000000000,59.413543794,107.964138153,92.035861847,0.000000000,70.710678119,70.622120452,-0.707106781,0.707106781,0.000000000
1365,0.682500000,0.000000000,100.000000000,59.463543794,107.928782814,92.071217186,0.000000000,70.710678119,70.622120452,-0.707106781,0.707106781,0.000000000
1366,0.683000000,0.000000000,100.000000000,59.513543794,107.893427475,92.106572525,0.000000000,70.710678119,70.622120452,-0.707106781,0.707106781,0.000000000
1367,0.683500000,0.000000000,100.000000000,59.563543794,107.858072136,92.141927864,0.000000000,70.710678119,70.622120452,-0.707106781,0.707106781,0.000000000
1368,0.684000000,0.000000000,100.000000000,59.613543794,107.822716797,92.177283203,0.000000000,70.710678119,70.622120452,-0.707106781,0.707106781,0.000000000
1369,0.684500000,0.000000000,100.000000000,59.663543794,107.787361458,92.212638542,0.000000000,70.710678119,70.622120452,-0.707106781,0.707106781,0.000000000
1370,0.685000000,0.000000000,100.000000000,59.713543794,107.752006119,92.247993881,0.000000000,70.710678119,70.622120452,-0.707106781,0.707106781,0.000000000
1371,0.685500000,0.000000000,100.000000000,59.763543794,107.716650780,92.283349220,0.000000000,70.710678119,70.622120452,-0.707106781,0.707106781,0.000000000
1372,0.686000000,0.000000000,100.000000000,59.813543794,107.681295441,92.318704559,0.000000000,70.710678119,70.622120452,-0.707106781,0.707106781,0.000000000
1373,0.686500000,0.000000000,100.000000000,59.863543794,107.645940102,92.354059898,0.000000000,70.710678119,70.622120452,-0.707106781,0.707106781,0.000000000
1374,0.687000000,0.000000000,100.000000000,59.913543794,107.610584763,92.389415237,0.000000000,70.710678119,70.622120452,-0.707106781,0.707106781,0.000000000
1375,0.687500000,0.000000000,100.000000000,59.963543794,107.575229424,92.424770576,0.000000000,70.710678119,70.622120452,-0.707106781,0.707106781,0.000000000
1376,0.688000000,-2.890428521,99.999582271,60.013543754,107.539874113,92.460125887,0.000000000,70.710678119,70.622120452,-0.707106781,0.707106781,0.000000000
1377,0.688500000,-7.890428521,99.996887057,60.063542975,107.504519324,92.495480676,0.000000000,70.710678119,70.622120452,-0.707106781,0.707106781,0.000000000
1378,0.689000000,-12.890428521,99.991691843,60.113540224,107.469165931,92.530834069,0.000000000,70.710678119,70.622120452,-0.707106781,0.707106781,0.000000000
1379,0.689500000,-17.890428521,99.983996628,60.163534251,107.433814816,92.566185184,0.000000000,70.710678119,70.622120452,-0.707106781,0.707106781,0.000000000
1380,0.690000000,-22.890428521,99.973801414,60.213523804,107.398466863,92.601533137,0.000000000,70.710678119,70.622120452,-0.707106781,0.707106781,0.000000000
1381,0.690500000,-27.890428521,99.961106200,60.263507635,107.363122957,92.636877043,0.000000000,70.710678119,70.622120452,-0.707106781,0.707106781,0.000000000
1382,0.691000000,-32.890428521,99.945910986,60.313484494,107.327783982,92.672216018,0.000000000,70.710678119,70.622120452,-0.707106781,0.707106781,0.000000000
1383,0.691500000,-37.890428521,99.928215771,60.363453130,107.292450821,92.707549179,0.000000000,70.710678119,70.622120452,-0.707106781,0.707106781,0.000000000
1384,0.692000000,-42.890428521,99.908020557,60.413412293,107.257124357,92.742875643,0.000000000,70.710678119,70.622120452,-0.707106781,0.707106781,0.000000000
1385,0.692500000,-47.890428521,99.885325343,60.463360734,107.221805476,92.778194524,0.000000000,70.710678119,70.622120452,-0.707106781,0.707106781,0.000000000
1386,0.693000000,-52.890428521,99.860130129,60.513297202,107.186495061,92.813504939,0.000000000,70.710678119,70.622120452,-0.707106781,0.707106781,0.000000000
1387,0.693500000,-57.890428521,99.832434914,60.563220447,107.151193996,92.848806004,0.000000000,70.710678119,70.622120452,-0.707106781,0.707106781,0.000000000
1388,0.694000000,-62.890428521,99.802239700,60.613129220,107.115903164,92.884096836,0.000000000,70.710678119,70.622120452,-0.707106781,0.707106781,0.000000000
1389,0.694500000,-67.890428521,99.769544486,60.663022270,107.080623450,92.919376550,0.000000000,70.710678119,70.622120452,-0.707106781,0.707106781,0.000000000
1390,0.695000000,-72.890428521,99.734349272,60.712898348,107.045355737,92.954644263,0.000000000,70.710678119,70.622120452,-0.707106781,0.707106781,0.000000000
1391,0.695500000,-77.890428521,99.696654057,60.762756203,107.010100910,92.989899090,0.000000000,70.710678119,70.622120452,-0.707106781,0.707106781,0.000000000
1392,0.696000000,-82.890428521,99.656458843,60.812594585,106.974859852,93.025140148,0.000000000,70.710678119,70.622120452,-0.707106781,0.707106781,0.000000000
1393,0.696500000,-87.890428521,99.613763629,60.862412245,106.939633447,93.060366553,0.000000000,70.710678119,70.622120452,-0.707106781,0.707106781,0.000000000
1394,0.697000000,-92.890428521,99.568568414,60.912207932,106.904422579,93.095577421,0.000000000,70.710678119,70.622120452,-0.707106781,0.707106781,0.000000000
1395,0.697500000,-97.890428521,99.520873200,60.961980397,106.869228131,93.130771869,0.000000000,70.710678119,70.622120452,-0.707106781,0.707106781,0.000000000
1396,0.698000000,-102.890428521,99.470677986,61.011728389,106.834050989,93.165949011,0.000000000,70.710678119,70.622120452,-0.707106781,0.707106781,0.000000000
1397,0.698500000,-107.890428521,99.417982772,61.061450658,106.798892035,93.201107965,0.000000000,70.710678119,70.622120452,-0.707106781,0.707106781,0.000000000
1398,0.699000000,-112.890428521,99.362787557,61.111145955,106.763752154,93.236247846,0.000000000,70.710678119,70.622120452,-0.707106781,0.707106781,0.000000000
1399,0.699500000,-117.890428521,99.305092343,61.160813029,106.728632229,93.271367771,0.000000000,70.710678119,70.622120452,-0.707106781,0.707106781,0.000000000
1400,0.700000000,-122.890428521,99.244897129,61.210450630,106.693533144,93.306466856,0.000000000,70.710678119,70.622120452,-0.707106781,0.707106781,0.000000000
1401,0.700500000,-127.890428521,99.182201915,61.260057509,106.658455784,93.341544216,0.000000000,70.710678119,70.622120452,-0.707106781,0.707106781,0.000000000
1402,0.701000000,-132.890428521,99.117006700,61.309632416,106.623401031,93.376598969,0.000000000,70.710678119,70.622120452,-0.707106781,0.707106781,0.000000000
1403,0.701500000,-137.890428521,99.049311486,61.359174099,106.588369771,93.411630229,0.000000000,70.710678119,70.622120452,-0.707106781,0.707106781,0.000000000
1404,0.702000000,-142.890428521,98.979116272,61.408681310,106.553362886,93.446637114,0.000000000,70.710678119,70.622120452,-0.707106781,0.707106781,0.000000000
1405,0.702500000,-147.890428521,98.906421058,61.458152799,106.518381261,93.481618739,0.000000000,70.710678119,70.622120452,-0.707106781,0.707106781,0.000000000
1406,0.703000000,-152.890428521,98.831225843,61.507587315,106.483425780,93.516574220,0.000000000,70.710678119,70.622120452,-0.707106781,0.707106781,0.000000000
1407,0.703500000,-157.890428521,98.753530629,61.556983608,106.448497326,93.551502674,0.000000000,70.710678119,70.622120452,-0.707106781,0.707106781,0.000000000
1408,0.704000000,-162.890428521,98.673335415,61.606340429,106.413596783,93.586403217,0.000000000,70.710678119,70.622120452,-0.707106781,0.707106781,0.000000000
1409,0.704500000,-167.890428521,98.590640201,61.655656527,106.378725036,93.621274964,0.000000000,70.710678119,70.622120452,-0.707106781,0.707106781,0.000000000
1410,0.705000000,-172.890428521,98.505444986,61.704930652,106.343882968,93.656117032,0.000000000,70.710678119,70.622120452,-0.707106781,0.707106781,0.000000000
1411,0.705500000,-177.890428521,98.417749772,61.754161555,106.309071462,93.690928538,0.000000000,70.710678119,70.622120452,-0.707106781,0.707106781,0.000000000
1412,0.706000000,-182.890428521,98.327554558,61.803347985,106.274291404,93.725708596,0.000000000,70.710678119,70.622120452,-0.707106781,0.707106781,0.000000000
1413,0.706500000,-187.890428521,98.234859344,61.852488693,106.239543676,93.760456324,0.000000000,70.710678119,70.622120452,-0.707106781,0.707106781,0.000000000
1414,0.707000000,-192.890428521,98.139664129,61.901582428,106.204829163,93.795170837,0.000000000,70.710678119,70.622120452,-0.707106781,0.707106781,0.000000000
1415,0.707500000,-197.890428521,98.041968915,61.950627940,106.170148749,93.829851251,0.000000000,70.710678119,70.622120452,-0.707106781,0.707106781,0.000000000
1416,0.708000000,-202.890428521,97.941773701,61.999623980,106.135503317,93.864496683,0.000000000,70.710678119,70.622120452,-0.707106781,0.707106781,0.000000000
1417,0.708500000,-207.890428521,97.839078486,62.048569298,106.100893751,93.899106249,0.000000000,70.710678119,70.622120452,-0.707106781,0.707106781,0.000000000
1418,0.709000000,-212.890428521,97.733883272,62.097462642,106.066320936,93.933679064,0.000000000,70.710678119,70.622120452,-0.707106781,0.707106781,0.000000000
1419,0.709500000,-217.890428521,97.626188058,62.146302764,106.031785754,93.968214246,0.000000000,70.710678119,70.622120452,-0.707106781,0.707106781,0.000000000
1420,0.710000000,-222.890428521,97.515992844,62.195088414,105.997289091,94.002710909,0.000000000,70.710678119,70.622120452,-0.707106781,0.707106781,0.000000000
1421,0.710500000,-227.890428521,97.403297629,62.243818340,105.962831829,94.037168171,0.000000000,70.710678119,70.622120452,-0.707106781,0.707106781,0.000000000
1422,0.711000000,-232.890428521,97.288102415,62.292491294,105.928414853,94.071585147,0.000000000,70.710678119,70.622120452,-0.707106781,0.707106781,0.000000000
1423,0.711500000,-237.890428521,97.170407201,62.341106026,105.894039047,94.105960953,0.000000000,70.710678119,70.622120452,-0.707106781,0.707106781,0.000000000
1424,0.712000000,-242.890428521,97.050211987,62.389661285,105.859705294,94.140294706,0.000000000,70.710678119,70.622120452,-0.707106781,0.707106781,0.000000000
1425,0.712500000,-247.890428521,96.927516772,62.438155821,105.825414478,94.174585522,0.000000000,70.710678119,70.622120452,-0.707106781,0.707106781,0.000000000
1426,0.713000000,-252.890428521,96.802321558,62.486588385,105.791167484,94.208832516,0.000000000,70.710678119,70.622120452,-0.707106781,0.707106781,0.000000000
1427,0.713500000,-257.890428521,96.674626344,62.534957726,105.756965195,94.243034805,0.000000000,70.710678119,70.622120452,-0.707106781,0.707106781,0.000000000
1428,0.714000000,-262.890428521,96.544431130,62.583262595,105.722808495,94.277191505,0.000000000,70.710678119,70.622120452,-0.707106781,0.707106781,0.000000000
1429,0.714500000,-267.890428521,96.411735915,62.631501741,105.688698268,94.311301732,0.000000000,70.710678119,70.622120452,-0.707106781,0.707106781,0.000000000
1430,0.715000000,-272.890428521,96.276540701,62.679673914,105.654635397,94.345364603,0.000000000,70.710678119,70.622120452,-0.707106781,0.707106781,0.000000000
1431,0.715500000,-277.890428521,96.138845487,62.727777865,105.620620767,94.379379233,0.000000000,70.710678119,70.622120452,-0.707106781,0.707106781,0.000000000
1432,0.716000000,-282.890428521,95.998650273,62.775812343,105.586655262,94.413344738,0.000000000,70.710678119,70.622120452,-0.707106781,0.707106781,0.000000000
1433,0.716500000,-287.890428521,95.855955058,62.823776098,105.552739765,94.447260235,0.000000000,70.710678119,70.622120452,-0.707106781,0.707106781,0.000000000
1434,0.717000000,-292.890428521,95.710759844,62.871667881,105.518875161,94.481124839,0.000000000,70.710678119,70.622120452,-0.707106781,0.707106781,0.000000000
1435,0.717500000,-297.890428521,95.563064630,62.919486442,105.485062333,94.514937667,0.000000000,70.710678119,70.622120452,-0.707106781,0.707106781,0.000000000
1436,0.718000000,-302.890428521,95.412869416,62.967230529,105.451302165,94.548697835,0.000000000,70.710678119,70.622120452,-0.707106781,0.707106781,0.000000000
1437,0.718500000,-307.890428521,95.260174201,63.014898894,105.417595540,94.582404460,0.000000000,70.710678119,70.622120452,-0.707106781,0.707106781,0.000000000
1438,0.719000000,-312.890428521,95.104978987,63.062490287,105.383943344,94.616056656,0.000000000,70.710678119,70.622120452,-0.707106781,0.707106781,0.000000000
1439,0.719500000,-317.890428521,94.947283773,63.110003457,105.350346459,94.649653541,0.000000000,70.710678119,70.622120452,-0.707106781,0.707106781,0.000000000
1440,0.720000000,-322.890428521,94.787088558,63.157437154,105.316805771,94.683194229,0.000000000,70.710678119,70.622120452,-0.707106781,0.707106781,0.000000000
1441,0.720500000,-327.890428521,94.624393344,63.204790129,105.283322161,94.716677839,0.000000000,70.710678119,70.622120452,-0.707106781,0.707106781,0.000000000
1442,0.721000000,-332.890428521,94.459198130,63.252061131,105.249896515,94.750103485,0.000000000,70.710678119,70.622120452,-0.707106781,0.707106781,0.000000000
1443,0.721500000,-337.890428521,94.291502916,63.299248910,105.216529716,94.783470284,0.000000000,70.710678119,70.622120452,-0.707106781,0.707106781,0.000000000
1444,0.722000000,-342.890428521,94.121307701,63.346352217,105.183222648,94.816777352,0.000000000,70.710678119,70.622120452,-0.707106781,0.707106781,0.000000000
1445,0.722500000,-347.890428521,93.948612487,63.393369801,105.149976196,94.850023804,0.000000000,70.710678119,70.622120452,-0.707106781,0.707106781,0.000000000
1446,0.723000000,-352.890428521,93.773417273,63.440300413,105.116791242,94.883208758,0.000000000,70.710678119,70.622120452,-0.707106781,0.707106781,0.000000000
1447,0.723500000,-357.890428521,93.595722059,63.487142802,105.083668671,94.916331329,0.000000000,70.710678119,70.622120452,-0.707106781,0.707106781,0.000000000
1448,0.724000000,-362.890428521,93.415526844,63.533895718,105.050609367,94.949390633,0.000000000,70.710678119,70.622120452,-0.707106781,0.707106781,0.000000000
1449,0.724500000,-367.890428521,93.232831630,63.580557912,105.017614213,94.982385787,0.000000000,70.710678119,70.622120452,-0.707106781,0.707106781,0.000000000
1450,0.725000000,-372.890428521,93.047636416,63.627128133,104.984684094,95.015315906,0.000000000,70.710678119,70.622120452,-0.707106781,0.707106781,0.000000000
1451,0.725500000,-377.890428521,92.859941202,63.673605132,104.951819893,95.048180107,0.000000000,70.710678119,70.622120452,-0.707106781,0.707106781,0.000000000
1452,0.726000000,-382.890428521,92.669745987,63.719987658,104.919022495,95.080977505,0.000000000,70.710678119,70.622120452,-0.707106781,0.707106781,0.000000000
1453,0.726500000,-387.890428521,92.477050773,63.766274461,104.886292782,95.113707218,0.000000000,70.710678119,70.622120452,-0.707106781,0.707106781,0.000000000
1454,0.727000000,-392.890428521,92.281855559,63.812464292,104.853631640,95.146368360,0.000000000,70.710678119,70.622120452,-0.707106781,0.707106781,0.000000000
1455,0.727500000,-397.890428521,92.084160345,63.858555900,104.821039951,95.178960049,0.000000000,70.710678119,70.622120452,-0.707106781,0.707106781,0.000000000
1456,0.728000000,-402.890428521,91.883965130,63.904548035,104.788518600,95.211481400,0.000000000,70.710678119,70.622120452,-0.707106781,0.707106781,0.000000000
1457,0.728500000,-407.890428521,91.681269916,63.950439448,104.756068471,95.243931529,0.000000000,70.710678119,70.622120452,-0.707106781,0.707106781,0.000000000
1458,0.729000000,-412.890428521,91.476074702,63.996228889,104.723690447,95.276309553,0.000000000,70.710678119,70.622120452,-0.707106781,0.707106781,0.000000000
1459,0.729500000,-417.890428521,91.268379488,64.041915106,104.691385413,95.308614587,0.000000000,70.710678119,70.622120452,-0.707106781,0.707106781,0.000000000
1460,0.730000000,-422.890428521,91.058184273,64.087496851,104.659154252,95.340845748,0.000000000,70.710678119,70.622120452,-0.707106781,0.707106781,0.000000000
1461,0.730500000,-427.890428521,90.845489059,64.132972874,104.626997848,95.373002152,0.000000000,70.710678119,70.622120452,-0.707106781,0.707106781,0.000000000
1462,0.731000000,-432.890428521,90.630293845,64.178341924,104.594917085,95.405082915,0.000000000,70.710678119,70.622120452,-0.707106781,0.707106781,0.000000000
1463,0.731500000,-437.890428521,90.412598630,64.223602751,104.562912847,95.437087153,0.000000000,70.710678119,70.622120452,-0.707106781,0.707106781,0.000000000
1464,0.732000000,-442.890428521,90.192403416,64.268754106,104.530986018,95.469013982,0.000000000,70.710678119,70.622120452,-0.707106781,0.707106781,0.000000000
1465,0.732500000,-447.890428521,89.969708202,64.313794738,104.499137481,95.500862519,0.000000000,70.710678119,70.622120452,-0.707106781,0.707106781,0.000000000
1466,0.733000000,-452.890428521,89.744512988,64.358723397,104.467368122,95.532631878,0.000000000,70.710678119,70.622120452,-0.707106781,0.707106781,0.000000000
1467,0.733500000,-457.890428521,89.516817773,64.403538834,104.435678822,95.564321178,0.000000000,70.710678119,70.622120452,-0.707106781,0.707106781,0.000000000
1468,0.734000000,-462.890428521,89.286622559,64.448239798,104.404070467,95.595929533,0.000000000,70.710678119,70.622120452,-0.707106781,0.707106781,0.000000000
1469,0.734500000,-467.890428521,89.053927345,64.492825040,104.372543941,95.627456059,0.000000000,70.710678119,70.622120452,-0.707106781,0.707106781,0.000000000
1470,0.735000000,-472.890428521,88.818732131,64.537293309,104.341100126,95.658899874,0.000000000,70.710678119,70.622120452,-0.707106781,0.707106781,0.000000000
1471,0.735500000,-477.890428521,88.581036916,64.581643355,104.309739908,95.690260092,0.000000000,70.710678119,70.622120452,-0.707106781,0.707106781,0.000000000
1472,0.736000000,-482.890428521,88.340841702,64.625873929,104.278464169,95.721535831,0.000000000,70.710678119,70.622120452,-0.707106781,0.707106781,0.000000000
1473,0.736500000,-487.890428521,88.098146488,64.669983780,104.247273794,95.752726206,0.000000000,70.710678119,70.622120452,-0.707106781,0.707106781,0.000000000
1474,0.737000000,-492.890428521,87.852951274,64.713971659,104.216169667,95.783830333,0.000000000,70.710678119,70.622120452,-0.707106781,0.707106781,0.000000000
1475,0.737500000,-497.890428521,87.605256059,64.757836315,104.185152671,95.814847329,0.000000000,70.710678119,70.622120452,-0.707106781,0.707106781,0.000000000
1476,0.738000000,-502.890428521,87.355060845,64.801576498,104.154223691,95.845776309,0.000000000,70.710678119,70.622120452,-0.707106781,0.707106781,0.000000000
1477,0.738500000,-507.890428521,87.102365631,64.845190959,104.123383610,95.876616390,0.000000000,70.710678119,70.622120452,-0.707106781,0.707106781,0.000000000
1478,0.739000000,-512.890428521,86.847170417,64.888678447,104.092633312,95.907366688,0.000000000,70.710678119,70.622120452,-0.707106781,0.707106781,0.000000000
1479,0.739500000,-517.890428521,86.589475202,64.932037713,104.061973681,95.938026319,0.000000000,70.710678119,70.622120452,-0.707106781,0.707106781,0.000000000
1480,0.740000000,-522.890428521,86.329279988,64.975267506,104.031405601,95.968594399,0.000000000,70.710678119,70.622120452,-0.707106781,0.707106781,0.000000000
1481,0.740500000,-527.890428521,86.066584774,65.018366576,104.000929957,95.999070043,0.000000000,70.710678119,70.622120452,-0.707106781,0.707106781,0.000000000
1482,0.741000000,-532.890428521,85.801389560,65.061333674,103.970547630,96.029452370,0.000000000,70.710678119,70.622120452,-0.707106781,0.707106781,0.000000000
1483,0.741500000,-537.890428521,85.533694345,65.104167549,103.940259507,96.059740493,0.000000000,70.710678119,70.622120452,-0.707106781,0.707106781,0.000000000
1484,0.742000000,-542.890428521,85.263499131,65.146866952,103.910066470,96.089933530,0.000000000,70.710678119,70.622120452,-0.707106781,0.707106781,0.000000000
1485,0.742500000,-547.890428521,84.990803917,65.189430632,103.879969403,96.120030597,0.000000000,70.710678119,70.622120452,-0.707106781,0.707106781,0.000000000
1486,0.743000000,-552.890428521,84.715608703,65.231857339,103.849969191,96.150030809,0.000000000,70.710678119,70.622120452,-0.707106781,0.707106781,0.000000000
1487,0.743500000,-557.890428521,84.437913488,65.274145824,103.820066716,96.179933284,0.000000000,70.710678119,70.622120452,-0.707106781,0.707106781,0.000000000
1488,0.744000000,-562.890428521,84.157718274,65.316294836,103.790262864,96.209737136,0.000000000,70.710678119,70.622120452,-0.707106781,0.707106781,0.000000000
1489,0.744500000,-567.890428521,83.875023060,65.358303125,103.760558518,96.239441482,0.000000000,70.710678119,70.622120452,-0.707106781,0.707106781,0.000000000
1490,0.745000000,-572.890428521,83.589827845,65.400169442,103.730954561,96.269045439,0.000000000,70.710678119,70.622120452,-0.707106781,0.707106781,0.000000000
1491,0.745500000,-577.890428521,83.302132631,65.441892537,103.701451878,96.298548122,0.000000000,70.710678119,70.622120452,-0.707106781,0.707106781,0.000000000
1492,0.746000000,-582.890428521,83.011937417,65.483471158,103.672051353,96.327948647,0.000000000,70.710678119,70.622120452,-0.707106781,0.707106781,0.000000000
1493,0.746500000,-587.890428521,82.719242203,65.524904057,103.642753869,96.357246131,0.000000000,70.710678119,70.622120452,-0.707106781,0.707106781,0.000000000
1494,0.747000000,-592.890428521,82.424046988,65.566189984,103.613560310,96.386439690,0.000000000,70.710678119,70.622120452,-0.707106781,0.707106781,0.000000000
1495,0.747500000,-597.890428521,82.126351774,65.607327688,103.584471561,96.415528439,0.000000000,70.710678119,70.622120452,-0.707106781,0.707106781,0.000000000
1496,0.748000000,-602.890428521,81.826156560,65.648315919,103.555488505,96.444511495,0.000000000,70.710678119,70.622120452,-0.707106781,0.707106781,0.000000000
1497,0.748500000,-607.890428521,81.523461346,65.689153427,103.526612025,96.473387975,0.000000000,70.710678119,70.622120452,-0.707106781,0.707106781,0.000000000
1498,0.749000000,-612.890428521,81.218266131,65.729838964,103.497843007,96.502156993,0.000000000,70.710678119,70.622120452,-0.707106781,0.707106781,0.000000000
1499,0.749500000,-617.890428521,80.910570917,65.770371277,103.469182333,96.530817667,0.000000000,70.710678119,70.622120452,-0.707106781,0.707106781,0.000000000
1500,0.750000000,-622.890428521,80.600375703,65.810749118,103.440630888,96.559369112,0.000000000,70.710678119,70.622120452,-0.707106781,0.707106781,0.000000000
1501,0.750500000,-627.890428521,80.287680489,65.850971236,103.412189556,96.587810444,0.000000000,70.710678119,70.622120452,-0.707106781,0.707106781,0.000000000
1502,0.751000000,-632.890428521,79.972485274,65.891036382,103.383859220,96.616140780,0.000000000,70.710678119,70.622120452,-0.707106781,0.707106781,0.000000000
1503,0.751500000,-637.890428521,79.654790060,65.930943305,103.355640764,96.644359236,0.000000000,70.710678119,70.622120452,-0.707106781,0.707106781,0.000000000
1504,0.752000000,-642.890428521,79.334594846,65.970690755,103.327535072,96.672464928,0.000000000,70.710678119,70.622120452,-0.707106781,0.707106781,0.000000000
1505,0.752500000,-647.890428521,79.011899632,66.010277483,103.299543028,96.700456972,0.000000000,70.710678119,70.622120452,-0.707106781,0.707106781,0.000000000
1506,0.753000000,-652.890428521,78.686704417,66.049702238,103.271665517,96.728334483,0.000000000,70.710678119,70.622120452,-0.707106781,0.707106781,0.000000000
1507,0.753500000,-657.890428521,78.359009203,66.088963771,103.243903421,96.756096579,0.000000000,70.710678119,70.622120452,-0.707106781,0.707106781,0.000000000
1508,0.754000000,-662.890428521,78.028813989,66.128060830,103.216257624,96.783742376,0.000000000,70.710678119,70.622120452,-0.707106781,0.707106781,0.000000000
1509,0.754500000,-667.890428521,77.696118775,66.166992168,103.188729012,96.811270988,0.000000000,70.710678119,70.622120452,-0.707106781,0.707106781,0.000000000
1510,0.755000000,-672.890428521,77.360923560,66.205756533,103.161318467,96.838681533,0.000000000,70.710678119,70.622120452,-0.707106781,0.707106781,0.000000000
1511,0.755500000,-677.890428521,77.023228346,66.244352675,103.134026873,96.865973127,0.000000000,70.710678119,70.622120452,-0.707106781,0.707106781,0.000000000
1512,0.756000000,-682.890428521,76.683033132,66.282779344,103.106855114,96.893144886,0.000000000,70.710678119,70.622120452,-0.707106781,0.707106781,0.000000000
1513,0.756500000,-687.890428521,76.340337917,66.321035291,103.079804075,96.920195925,0.000000000,70.710678119,70.622120452,-0.707106781,0.707106781,0.000000000
1514,0.757000000,-692.890428521,75.995142703,66.359119266,103.052874638,96.947125362,0.000000000,70.710678119,70.622120452,-0.707106781,0.707106781,0.000000000
1515,0.757500000,-697.890428521,75.647447489,66.397030017,103.026067689,96.973932311,0.000000000,70.710678119,70.622120452,-0.707106781,0.707106781,0.000000000
1516,0.758000000,-702.890428521,75.297252275,66.434766296,102.999384110,97.000615890,0.000000000,70.710678119,70.622120452,-0.707106781,0.707106781,0.000000000
1517,0.758500000,-707.890428521,74.944557060,66.472326853,102.972824785,97.027175215,0.000000000,70.710678119,70.622120452,-0.707106781,0.707106781,0.000000000
1518,0.759000000,-712.890428521,74.589361846,66.509710437,102.946390600,97.053609400,0.000000000,70.710678119,70.622120452,-0.707106781,0.707106781,0.000000000
1519,0.759500000,-717.890428521,74.231666632,66.546915798,102.920082437,97.079917563,0.000000000,70.710678119,70.622120452,-0.707106781,0.707106781,0.000000000
1520,0.760000000,-722.890428521,73.871471418,66.583941687,102.893901180,97.106098820,0.000000000,70.710678119,70.622120452,-0.707106781,0.707106781,0.000000000
1521,0.760500000,-727.890428521,73.508776203,66.620786853,102.867847713,97.132152287,0.000000000,70.710678119,70.622120452,-0.707106781,0.707106781,0.000000000
1522,0.761000000,-732.890428521,73.143580989,66.657450046,102.841922920,97.158077080,0.000000000,70.710678119,70.622120452,-0.707106781,0.707106781,0.000000000
1523,0.761500000,-737.890428521,72.775885775,66.693930017,102.816127685,97.183872315,0.000000000,70.710678119,70.622120452,-0.707106781,0.707106781,0.000000000
1524,0.762000000,-742.890428521,72.405690561,66.730225515,102.790462892,97.209537108,0.000000000,70.710678119,70.622120452,-0.707106781,0.707106781,0.000000000
1525,0.762500000,-747.890428521,72.032995346,66.766335291,102.764929425,97.235070575,0.000000000,70.710678119,70.622120452,-0.707106781,0.707106781,0.000000000
1526,0.763000000,-752.890428521,71.657800132,66.802258094,102.739528168,97.260471832,0.000000000,70.710678119,70.622120452,-0.707106781,0.707106781,0.000000000
1527,0.763500000,-757.890428521,71.280104918,66.837992674,102.714260003,97.285739997,0.000000000,70.710678119,70.622120452,-0.707106781,0.707106781,0.000000000
1528,0.764000000,-762.890428521,70.899909704,66.873537782,102.689125817,97.310874183,0.000000000,70.710678119,70.622120452,-0.707106781,0.707106781,0.000000000
1529,0.764500000,-767.890428521,70.517214489,66.908892168,102.664126491,97.335873509,0.000000000,70.710678119,70.622120452,-0.707106781,0.707106781,0.000000000
1530,0.765000000,-772.890428521,70.132019275,66.944054580,102.639262911,97.360737089,0.000000000,70.710678119,70.622120452,-0.707106781,0.707106781,0.000000000
1531,0.765500000,-777.890428521,69.744324061,66.979023770,102.614535959,97.385464041,0.000000000,70.710678119,70.622120452,-0.707106781,0.707106781,0.000000000
1532,0.766000000,-782.890428521,69.354128847,67.013798488,102.589946521,97.410053479,0.000000000,70.710678119,70.622120452,-0.707106781,0.707106781,0.000000000
1533,0.766500000,-787.890428521,68.961433632,67.048377482,102.565495479,97.434504521,0.000000000,70.710678119,70.622120452,-0.707106781,0.707106781,0.000000000
1534,0.767000000,-792.890428521,68.566238418,67.082759504,102.541183718,97.458816282,0.000000000,70.710678119,70.622120452,-0.707106781,0.707106781,0.000000000
1535,0.767500000,-797.890428521,68.168543204,67.116943304,102.517012122,97.482987878,0.000000000,70.710678119,70.622120452,-0.707106781,0.707106781,0.000000000
1536,0.768000000,-802.890428521,67.768347989,67.150927631,102.492981574,97.507018426,0.000000000,70.710678119,70.622120452,-0.707106781,0.707106781,0.000000000
1537,0.768500000,-807.890428521,67.365652775,67.184711235,102.469092958,97.530907042,0.000000000,70.710678119,70.622120452,-0.707106781,0.707106781,0.000000000
1538,0.769000000,-812.890428521,66.960457561,67.218292867,102.445347158,97.554652842,0.000000000,70.710678119,70.622120452,-0.707106781,0.707106781,0.000000000
1539,0.769500000,-817.890428521,66.552762347,67.251671276,102.421745059,97.578254941,0.000000000,70.710678119,70.622120452,-0.707106781,0.707106781,0.000000000
1540,0.770000000,-822.890428521,66.142567132,67.284845213,102.398287543,97.601712457,0.000000000,70.710678119,70.622120452,-0.707106781,0.707106781,0.000000000
1541,0.770500000,-827.890428521,65.729871918,67.317813427,102.374975496,97.625024504,0.000000000,70.710678119,70.622120452,-0.707106781,0.707106781,0.000000000
1542,0.771000000,-832.890428521,65.314676704,67.350574668,102.351809800,97.648190200,0.000000000,70.710678119,70.622120452,-0.707106781,0.707106781,0.000000000
1543,0.771500000,-837.890428521,64.896981490,67.383127687,102.328791340,97.671208660,0.000000000,70.710678119,70.622120452,-0.707106781,0.707106781,0.000000000
1544,0.772000000,-842.890428521,64.476786275,67.415471233,102.305920999,97.694079001,0.000000000,70.710678119,70.622120452,-0.707106781,0.707106781,0.000000000
1545,0.772500000,-847.890428521,64.054091061,67.447604056,102.283199661,97.716800339,0.000000000,70.710678119,70.622120452,-0.707106781,0.707106781,0.000000000
1546,0.773000000,-852.890428521,63.628895847,67.479524907,102.260628211,97.739371789,0.000000000,70.710678119,70.622120452,-0.707106781,0.707106781,0.000000000
1547,0.773500000,-857.890428521,63.201200633,67.511232536,102.238207532,97.761792468,0.000000000,70.710678119,70.622120452,-0.707106781,0.707106781,0.000000000
1548,0.774000000,-862.890428521,62.771005418,67.542725691,102.215938508,97.784061492,0.000000000,70.710678119,70.622120452,-0.707106781,0.707106781,0.000000000
1549,0.774500000,-867.890428521,62.338310204,67.574003124,102.193822023,97.806177977,0.000000000,70.710678119,70.622120452,-0.707106781,0.707106781,0.000000000
1550,0.775000000,-872.890428521,61.903114990,67.605063585,102.171858961,97.828141039,0.000000000,70.710678119,70.622120452,-0.707106781,0.707106781,0.000000000
1551,0.775500000,-877.890428521,61.465419776,67.635905823,102.150050205,97.849949795,0.000000000,70.710678119,70.622120452,-0.707106781,0.707106781,0.000000000
1552,0.776000000,-882.890428521,61.025224561,67.666528588,102.128396641,97.871603359,0.000000000,70.710678119,70.622120452,-0.707106781,0.707106781,0.000000000
1553,0.776500000,-887.890428521,60.582529347,67.696930631,102.106899150,97.893100850,0.000000000,70.710678119,70.622120452,-0.707106781,0.707106781,0.000000000
1554,0.777000000,-892.890428521,60.137334133,67.727110701,102.085558618,97.914441382,0.000000000,70.710678119,70.622120452,-0.707106781,0.707106781,0.000000000
1555,0.777500000,-897.890428521,59.689638919,67.757067548,102.064375928,97.935624072,0.000000000,70.710678119,70.622120452,-0.707106781,0.707106781,0.000000000
1556,0.778000000,-902.890428521,59.239443704,67.786799923,102.043351964,97.956648036,0.000000000,70.710678119,70.622120452,-0.707106781,0.707106781,0.000000000
1557,0.778500000,-907.890428521,58.786748490,67.816306575,102.022487610,97.977512390,0.000000000,70.710678119,70.622120452,-0.707106781,0.707106781,0.000000000
1558,0.779000000,-912.890428521,58.331553276,67.845586255,102.001783750,97.998216250,0.000000000,70.710678119,70.622120452,-0.707106781,0.707106781,0.000000000
1559,0.779500000,-912.854769145,57.874492008,67.874637765,101.981241230,98.018758770,0.000000000,70.710678119,70.622120452,-0.707106781,0.707106781,0.000000000
1560,0.780000000,-907.854769145,57.419314624,67.903461112,101.960860046,98.039139954,0.000000000,70.710678119,70.622120452,-0.707106781,0.707106781,0.000000000
1561,0.780500000,-902.854769145,56.966637239,67.932057496,101.940639349,98.059360651,0.000000000,70.710678119,70.622120452,-0.707106781,0.707106781,0.000000000
1562,0.781000000,-897.854769145,56.516459854,67.960428166,101.920578256,98.079421744,0.000000000,70.710678119,70.622120452,-0.707106781,0.707106781,0.000000000
1563,0.781500000,-892.854769145,56.068782470,67.988574373,101.900675882,98.099324118,0.000000000,70.710678119,70.622120452,-0.707106781,0.707106781,0.000000000
1564,0.782000000,-887.854769145,55.623605085,68.016497365,101.880931345,98.119068655,0.000000000,70.710678119,70.622120452,-0.707106781,0.707106781,0.000000000
1565,0.782500000,-882.854769145,55.180927701,68.044198394,101.861343759,98.138656241,0.000000000,70.710678119,70.622120452,-0.707106781,0.707106781,0.000000000
1566,0.783000000,-877.854769145,54.740750316,68.071678710,101.841912242,98.158087758,0.000000000,70.710678119,70.622120452,-0.707106781,0.707106781,0.000000000
1567,0.783500000,-872.854769145,54.303072932,68.098939561,101.822635909,98.177364091,0.000000000,70.710678119,70.622120452,-0.707106781,0.707106781,0.000000000
1568,0.784000000,-867.854769145,53.867895547,68.125982199,101.803513876,98.196486124,0.000000000,70.710678119,70.622120452,-0.707106781,0.707106781,0.000000000
1569,0.784500000,-862.854769145,53.435218162,68.152807874,101.784545260,98.215454740,0.000000000,70.710678119,70.622120452,-0.707106781,0.707106781,0.000000000
1570,0.785000000,-857.854769145,53.005040778,68.179417834,101.765729176,98.234270824,0.000000000,70.710678119,70.622120452,-0.707106781,0.707106781,0.000000000
1571,0.785500000,-852.854769145,52.577363393,68.205813331,101.747064742,98.252935258,0.000000000,70.710678119,70.622120452,-0.707106781,0.707106781,0.000000000
1572,0.786000000,-847.854769145,52.152186009,68.231995614,101.728551072,98.271448928,0.000000000,70.710678119,70.622120452,-0.707106781,0.707106781,0.000000000
1573,0.786500000,-842.854769145,51.729508624,68.257965934,101.710187283,98.289812717,0.000000000,70.710678119,70.622120452,-0.707106781,0.707106781,0.000000000
1574,0.787000000,-837.854769145,51.309331240,68.283725540,101.691972491,98.308027509,0.000000000,70.710678119,70.622120452,-0.707106781,0.707106781,0.000000000
1575,0.787500000,-832.854769145,50.891653855,68.309275682,101.673905812,98.326094188,0.000000000,70.710678119,70.622120452,-0.707106781,0.707106781,0.000000000
1576,0.788000000,-827.854769145,50.476476470,68.334617610,101.655986363,98.344013637,0.000000000,70.710678119,70.622120452,-0.707106781,0.707106781,0.000000000
1577,0.788500000,-822.854769145,50.063799086,68.359752575,101.638213259,98.361786741,0.000000000,70.710678119,70.622120452,-0.707106781,0.707106781,0.000000000
1578,0.789000000,-817.854769145,49.653621701,68.384681826,101.620585616,98.379414384,0.000000000,70.710678119,70.622120452,-0.707106781,0.707106781,0.000000000
1579,0.789500000,-812.854769145,49.245944317,68.409406613,101.603102551,98.396897449,0.000000000,70.710678119,70.622120452,-0.707106781,0.707106781,0.000000000
1580,0.790000000,-807.854769145,48.840766932,68.433928187,101.585763180,98.414236820,0.000000000,70.710678119,70.622120452,-0.707106781,0.707106781,0.000000000
1581,0.790500000,-802.854769145,48.438089548,68.458247797,101.568566619,98.431433381,0.000000000,70.710678119,70.622120452,-0.707106781,0.707106781,0.000000000
1582,0.791000000,-797.854769145,48.037912163,68.482366693,101.551511984,98.448488016,0.000000000,70.710678119,70.622120452,-0.707106781,0.707106781,0.000000000
1583,0.791500000,-792.854769145,47.640234778,68.506286126,101.534598391,98.465401609,0.000000000,70.710678119,70.622120452,-0.707106781,0.707106781,0.000000000
1584,0.792000000,-787.854769145,47.245057394,68.530007344,101.517824956,98.482175044,0.000000000,70.710678119,70.622120452,-0.707106781,0.707106781,0.000000000
1585,0.792500000,-782.854769145,46.852380009,68.553531600,101.501190796,98.498809204,0.000000000,70.710678119,70.622120452,-0.707106781,0.707106781,0.000000000
1586,0.793000000,-777.854769145,46.462202625,68.576860141,101.484695026,98.515304974,0.000000000,70.710678119,70.622120452,-0.707106781,0.707106781,0.000000000
1587,0.793500000,-772.854769145,46.074525240,68.599994219,101.468336763,98.531663237,0.000000000,70.710678119,70.622120452,-0.707106781,0.707106781,0.000000000
1588,0.794000000,-767.854769145,45.689347856,68.622935083,101.452115122,98.547884878,0.000000000,70.710678119,70.622120452,-0.707106781,0.707106781,0.000000000
1589,0.794500000,-762.854769145,45.306670471,68.645683983,101.436029220,98.563970780,0.000000000,70.710678119,70.622120452,-0.707106781,0.707106781,0.000000000
1590,0.795000000,-757.854769145,44.926493086,68.668242170,101.420078174,98.579921826,0.000000000,70.710678119,70.622120452,-0.707106781,0.707106781,0.000000000
1591,0.795500000,-752.854769145,44.548815702,68.690610893,101.404261098,98.595738902,0.000000000,70.710678119,70.622120452,-0.707106781,0.707106781,0.000000000
1592,0.796000000,-747.854769145,44.173638317,68.712791403,101.388577109,98.611422891,0.000000000,70.710678119,70.622120452,-0.707106781,0.707106781,0.000000000
1593,0.796500000,-742.854769145,43.800960933,68.734784948,101.373025324,98.626974676,0.000000000,70.710678119,70.622120452,-0.707106781,0.707106781,0.000000000
1594,0.797000000,-737.854769145,43.430783548,68.756592780,101.357604858,98.642395142,0.000000000,70.710678119,70.622120452,-0.707106781,0.707106781,0.000000000
1595,0.797500000,-732.854769145,43.063106164,68.778216148,101.342314828,98.657685172,0.000000000,70.710678119,70.622120452,-0.707106781,0.707106781,0.000000000
1596,0.798000000,-727.854769145,42.697928779,68.799656303,101.327154349,98.672845651,0.000000000,70.710678119,70.622120452,-0.707106781,0.707106781,0.000000000
1597,0.798500000,-722.854769145,42.335251394,68.820914494,101.312122538,98.687877462,0.000000000,70.710678119,70.622120452,-0.707106781,0.707106781,0.000000000
1598,0.799000000,-717.854769145,41.975074010,68.841991971,101.297218511,98.702781489,0.000000000,70.710678119,70.622120452,-0.707106781,0.707106781,0.000000000
1599,0.799500000,-712.854769145,41.617396625,68.862889985,101.282441384,98.717558616,0.000000000,70.710678119,70.622120452,-0.707106781,0.707106781,0.000000000
1600,0.800000000,-707.854769145,41.262219241,68.883609784,101.267790273,98.732209727,0.000000000,70.710678119,70.622120452,-0.707106781,0.707106781,0.000000000
1601,0.800500000,-702.854769145,40.909541856,68.904152620,101.253264295,98.746735705,0.000000000,70.710678119,70.622120452,-0.707106781,0.707106781,0.000000000
1602,0.801000000,-697.854769145,40.559364472,68.924519743,101.238862564,98.761137436,0.000000000,70.710678119,70.622120452,-0.707106781,0.707106781,0.000000000
1603,0.801500000,-692.854769145,40.211687087,68.944712402,101.224584198,98.775415802,0.000000000,70.710678119,70.622120452,-0.707106781,0.707106781,0.000000000
1604,0.802000000,-687.854769145,39.866509702,68.964731847,101.210428313,98.789571687,0.000000000,70.710678119,70.622120452,-0.707106781,0.707106781,0.000000000
1605,0.802500000,-682.854769145,39.523832318,68.984579328,101.196394024,98.803605976,0.000000000,70.710678119,70.622120452,-0.707106781,0.707106781,0.000000000
1606,0.803000000,-677.854769145,39.183654933,69.004256096,101.182480448,98.817519552,0.000000000,70.710678119,70.622120452,-0.707106781,0.707106781,0.000000000
1607,0.803500000,-672.854769145,38.845977549,69.023763400,101.168686702,98.831313298,0.000000000,70.710678119,70.622120452,-0.707106781,0.707106781,0.000000000
1608,0.804000000,-667.854769145,38.510800164,69.043102490,101.155011900,98.844988100,0.000000000,70.710678119,70.622120452,-0.707106781,0.707106781,0.000000000
1609,0.804500000,-662.854769145,38.178122780,69.062274616,101.141455159,98.858544841,0.000000000,70.710678119,70.622120452,-0.707106781,0.707106781,0.000000000
1610,0.805000000,-657.854769145,37.847945395,69.081281029,101.128015596,98.871984404,0.000000000,70.710678119,70.622120452,-0.707106781,0.707106781,0.000000000
1611,0.805500000,-652.854769145,37.520268010,69.100122978,101.114692326,98.885307674,0.000000000,70.710678119,70.622120452,-0.707106781,0.707106781,0.000000000
1612,0.806000000,-647.854769145,37.195090626,69.118801714,101.101484465,98.898515535,0.000000000,70.710678119,70.622120452,-0.707106781,0.707106781,0.000000000
1613,0.806500000,-642.854769145,36.872413241,69.137318486,101.088391130,98.911608870,0.000000000,70.710678119,70.622120452,-0.707106781,0.707106781,0.000000000
1614,0.807000000,-637.854769145,36.552235857,69.155674544,101.075411437,98.924588563,0.000000000,70.710678119,70.622120452,-0.707106781,0.707106781,0.000000000
1615,0.807500000,-632.854769145,36.234558472,69.173871138,101.062544502,98.937455498,0.000000000,70.710678119,70.622120452,-0.707106781,0.707106781,0.000000000
1616,0.808000000,-627.854769145,35.919381087,69.191909519,101.049789440,98.950210560,0.000000000,70.710678119,70.622120452,-0.707106781,0.707106781,0.000000000
1617,0.808500000,-622.854769145,35.606703703,69.209790936,101.037145369,98.962854631,0.000000000,70.710678119,70.622120452,-0.707106781,0.707106781,0.000000000
1618,0.809000000,-617.854769145,35.296526318,69.227516639,101.024611404,98.975388596,0.000000000,70.710678119,70.622120452,-0.707106781,0.707106781,0.000000000
1619,0.809500000,-612.854769145,34.988848934,69.245087879,101.012186661,98.987813339,0.000000000,70.710678119,70.622120452,-0.707106781,0.707106781,0.000000000
1620,0.810000000,-607.854769145,34.683671549,69.262505905,100.999870257,99.000129743,0.000000000,70.710678119,70.622120452,-0.707106781,0.707106781,0.000000000
1621,0.810500000,-602.854769145,34.380994165,69.279771967,100.987661307,99.012338693,0.000000000,70.710678119,70.622120452,-0.707106781,0.707106781,0.000000000
1622,0.811000000,-597.854769145,34.080816780,69.296887316,100.975558928,99.024441072,0.000000000,70.710678119,70.622120452,-0.707106781,0.707106781,0.000000000
1623,0.811500000,-592.854769145,33.783139395,69.313853201,100.963562236,99.036437764,0.000000000,70.710678119,70.622120452,-0.707106781,0.707106781,0.000000000
1624,0.812000000,-587.854769145,33.487962011,69.330670872,100.951670347,99.048329653,0.000000000,70.710678119,70.622120452,-0.707106781,0.707106781,0.000000000
1625,0.812500000,-582.854769145,33.195284626,69.347341579,100.939882376,99.060117624,0.000000000,70.710678119,70.622120452,-0.707106781,0.707106781,0.000000000
1626,0.813000000,-577.854769145,32.905107242,69.363866573,100.928197441,99.071802559,0.000000000,70.710678119,70.622120452,-0.707106781,0.707106781,0.000000000
1627,0.813500000,-572.854769145,32.617429857,69.380247103,100.916614657,99.083385343,0.000000000,70.710678119,70.622120452,-0.707106781,0.707106781,0.000000000
1628,0.814000000,-567.854769145,32.332252473,69.396484420,100.905133141,99.094866859,0.000000000,70.710678119,70.622120452,-0.707106781,0.707106781,0.000000000
1629,0.814500000,-562.854769145,32.049575088,69.412579772,100.893752008,99.106247992,0.000000000,70.710678119,70.622120452,-0.707106781,0.707106781,0.000000000
1630,0.815000000,-557.854769145,31.769397703,69.428534411,100.882470374,99.117529626,0.000000000,70.710678119,70.622120452,-0.707106781,0.707106781,0.000000000
1631,0.815500000,-552.854769145,31.491720319,69.444349587,100.871287357,99.128712643,0.000000000,70.710678119,70.622120452,-0.707106781,0.707106781,0.000000000
1632,0.816000000,-547.854769145,31.216542934,69.460026548,100.860202071,99.139797929,0.000000000,70.710678119,70.622120452,-0.707106781,0.707106781,0.000000000
1633,0.816500000,-542.854769145,30.943865550,69.475566546,100.849213633,99.150786367,0.000000000,70.710678119,70.622120452,-0.707106781,0.707106781,0.000000000
1634,0.817000000,-537.854769145,30.673688165,69.490970831,100.838321159,99.161678841,0.000000000,70.710678119,70.622120452,-0.707106781,0.707106781,0.000000000
1635,0.817500000,-532.854769145,30.406010781,69.506240651,100.827523765,99.172476235,0.000000000,70.710678119,70.622120452,-0.707106781,0.707106781,0.000000000
1636,0.818000000,-527.854769145,30.140833396,69.521377258,100.816820568,99.183179432,0.000000000,70.710678119,70.622120452,-0.707106781,0.707106781,0.000000000
1637,0.818500000,-522.854769145,29.878156011,69.536381901,100.806210683,99.193789317,0.000000000,70.710678119,70.622120452,-0.707106781,0.707106781,0.000000000
1638,0.819000000,-517.854769145,29.617978627,69.551255831,100.795693226,99.204306774,0.000000000,70.710678119,70.622120452,-0.707106781,0.707106781,0.000000000
1639,0.819500000,-512.854769145,29.360301242,69.566000297,100.785267315,99.214732685,0.000000000,70.710678119,70.622120452,-0.707106781,0.707106781,0.000000000
1640,0.820000000,-507.854769145,29.105123858,69.580616549,100.774932064,99.225067936,0.000000000,70.710678119,70.622120452,-0.707106781,0.707106781,0.000000000
1641,0.820500000,-502.854769145,28.852446473,69.595105837,100.764686590,99.235313410,0.000000000,70.710678119,70.622120452,-0.707106781,0.707106781,0.000000000
1642,0.821000000,-497.854769145,28.602269089,69.609469412,100.754530009,99.245469991,0.000000000,70.710678119,70.622120452,-0.707106781,0.707106781,0.000000000
1643,0.821500000,-492.854769145,28.354591704,69.623708523,100.744461437,99.255538563,0.000000000,70.710678119,70.622120452,-0.707106781,0.707106781,0.000000000
1644,0.822000000,-487.854769145,28.109414319,69.637824420,100.734479990,99.265520010,0.000000000,70.710678119,70.622120452,-0.707106781,0.707106781,0.000000000
1645,0.822500000,-482.854769145,27.866736935,69.651818354,100.724584784,99.275415216,0.000000000,70.710678119,70.622120452,-0.707106781,0.707106781,0.000000000
1646,0.823000000,-477.854769145,27.626559550,69.665691574,100.714774937,99.285225063,0.000000000,70.710678119,70.622120452,-0.707106781,0.707106781,0.000000000
1647,0.823500000,-472.854769145,27.388882166,69.679445330,100.705049562,99.294950438,0.000000000,70.710678119,70.622120452,-0.707106781,0.707106781,0.000000000
1648,0.824000000,-467.854769145,27.153704781,69.693080873,100.695407778,99.304592222,0.000000000,70.710678119,70.622120452,-0.707106781,0.707106781,0.000000000
1649,0.824500000,-462.854769145,26.921027397,69.706599451,100.685848699,99.314151301,0.000000000,70.710678119,70.622120452,-0.707106781,0.707106781,0.000000000
1650,0.825000000,-457.854769145,26.690850012,69.720002317,100.676371442,99.323628558,0.000000000,70.710678119,70.622120452,-0.707106781,0.707106781,0.000000000
1651,0.825500000,-452.854769145,26.463172627,69.733290718,100.666975123,99.333024877,0.000000000,70.710678119,70.622120452,-0.707106781,0.707106781,0.000000000
1652,0.826000000,-447.854769145,26.237995243,69.746465906,100.657658858,99.342341142,0.000000000,70.710678119,70.622120452,-0.707106781,0.707106781,0.000000000
1653,0.826500000,-442.854769145,26.015317858,69.759529130,100.648421764,99.351578236,0.000000000,70.710678119,70.622120452,-0.707106781,0.707106781,0.000000000
1654,0.827000000,-437.854769145,25.795140474,69.772481640,100.639262956,99.360737044,0.000000000,70.710678119,70.622120452,-0.707106781,0.707106781,0.000000000
1655,0.827500000,-432.854769145,25.577463089,69.785324687,100.630181551,99.369818449,0.000000000,70.710678119,70.622120452,-0.707106781,0.707106781,0.000000000
1656,0.828000000,-427.854769145,25.362285705,69.798059520,100.621176664,99.378823336,0.000000000,70.710678119,70.622120452,-0.707106781,0.707106781,0.000000000
1657,0.828500000,-422.854769145,25.149608320,69.810687390,100.612247412,99.387752588,0.000000000,70.710678119,70.622120452,-0.707106781,0.707106781,0.000000000
1658,0.829000000,-417.854769145,24.939430935,69.823209545,100.603392911,99.396607089,0.000000000,70.710678119,70.622120452,-0.707106781,0.707106781,0.000000000
1659,0.829500000,-412.854769145,24.731753551,69.835627237,100.594612277,99.405387723,0.000000000,70.710678119,70.622120452,-0.707106781,0.707106781,0.000000000
1660,0.830000000,-407.854769145,24.526576166,69.847941715,100.585904625,99.414095375,0.000000000,70.710678119,70.622120452,-0.707106781,0.707106781,0.000000000
1661,0.830500000,-402.854769145,24.323898782,69.860154230,100.577269074,99.422730926,0.000000000,70.710678119,70.622120452,-0.707106781,0.707106781,0.000000000
1662,0.831000000,-397.854769145,24.123721397,69.872266031,100.568704737,99.431295263,0.000000000,70.710678119,70.622120452,-0.707106781,0.707106781,0.000000000
1663,0.831500000,-392.854769145,23.926044013,69.884278368,100.560210732,99.439789268,0.000000000,70.710678119,70.622120452,-0.707106781,0.707106781,0.000000000
1664,0.832000000,-387.854769145,23.730866628,69.896192492,100.551786174,99.448213826,0.000000000,70.710678119,70.622120452,-0.707106781,0.707106781,0.000000000
1665,0.832500000,-382.854769145,23.538189243,69.908009651,100.543430181,99.456569819,0.000000000,70.710678119,70.622120452,-0.707106781,0.707106781,0.000000000
1666,0.833000000,-377.854769145,23.348011859,69.919731097,100.535141867,99.464858133,0.000000000,70.710678119,70.622120452,-0.707106781,0.707106781,0.000000000
1667,0.833500000,-372.854769145,23.160334474,69.931358080,100.526920349,99.473079651,0.000000000,70.710678119,70.622120452,-0.707106781,0.707106781,0.000000000
1668,0.834000000,-367.854769145,22.975157090,69.942891849,100.518764742,99.481235258,0.000000000,70.710678119,70.622120452,-0.707106781,0.707106781,0.000000000
1669,0.834500000,-362.854769145,22.792479705,69.954333654,100.510674165,99.489325835,0.000000000,70.710678119,70.622120452,-0.707106781,0.707106781,0.000000000
1670,0.835000000,-357.854769145,22.612302321,69.965684745,100.502647731,99.497352269,0.000000000,70.710678119,70.622120452,-0.707106781,0.707106781,0.000000000
1671,0.835500000,-352.854769145,22.434624936,69.976946373,100.494684558,99.505315442,0.000000000,70.710678119,70.622120452,-0.707106781,0.707106781,0.000000000
1672,0.836000000,-347.854769145,22.259447551,69.988119787,100.486783761,99.513216239,0.000000000,70.710678119,70.622120452,-0.707106781,0.707106781,0.000000000
1673,0.836500000,-342.854769145,22.086770167,69.999206237,100.478944457,99.521055543,0.000000000,70.710678119,70.622120452,-0.707106781,0.707106781,0.000000000
1674,0.837000000,-337.854769145,21.916592782,70.010206973,100.471165761,99.528834239,0.000000000,70.710678119,70.622120452,-0.707106781,0.707106781,0.000000000
1675,0.837500000,-332.854769145,21.748915398,70.021123246,100.463446791,99.536553209,0.000000000,70.710678119,70.622120452,-0.707106781,0.707106781,0.000000000
1676,0.838000000,-327.854769145,21.583738013,70.031956305,100.455786661,99.544213339,0.000000000,70.710678119,70.622120452,-0.707106781,0.707106781,0.000000000
1677,0.838500000,-322.854769145,21.421060629,70.042707401,100.448184488,99.551815512,0.000000000,70.710678119,70.622120452,-0.707106781,0.707106781,0.000000000
1678,0.839000000,-317.854769145,21.260883244,70.053377783,100.440639389,99.559360611,0.000000000,70.710678119,70.622120452,-0.707106781,0.707106781,0.000000000
1679,0.839500000,-312.854769145,21.103205859,70.063968701,100.433150479,99.566849521,0.000000000,70.710678119,70.622120452,-0.707106781,0.707106781,0.000000000
1680,0.840000000,-307.854769145,20.948028475,70.074481405,100.425716875,99.574283125,0.000000000,70.710678119,70.622120452,-0.707106781,0.707106781,0.000000000
1681,0.840500000,-302.854769145,20.795351090,70.084917146,100.418337692,99.581662308,0.000000000,70.710678119,70.622120452,-0.707106781,0.707106781,0.000000000
1682,0.841000000,-297.854769145,20.645173706,70.095277173,100.411012046,99.588987954,0.000000000,70.710678119,70.622120452,-0.707106781,0.707106781,0.000000000
1683,0.841500000,-292.854769145,20.497496321,70.105562736,100.403739055,99.596260945,0.000000000,70.710678119,70.622120452,-0.707106781,0.707106781,0.000000000
1684,0.842000000,-287.854769145,20.352318937,70.115775086,100.396517833,99.603482167,0.000000000,70.710678119,70.622120452,-0.707106781,0.707106781,0.000000000
1685,0.842500000,-282.854769145,20.209641552,70.125915472,100.389347497,99.610652503,0.000000000,70.710678119,70.622120452,-0.707106781,0.707106781,0.000000000
1686,0.843000000,-277.854769145,20.069464167,70.135985144,100.382227164,99.617772836,0.000000000,70.710678119,70.622120452,-0.707106781,0.707106781,0.000000000
1687,0.843500000,-272.854769145,19.931786783,70.145985353,100.375155948,99.624844052,0.000000000,70.710678119,70.622120452,-0.707106781,0.707106781,0.000000000
1688,0.844000000,-267.854769145,19.796609398,70.155917348,100.368132967,99.631867033,0.000000000,70.710678119,70.622120452,-0.707106781,0.707106781,0.000000000
1689,0.844500000,-262.854769145,19.663932014,70.165782379,100.361157337,99.638842663,0.000000000,70.710678119,70.622120452,-0.707106781,0.707106781,0.000000000
1690,0.845000000,-257.854769145,19.533754629,70.175581696,100.354228173,99.645771827,0.000000000,70.710678119,70.622120452,-0.707106781,0.707106781,0.000000000
1691,0.845500000,-252.854769145,19.406077245,70.185316550,100.347344592,99.652655408,0.000000000,70.710678119,70.622120452,-0.707106781,0.707106781,0.000000000
1692,0.846000000,-247.854769145,19.280899860,70.194988190,100.340505710,99.659494290,0.000000000,70.710678119,70.622120452,-0.707106781,0.707106781,0.000000000
1693,0.846500000,-242.854769145,19.158222475,70.204597867,100.333710642,99.666289358,0.000000000,70.710678119,70.622120452,-0.707106781,0.707106781,0.000000000
1694,0.847000000,-237.854769145,19.038045091,70.214146829,100.326958506,99.673041494,0.000000000,70.710678119,70.622120452,-0.707106781,0.707106781,0.000000000
1695,0.847500000,-232.854769145,18.920367706,70.223636328,100.320248417,99.679751583,0.000000000,70.710678119,70.622120452,-0.707106781,0.707106781,0.000000000
1696,0.848000000,-227.854769145,18.805190322,70.233067614,100.313579491,99.686420509,0.000000000,70.710678119,70.622120452,-0.707106781,0.707106781,0.000000000
1697,0.848500000,-222.854769145,18.692512937,70.242441935,100.306950845,99.693049155,0.000000000,70.710678119,70.622120452,-0.707106781,0.707106781,0.000000000
1698,0.849000000,-217.854769145,18.582335553,70.251760543,100.300361594,99.699638406,0.000000000,70.710678119,70.622120452,-0.707106781,0.707106781,0.000000000
1699,0.849500000,-212.854769145,18.474658168,70.261024688,100.293810855,99.706189145,0.000000000,70.710678119,70.622120452,-0.707106781,0.707106781,0.000000000
1700,0.850000000,-207.854769145,18.369480783,70.270235618,100.287297743,99.712702257,0.000000000,70.710678119,70.622120452,-0.707106781,0.707106781,0.000000000
1701,0.850500000,-202.854769145,18.266803399,70.279394585,100.280821376,99.719178624,0.000000000,70.710678119,70.622120452,-0.707106781,0.707106781,0.000000000
1702,0.851000000,-197.854769145,18.166626014,70.288502838,100.274380868,99.725619132,0.000000000,70.710678119,70.622120452,-0.707106781,0.707106781,0.000000000
1703,0.851500000,-192.854769145,18.068948630,70.297561628,100.267975336,99.732024664,0.000000000,70.710678119,70.622120452,-0.707106781,0.707106781,0.000000000
1704,0.852000000,-187.854769145,17.973771245,70.306572204,100.261603897,99.738396103,0.000000000,70.710678119,70.622120452,-0.707106781,0.707106781,0.000000000
1705,0.852500000,-182.854769145,17.881093861,70.315535816,100.255265666,99.744734334,0.000000000,70.710678119,70.622120452,-0.707106781,0.707106781,0.000000000
1706,0.853000000,-177.854769145,17.790916476,70.324453714,100.248959760,99.751040240,0.000000000,70.710678119,70.622120452,-0.707106781,0.707106781,0.000000000
1707,0.853500000,-172.854769145,17.703239091,70.333327149,100.242685294,99.757314706,0.000000000,70.710678119,70.622120452,-0.707106781,0.707106781,0.000000000
1708,0.854000000,-167.854769145,17.618061707,70.342157370,100.236441385,99.763558615,0.000000000,70.710678119,70.622120452,-0.707106781,0.707106781,0.000000000
1709,0.854500000,-162.854769145,17.535384322,70.350945627,100.230227148,99.769772852,0.000000000,70.710678119,70.622120452,-0.707106781,0.707106781,0.000000000
1710,0.855000000,-157.854769145,17.455206938,70.359693171,100.224041701,99.775958299,0.000000000,70.710678119,70.622120452,-0.707106781,0.707106781,0.000000000
1711,0.855500000,-152.854769145,17.377529553,70.368401251,100.217884159,99.782115841,0.000000000,70.710678119,70.622120452,-0.707106781,0.707106781,0.000000000
1712,0.856000000,-147.854769145,17.302352169,70.377071117,100.211753637,99.788246363,0.000000000,70.710678119,70.622120452,-0.707106781,0.707106781,0.000000000
1713,0.856500000,-142.854769145,17.229674784,70.385704020,100.205649253,99.794350747,0.000000000,70.710678119,70.622120452,-0.707106781,0.707106781,0.000000000
1714,0.857000000,-137.854769145,17.159497399,70.394301209,100.199570123,99.800429877,0.000000000,70.710678119,70.622120452,-0.707106781,0.707106781,0.000000000
1715,0.857500000,-132.854769145,17.091820015,70.402863934,100.193515362,99.806484638,0.000000000,70.710678119,70.622120452,-0.707106781,0.707106781,0.000000000
1716,0.858000000,-127.854769145,17.026642630,70.411393445,100.187484086,99.812515914,0.000000000,70.710678119,70.622120452,-0.707106781,0.707106781,0.000000000
1717,0.858500000,-122.854769145,16.963965246,70.419890993,100.181475413,99.818524587,0.000000000,70.710678119,70.622120452,-0.707106781,0.707106781,0.000000000
1718,0.859000000,-117.854769145,16.903787861,70.428357827,100.175488457,99.824511543,0.000000000,70.710678119,70.622120452,-0.707106781,0.707106781,0.000000000
1719,0.859500000,-112.854769145,16.846110477,70.436795198,100.169522335,99.830477665,0.000000000,70.710678119,70.622120452,-0.707106781,0.707106781,0.000000000
1720,0.860000000,-107.854769145,16.790933092,70.445204354,100.163576163,99.836423837,0.000000000,70.710678119,70.622120452,-0.707106781,0.707106781,0.000000000
1721,0.860500000,-102.854769145,16.738255707,70.453586547,100.157649058,99.842350942,0.000000000,70.710678119,70.622120452,-0.707106781,0.707106781,0.000000000
1722,0.861000000,-97.854769145,16.688078323,70.461943027,100.151740135,99.848259865,0.000000000,70.710678119,70.622120452,-0.707106781,0.707106781,0.000000000
1723,0.861500000,-92.854769145,16.640400938,70.470275042,100.145848510,99.854151490,0.000000000,70.710678119,70.622120452,-0.707106781,0.707106781,0.000000000
1724,0.862000000,-87.854769145,16.595223554,70.478583844,100.139973300,99.860026700,0.000000000,70.710678119,70.622120452,-0.707106781,0.707106781,0.000000000
1725,0.862500000,-82.854769145,16.552546169,70.486870683,100.134113620,99.865886380,0.000000000,70.710678119,70.622120452,-0.707106781,0.707106781,0.000000000
1726,0.863000000,-77.854769145,16.512368785,70.495136807,100.128268587,99.871731413,0.000000000,70.710678119,70.622120452,-0.707106781,0.707106781,0.000000000
1727,0.863500000,-72.854769145,16.474691400,70.503383468,100.122437318,99.877562682,0.000000000,70.710678119,70.622120452,-0.707106781,0.707106781,0.000000000
1728,0.864000000,-67.854769145,16.439514015,70.511611915,100.116618927,99.883381073,0.000000000,70.710678119,70.622120452,-0.707106781,0.707106781,0.000000000
1729,0.864500000,-62.854769145,16.406836631,70.519823399,100.110812531,99.889187469,0.000000000,70.710678119,70.622120452,-0.707106781,0.707106781,0.000000000
1730,0.865000000,-57.854769145,16.376659246,70.528019168,100.105017247,99.894982753,0.000000000,70.710678119,70.622120452,-0.707106781,0.707106781,0.000000000
1731,0.865500000,-52.854769145,16.348981862,70.536200475,100.099232190,99.900767810,0.000000000,70.710678119,70.622120452,-0.707106781,0.707106781,0.000000000
1732,0.866000000,-47.854769145,16.323804477,70.544368567,100.093456476,99.906543524,0.000000000,70.710678119,70.622120452,-0.707106781,0.707106781,0.000000000
1733,0.866500000,-42.854769145,16.301127093,70.552524696,100.087689222,99.912310778,0.000000000,70.710678119,70.622120452,-0.707106781,0.707106781,0.000000000
1734,0.867000000,-37.854769145,16.280949708,70.560670111,100.081929544,99.918070456,0.000000000,70.710678119,70.622120452,-0.707106781,0.707106781,0.000000000
1735,0.867500000,-32.854769145,16.263272323,70.568806062,100.076176558,99.923823442,0.000000000,70.710678119,70.622120452,-0.707106781,0.707106781,0.000000000
1736,0.868000000,-27.854769145,16.248094939,70.576933800,100.070429379,99.929570621,0.000000000,70.710678119,70.622120452,-0.707106781,0.707106781,0.000000000
1737,0.868500000,-22.854769145,16.235417554,70.585054574,100.064687125,99.935312875,0.000000000,70.710678119,70.622120452,-0.707106781,0.707106781,0.000000000
1738,0.869000000,-17.854769145,16.225240170,70.593169634,100.058948911,99.941051089,0.000000000,70.710678119,70.622120452,-0.707106781,0.707106781,0.000000000
1739,0.869500000,-12.854769145,16.217562785,70.601280231,100.053213853,99.946786147,0.000000000,70.710678119,70.622120452,-0.707106781,0.707106781,0.000000000
1740,0.870000000,-7.854769145,16.212385401,70.609387613,100.047481067,99.952518933,0.000000000,70.710678119,70.622120452,-0.707106781,0.707106781,0.000000000
1741,0.870500000,-2.854769145,16.209708016,70.617493033,100.041749671,99.958250329,0.000000000,70.710678119,70.622120452,-0.707106781,0.707106781,0.000000000
1742,0.871000000,0.000000000,16.209300531,70.622120452,100.038477591,99.961522409,0.000000000,70.710678119,70.622120452,-0.707106781,0.707106781,0.000000000
