index,time_s,acc,vel,pos
0,0.000000000,0.000000000,0.000000000,0.000000000
1,0.000500000,5.000000000,0.001250000,0.000000208
2,0.001000000,10.000000000,0.005000000,0.000001667
3,0.001500000,15.000000000,0.011250000,0.000005625
4,0.002000000,20.000000000,0.020000000,0.000013333
5,0.002500000,25.000000000,0.031250000,0.000026042
6,0.003000000,30.000000000,0.045000000,0.000045000
7,0.003500000,35.000000000,0.061250000,0.000071458
8,0.004000000,40.000000000,0.080000000,0.000106667
9,0.004500000,45.000000000,0.101250000,0.000151875
10,0.005000000,50.000000000,0.125000000,0.000208333
11,0.005500000,55.000000000,0.151250000,0.000277292
12,0.006000000,60.000000000,0.180000000,0.000360000
13,0.006500000,65.000000000,0.211250000,0.000457708
14,0.007000000,70.000000000,0.245000000,0.000571667
15,0.007500000,75.000000000,0.281250000,0.000703125
16,0.008000000,80.000000000,0.320000000,0.000853333
17,0.008500000,85.000000000,0.361250000,0.001023542
18,0.009000000,90.000000000,0.405000000,0.001215000
19,0.009500000,95.000000000,0.451250000,0.001428958
20,0.010000000,100.000000000,0.500000000,0.001666667
21,0.010500000,105.000000000,0.551250000,0.001929375
22,0.011000000,110.000000000,0.605000000,0.002218333
23,0.011500000,115.000000000,0.661250000,0.002534792
24,0.012000000,120.000000000,0.720000000,0.002880000
25,0.012500000,125.000000000,0.781250000,0.003255208
26,0.013000000,130.000000000,0.845000000,0.003661667
27,0.013500000,135.000000000,0.911250000,0.004100625
28,0.014000000,140.000000000,0.980000000,0.004573333
29,0.014500000,145.000000000,1.051250000,0.005081042
30,0.015000000,150.000000000,1.125000000,0.005625000
31,0.015500000,155.000000000,1.201250000,0.006206458
32,0.016000000,160.000000000,1.280000000,0.006826667
33,0.016500000,165.000000000,1.361250000,0.007486875
34,0.017000000,170.000000000,1.445000000,0.008188333
35,0.017500000,175.000000000,1.531250000,0.008932292
36,0.018000000,180.000000000,1.620000000,0.009720000
37,0.018500000,185.000000000,1.711250000,0.010552708
38,0.019000000,190.000000000,1.805000000,0.011431667
39,0.019500000,195.000000000,1.901250000,0.012358125
40,0.020000000,200.000000000,2.000000000,0.013333333
41,0.020500000,205.000000000,2.101250000,0.014358542
42,0.021000000,210.000000000,2.205000000,0.015435000
43,0.021500000,215.000000000,2.311250000,0.016563958
44,0.022000000,220.000000000,2.420000000,0.017746667
45,0.022500000,225.000000000,2.531250000,0.018984375
46,0.023000000,230.000000000,2.645000000,0.020278333
47,0.023500000,235.000000000,2.761250000,0.021629792
48,0.024000000,240.000000000,2.880000000,0.023040000
49,0.024500000,245.000000000,3.001250000,0.024510208
50,0.025000000,250.000000000,3.125000000,0.026041667
51,0.025500000,255.000000000,3.251250000,0.027635625
52,0.026000000,260.000000000,3.380000000,0.029293333
53,0.026500000,265.000000000,3.511250000,0.031016042
54,0.027000000,270.000000000,3.645000000,0.032805000
55,0.027500000,275.000000000,3.781250000,0.034661458
56,0.028000000,280.000000000,3.920000000,0.036586667
57,0.028500000,285.000000000,4.061250000,0.038581875
58,0.029000000,290.000000000,4.205000000,0.040648333
59,0.029500000,295.000000000,4.351250000,0.042787292
60,0.030000000,300.000000000,4.500000000,0.045000000
61,0.030500000,305.000000000,4.651250000,0.047287708
62,0.031000000,310.000000000,4.805000000,0.049651667
63,0.031500000,315.000000000,4.961250000,0.052093125
64,0.032000000,320.000000000,5.120000000,0.054613333
65,0.032500000,325.000000000,5.281250000,0.057213542
66,0.033000000,330.000000000,5.445000000,0.059895000
67,0.033500000,335.000000000,5.611250000,0.062658958
68,0.034000000,340.000000000,5.780000000,0.065506667
69,0.034500000,345.000000000,5.951250000,0.068439375
70,0.035000000,350.000000000,6.125000000,0.071458333
71,0.035500000,355.000000000,6.301250000,0.074564792
72,0.036000000,360.000000000,6.480000000,0.077760000
73,0.036500000,365.000000000,6.661250000,0.081045208
74,0.037000000,370.000000000,6.845000000,0.084421667
75,0.037500000,375.000000000,7.031250000,0.087890625
76,0.038000000,380.000000000,7.220000000,0.091453333
77,0.038500000,385.000000000,7.411250000,0.095111042
78,0.039000000,390.000000000,7.605000000,0.098865000
79,0.039500000,395.000000000,7.801250000,0.102716458
80,0.040000000,400.000000000,8.000000000,0.106666667
81,0.040500000,405.000000000,8.201250000,0.110716875
82,0.041000000,410.000000000,8.405000000,0.114868333
83,0.041500000,415.000000000,8.611250000,0.119122292
84,0.042000000,420.000000000,8.820000000,0.123480000
85,0.042500000,425.000000000,9.031250000,0.127942708
86,0.043000000,430.000000000,9.245000000,0.132511667
87,0.043500000,435.000000000,9.461250000,0.137188125
88,0.044000000,440.000000000,9.680000000,0.141973333
89,0.044500000,445.000000000,9.901250000,0.146868542
90,0.045000000,450.000000000,10.125000000,0.151875000
91,0.045500000,455.000000000,10.351250000,0.156993958
92,0.046000000,460.000000000,10.580000000,0.162226667
93,0.046500000,465.000000000,10.811250000,0.167574375
94,0.047000000,470.000000000,11.045000000,0.173038333
95,0.047500000,475.000000000,11.281250000,0.178619792
96,0.048000000,480.000000000,11.520000000,0.184320000
97,0.048500000,485.000000000,11.761250000,0.190140208
98,0.049000000,490.000000000,12.005000000,0.196081667
99,0.049500000,495.000000000,12.251250000,0.202145625
100,0.050000000,500.000000000,12.500000000,0.208333333
101,0.050500000,505.000000000,12.751250000,0.214646042
102,0.051000000,510.000000000,13.005000000,0.221085000
103,0.051500000,515.000000000,13.261250000,0.227651458
104,0.052000000,520.000000000,13.520000000,0.234346667
105,0.052500000,525.000000000,13.781250000,0.241171875
106,0.053000000,530.000000000,14.045000000,0.248128333
107,0.053500000,535.000000000,14.311250000,0.255217292
108,0.054000000,540.000000000,14.580000000,0.262440000
109,0.054500000,545.000000000,14.851250000,0.269797708
110,0.055000000,550.000000000,15.125000000,0.277291667
111,0.055500000,555.000000000,15.401250000,0.284923125
112,0.056000000,560.000000000,15.680000000,0.292693333
113,0.056500000,565.000000000,15.961250000,0.300603542
114,0.057000000,570.000000000,16.245000000,0.308655000
115,0.057500000,575.000000000,16.531250000,0.316848958
116,0.058000000,580.000000000,16.820000000,0.325186667
117,0.058500000,585.000000000,17.111250000,0.333669375
118,0.059000000,590.000000000,17.405000000,0.342298333
119,0.059500000,595.000000000,17.701250000,0.351074792
120,0.060000000,600.000000000,18.000000000,0.360000000
121,0.060500000,605.000000000,18.301250000,0.369075208
122,0.061000000,610.000000000,18.605000000,0.378301667
123,0.061500000,615.000000000,18.911250000,0.387680625
124,0.062000000,620.000000000,19.220000000,0.397213333
125,0.062500000,625.000000000,19.531250000,0.406901042
126,0.063000000,630.000000000,19.845000000,0.416745000
127,0.063500000,635.000000000,20.161250000,0.426746458
128,0.064000000,640.000000000,20.480000000,0.436906667
129,0.064500000,645.000000000,20.801250000,0.447226875
130,0.065000000,650.000000000,21.125000000,0.457708333
131,0.065500000,655.000000000,21.451250000,0.468352292
132,0.066000000,660.000000000,21.780000000,0.479160000
133,0.066500000,665.000000000,22.111250000,0.490132708
134,0.067000000,670.000000000,22.445000000,0.501271667
135,0.067500000,675.000000000,22.781250000,0.512578125
136,0.068000000,680.000000000,23.120000000,0.524053333
137,0.068500000,685.000000000,23.461250000,0.535698542
138,0.069000000,690.000000000,23.805000000,0.547515000
139,0.069500000,695.000000000,24.151250000,0.559503958
140,0.070000000,700.000000000,24.500000000,0.571666667
141,0.070500000,705.000000000,24.851250000,0.584004375
142,0.071000000,710.000000000,25.205000000,0.596518333
143,0.071500000,715.000000000,25.561250000,0.609209792
144,0.072000000,720.000000000,25.920000000,0.622080000
145,0.072500000,725.000000000,26.281250000,0.635130208
146,0.073000000,730.000000000,26.645000000,0.648361667
147,0.073500000,735.000000000,27.011250000,0.661775625
148,0.074000000,740.000000000,27.380000000,0.675373333
149,0.074500000,745.000000000,27.751250000,0.689156042
150,0.075000000,750.000000000,28.125000000,0.703125000
151,0.075500000,755.000000000,28.501250000,0.717281458
152,0.076000000,760.000000000,28.880000000,0.731626667
153,0.076500000,765.000000000,29.261250000,0.746161875
154,0.077000000,770.000000000,29.645000000,0.760888333
155,0.077500000,775.000000000,30.031250000,0.775807292
156,0.078000000,780.000000000,30.420000000,0.790920000
157,0.078500000,785.000000000,30.811250000,0.806227708
158,0.079000000,790.000000000,31.205000000,0.821731667
159,0.079500000,795.000000000,31.601250000,0.837433125
160,0.080000000,800.000000000,32.000000000,0.853333333
161,0.080500000,805.000000000,32.401250000,0.869433542
162,0.081000000,810.000000000,32.805000000,0.885735000
163,0.081500000,815.000000000,33.211250000,0.902238958
164,0.082000000,820.000000000,33.620000000,0.918946667
165,0.082500000,825.000000000,34.031250000,0.935859375
166,0.083000000,830.000000000,34.445000000,0.952978333
167,0.083500000,835.000000000,34.861250000,0.970304792
168,0.084000000,840.000000000,35.280000000,0.987840000
169,0.084500000,845.000000000,35.701250000,1.005585208
170,0.085000000,850.000000000,36.125000000,1.023541667
171,0.085500000,855.000000000,36.551250000,1.041710625
172,0.086000000,860.000000000,36.980000000,1.060093333
173,0.086500000,865.000000000,37.411250000,1.078691042
174,0.087000000,870.000000000,37.845000000,1.097505000
175,0.087500000,875.000000000,38.281250000,1.116536458
176,0.088000000,880.000000000,38.720000000,1.135786667
177,0.088500000,885.000000000,39.161250000,1.155256875
178,0.089000000,890.000000000,39.605000000,1.174948333
179,0.089500000,895.000000000,40.051250000,1.194862292
180,0.090000000,900.000000000,40.500000000,1.215000000
181,0.090500000,905.000000000,40.951250000,1.235362708
182,0.091000000,910.000000000,41.405000000,1.255951667
183,0.091500000,915.000000000,41.861250000,1.276768125
184,0.092000000,920.000000000,42.320000000,1.297813333
185,0.092500000,925.000000000,42.781250000,1.319088542
186,0.093000000,930.000000000,43.245000000,1.340595000
187,0.093500000,935.000000000,43.711250000,1.362333958
188,0.094000000,940.000000000,44.180000000,1.384306667
189,0.094500000,945.000000000,44.651250000,1.406514375
190,0.095000000,950.000000000,45.125000000,1.428958333
191,0.095500000,955.000000000,45.601250000,1.451639792
192,0.096000000,960.000000000,46.080000000,1.474560000
193,0.096500000,965.000000000,46.561250000,1.497720208
194,0.097000000,970.000000000,47.045000000,1.521121667
195,0.097500000,975.000000000,47.531250000,1.544765625
196,0.098000000,980.000000000,48.020000000,1.568653333
197,0.098500000,985.000000000,48.511250000,1.592786042
198,0.099000000,990.000000000,49.005000000,1.617165000
199,0.099500000,995.000000000,49.501250000,1.641791458
200,0.100000000,1000.000000000,50.000000000,1.666666667
201,0.100500000,995.000000000,50.498750000,1.691791458
202,0.101000000,990.000000000,50.995000000,1.717165000
203,0.101500000,985.000000000,51.488750000,1.742786042
204,0.102000000,980.000000000,51.980000000,1.768653333
205,0.102500000,975.000000000,52.468750000,1.794765625
206,0.103000000,970.000000000,52.955000000,1.821121667
207,0.103500000,965.000000000,53.438750000,1.847720208
208,0.104000000,960.000000000,53.920000000,1.874560000
209,0.104500000,955.000000000,54.398750000,1.901639792
210,0.105000000,950.000000000,54.875000000,1.928958333
211,0.105500000,945.000000000,55.348750000,1.956514375
212,0.106000000,940.000000000,55.820000000,1.984306667
213,0.106500000,935.000000000,56.288750000,2.012333958
214,0.107000000,930.000000000,56.755000000,2.040595000
215,0.107500000,925.000000000,57.218750000,2.069088542
216,0.108000000,920.000000000,57.680000000,2.097813333
217,0.108500000,915.000000000,58.138750000,2.126768125
218,0.109000000,910.000000000,58.595000000,2.155951667
219,0.109500000,905.000000000,59.048750000,2.185362708
220,0.110000000,900.000000000,59.500000000,2.215000000
221,0.110500000,895.000000000,59.948750000,2.244862292
222,0.111000000,890.000000000,60.395000000,2.274948333
223,0.111500000,885.000000000,60.838750000,2.305256875
224,0.112000000,880.000000000,61.280000000,2.335786667
225,0.112500000,875.000000000,61.718750000,2.366536458
226,0.113000000,870.000000000,62.155000000,2.397505000
227,0.113500000,865.000000000,62.588750000,2.428691042
228,0.114000000,860.000000000,63.020000000,2.460093333
229,0.114500000,855.000000000,63.448750000,2.491710625
230,0.115000000,850.000000000,63.875000000,2.523541667
231,0.115500000,845.000000000,64.298750000,2.555585208
232,0.116000000,840.000000000,64.720000000,2.587840000
233,0.116500000,835.000000000,65.138750000,2.620304792
234,0.117000000,830.000000000,65.555000000,2.652978333
235,0.117500000,825.000000000,65.968750000,2.685859375
236,0.118000000,820.000000000,66.380000000,2.718946667
237,0.118500000,815.000000000,66.788750000,2.752238958
238,0.119000000,810.000000000,67.195000000,2.785735000
239,0.119500000,805.000000000,67.598750000,2.819433542
240,0.120000000,800.000000000,68.000000000,2.853333333
241,0.120500000,795.000000000,68.398750000,2.887433125
242,0.121000000,790.000000000,68.795000000,2.921731667
243,0.121500000,785.000000000,69.188750000,2.956227708
244,0.122000000,780.000000000,69.580000000,2.990920000
245,0.122500000,775.000000000,69.968750000,3.025807292
246,0.123000000,770.000000000,70.355000000,3.060888333
247,0.123500000,765.000000000,70.738750000,3.096161875
248,0.124000000,760.000000000,71.120000000,3.131626667
249,0.124500000,755.000000000,71.498750000,3.167281458
250,0.125000000,750.000000000,71.875000000,3.203125000
251,0.125500000,745.000000000,72.248750000,3.239156042
252,0.126000000,740.000000000,72.620000000,3.275373333
253,0.126500000,735.000000000,72.988750000,3.311775625
254,0.127000000,730.000000000,73.355000000,3.348361667
255,0.127500000,725.000000000,73.718750000,3.385130208
256,0.128000000,720.000000000,74.080000000,3.422080000
257,0.128500000,715.000000000,74.438750000,3.459209792
258,0.129000000,710.000000000,74.795000000,3.496518333
259,0.129500000,705.000000000,75.148750000,3.534004375
260,0.130000000,700.000000000,75.500000000,3.571666667
261,0.130500000,695.000000000,75.848750000,3.609503958
262,0.131000000,690.000000000,76.195000000,3.647515000
263,0.131500000,685.000000000,76.538750000,3.685698542
264,0.132000000,680.000000000,76.880000000,3.724053333
265,0.132500000,675.000000000,77.218750000,3.762578125
266,0.133000000,670.000000000,77.555000000,3.801271667
267,0.133500000,665.000000000,77.888750000,3.840132708
268,0.134000000,660.000000000,78.220000000,3.879160000
269,0.134500000,655.000000000,78.548750000,3.918352292
270,0.135000000,650.000000000,78.875000000,3.957708333
271,0.135500000,645.000000000,79.198750000,3.997226875
272,0.136000000,640.000000000,79.520000000,4.036906667
273,0.136500000,635.000000000,79.838750000,4.076746458
274,0.137000000,630.000000000,80.155000000,4.116745000
275,0.137500000,625.000000000,80.468750000,4.156901042
276,0.138000000,620.000000000,80.780000000,4.197213333
277,0.138500000,615.000000000,81.088750000,4.237680625
278,0.139000000,610.000000000,81.395000000,4.278301667
279,0.139500000,605.000000000,81.698750000,4.319075208
280,0.140000000,600.000000000,82.000000000,4.360000000
281,0.140500000,595.000000000,82.298750000,4.401074792
282,0.141000000,590.000000000,82.595000000,4.442298333
283,0.141500000,585.000000000,82.888750000,4.483669375
284,0.142000000,580.000000000,83.180000000,4.525186667
285,0.142500000,575.000000000,83.468750000,4.566848958
286,0.143000000,570.000000000,83.755000000,4.608655000
287,0.143500000,565.000000000,84.038750000,4.650603542
288,0.144000000,560.000000000,84.320000000,4.692693333
289,0.144500000,555.000000000,84.598750000,4.734923125
290,0.145000000,550.000000000,84.875000000,4.777291667
291,0.145500000,545.000000000,85.148750000,4.819797708
292,0.146000000,540.000000000,85.420000000,4.862440000
293,0.146500000,535.000000000,85.688750000,4.905217292
294,0.147000000,530.000000000,85.955000000,4.948128333
295,0.147500000,525.000000000,86.218750000,4.991171875
296,0.148000000,520.000000000,86.480000000,5.034346667
297,0.148500000,515.000000000,86.738750000,5.077651458
298,0.149000000,510.000000000,86.995000000,5.121085000
299,0.149500000,505.000000000,87.248750000,5.164646042
300,0.150000000,500.000000000,87.500000000,5.208333333
301,0.150500000,495.000000000,87.748750000,5.252145625
302,0.151000000,490.000000000,87.995000000,5.296081667
303,0.151500000,485.000000000,88.238750000,5.340140208
304,0.152000000,480.000000000,88.480000000,5.384320000
305,0.152500000,475.000000000,88.718750000,5.428619792
306,0.153000000,470.000000000,88.955000000,5.473038333
307,0.153500000,465.000000000,89.188750000,5.517574375
308,0.154000000,460.000000000,89.420000000,5.562226667
309,0.154500000,455.000000000,89.648750000,5.606993958
310,0.155000000,450.000000000,89.875000000,5.651875000
311,0.155500000,445.000000000,90.098750000,5.696868542
312,0.156000000,440.000000000,90.320000000,5.741973333
313,0.156500000,435.000000000,90.538750000,5.787188125
314,0.157000000,430.000000000,90.755000000,5.832511667
315,0.157500000,425.000000000,90.968750000,5.877942708
316,0.158000000,420.000000000,91.180000000,5.923480000
317,0.158500000,415.000000000,91.388750000,5.969122292
318,0.159000000,410.000000000,91.595000000,6.014868333
319,0.159500000,405.000000000,91.798750000,6.060716875
320,0.160000000,400.000000000,92.000000000,6.106666667
321,0.160500000,395.000000000,92.198750000,6.152716458
322,0.161000000,390.000000000,92.395000000,6.198865000
323,0.161500000,385.000000000,92.588750000,6.245111042
324,0.162000000,380.000000000,92.780000000,6.291453333
325,0.162500000,375.000000000,92.968750000,6.337890625
326,0.163000000,370.000000000,93.155000000,6.384421667
327,0.163500000,365.000000000,93.338750000,6.431045208
328,0.164000000,360.000000000,93.520000000,6.477760000
329,0.164500000,355.000000000,93.698750000,6.524564792
330,0.165000000,350.000000000,93.875000000,6.571458333
331,0.165500000,345.000000000,94.048750000,6.618439375
332,0.166000000,340.000000000,94.220000000,6.665506667
333,0.166500000,335.000000000,94.388750000,6.712658958
334,0.167000000,330.000000000,94.555000000,6.759895000
335,0.167500000,325.000000000,94.718750000,6.807213542
336,0.168000000,320.000000000,94.880000000,6.854613333
337,0.168500000,315.000000000,95.038750000,6.902093125
338,0.169000000,310.000000000,95.195000000,6.949651667
339,0.169500000,305.000000000,95.348750000,6.997287708
340,0.170000000,300.000000000,95.500000000,7.045000000
341,0.170500000,295.000000000,95.648750000,7.092787292
342,0.171000000,290.000000000,95.795000000,7.140648333
343,0.171500000,285.000000000,95.938750000,7.188581875
344,0.172000000,280.000000000,96.080000000,7.236586667
345,0.172500000,275.000000000,96.218750000,7.284661458
346,0.173000000,270.000000000,96.355000000,7.332805000
347,0.173500000,265.000000000,96.488750000,7.381016042
348,0.174000000,260.000000000,96.620000000,7.429293333
349,0.174500000,255.000000000,96.748750000,7.477635625
350,0.175000000,250.000000000,96.875000000,7.526041667
351,0.175500000,245.000000000,96.998750000,7.574510208
352,0.176000000,240.000000000,97.120000000,7.623040000
353,0.176500000,235.000000000,97.238750000,7.671629792
354,0.177000000,230.000000000,97.355000000,7.720278333
355,0.177500000,225.000000000,97.468750000,7.768984375
356,0.178000000,220.000000000,97.580000000,7.817746667
357,0.178500000,215.000000000,97.688750000,7.866563958
358,0.179000000,210.000000000,97.795000000,7.915435000
359,0.179500000,205.000000000,97.898750000,7.964358542
360,0.180000000,200.000000000,98.000000000,8.013333333
361,0.180500000,195.000000000,98.098750000,8.062358125
362,0.181000000,190.000000000,98.195000000,8.111431667
363,0.181500000,185.000000000,98.288750000,8.160552708
364,0.182000000,180.000000000,98.380000000,8.209720000
365,0.182500000,175.000000000,98.468750000,8.258932292
366,0.183000000,170.000000000,98.555000000,8.308188333
367,0.183500000,165.000000000,98.638750000,8.357486875
368,0.184000000,160.000000000,98.720000000,8.406826667
369,0.184500000,155.000000000,98.798750000,8.456206458
370,0.185000000,150.000000000,98.875000000,8.505625000
371,0.185500000,145.000000000,98.948750000,8.555081042
372,0.186000000,140.000000000,99.020000000,8.604573333
373,0.186500000,135.000000000,99.088750000,8.654100625
374,0.187000000,130.000000000,99.155000000,8.703661667
375,0.187500000,125.000000000,99.218750000,8.753255208
376,0.188000000,120.000000000,99.280000000,8.802880000
377,0.188500000,115.000000000,99.338750000,8.852534792
378,0.189000000,110.000000000,99.395000000,8.902218333
379,0.189500000,105.000000000,99.448750000,8.951929375
380,0.190000000,100.000000000,99.500000000,9.001666667
381,0.190500000,95.000000000,99.548750000,9.051428958
382,0.191000000,90.000000000,99.595000000,9.101215000
383,0.191500000,85.000000000,99.638750000,9.151023542
384,0.192000000,80.000000000,99.680000000,9.200853333
385,0.192500000,75.000000000,99.718750000,9.250703125
386,0.193000000,70.000000000,99.755000000,9.300571667
387,0.193500000,65.000000000,99.788750000,9.350457708
388,0.194000000,60.000000000,99.820000000,9.400360000
389,0.194500000,55.000000000,99.848750000,9.450277292
390,0.195000000,50.000000000,99.875000000,9.500208333
391,0.195500000,45.000000000,99.898750000,9.550151875
392,0.196000000,40.000000000,99.920000000,9.600106667
393,0.196500000,35.000000000,99.938750000,9.650071458
394,0.197000000,30.000000000,99.955000000,9.700045000
395,0.197500000,25.000000000,99.968750000,9.750026042
396,0.198000000,20.000000000,99.980000000,9.800013333
397,0.198500000,15.000000000,99.988750000,9.850005625
398,0.199000000,10.000000000,99.995000000,9.900001667
399,0.199500000,5.000000000,99.998750000,9.950000208
400,0.200000000,0.000000000,100.000000000,10.000000000
401,0.200500000,0.000000000,100.000000000,10.050000000
402,0.201000000,0.000000000,100.000000000,10.100000000
403,0.201500000,0.000000000,100.000000000,10.150000000
404,0.202000000,0.000000000,100.000000000,10.200000000
405,0.202500000,0.000000000,100.000000000,10.250000000
406,0.203000000,0.000000000,100.000000000,10.300000000
407,0.203500000,0.000000000,100.000000000,10.350000000
408,0.204000000,0.000000000,100.000000000,10.400000000
409,0.204500000,0.000000000,100.000000000,10.450000000
410,0.205000000,0.000000000,100.000000000,10.500000000
411,0.205500000,0.000000000,100.000000000,10.550000000
412,0.206000000,0.000000000,100.000000000,10.600000000
413,0.206500000,0.000000000,100.000000000,10.650000000
414,0.207000000,0.000000000,100.000000000,10.700000000
415,0.207500000,0.000000000,100.000000000,10.750000000
416,0.208000000,0.000000000,100.000000000,10.800000000
417,0.208500000,0.000000000,100.000000000,10.850000000
418,0.209000000,0.000000000,100.000000000,10.900000000
419,0.209500000,0.000000000,100.000000000,10.950000000
420,0.210000000,0.000000000,100.000000000,11.000000000
421,0.210500000,0.000000000,100.000000000,11.050000000
422,0.211000000,0.000000000,100.000000000,11.100000000
423,0.211500000,0.000000000,100.000000000,11.150000000
424,0.212000000,0.000000000,100.000000000,11.200000000
425,0.212500000,0.000000000,100.000000000,11.250000000
426,0.213000000,0.000000000,100.000000000,11.300000000
427,0.213500000,0.000000000,100.000000000,11.350000000
428,0.214000000,0.000000000,100.000000000,11.400000000
429,0.214500000,0.000000000,100.000000000,11.450000000
430,0.215000000,0.000000000,100.000000000,11.500000000
431,0.215500000,0.000000000,100.000000000,11.550000000
432,0.216000000,0.000000000,100.000000000,11.600000000
433,0.216500000,0.000000000,100.000000000,11.650000000
434,0.217000000,0.000000000,100.000000000,11.700000000
435,0.217500000,0.000000000,100.000000000,11.750000000
436,0.218000000,0.000000000,100.000000000,11.800000000
437,0.218500000,0.000000000,100.000000000,11.850000000
438,0.219000000,0.000000000,100.000000000,11.900000000
439,0.219500000,0.000000000,100.000000000,11.950000000
440,0.220000000,0.000000000,100.000000000,12.000000000
441,0.220500000,0.000000000,100.000000000,12.050000000
442,0.221000000,0.000000000,100.000000000,12.100000000
443,0.221500000,0.000000000,100.000000000,12.150000000
444,0.222000000,0.000000000,100.000000000,12.200000000
445,0.222500000,0.000000000,100.000000000,12.250000000
446,0.223000000,0.000000000,100.000000000,12.300000000
447,0.223500000,0.000000000,100.000000000,12.350000000
448,0.224000000,0.000000000,100.000000000,12.400000000
449,0.224500000,0.000000000,100.000000000,12.450000000
450,0.225000000,0.000000000,100.000000000,12.500000000
451,0.225500000,0.000000000,100.000000000,12.550000000
452,0.226000000,0.000000000,100.000000000,12.600000000
453,0.226500000,0.000000000,100.000000000,12.650000000
454,0.227000000,0.000000000,100.000000000,12.700000000
455,0.227500000,0.000000000,100.000000000,12.750000000
456,0.228000000,0.000000000,100.000000000,12.800000000
457,0.228500000,0.000000000,100.000000000,12.850000000
458,0.229000000,0.000000000,100.000000000,12.900000000
459,0.229500000,0.000000000,100.000000000,12.950000000
460,0.230000000,0.000000000,100.000000000,13.000000000
461,0.230500000,0.000000000,100.000000000,13.050000000
462,0.231000000,0.000000000,100.000000000,13.100000000
463,0.231500000,0.000000000,100.000000000,13.150000000
464,0.232000000,0.000000000,100.000000000,13.200000000
465,0.232500000,0.000000000,100.000000000,13.250000000
466,0.233000000,0.000000000,100.000000000,13.300000000
467,0.233500000,0.000000000,100.000000000,13.350000000
468,0.234000000,0.000000000,100.000000000,13.400000000
469,0.234500000,0.000000000,100.000000000,13.450000000
470,0.235000000,0.000000000,100.000000000,13.500000000
471,0.235500000,0.000000000,100.000000000,13.550000000
472,0.236000000,0.000000000,100.000000000,13.600000000
473,0.236500000,0.000000000,100.000000000,13.650000000
474,0.237000000,0.000000000,100.000000000,13.700000000
475,0.237500000,0.000000000,100.000000000,13.750000000
476,0.238000000,0.000000000,100.000000000,13.800000000
477,0.238500000,0.000000000,100.000000000,13.850000000
478,0.239000000,0.000000000,100.000000000,13.900000000
479,0.239500000,0.000000000,100.000000000,13.950000000
480,0.240000000,0.000000000,100.000000000,14.000000000
481,0.240500000,0.000000000,100.000000000,14.050000000
482,0.241000000,0.000000000,100.000000000,14.100000000
483,0.241500000,0.000000000,100.000000000,14.150000000
484,0.242000000,0.000000000,100.000000000,14.200000000
485,0.242500000,0.000000000,100.000000000,14.250000000
486,0.243000000,0.000000000,100.000000000,14.300000000
487,0.243500000,0.000000000,100.000000000,14.350000000
488,0.244000000,0.000000000,100.000000000,14.400000000
489,0.244500000,0.000000000,100.000000000,14.450000000
490,0.245000000,0.000000000,100.000000000,14.500000000
491,0.245500000,0.000000000,100.000000000,14.550000000
492,0.246000000,0.000000000,100.000000000,14.600000000
493,0.246500000,0.000000000,100.000000000,14.650000000
494,0.247000000,0.000000000,100.000000000,14.700000000
495,0.247500000,0.000000000,100.000000000,14.750000000
496,0.248000000,0.000000000,100.000000000,14.800000000
497,0.248500000,0.000000000,100.000000000,14.850000000
498,0.249000000,0.000000000,100.000000000,14.900000000
499,0.249500000,0.000000000,100.000000000,14.950000000
500,0.250000000,0.000000000,100.000000000,15.000000000
501,0.250500000,0.000000000,100.000000000,15.050000000
502,0.251000000,0.000000000,100.000000000,15.100000000
503,0.251500000,0.000000000,100.000000000,15.150000000
504,0.252000000,0.000000000,100.000000000,15.200000000
505,0.252500000,0.000000000,100.000000000,15.250000000
506,0.253000000,0.000000000,100.000000000,15.300000000
507,0.253500000,0.000000000,100.000000000,15.350000000
508,0.254000000,0.000000000,100.000000000,15.400000000
509,0.254500000,0.000000000,100.000000000,15.450000000
510,0.255000000,0.000000000,100.000000000,15.500000000
511,0.255500000,0.000000000,100.000000000,15.550000000
512,0.256000000,0.000000000,100.000000000,15.600000000
513,0.256500000,0.000000000,100.000000000,15.650000000
514,0.257000000,0.000000000,100.000000000,15.700000000
515,0.257500000,0.000000000,100.000000000,15.750000000
516,0.258000000,0.000000000,100.000000000,15.800000000
517,0.258500000,0.000000000,100.000000000,15.850000000
518,0.259000000,0.000000000,100.000000000,15.900000000
519,0.259500000,0.000000000,100.000000000,15.950000000
520,0.260000000,0.000000000,100.000000000,16.000000000
521,0.260500000,0.000000000,100.000000000,16.050000000
522,0.261000000,0.000000000,100.000000000,16.100000000
523,0.261500000,0.000000000,100.000000000,16.150000000
524,0.262000000,0.000000000,100.000000000,16.200000000
525,0.262500000,0.000000000,100.000000000,16.250000000
526,0.263000000,0.000000000,100.000000000,16.300000000
527,0.263500000,0.000000000,100.000000000,16.350000000
528,0.264000000,0.000000000,100.000000000,16.400000000
529,0.264500000,0.000000000,100.000000000,16.450000000
530,0.265000000,0.000000000,100.000000000,16.500000000
531,0.265500000,0.000000000,100.000000000,16.550000000
532,0.266000000,0.000000000,100.000000000,16.600000000
533,0.266500000,0.000000000,100.000000000,16.650000000
534,0.267000000,0.000000000,100.000000000,16.700000000
535,0.267500000,0.000000000,100.000000000,16.750000000
536,0.268000000,0.000000000,100.000000000,16.800000000
537,0.268500000,0.000000000,100.000000000,16.850000000
538,0.269000000,0.000000000,100.000000000,16.900000000
539,0.269500000,0.000000000,100.000000000,16.950000000
540,0.270000000,0.000000000,100.000000000,17.000000000
541,0.270500000,0.000000000,100.000000000,17.050000000
542,0.271000000,0.000000000,100.000000000,17.100000000
543,0.271500000,0.000000000,100.000000000,17.150000000
544,0.272000000,0.000000000,100.000000000,17.200000000
545,0.272500000,0.000000000,100.000000000,17.250000000
546,0.273000000,0.000000000,100.000000000,17.300000000
547,0.273500000,0.000000000,100.000000000,17.350000000
548,0.274000000,0.000000000,100.000000000,17.400000000
549,0.274500000,0.000000000,100.000000000,17.450000000
550,0.275000000,0.000000000,100.000000000,17.500000000
551,0.275500000,0.000000000,100.000000000,17.550000000
552,0.276000000,0.000000000,100.000000000,17.600000000
553,0.276500000,0.000000000,100.000000000,17.650000000
554,0.277000000,0.000000000,100.000000000,17.700000000
555,0.277500000,0.000000000,100.000000000,17.750000000
556,0.278000000,0.000000000,100.000000000,17.800000000
557,0.278500000,0.000000000,100.000000000,17.850000000
558,0.279000000,0.000000000,100.000000000,17.900000000
559,0.279500000,0.000000000,100.000000000,17.950000000
560,0.280000000,0.000000000,100.000000000,18.000000000
561,0.280500000,0.000000000,100.000000000,18.050000000
562,0.281000000,0.000000000,100.000000000,18.100000000
563,0.281500000,0.000000000,100.000000000,18.150000000
564,0.282000000,0.000000000,100.000000000,18.200000000
565,0.282500000,0.000000000,100.000000000,18.250000000
566,0.283000000,0.000000000,100.000000000,18.300000000
567,0.283500000,0.000000000,100.000000000,18.350000000
568,0.284000000,0.000000000,100.000000000,18.400000000
569,0.284500000,0.000000000,100.000000000,18.450000000
570,0.285000000,0.000000000,100.000000000,18.500000000
571,0.285500000,0.000000000,100.000000000,18.550000000
572,0.286000000,0.000000000,100.000000000,18.600000000
573,0.286500000,0.000000000,100.000000000,18.650000000
574,0.287000000,0.000000000,100.000000000,18.700000000
575,0.287500000,0.000000000,100.000000000,18.750000000
576,0.288000000,0.000000000,100.000000000,18.800000000
577,0.288500000,0.000000000,100.000000000,18.850000000
578,0.289000000,0.000000000,100.000000000,18.900000000
579,0.289500000,0.000000000,100.000000000,18.950000000
580,0.290000000,0.000000000,100.000000000,19.000000000
581,0.290500000,0.000000000,100.000000000,19.050000000
582,0.291000000,0.000000000,100.000000000,19.100000000
583,0.291500000,0.000000000,100.000000000,19.150000000
584,0.292000000,0.000000000,100.000000000,19.200000000
585,0.292500000,0.000000000,100.000000000,19.250000000
586,0.293000000,0.000000000,100.000000000,19.300000000
587,0.293500000,0.000000000,100.000000000,19.350000000
588,0.294000000,0.000000000,100.000000000,19.400000000
589,0.294500000,0.000000000,100.000000000,19.450000000
590,0.295000000,0.000000000,100.000000000,19.500000000
591,0.295500000,0.000000000,100.000000000,19.550000000
592,0.296000000,0.000000000,100.000000000,19.600000000
593,0.296500000,0.000000000,100.000000000,19.650000000
594,0.297000000,0.000000000,100.000000000,19.700000000
595,0.297500000,0.000000000,100.000000000,19.750000000
596,0.298000000,0.000000000,100.000000000,19.800000000
597,0.298500000,0.000000000,100.000000000,19.850000000
598,0.299000000,0.000000000,100.000000000,19.900000000
599,0.299500000,0.000000000,100.000000000,19.950000000
600,0.300000000,0.000000000,100.000000000,20.000000000
601,0.300500000,0.000000000,100.000000000,20.050000000
602,0.301000000,0.000000000,100.000000000,20.100000000
603,0.301500000,0.000000000,100.000000000,20.150000000
604,0.302000000,0.000000000,100.000000000,20.200000000
605,0.302500000,0.000000000,100.000000000,20.250000000
606,0.303000000,0.000000000,100.000000000,20.300000000
607,0.303500000,0.000000000,100.000000000,20.350000000
608,0.304000000,0.000000000,100.000000000,20.400000000
609,0.304500000,0.000000000,100.000000000,20.450000000
610,0.305000000,0.000000000,100.000000000,20.500000000
611,0.305500000,0.000000000,100.000000000,20.550000000
612,0.306000000,0.000000000,100.000000000,20.600000000
613,0.306500000,0.000000000,100.000000000,20.650000000
614,0.307000000,0.000000000,100.000000000,20.700000000
615,0.307500000,0.000000000,100.000000000,20.750000000
616,0.308000000,0.000000000,100.000000000,20.800000000
617,0.308500000,0.000000000,100.000000000,20.850000000
618,0.309000000,0.000000000,100.000000000,20.900000000
619,0.309500000,0.000000000,100.000000000,20.950000000
620,0.310000000,0.000000000,100.000000000,21.000000000
621,0.310500000,0.000000000,100.000000000,21.050000000
622,0.311000000,0.000000000,100.000000000,21.100000000
623,0.311500000,0.000000000,100.000000000,21.150000000
624,0.312000000,0.000000000,100.000000000,21.200000000
625,0.312500000,0.000000000,100.000000000,21.250000000
626,0.313000000,0.000000000,100.000000000,21.300000000
627,0.313500000,0.000000000,100.000000000,21.350000000
628,0.314000000,0.000000000,100.000000000,21.400000000
629,0.314500000,0.000000000,100.000000000,21.450000000
630,0.315000000,0.000000000,100.000000000,21.500000000
631,0.315500000,0.000000000,100.000000000,21.550000000
632,0.316000000,0.000000000,100.000000000,21.600000000
633,0.316500000,0.000000000,100.000000000,21.650000000
634,0.317000000,0.000000000,100.000000000,21.700000000
635,0.317500000,0.000000000,100.000000000,21.750000000
636,0.318000000,0.000000000,100.000000000,21.800000000
637,0.318500000,0.000000000,100.000000000,21.850000000
638,0.319000000,0.000000000,100.000000000,21.900000000
639,0.319500000,0.000000000,100.000000000,21.950000000
640,0.320000000,0.000000000,100.000000000,22.000000000
641,0.320500000,0.000000000,100.000000000,22.050000000
642,0.321000000,0.000000000,100.000000000,22.100000000
643,0.321500000,0.000000000,100.000000000,22.150000000
644,0.322000000,0.000000000,100.000000000,22.200000000
645,0.322500000,0.000000000,100.000000000,22.250000000
646,0.323000000,0.000000000,100.000000000,22.300000000
647,0.323500000,0.000000000,100.000000000,22.350000000
648,0.324000000,0.000000000,100.000000000,22.400000000
649,0.324500000,0.000000000,100.000000000,22.450000000
650,0.325000000,0.000000000,100.000000000,22.500000000
651,0.325500000,0.000000000,100.000000000,22.550000000
652,0.326000000,0.000000000,100.000000000,22.600000000
653,0.326500000,0.000000000,100.000000000,22.650000000
654,0.327000000,0.000000000,100.000000000,22.700000000
655,0.327500000,0.000000000,100.000000000,22.750000000
656,0.328000000,0.000000000,100.000000000,22.800000000
657,0.328500000,0.000000000,100.000000000,22.850000000
658,0.329000000,0.000000000,100.000000000,22.900000000
659,0.329500000,0.000000000,100.000000000,22.950000000
660,0.330000000,0.000000000,100.000000000,23.000000000
661,0.330500000,0.000000000,100.000000000,23.050000000
662,0.331000000,0.000000000,100.000000000,23.100000000
663,0.331500000,0.000000000,100.000000000,23.150000000
664,0.332000000,0.000000000,100.000000000,23.200000000
665,0.332500000,0.000000000,100.000000000,23.250000000
666,0.333000000,0.000000000,100.000000000,23.300000000
667,0.333500000,0.000000000,100.000000000,23.350000000
668,0.334000000,0.000000000,100.000000000,23.400000000
669,0.334500000,0.000000000,100.000000000,23.450000000
670,0.335000000,0.000000000,100.000000000,23.500000000
671,0.335500000,0.000000000,100.000000000,23.550000000
672,0.336000000,0.000000000,100.000000000,23.600000000
673,0.336500000,0.000000000,100.000000000,23.650000000
674,0.337000000,0.000000000,100.000000000,23.700000000
675,0.337500000,0.000000000,100.000000000,23.750000000
676,0.338000000,0.000000000,100.000000000,23.800000000
677,0.338500000,0.000000000,100.000000000,23.850000000
678,0.339000000,0.000000000,100.000000000,23.900000000
679,0.339500000,0.000000000,100.000000000,23.950000000
680,0.340000000,0.000000000,100.000000000,24.000000000
681,0.340500000,0.000000000,100.000000000,24.050000000
682,0.341000000,0.000000000,100.000000000,24.100000000
683,0.341500000,0.000000000,100.000000000,24.150000000
684,0.342000000,0.000000000,100.000000000,24.200000000
685,0.342500000,0.000000000,100.000000000,24.250000000
686,0.343000000,0.000000000,100.000000000,24.300000000
687,0.343500000,0.000000000,100.000000000,24.350000000
688,0.344000000,0.000000000,100.000000000,24.400000000
689,0.344500000,0.000000000,100.000000000,24.450000000
690,0.345000000,0.000000000,100.000000000,24.500000000
691,0.345500000,0.000000000,100.000000000,24.550000000
692,0.346000000,0.000000000,100.000000000,24.600000000
693,0.346500000,0.000000000,100.000000000,24.650000000
694,0.347000000,0.000000000,100.000000000,24.700000000
695,0.347500000,0.000000000,100.000000000,24.750000000
696,0.348000000,0.000000000,100.000000000,24.800000000
697,0.348500000,0.000000000,100.000000000,24.850000000
698,0.349000000,0.000000000,100.000000000,24.900000000
699,0.349500000,0.000000000,100.000000000,24.950000000
700,0.350000000,0.000000000,100.000000000,25.000000000
701,0.350500000,0.000000000,100.000000000,25.050000000
702,0.351000000,0.000000000,100.000000000,25.100000000
703,0.351500000,0.000000000,100.000000000,25.150000000
704,0.352000000,0.000000000,100.000000000,25.200000000
705,0.352500000,0.000000000,100.000000000,25.250000000
706,0.353000000,0.000000000,100.000000000,25.300000000
707,0.353500000,0.000000000,100.000000000,25.350000000
708,0.354000000,0.000000000,100.000000000,25.400000000
709,0.354500000,0.000000000,100.000000000,25.450000000
710,0.355000000,0.000000000,100.000000000,25.500000000
711,0.355500000,0.000000000,100.000000000,25.550000000
712,0.356000000,0.000000000,100.000000000,25.600000000
713,0.356500000,0.000000000,100.000000000,25.650000000
714,0.357000000,0.000000000,100.000000000,25.700000000
715,0.357500000,0.000000000,100.000000000,25.750000000
716,0.358000000,0.000000000,100.000000000,25.800000000
717,0.358500000,0.000000000,100.000000000,25.850000000
718,0.359000000,0.000000000,100.000000000,25.900000000
719,0.359500000,0.000000000,100.000000000,25.950000000
720,0.360000000,0.000000000,100.000000000,26.000000000
721,0.360500000,0.000000000,100.000000000,26.050000000
722,0.361000000,0.000000000,100.000000000,26.100000000
723,0.361500000,0.000000000,100.000000000,26.150000000
724,0.362000000,0.000000000,100.000000000,26.200000000
725,0.362500000,0.000000000,100.000000000,26.250000000
726,0.363000000,0.000000000,100.000000000,26.300000000
727,0.363500000,0.000000000,100.000000000,26.350000000
728,0.364000000,0.000000000,100.000000000,26.400000000
729,0.364500000,0.000000000,100.000000000,26.450000000
730,0.365000000,0.000000000,100.000000000,26.500000000
731,0.365500000,0.000000000,100.000000000,26.550000000
732,0.366000000,0.000000000,100.000000000,26.600000000
733,0.366500000,0.000000000,100.000000000,26.650000000
734,0.367000000,0.000000000,100.000000000,26.700000000
735,0.367500000,0.000000000,100.000000000,26.750000000
736,0.368000000,0.000000000,100.000000000,26.800000000
737,0.368500000,0.000000000,100.000000000,26.850000000
738,0.369000000,0.000000000,100.000000000,26.900000000
739,0.369500000,0.000000000,100.000000000,26.950000000
740,0.370000000,0.000000000,100.000000000,27.000000000
741,0.370500000,0.000000000,100.000000000,27.050000000
742,0.371000000,0.000000000,100.000000000,27.100000000
743,0.371500000,0.000000000,100.000000000,27.150000000
744,0.372000000,0.000000000,100.000000000,27.200000000
745,0.372500000,0.000000000,100.000000000,27.250000000
746,0.373000000,0.000000000,100.000000000,27.300000000
747,0.373500000,0.000000000,100.000000000,27.350000000
748,0.374000000,0.000000000,100.000000000,27.400000000
749,0.374500000,0.000000000,100.000000000,27.450000000
750,0.375000000,0.000000000,100.000000000,27.500000000
751,0.375500000,0.000000000,100.000000000,27.550000000
752,0.376000000,0.000000000,100.000000000,27.600000000
753,0.376500000,0.000000000,100.000000000,27.650000000
754,0.377000000,0.000000000,100.000000000,27.700000000
755,0.377500000,0.000000000,100.000000000,27.750000000
756,0.378000000,0.000000000,100.000000000,27.800000000
757,0.378500000,0.000000000,100.000000000,27.850000000
758,0.379000000,0.000000000,100.000000000,27.900000000
759,0.379500000,0.000000000,100.000000000,27.950000000
760,0.380000000,0.000000000,100.000000000,28.000000000
761,0.380500000,0.000000000,100.000000000,28.050000000
762,0.381000000,0.000000000,100.000000000,28.100000000
763,0.381500000,0.000000000,100.000000000,28.150000000
764,0.382000000,0.000000000,100.000000000,28.200000000
765,0.382500000,0.000000000,100.000000000,28.250000000
766,0.383000000,0.000000000,100.000000000,28.300000000
767,0.383500000,0.000000000,100.000000000,28.350000000
768,0.384000000,0.000000000,100.000000000,28.400000000
769,0.384500000,0.000000000,100.000000000,28.450000000
770,0.385000000,0.000000000,100.000000000,28.500000000
771,0.385500000,0.000000000,100.000000000,28.550000000
772,0.386000000,0.000000000,100.000000000,28.600000000
773,0.386500000,0.000000000,100.000000000,28.650000000
774,0.387000000,0.000000000,100.000000000,28.700000000
775,0.387500000,0.000000000,100.000000000,28.750000000
776,0.388000000,0.000000000,100.000000000,28.800000000
777,0.388500000,0.000000000,100.000000000,28.850000000
778,0.389000000,0.000000000,100.000000000,28.900000000
779,0.389500000,0.000000000,100.000000000,28.950000000
780,0.390000000,0.000000000,100.000000000,29.000000000
781,0.390500000,0.000000000,100.000000000,29.050000000
782,0.391000000,0.000000000,100.000000000,29.100000000
783,0.391500000,0.000000000,100.000000000,29.150000000
784,0.392000000,0.000000000,100.000000000,29.200000000
785,0.392500000,0.000000000,100.000000000,29.250000000
786,0.393000000,0.000000000,100.000000000,29.300000000
787,0.393500000,0.000000000,100.000000000,29.350000000
788,0.394000000,0.000000000,100.000000000,29.400000000
789,0.394500000,0.000000000,100.000000000,29.450000000
790,0.395000000,0.000000000,100.000000000,29.500000000
791,0.395500000,0.000000000,100.000000000,29.550000000
792,0.396000000,0.000000000,100.000000000,29.600000000
793,0.396500000,0.000000000,100.000000000,29.650000000
794,0.397000000,0.000000000,100.000000000,29.700000000
795,0.397500000,0.000000000,100.000000000,29.750000000
796,0.398000000,0.000000000,100.000000000,29.800000000
797,0.398500000,0.000000000,100.000000000,29.850000000
798,0.399000000,0.000000000,100.000000000,29.900000000
799,0.399500000,0.000000000,100.000000000,29.950000000
800,0.400000000,0.000000000,100.000000000,30.000000000
801,0.400500000,0.000000000,100.000000000,30.050000000
802,0.401000000,0.000000000,100.000000000,30.100000000
803,0.401500000,0.000000000,100.000000000,30.150000000
804,0.402000000,0.000000000,100.000000000,30.200000000
805,0.402500000,0.000000000,100.000000000,30.250000000
806,0.403000000,0.000000000,100.000000000,30.300000000
807,0.403500000,0.000000000,100.000000000,30.350000000
808,0.404000000,0.000000000,100.000000000,30.400000000
809,0.404500000,0.000000000,100.000000000,30.450000000
810,0.405000000,0.000000000,100.000000000,30.500000000
811,0.405500000,0.000000000,100.000000000,30.550000000
812,0.406000000,0.000000000,100.000000000,30.600000000
813,0.406500000,0.000000000,100.000000000,30.650000000
814,0.407000000,0.000000000,100.000000000,30.700000000
815,0.407500000,0.000000000,100.000000000,30.750000000
816,0.408000000,0.000000000,100.000000000,30.800000000
817,0.408500000,0.000000000,100.000000000,30.850000000
818,0.409000000,0.000000000,100.000000000,30.900000000
819,0.409500000,0.000000000,100.000000000,30.950000000
820,0.410000000,0.000000000,100.000000000,31.000000000
821,0.410500000,0.000000000,100.000000000,31.050000000
822,0.411000000,0.000000000,100.000000000,31.100000000
823,0.411500000,0.000000000,100.000000000,31.150000000
824,0.412000000,0.000000000,100.000000000,31.200000000
825,0.412500000,0.000000000,100.000000000,31.250000000
826,0.413000000,0.000000000,100.000000000,31.300000000
827,0.413500000,0.000000000,100.000000000,31.350000000
828,0.414000000,0.000000000,100.000000000,31.400000000
829,0.414500000,0.000000000,100.000000000,31.450000000
830,0.415000000,0.000000000,100.000000000,31.500000000
831,0.415500000,0.000000000,100.000000000,31.550000000
832,0.416000000,0.000000000,100.000000000,31.600000000
833,0.416500000,0.000000000,100.000000000,31.650000000
834,0.417000000,0.000000000,100.000000000,31.700000000
835,0.417500000,0.000000000,100.000000000,31.750000000
836,0.418000000,0.000000000,100.000000000,31.800000000
837,0.418500000,0.000000000,100.000000000,31.850000000
838,0.419000000,0.000000000,100.000000000,31.900000000
839,0.419500000,0.000000000,100.000000000,31.950000000
840,0.420000000,0.000000000,100.000000000,32.000000000
841,0.420500000,0.000000000,100.000000000,32.050000000
842,0.421000000,0.000000000,100.000000000,32.100000000
843,0.421500000,0.000000000,100.000000000,32.150000000
844,0.422000000,0.000000000,100.000000000,32.200000000
845,0.422500000,0.000000000,100.000000000,32.250000000
846,0.423000000,0.000000000,100.000000000,32.300000000
847,0.423500000,0.000000000,100.000000000,32.350000000
848,0.424000000,0.000000000,100.000000000,32.400000000
849,0.424500000,0.000000000,100.000000000,32.450000000
850,0.425000000,0.000000000,100.000000000,32.500000000
851,0.425500000,0.000000000,100.000000000,32.550000000
852,0.426000000,0.000000000,100.000000000,32.600000000
853,0.426500000,0.000000000,100.000000000,32.650000000
854,0.427000000,0.000000000,100.000000000,32.700000000
855,0.427500000,0.000000000,100.000000000,32.750000000
856,0.428000000,0.000000000,100.000000000,32.800000000
857,0.428500000,0.000000000,100.000000000,32.850000000
858,0.429000000,0.000000000,100.000000000,32.900000000
859,0.429500000,0.000000000,100.000000000,32.950000000
860,0.430000000,0.000000000,100.000000000,33.000000000
861,0.430500000,0.000000000,100.000000000,33.050000000
862,0.431000000,0.000000000,100.000000000,33.100000000
863,0.431500000,0.000000000,100.000000000,33.150000000
864,0.432000000,0.000000000,100.000000000,33.200000000
865,0.432500000,0.000000000,100.000000000,33.250000000
866,0.433000000,0.000000000,100.000000000,33.300000000
867,0.433500000,0.000000000,100.000000000,33.350000000
868,0.434000000,0.000000000,100.000000000,33.400000000
869,0.434500000,0.000000000,100.000000000,33.450000000
870,0.435000000,0.000000000,100.000000000,33.500000000
871,0.435500000,0.000000000,100.000000000,33.550000000
872,0.436000000,0.000000000,100.000000000,33.600000000
873,0.436500000,0.000000000,100.000000000,33.650000000
874,0.437000000,0.000000000,100.000000000,33.700000000
875,0.437500000,0.000000000,100.000000000,33.750000000
876,0.438000000,0.000000000,100.000000000,33.800000000
877,0.438500000,0.000000000,100.000000000,33.850000000
878,0.439000000,0.000000000,100.000000000,33.900000000
879,0.439500000,0.000000000,100.000000000,33.950000000
880,0.440000000,0.000000000,100.000000000,34.000000000
881,0.440500000,0.000000000,100.000000000,34.050000000
882,0.441000000,0.000000000,100.000000000,34.100000000
883,0.441500000,0.000000000,100.000000000,34.150000000
884,0.442000000,0.000000000,100.000000000,34.200000000
885,0.442500000,0.000000000,100.000000000,34.250000000
886,0.443000000,0.000000000,100.000000000,34.300000000
887,0.443500000,0.000000000,100.000000000,34.350000000
888,0.444000000,0.000000000,100.000000000,34.400000000
889,0.444500000,0.000000000,100.000000000,34.450000000
890,0.445000000,0.000000000,100.000000000,34.500000000
891,0.445500000,0.000000000,100.000000000,34.550000000
892,0.446000000,0.000000000,100.000000000,34.600000000
893,0.446500000,0.000000000,100.000000000,34.650000000
894,0.447000000,0.000000000,100.000000000,34.700000000
895,0.447500000,0.000000000,100.000000000,34.750000000
896,0.448000000,0.000000000,100.000000000,34.800000000
897,0.448500000,0.000000000,100.000000000,34.850000000
898,0.449000000,0.000000000,100.000000000,34.900000000
899,0.449500000,0.000000000,100.000000000,34.950000000
900,0.450000000,0.000000000,100.000000000,35.000000000
901,0.450500000,0.000000000,100.000000000,35.050000000
902,0.451000000,0.000000000,100.000000000,35.100000000
903,0.451500000,0.000000000,100.000000000,35.150000000
904,0.452000000,0.000000000,100.000000000,35.200000000
905,0.452500000,0.000000000,100.000000000,35.250000000
906,0.453000000,0.000000000,100.000000000,35.300000000
907,0.453500000,0.000000000,100.000000000,35.350000000
908,0.454000000,0.000000000,100.000000000,35.400000000
909,0.454500000,0.000000000,100.000000000,35.450000000
910,0.455000000,0.000000000,100.000000000,35.500000000
911,0.455500000,0.000000000,100.000000000,35.550000000
912,0.456000000,0.000000000,100.000000000,35.600000000
913,0.456500000,0.000000000,100.000000000,35.650000000
914,0.457000000,0.000000000,100.000000000,35.700000000
915,0.457500000,0.000000000,100.000000000,35.750000000
916,0.458000000,0.000000000,100.000000000,35.800000000
917,0.458500000,0.000000000,100.000000000,35.850000000
918,0.459000000,0.000000000,100.000000000,35.900000000
919,0.459500000,0.000000000,100.000000000,35.950000000
920,0.460000000,0.000000000,100.000000000,36.000000000
921,0.460500000,0.000000000,100.000000000,36.050000000
922,0.461000000,0.000000000,100.000000000,36.100000000
923,0.461500000,0.000000000,100.000000000,36.150000000
924,0.462000000,0.000000000,100.000000000,36.200000000
925,0.462500000,0.000000000,100.000000000,36.250000000
926,0.463000000,0.000000000,100.000000000,36.300000000
927,0.463500000,0.000000000,100.000000000,36.350000000
928,0.464000000,0.000000000,100.000000000,36.400000000
929,0.464500000,0.000000000,100.000000000,36.450000000
930,0.465000000,0.000000000,100.000000000,36.500000000
931,0.465500000,0.000000000,100.000000000,36.550000000
932,0.466000000,0.000000000,100.000000000,36.600000000
933,0.466500000,0.000000000,100.000000000,36.650000000
934,0.467000000,0.000000000,100.000000000,36.700000000
935,0.467500000,0.000000000,100.000000000,36.750000000
936,0.468000000,0.000000000,100.000000000,36.800000000
937,0.468500000,0.000000000,100.000000000,36.850000000
938,0.469000000,0.000000000,100.000000000,36.900000000
939,0.469500000,0.000000000,100.000000000,36.950000000
940,0.470000000,0.000000000,100.000000000,37.000000000
941,0.470500000,0.000000000,100.000000000,37.050000000
942,0.471000000,0.000000000,100.000000000,37.100000000
943,0.471500000,0.000000000,100.000000000,37.150000000
944,0.472000000,0.000000000,100.000000000,37.200000000
945,0.472500000,0.000000000,100.000000000,37.250000000
946,0.473000000,0.000000000,100.000000000,37.300000000
947,0.473500000,0.000000000,100.000000000,37.350000000
948,0.474000000,0.000000000,100.000000000,37.400000000
949,0.474500000,0.000000000,100.000000000,37.450000000
950,0.475000000,0.000000000,100.000000000,37.500000000
951,0.475500000,0.000000000,100.000000000,37.550000000
952,0.476000000,0.000000000,100.000000000,37.600000000
953,0.476500000,0.000000000,100.000000000,37.650000000
954,0.477000000,0.000000000,100.000000000,37.700000000
955,0.477500000,0.000000000,100.000000000,37.750000000
956,0.478000000,0.000000000,100.000000000,37.800000000
957,0.478500000,0.000000000,100.000000000,37.850000000
958,0.479000000,0.000000000,100.000000000,37.900000000
959,0.479500000,0.000000000,100.000000000,37.950000000
960,0.480000000,0.000000000,100.000000000,38.000000000
961,0.480500000,0.000000000,100.000000000,38.050000000
962,0.481000000,0.000000000,100.000000000,38.100000000
963,0.481500000,0.000000000,100.000000000,38.150000000
964,0.482000000,0.000000000,100.000000000,38.200000000
965,0.482500000,0.000000000,100.000000000,38.250000000
966,0.483000000,0.000000000,100.000000000,38.300000000
967,0.483500000,0.000000000,100.000000000,38.350000000
968,0.484000000,0.000000000,100.000000000,38.400000000
969,0.484500000,0.000000000,100.000000000,38.450000000
970,0.485000000,0.000000000,100.000000000,38.500000000
971,0.485500000,0.000000000,100.000000000,38.550000000
972,0.486000000,0.000000000,100.000000000,38.600000000
973,0.486500000,0.000000000,100.000000000,38.650000000
974,0.487000000,0.000000000,100.000000000,38.700000000
975,0.487500000,0.000000000,100.000000000,38.750000000
976,0.488000000,0.000000000,100.000000000,38.800000000
977,0.488500000,0.000000000,100.000000000,38.850000000
978,0.489000000,0.000000000,100.000000000,38.900000000
979,0.489500000,0.000000000,100.000000000,38.950000000
980,0.490000000,0.000000000,100.000000000,39.000000000
981,0.490500000,0.000000000,100.000000000,39.050000000
982,0.491000000,0.000000000,100.000000000,39.100000000
983,0.491500000,0.000000000,100.000000000,39.150000000
984,0.492000000,0.000000000,100.000000000,39.200000000
985,0.492500000,0.000000000,100.000000000,39.250000000
986,0.493000000,0.000000000,100.000000000,39.300000000
987,0.493500000,0.000000000,100.000000000,39.350000000
988,0.494000000,0.000000000,100.000000000,39.400000000
989,0.494500000,0.000000000,100.000000000,39.450000000
990,0.495000000,0.000000000,100.000000000,39.500000000
991,0.495500000,0.000000000,100.000000000,39.550000000
992,0.496000000,0.000000000,100.000000000,39.600000000
993,0.496500000,0.000000000,100.000000000,39.650000000
994,0.497000000,0.000000000,100.000000000,39.700000000
995,0.497500000,0.000000000,100.000000000,39.750000000
996,0.498000000,0.000000000,100.000000000,39.800000000
997,0.498500000,0.000000000,100.000000000,39.850000000
998,0.499000000,0.000000000,100.000000000,39.900000000
999,0.499500000,0.000000000,100.000000000,39.950000000
1000,0.500000000,0.000000000,100.000000000,40.000000000
1001,0.500500000,0.000000000,100.000000000,40.050000000
1002,0.501000000,0.000000000,100.000000000,40.100000000
1003,0.501500000,0.000000000,100.000000000,40.150000000
1004,0.502000000,0.000000000,100.000000000,40.200000000
1005,0.502500000,0.000000000,100.000000000,40.250000000
1006,0.503000000,0.000000000,100.000000000,40.300000000
1007,0.503500000,0.000000000,100.000000000,40.350000000
1008,0.504000000,0.000000000,100.000000000,40.400000000
1009,0.504500000,0.000000000,100.000000000,40.450000000
1010,0.505000000,0.000000000,100.000000000,40.500000000
1011,0.505500000,0.000000000,100.000000000,40.550000000
1012,0.506000000,0.000000000,100.000000000,40.600000000
1013,0.506500000,0.000000000,100.000000000,40.650000000
1014,0.507000000,0.000000000,100.000000000,40.700000000
1015,0.507500000,0.000000000,100.000000000,40.750000000
1016,0.508000000,0.000000000,100.000000000,40.800000000
1017,0.508500000,0.000000000,100.000000000,40.850000000
1018,0.509000000,0.000000000,100.000000000,40.900000000
1019,0.509500000,0.000000000,100.000000000,40.950000000
1020,0.510000000,0.000000000,100.000000000,41.000000000
1021,0.510500000,0.000000000,100.000000000,41.050000000
1022,0.511000000,0.000000000,100.000000000,41.100000000
1023,0.511500000,0.000000000,100.000000000,41.150000000
1024,0.512000000,0.000000000,100.000000000,41.200000000
1025,0.512500000,0.000000000,100.000000000,41.250000000
1026,0.513000000,0.000000000,100.000000000,41.300000000
1027,0.513500000,0.000000000,100.000000000,41.350000000
1028,0.514000000,0.000000000,100.000000000,41.400000000
1029,0.514500000,0.000000000,100.000000000,41.450000000
1030,0.515000000,0.000000000,100.000000000,41.500000000
1031,0.515500000,0.000000000,100.000000000,41.550000000
1032,0.516000000,0.000000000,100.000000000,41.600000000
1033,0.516500000,0.000000000,100.000000000,41.650000000
1034,0.517000000,0.000000000,100.000000000,41.700000000
1035,0.517500000,0.000000000,100.000000000,41.750000000
1036,0.518000000,0.000000000,100.000000000,41.800000000
1037,0.518500000,0.000000000,100.000000000,41.850000000
1038,0.519000000,0.000000000,100.000000000,41.900000000
1039,0.519500000,0.000000000,100.000000000,41.950000000
1040,0.520000000,0.000000000,100.000000000,42.000000000
1041,0.520500000,0.000000000,100.000000000,42.050000000
1042,0.521000000,0.000000000,100.000000000,42.100000000
1043,0.521500000,0.000000000,100.000000000,42.150000000
1044,0.522000000,0.000000000,100.000000000,42.200000000
1045,0.522500000,0.000000000,100.000000000,42.250000000
1046,0.523000000,0.000000000,100.000000000,42.300000000
1047,0.523500000,0.000000000,100.000000000,42.350000000
1048,0.524000000,0.000000000,100.000000000,42.400000000
1049,0.524500000,0.000000000,100.000000000,42.450000000
1050,0.525000000,0.000000000,100.000000000,42.500000000
1051,0.525500000,0.000000000,100.000000000,42.550000000
1052,0.526000000,0.000000000,100.000000000,42.600000000
1053,0.526500000,0.000000000,100.000000000,42.650000000
1054,0.527000000,0.000000000,100.000000000,42.700000000
1055,0.527500000,0.000000000,100.000000000,42.750000000
1056,0.528000000,0.000000000,100.000000000,42.800000000
1057,0.528500000,0.000000000,100.000000000,42.850000000
1058,0.529000000,0.000000000,100.000000000,42.900000000
1059,0.529500000,0.000000000,100.000000000,42.950000000
1060,0.530000000,0.000000000,100.000000000,43.000000000
1061,0.530500000,0.000000000,100.000000000,43.050000000
1062,0.531000000,0.000000000,100.000000000,43.100000000
1063,0.531500000,0.000000000,100.000000000,43.150000000
1064,0.532000000,0.000000000,100.000000000,43.200000000
1065,0.532500000,0.000000000,100.000000000,43.250000000
1066,0.533000000,0.000000000,100.000000000,43.300000000
1067,0.533500000,0.000000000,100.000000000,43.350000000
1068,0.534000000,0.000000000,100.000000000,43.400000000
1069,0.534500000,0.000000000,100.000000000,43.450000000
1070,0.535000000,0.000000000,100.000000000,43.500000000
1071,0.535500000,0.000000000,100.000000000,43.550000000
1072,0.536000000,0.000000000,100.000000000,43.600000000
1073,0.536500000,0.000000000,100.000000000,43.650000000
1074,0.537000000,0.000000000,100.000000000,43.700000000
1075,0.537500000,0.000000000,100.000000000,43.750000000
1076,0.538000000,0.000000000,100.000000000,43.800000000
1077,0.538500000,0.000000000,100.000000000,43.850000000
1078,0.539000000,0.000000000,100.000000000,43.900000000
1079,0.539500000,0.000000000,100.000000000,43.950000000
1080,0.540000000,0.000000000,100.000000000,44.000000000
1081,0.540500000,0.000000000,100.000000000,44.050000000
1082,0.541000000,0.000000000,100.000000000,44.100000000
1083,0.541500000,0.000000000,100.000000000,44.150000000
1084,0.542000000,0.000000000,100.000000000,44.200000000
1085,0.542500000,0.000000000,100.000000000,44.250000000
1086,0.543000000,0.000000000,100.000000000,44.300000000
1087,0.543500000,0.000000000,100.000000000,44.350000000
1088,0.544000000,0.000000000,100.000000000,44.400000000
1089,0.544500000,0.000000000,100.000000000,44.450000000
1090,0.545000000,0.000000000,100.000000000,44.500000000
1091,0.545500000,0.000000000,100.000000000,44.550000000
1092,0.546000000,0.000000000,100.000000000,44.600000000
1093,0.546500000,0.000000000,100.000000000,44.650000000
1094,0.547000000,0.000000000,100.000000000,44.700000000
1095,0.547500000,0.000000000,100.000000000,44.750000000
1096,0.548000000,0.000000000,100.000000000,44.800000000
1097,0.548500000,0.000000000,100.000000000,44.850000000
1098,0.549000000,0.000000000,100.000000000,44.900000000
1099,0.549500000,0.000000000,100.000000000,44.950000000
1100,0.550000000,0.000000000,100.000000000,45.000000000
1101,0.550500000,0.000000000,100.000000000,45.050000000
1102,0.551000000,0.000000000,100.000000000,45.100000000
1103,0.551500000,0.000000000,100.000000000,45.150000000
1104,0.552000000,0.000000000,100.000000000,45.200000000
1105,0.552500000,0.000000000,100.000000000,45.250000000
1106,0.553000000,0.000000000,100.000000000,45.300000000
1107,0.553500000,0.000000000,100.000000000,45.350000000
1108,0.554000000,0.000000000,100.000000000,45.400000000
1109,0.554500000,0.000000000,100.000000000,45.450000000
1110,0.555000000,0.000000000,100.000000000,45.500000000
1111,0.555500000,0.000000000,100.000000000,45.550000000
1112,0.556000000,0.000000000,100.000000000,45.600000000
1113,0.556500000,0.000000000,100.000000000,45.650000000
1114,0.557000000,0.000000000,100.000000000,45.700000000
1115,0.557500000,0.000000000,100.000000000,45.750000000
1116,0.558000000,0.000000000,100.000000000,45.800000000
1117,0.558500000,0.000000000,100.000000000,45.850000000
1118,0.559000000,0.000000000,100.000000000,45.900000000
1119,0.559500000,0.000000000,100.000000000,45.950000000
1120,0.560000000,0.000000000,100.000000000,46.000000000
1121,0.560500000,0.000000000,100.000000000,46.050000000
1122,0.561000000,0.000000000,100.000000000,46.100000000
1123,0.561500000,0.000000000,100.000000000,46.150000000
1124,0.562000000,0.000000000,100.000000000,46.200000000
1125,0.562500000,0.000000000,100.000000000,46.250000000
1126,0.563000000,0.000000000,100.000000000,46.300000000
1127,0.563500000,0.000000000,100.000000000,46.350000000
1128,0.564000000,0.000000000,100.000000000,46.400000000
1129,0.564500000,0.000000000,100.000000000,46.450000000
1130,0.565000000,0.000000000,100.000000000,46.500000000
1131,0.565500000,0.000000000,100.000000000,46.550000000
1132,0.566000000,0.000000000,100.000000000,46.600000000
1133,0.566500000,0.000000000,100.000000000,46.650000000
1134,0.567000000,0.000000000,100.000000000,46.700000000
1135,0.567500000,0.000000000,100.000000000,46.750000000
1136,0.568000000,0.000000000,100.000000000,46.800000000
1137,0.568500000,0.000000000,100.000000000,46.850000000
1138,0.569000000,0.000000000,100.000000000,46.900000000
1139,0.569500000,0.000000000,100.000000000,46.950000000
1140,0.570000000,0.000000000,100.000000000,47.000000000
1141,0.570500000,0.000000000,100.000000000,47.050000000
1142,0.571000000,0.000000000,100.000000000,47.100000000
1143,0.571500000,0.000000000,100.000000000,47.150000000
1144,0.572000000,0.000000000,100.000000000,47.200000000
1145,0.572500000,0.000000000,100.000000000,47.250000000
1146,0.573000000,0.000000000,100.000000000,47.300000000
1147,0.573500000,0.000000000,100.000000000,47.350000000
1148,0.574000000,0.000000000,100.000000000,47.400000000
1149,0.574500000,0.000000000,100.000000000,47.450000000
1150,0.575000000,0.000000000,100.000000000,47.500000000
1151,0.575500000,0.000000000,100.000000000,47.550000000
1152,0.576000000,0.000000000,100.000000000,47.600000000
1153,0.576500000,0.000000000,100.000000000,47.650000000
1154,0.577000000,0.000000000,100.000000000,47.700000000
1155,0.577500000,0.000000000,100.000000000,47.750000000
1156,0.578000000,0.000000000,100.000000000,47.800000000
1157,0.578500000,0.000000000,100.000000000,47.850000000
1158,0.579000000,0.000000000,100.000000000,47.900000000
1159,0.579500000,0.000000000,100.000000000,47.950000000
1160,0.580000000,0.000000000,100.000000000,48.000000000
1161,0.580500000,0.000000000,100.000000000,48.050000000
1162,0.581000000,0.000000000,100.000000000,48.100000000
1163,0.581500000,0.000000000,100.000000000,48.150000000
1164,0.582000000,0.000000000,100.000000000,48.200000000
1165,0.582500000,0.000000000,100.000000000,48.250000000
1166,0.583000000,0.000000000,100.000000000,48.300000000
1167,0.583500000,0.000000000,100.000000000,48.350000000
1168,0.584000000,0.000000000,100.000000000,48.400000000
1169,0.584500000,0.000000000,100.000000000,48.450000000
1170,0.585000000,0.000000000,100.000000000,48.500000000
1171,0.585500000,0.000000000,100.000000000,48.550000000
1172,0.586000000,0.000000000,100.000000000,48.600000000
1173,0.586500000,0.000000000,100.000000000,48.650000000
1174,0.587000000,0.000000000,100.000000000,48.700000000
1175,0.587500000,0.000000000,100.000000000,48.750000000
1176,0.588000000,0.000000000,100.000000000,48.800000000
1177,0.588500000,0.000000000,100.000000000,48.850000000
1178,0.589000000,0.000000000,100.000000000,48.900000000
1179,0.589500000,0.000000000,100.000000000,48.950000000
1180,0.590000000,0.000000000,100.000000000,49.000000000
1181,0.590500000,0.000000000,100.000000000,49.050000000
1182,0.591000000,0.000000000,100.000000000,49.100000000
1183,0.591500000,0.000000000,100.000000000,49.150000000
1184,0.592000000,0.000000000,100.000000000,49.200000000
1185,0.592500000,0.000000000,100.000000000,49.250000000
1186,0.593000000,0.000000000,100.000000000,49.300000000
1187,0.593500000,0.000000000,100.000000000,49.350000000
1188,0.594000000,0.000000000,100.000000000,49.400000000
1189,0.594500000,0.000000000,100.000000000,49.450000000
1190,0.595000000,0.000000000,100.000000000,49.500000000
1191,0.595500000,0.000000000,100.000000000,49.550000000
1192,0.596000000,0.000000000,100.000000000,49.600000000
1193,0.596500000,0.000000000,100.000000000,49.650000000
1194,0.597000000,0.000000000,100.000000000,49.700000000
1195,0.597500000,0.000000000,100.000000000,49.750000000
1196,0.598000000,0.000000000,100.000000000,49.800000000
1197,0.598500000,0.000000000,100.000000000,49.850000000
1198,0.599000000,0.000000000,100.000000000,49.900000000
1199,0.599500000,0.000000000,100.000000000,49.950000000
1200,0.600000000,0.000000000,100.000000000,50.000000000
1201,0.600500000,0.000000000,100.000000000,50.050000000
1202,0.601000000,0.000000000,100.000000000,50.100000000
1203,0.601500000,0.000000000,100.000000000,50.150000000
1204,0.602000000,0.000000000,100.000000000,50.200000000
1205,0.602500000,0.000000000,100.000000000,50.250000000
1206,0.603000000,0.000000000,100.000000000,50.300000000
1207,0.603500000,0.000000000,100.000000000,50.350000000
1208,0.604000000,0.000000000,100.000000000,50.400000000
1209,0.604500000,0.000000000,100.000000000,50.450000000
1210,0.605000000,0.000000000,100.000000000,50.500000000
1211,0.605500000,0.000000000,100.000000000,50.550000000
1212,0.606000000,0.000000000,100.000000000,50.600000000
1213,0.606500000,0.000000000,100.000000000,50.650000000
1214,0.607000000,0.000000000,100.000000000,50.700000000
1215,0.607500000,0.000000000,100.000000000,50.750000000
1216,0.608000000,0.000000000,100.000000000,50.800000000
1217,0.608500000,0.000000000,100.000000000,50.850000000
1218,0.609000000,0.000000000,100.000000000,50.900000000
1219,0.609500000,0.000000000,100.000000000,50.950000000
1220,0.610000000,0.000000000,100.000000000,51.000000000
1221,0.610500000,0.000000000,100.000000000,51.050000000
1222,0.611000000,0.000000000,100.000000000,51.100000000
1223,0.611500000,0.000000000,100.000000000,51.150000000
1224,0.612000000,0.000000000,100.000000000,51.200000000
1225,0.612500000,0.000000000,100.000000000,51.250000000
1226,0.613000000,0.000000000,100.000000000,51.300000000
1227,0.613500000,0.000000000,100.000000000,51.350000000
1228,0.614000000,0.000000000,100.000000000,51.400000000
1229,0.614500000,0.000000000,100.000000000,51.450000000
1230,0.615000000,0.000000000,100.000000000,51.500000000
1231,0.615500000,0.000000000,100.000000000,51.550000000
1232,0.616000000,0.000000000,100.000000000,51.600000000
1233,0.616500000,0.000000000,100.000000000,51.650000000
1234,0.617000000,0.000000000,100.000000000,51.700000000
1235,0.617500000,0.000000000,100.000000000,51.750000000
1236,0.618000000,0.000000000,100.000000000,51.800000000
1237,0.618500000,0.000000000,100.000000000,51.850000000
1238,0.619000000,0.000000000,100.000000000,51.900000000
1239,0.619500000,0.000000000,100.000000000,51.950000000
1240,0.620000000,0.000000000,100.000000000,52.000000000
1241,0.620500000,0.000000000,100.000000000,52.050000000
1242,0.621000000,0.000000000,100.000000000,52.100000000
1243,0.621500000,0.000000000,100.000000000,52.150000000
1244,0.622000000,0.000000000,100.000000000,52.200000000
1245,0.622500000,0.000000000,100.000000000,52.250000000
1246,0.623000000,0.000000000,100.000000000,52.300000000
1247,0.623500000,0.000000000,100.000000000,52.350000000
1248,0.624000000,0.000000000,100.000000000,52.400000000
1249,0.624500000,0.000000000,100.000000000,52.450000000
1250,0.625000000,0.000000000,100.000000000,52.500000000
1251,0.625500000,0.000000000,100.000000000,52.550000000
1252,0.626000000,0.000000000,100.000000000,52.600000000
1253,0.626500000,0.000000000,100.000000000,52.650000000
1254,0.627000000,0.000000000,100.000000000,52.700000000
1255,0.627500000,0.000000000,100.000000000,52.750000000
1256,0.628000000,0.000000000,100.000000000,52.800000000
1257,0.628500000,0.000000000,100.000000000,52.850000000
1258,0.629000000,0.000000000,100.000000000,52.900000000
1259,0.629500000,0.000000000,100.000000000,52.950000000
1260,0.630000000,0.000000000,100.000000000,53.000000000
1261,0.630500000,0.000000000,100.000000000,53.050000000
1262,0.631000000,0.000000000,100.000000000,53.100000000
1263,0.631500000,0.000000000,100.000000000,53.150000000
1264,0.632000000,0.000000000,100.000000000,53.200000000
1265,0.632500000,0.000000000,100.000000000,53.250000000
1266,0.633000000,0.000000000,100.000000000,53.300000000
1267,0.633500000,0.000000000,100.000000000,53.350000000
1268,0.634000000,0.000000000,100.000000000,53.400000000
1269,0.634500000,0.000000000,100.000000000,53.450000000
1270,0.635000000,0.000000000,100.000000000,53.500000000
1271,0.635500000,0.000000000,100.000000000,53.550000000
1272,0.636000000,0.000000000,100.000000000,53.600000000
1273,0.636500000,0.000000000,100.000000000,53.650000000
1274,0.637000000,0.000000000,100.000000000,53.700000000
1275,0.637500000,0.000000000,100.000000000,53.750000000
1276,0.638000000,0.000000000,100.000000000,53.800000000
1277,0.638500000,0.000000000,100.000000000,53.850000000
1278,0.639000000,0.000000000,100.000000000,53.900000000
1279,0.639500000,0.000000000,100.000000000,53.950000000
1280,0.640000000,0.000000000,100.000000000,54.000000000
1281,0.640500000,0.000000000,100.000000000,54.050000000
1282,0.641000000,0.000000000,100.000000000,54.100000000
1283,0.641500000,0.000000000,100.000000000,54.150000000
1284,0.642000000,0.000000000,100.000000000,54.200000000
1285,0.642500000,0.000000000,100.000000000,54.250000000
1286,0.643000000,0.000000000,100.000000000,54.300000000
1287,0.643500000,0.000000000,100.000000000,54.350000000
1288,0.644000000,0.000000000,100.000000000,54.400000000
1289,0.644500000,0.000000000,100.000000000,54.450000000
1290,0.645000000,0.000000000,100.000000000,54.500000000
1291,0.645500000,0.000000000,100.000000000,54.550000000
1292,0.646000000,0.000000000,100.000000000,54.600000000
1293,0.646500000,0.000000000,100.000000000,54.650000000
1294,0.647000000,0.000000000,100.000000000,54.700000000
1295,0.647500000,0.000000000,100.000000000,54.750000000
1296,0.648000000,0.000000000,100.000000000,54.800000000
1297,0.648500000,0.000000000,100.000000000,54.850000000
1298,0.649000000,0.000000000,100.000000000,54.900000000
1299,0.649500000,0.000000000,100.000000000,54.950000000
1300,0.650000000,0.000000000,100.000000000,55.000000000
1301,0.650500000,0.000000000,100.000000000,55.050000000
1302,0.651000000,0.000000000,100.000000000,55.100000000
1303,0.651500000,0.000000000,100.000000000,55.150000000
1304,0.652000000,0.000000000,100.000000000,55.200000000
1305,0.652500000,0.000000000,100.000000000,55.250000000
1306,0.653000000,0.000000000,100.000000000,55.300000000
1307,0.653500000,0.000000000,100.000000000,55.350000000
1308,0.654000000,0.000000000,100.000000000,55.400000000
1309,0.654500000,0.000000000,100.000000000,55.450000000
1310,0.655000000,0.000000000,100.000000000,55.500000000
1311,0.655500000,0.000000000,100.000000000,55.550000000
1312,0.656000000,0.000000000,100.000000000,55.600000000
1313,0.656500000,0.000000000,100.000000000,55.650000000
1314,0.657000000,0.000000000,100.000000000,55.700000000
1315,0.657500000,0.000000000,100.000000000,55.750000000
1316,0.658000000,0.000000000,100.000000000,55.800000000
1317,0.658500000,0.000000000,100.000000000,55.850000000
1318,0.659000000,0.000000000,100.000000000,55.900000000
1319,0.659500000,0.000000000,100.000000000,55.950000000
1320,0.660000000,0.000000000,100.000000000,56.000000000
1321,0.660500000,0.000000000,100.000000000,56.050000000
1322,0.661000000,0.000000000,100.000000000,56.100000000
1323,0.661500000,0.000000000,100.000000000,56.150000000
1324,0.662000000,0.000000000,100.000000000,56.200000000
1325,0.662500000,0.000000000,100.000000000,56.250000000
1326,0.663000000,0.000000000,100.000000000,56.300000000
1327,0.663500000,0.000000000,100.000000000,56.350000000
1328,0.664000000,0.000000000,100.000000000,56.400000000
1329,0.664500000,0.000000000,100.000000000,56.450000000
1330,0.665000000,0.000000000,100.000000000,56.500000000
1331,0.665500000,0.000000000,100.000000000,56.550000000
1332,0.666000000,0.000000000,100.000000000,56.600000000
1333,0.666500000,0.000000000,100.000000000,56.650000000
1334,0.667000000,0.000000000,100.000000000,56.700000000
1335,0.667500000,0.000000000,100.000000000,56.750000000
1336,0.668000000,0.000000000,100.000000000,56.800000000
1337,0.668500000,0.000000000,100.000000000,56.850000000
1338,0.669000000,0.000000000,100.000000000,56.900000000
1339,0.669500000,0.000000000,100.000000000,56.950000000
1340,0.670000000,0.000000000,100.000000000,57.000000000
1341,0.670500000,0.000000000,100.000000000,57.050000000
1342,0.671000000,0.000000000,100.000000000,57.100000000
1343,0.671500000,0.000000000,100.000000000,57.150000000
1344,0.672000000,0.000000000,100.000000000,57.200000000
1345,0.672500000,0.000000000,100.000000000,57.250000000
1346,0.673000000,0.000000000,100.000000000,57.300000000
1347,0.673500000,0.000000000,100.000000000,57.350000000
1348,0.674000000,0.000000000,100.000000000,57.400000000
1349,0.674500000,0.000000000,100.000000000,57.450000000
1350,0.675000000,0.000000000,100.000000000,57.500000000
1351,0.675500000,0.000000000,100.000000000,57.550000000
1352,0.676000000,0.000000000,100.000000000,57.600000000
1353,0.676500000,0.000000000,100.000000000,57.650000000
1354,0.677000000,0.000000000,100.000000000,57.700000000
1355,0.677500000,0.000000000,100.000000000,57.750000000
1356,0.678000000,0.000000000,100.000000000,57.800000000
1357,0.678500000,0.000000000,100.000000000,57.850000000
1358,0.679000000,0.000000000,100.000000000,57.900000000
1359,0.679500000,0.000000000,100.000000000,57.950000000
1360,0.680000000,0.000000000,100.000000000,58.000000000
1361,0.680500000,0.000000000,100.000000000,58.050000000
1362,0.681000000,0.000000000,100.000000000,58.100000000
1363,0.681500000,0.000000000,100.000000000,58.150000000
1364,0.682000000,0.000000000,100.000000000,58.200000000
1365,0.682500000,0.000000000,100.000000000,58.250000000
1366,0.683000000,0.000000000,100.000000000,58.300000000
1367,0.683500000,0.000000000,100.000000000,58.350000000
1368,0.684000000,0.000000000,100.000000000,58.400000000
1369,0.684500000,0.000000000,100.000000000,58.450000000
1370,0.685000000,0.000000000,100.000000000,58.500000000
1371,0.685500000,0.000000000,100.000000000,58.550000000
1372,0.686000000,0.000000000,100.000000000,58.600000000
1373,0.686500000,0.000000000,100.000000000,58.650000000
1374,0.687000000,0.000000000,100.000000000,58.700000000
1375,0.687500000,0.000000000,100.000000000,58.750000000
1376,0.688000000,0.000000000,100.000000000,58.800000000
1377,0.688500000,0.000000000,100.000000000,58.850000000
1378,0.689000000,0.000000000,100.000000000,58.900000000
1379,0.689500000,0.000000000,100.000000000,58.950000000
1380,0.690000000,0.000000000,100.000000000,59.000000000
1381,0.690500000,0.000000000,100.000000000,59.050000000
1382,0.691000000,0.000000000,100.000000000,59.100000000
1383,0.691500000,0.000000000,100.000000000,59.150000000
1384,0.692000000,0.000000000,100.000000000,59.200000000
1385,0.692500000,0.000000000,100.000000000,59.250000000
1386,0.693000000,0.000000000,100.000000000,59.300000000
1387,0.693500000,0.000000000,100.000000000,59.350000000
1388,0.694000000,0.000000000,100.000000000,59.400000000
1389,0.694500000,0.000000000,100.000000000,59.450000000
1390,0.695000000,0.000000000,100.000000000,59.500000000
1391,0.695500000,0.000000000,100.000000000,59.550000000
1392,0.696000000,0.000000000,100.000000000,59.600000000
1393,0.696500000,0.000000000,100.000000000,59.650000000
1394,0.697000000,0.000000000,100.000000000,59.700000000
1395,0.697500000,0.000000000,100.000000000,59.750000000
1396,0.698000000,0.000000000,100.000000000,59.800000000
1397,0.698500000,0.000000000,100.000000000,59.850000000
1398,0.699000000,0.000000000,100.000000000,59.900000000
1399,0.699500000,0.000000000,100.000000000,59.950000000
1400,0.700000000,0.000000000,100.000000000,60.000000000
1401,0.700500000,0.000000000,100.000000000,60.050000000
1402,0.701000000,0.000000000,100.000000000,60.100000000
1403,0.701500000,0.000000000,100.000000000,60.150000000
1404,0.702000000,0.000000000,100.000000000,60.200000000
1405,0.702500000,0.000000000,100.000000000,60.250000000
1406,0.703000000,0.000000000,100.000000000,60.300000000
1407,0.703500000,0.000000000,100.000000000,60.350000000
1408,0.704000000,0.000000000,100.000000000,60.400000000
1409,0.704500000,0.000000000,100.000000000,60.450000000
1410,0.705000000,0.000000000,100.000000000,60.500000000
1411,0.705500000,0.000000000,100.000000000,60.550000000
1412,0.706000000,0.000000000,100.000000000,60.600000000
1413,0.706500000,0.000000000,100.000000000,60.650000000
1414,0.707000000,0.000000000,100.000000000,60.700000000
1415,0.707500000,0.000000000,100.000000000,60.750000000
1416,0.708000000,0.000000000,100.000000000,60.800000000
1417,0.708500000,0.000000000,100.000000000,60.850000000
1418,0.709000000,0.000000000,100.000000000,60.900000000
1419,0.709500000,0.000000000,100.000000000,60.950000000
1420,0.710000000,0.000000000,100.000000000,61.000000000
1421,0.710500000,0.000000000,100.000000000,61.050000000
1422,0.711000000,0.000000000,100.000000000,61.100000000
1423,0.711500000,0.000000000,100.000000000,61.150000000
1424,0.712000000,0.000000000,100.000000000,61.200000000
1425,0.712500000,0.000000000,100.000000000,61.250000000
1426,0.713000000,0.000000000,100.000000000,61.300000000
1427,0.713500000,0.000000000,100.000000000,61.350000000
1428,0.714000000,0.000000000,100.000000000,61.400000000
1429,0.714500000,0.000000000,100.000000000,61.450000000
1430,0.715000000,0.000000000,100.000000000,61.500000000
1431,0.715500000,0.000000000,100.000000000,61.550000000
1432,0.716000000,0.000000000,100.000000000,61.600000000
1433,0.716500000,0.000000000,100.000000000,61.650000000
1434,0.717000000,0.000000000,100.000000000,61.700000000
1435,0.717500000,0.000000000,100.000000000,61.750000000
1436,0.718000000,0.000000000,100.000000000,61.800000000
1437,0.718500000,0.000000000,100.000000000,61.850000000
1438,0.719000000,0.000000000,100.000000000,61.900000000
1439,0.719500000,0.000000000,100.000000000,61.950000000
1440,0.720000000,0.000000000,100.000000000,62.000000000
1441,0.720500000,0.000000000,100.000000000,62.050000000
1442,0.721000000,0.000000000,100.000000000,62.100000000
1443,0.721500000,0.000000000,100.000000000,62.150000000
1444,0.722000000,0.000000000,100.000000000,62.200000000
1445,0.722500000,0.000000000,100.000000000,62.250000000
1446,0.723000000,0.000000000,100.000000000,62.300000000
1447,0.723500000,0.000000000,100.000000000,62.350000000
1448,0.724000000,0.000000000,100.000000000,62.400000000
1449,0.724500000,0.000000000,100.000000000,62.450000000
1450,0.725000000,0.000000000,100.000000000,62.500000000
1451,0.725500000,0.000000000,100.000000000,62.550000000
1452,0.726000000,0.000000000,100.000000000,62.600000000
1453,0.726500000,0.000000000,100.000000000,62.650000000
1454,0.727000000,0.000000000,100.000000000,62.700000000
1455,0.727500000,0.000000000,100.000000000,62.750000000
1456,0.728000000,0.000000000,100.000000000,62.800000000
1457,0.728500000,0.000000000,100.000000000,62.850000000
1458,0.729000000,0.000000000,100.000000000,62.900000000
1459,0.729500000,0.000000000,100.000000000,62.950000000
1460,0.730000000,0.000000000,100.000000000,63.000000000
1461,0.730500000,0.000000000,100.000000000,63.050000000
1462,0.731000000,0.000000000,100.000000000,63.100000000
1463,0.731500000,0.000000000,100.000000000,63.150000000
1464,0.732000000,0.000000000,100.000000000,63.200000000
1465,0.732500000,0.000000000,100.000000000,63.250000000
1466,0.733000000,0.000000000,100.000000000,63.300000000
1467,0.733500000,0.000000000,100.000000000,63.350000000
1468,0.734000000,0.000000000,100.000000000,63.400000000
1469,0.734500000,0.000000000,100.000000000,63.450000000
1470,0.735000000,0.000000000,100.000000000,63.500000000
1471,0.735500000,0.000000000,100.000000000,63.550000000
1472,0.736000000,0.000000000,100.000000000,63.600000000
1473,0.736500000,0.000000000,100.000000000,63.650000000
1474,0.737000000,0.000000000,100.000000000,63.700000000
1475,0.737500000,0.000000000,100.000000000,63.750000000
1476,0.738000000,0.000000000,100.000000000,63.800000000
1477,0.738500000,0.000000000,100.000000000,63.850000000
1478,0.739000000,0.000000000,100.000000000,63.900000000
1479,0.739500000,0.000000000,100.000000000,63.950000000
1480,0.740000000,0.000000000,100.000000000,64.000000000
1481,0.740500000,0.000000000,100.000000000,64.050000000
1482,0.741000000,0.000000000,100.000000000,64.100000000
1483,0.741500000,0.000000000,100.000000000,64.150000000
1484,0.742000000,0.000000000,100.000000000,64.200000000
1485,0.742500000,0.000000000,100.000000000,64.250000000
1486,0.743000000,0.000000000,100.000000000,64.300000000
1487,0.743500000,0.000000000,100.000000000,64.350000000
1488,0.744000000,0.000000000,100.000000000,64.400000000
1489,0.744500000,0.000000000,100.000000000,64.450000000
1490,0.745000000,0.000000000,100.000000000,64.500000000
1491,0.745500000,0.000000000,100.000000000,64.550000000
1492,0.746000000,0.000000000,100.000000000,64.600000000
1493,0.746500000,0.000000000,100.000000000,64.650000000
1494,0.747000000,0.000000000,100.000000000,64.700000000
1495,0.747500000,0.000000000,100.000000000,64.750000000
1496,0.748000000,0.000000000,100.000000000,64.800000000
1497,0.748500000,0.000000000,100.000000000,64.850000000
1498,0.749000000,0.000000000,100.000000000,64.900000000
1499,0.749500000,0.000000000,100.000000000,64.950000000
1500,0.750000000,0.000000000,100.000000000,65.000000000
1501,0.750500000,0.000000000,100.000000000,65.050000000
1502,0.751000000,0.000000000,100.000000000,65.100000000
1503,0.751500000,0.000000000,100.000000000,65.150000000
1504,0.752000000,0.000000000,100.000000000,65.200000000
1505,0.752500000,0.000000000,100.000000000,65.250000000
1506,0.753000000,0.000000000,100.000000000,65.300000000
1507,0.753500000,0.000000000,100.000000000,65.350000000
1508,0.754000000,0.000000000,100.000000000,65.400000000
1509,0.754500000,0.000000000,100.000000000,65.450000000
1510,0.755000000,0.000000000,100.000000000,65.500000000
1511,0.755500000,0.000000000,100.000000000,65.550000000
1512,0.756000000,0.000000000,100.000000000,65.600000000
1513,0.756500000,0.000000000,100.000000000,65.650000000
1514,0.757000000,0.000000000,100.000000000,65.700000000
1515,0.757500000,0.000000000,100.000000000,65.750000000
1516,0.758000000,0.000000000,100.000000000,65.800000000
1517,0.758500000,0.000000000,100.000000000,65.850000000
1518,0.759000000,0.000000000,100.000000000,65.900000000
1519,0.759500000,0.000000000,100.000000000,65.950000000
1520,0.760000000,0.000000000,100.000000000,66.000000000
1521,0.760500000,0.000000000,100.000000000,66.050000000
1522,0.761000000,0.000000000,100.000000000,66.100000000
1523,0.761500000,0.000000000,100.000000000,66.150000000
1524,0.762000000,0.000000000,100.000000000,66.200000000
1525,0.762500000,0.000000000,100.000000000,66.250000000
1526,0.763000000,0.000000000,100.000000000,66.300000000
1527,0.763500000,0.000000000,100.000000000,66.350000000
1528,0.764000000,0.000000000,100.000000000,66.400000000
1529,0.764500000,0.000000000,100.000000000,66.450000000
1530,0.765000000,0.000000000,100.000000000,66.500000000
1531,0.765500000,0.000000000,100.000000000,66.550000000
1532,0.766000000,0.000000000,100.000000000,66.600000000
1533,0.766500000,0.000000000,100.000000000,66.650000000
1534,0.767000000,0.000000000,100.000000000,66.700000000
1535,0.767500000,0.000000000,100.000000000,66.750000000
1536,0.768000000,0.000000000,100.000000000,66.800000000
1537,0.768500000,0.000000000,100.000000000,66.850000000
1538,0.769000000,0.000000000,100.000000000,66.900000000
1539,0.769500000,0.000000000,100.000000000,66.950000000
1540,0.770000000,0.000000000,100.000000000,67.000000000
1541,0.770500000,0.000000000,100.000000000,67.050000000
1542,0.771000000,0.000000000,100.000000000,67.100000000
1543,0.771500000,0.000000000,100.000000000,67.150000000
1544,0.772000000,0.000000000,100.000000000,67.200000000
1545,0.772500000,0.000000000,100.000000000,67.250000000
1546,0.773000000,0.000000000,100.000000000,67.300000000
1547,0.773500000,0.000000000,100.000000000,67.350000000
1548,0.774000000,0.000000000,100.000000000,67.400000000
1549,0.774500000,0.000000000,100.000000000,67.450000000
1550,0.775000000,0.000000000,100.000000000,67.500000000
1551,0.775500000,0.000000000,100.000000000,67.550000000
1552,0.776000000,0.000000000,100.000000000,67.600000000
1553,0.776500000,0.000000000,100.000000000,67.650000000
1554,0.777000000,0.000000000,100.000000000,67.700000000
1555,0.777500000,0.000000000,100.000000000,67.750000000
1556,0.778000000,0.000000000,100.000000000,67.800000000
1557,0.778500000,0.000000000,100.000000000,67.850000000
1558,0.779000000,0.000000000,100.000000000,67.900000000
1559,0.779500000,0.000000000,100.000000000,67.950000000
1560,0.780000000,0.000000000,100.000000000,68.000000000
1561,0.780500000,0.000000000,100.000000000,68.050000000
1562,0.781000000,0.000000000,100.000000000,68.100000000
1563,0.781500000,0.000000000,100.000000000,68.150000000
1564,0.782000000,0.000000000,100.000000000,68.200000000
1565,0.782500000,0.000000000,100.000000000,68.250000000
1566,0.783000000,0.000000000,100.000000000,68.300000000
1567,0.783500000,0.000000000,100.000000000,68.350000000
1568,0.784000000,0.000000000,100.000000000,68.400000000
1569,0.784500000,0.000000000,100.000000000,68.450000000
1570,0.785000000,0.000000000,100.000000000,68.500000000
1571,0.785500000,0.000000000,100.000000000,68.550000000
1572,0.786000000,0.000000000,100.000000000,68.600000000
1573,0.786500000,0.000000000,100.000000000,68.650000000
1574,0.787000000,0.000000000,100.000000000,68.700000000
1575,0.787500000,0.000000000,100.000000000,68.750000000
1576,0.788000000,0.000000000,100.000000000,68.800000000
1577,0.788500000,0.000000000,100.000000000,68.850000000
1578,0.789000000,0.000000000,100.000000000,68.900000000
1579,0.789500000,0.000000000,100.000000000,68.950000000
1580,0.790000000,0.000000000,100.000000000,69.000000000
1581,0.790500000,0.000000000,100.000000000,69.050000000
1582,0.791000000,0.000000000,100.000000000,69.100000000
1583,0.791500000,0.000000000,100.000000000,69.150000000
1584,0.792000000,0.000000000,100.000000000,69.200000000
1585,0.792500000,0.000000000,100.000000000,69.250000000
1586,0.793000000,0.000000000,100.000000000,69.300000000
1587,0.793500000,0.000000000,100.000000000,69.350000000
1588,0.794000000,0.000000000,100.000000000,69.400000000
1589,0.794500000,0.000000000,100.000000000,69.450000000
1590,0.795000000,0.000000000,100.000000000,69.500000000
1591,0.795500000,0.000000000,100.000000000,69.550000000
1592,0.796000000,0.000000000,100.000000000,69.600000000
1593,0.796500000,0.000000000,100.000000000,69.650000000
1594,0.797000000,0.000000000,100.000000000,69.700000000
1595,0.797500000,0.000000000,100.000000000,69.750000000
1596,0.798000000,0.000000000,100.000000000,69.800000000
1597,0.798500000,0.000000000,100.000000000,69.850000000
1598,0.799000000,0.000000000,100.000000000,69.900000000
1599,0.799500000,0.000000000,100.000000000,69.950000000
1600,0.800000000,0.000000000,100.000000000,70.000000000
1601,0.800500000,0.000000000,100.000000000,70.050000000
1602,0.801000000,0.000000000,100.000000000,70.100000000
1603,0.801500000,0.000000000,100.000000000,70.150000000
1604,0.802000000,0.000000000,100.000000000,70.200000000
1605,0.802500000,0.000000000,100.000000000,70.250000000
1606,0.803000000,0.000000000,100.000000000,70.300000000
1607,0.803500000,0.000000000,100.000000000,70.350000000
1608,0.804000000,0.000000000,100.000000000,70.400000000
1609,0.804500000,0.000000000,100.000000000,70.450000000
1610,0.805000000,0.000000000,100.000000000,70.500000000
1611,0.805500000,0.000000000,100.000000000,70.550000000
1612,0.806000000,0.000000000,100.000000000,70.600000000
1613,0.806500000,0.000000000,100.000000000,70.650000000
1614,0.807000000,0.000000000,100.000000000,70.700000000
1615,0.807500000,0.000000000,100.000000000,70.750000000
1616,0.808000000,0.000000000,100.000000000,70.800000000
1617,0.808500000,0.000000000,100.000000000,70.850000000
1618,0.809000000,0.000000000,100.000000000,70.900000000
1619,0.809500000,0.000000000,100.000000000,70.950000000
1620,0.810000000,0.000000000,100.000000000,71.000000000
1621,0.810500000,0.000000000,100.000000000,71.050000000
1622,0.811000000,0.000000000,100.000000000,71.100000000
1623,0.811500000,0.000000000,100.000000000,71.150000000
1624,0.812000000,0.000000000,100.000000000,71.200000000
1625,0.812500000,0.000000000,100.000000000,71.250000000
1626,0.813000000,0.000000000,100.000000000,71.300000000
1627,0.813500000,0.000000000,100.000000000,71.350000000
1628,0.814000000,0.000000000,100.000000000,71.400000000
1629,0.814500000,0.000000000,100.000000000,71.450000000
1630,0.815000000,0.000000000,100.000000000,71.500000000
1631,0.815500000,0.000000000,100.000000000,71.550000000
1632,0.816000000,0.000000000,100.000000000,71.600000000
1633,0.816500000,0.000000000,100.000000000,71.650000000
1634,0.817000000,0.000000000,100.000000000,71.700000000
1635,0.817500000,0.000000000,100.000000000,71.750000000
1636,0.818000000,0.000000000,100.000000000,71.800000000
1637,0.818500000,0.000000000,100.000000000,71.850000000
1638,0.819000000,0.000000000,100.000000000,71.900000000
1639,0.819500000,0.000000000,100.000000000,71.950000000
1640,0.820000000,0.000000000,100.000000000,72.000000000
1641,0.820500000,0.000000000,100.000000000,72.050000000
1642,0.821000000,0.000000000,100.000000000,72.100000000
1643,0.821500000,0.000000000,100.000000000,72.150000000
1644,0.822000000,0.000000000,100.000000000,72.200000000
1645,0.822500000,0.000000000,100.000000000,72.250000000
1646,0.823000000,0.000000000,100.000000000,72.300000000
1647,0.823500000,0.000000000,100.000000000,72.350000000
1648,0.824000000,0.000000000,100.000000000,72.400000000
1649,0.824500000,0.000000000,100.000000000,72.450000000
1650,0.825000000,0.000000000,100.000000000,72.500000000
1651,0.825500000,0.000000000,100.000000000,72.550000000
1652,0.826000000,0.000000000,100.000000000,72.600000000
1653,0.826500000,0.000000000,100.000000000,72.650000000
1654,0.827000000,0.000000000,100.000000000,72.700000000
1655,0.827500000,0.000000000,100.000000000,72.750000000
1656,0.828000000,0.000000000,100.000000000,72.800000000
1657,0.828500000,0.000000000,100.000000000,72.850000000
1658,0.829000000,0.000000000,100.000000000,72.900000000
1659,0.829500000,0.000000000,100.000000000,72.950000000
1660,0.830000000,0.000000000,100.000000000,73.000000000
1661,0.830500000,0.000000000,100.000000000,73.050000000
1662,0.831000000,0.000000000,100.000000000,73.100000000
1663,0.831500000,0.000000000,100.000000000,73.150000000
1664,0.832000000,0.000000000,100.000000000,73.200000000
1665,0.832500000,0.000000000,100.000000000,73.250000000
1666,0.833000000,0.000000000,100.000000000,73.300000000
1667,0.833500000,0.000000000,100.000000000,73.350000000
1668,0.834000000,0.000000000,100.000000000,73.400000000
1669,0.834500000,0.000000000,100.000000000,73.450000000
1670,0.835000000,0.000000000,100.000000000,73.500000000
1671,0.835500000,0.000000000,100.000000000,73.550000000
1672,0.836000000,0.000000000,100.000000000,73.600000000
1673,0.836500000,0.000000000,100.000000000,73.650000000
1674,0.837000000,0.000000000,100.000000000,73.700000000
1675,0.837500000,0.000000000,100.000000000,73.750000000
1676,0.838000000,0.000000000,100.000000000,73.800000000
1677,0.838500000,0.000000000,100.000000000,73.850000000
1678,0.839000000,0.000000000,100.000000000,73.900000000
1679,0.839500000,0.000000000,100.000000000,73.950000000
1680,0.840000000,0.000000000,100.000000000,74.000000000
1681,0.840500000,0.000000000,100.000000000,74.050000000
1682,0.841000000,0.000000000,100.000000000,74.100000000
1683,0.841500000,0.000000000,100.000000000,74.150000000
1684,0.842000000,0.000000000,100.000000000,74.200000000
1685,0.842500000,0.000000000,100.000000000,74.250000000
1686,0.843000000,0.000000000,100.000000000,74.300000000
1687,0.843500000,0.000000000,100.000000000,74.350000000
1688,0.844000000,0.000000000,100.000000000,74.400000000
1689,0.844500000,0.000000000,100.000000000,74.450000000
1690,0.845000000,0.000000000,100.000000000,74.500000000
1691,0.845500000,0.000000000,100.000000000,74.550000000
1692,0.846000000,0.000000000,100.000000000,74.600000000
1693,0.846500000,0.000000000,100.000000000,74.650000000
1694,0.847000000,0.000000000,100.000000000,74.700000000
1695,0.847500000,0.000000000,100.000000000,74.750000000
1696,0.848000000,0.000000000,100.000000000,74.800000000
1697,0.848500000,0.000000000,100.000000000,74.850000000
1698,0.849000000,0.000000000,100.000000000,74.900000000
1699,0.849500000,0.000000000,100.000000000,74.950000000
1700,0.850000000,0.000000000,100.000000000,75.000000000
1701,0.850500000,0.000000000,100.000000000,75.050000000
1702,0.851000000,0.000000000,100.000000000,75.100000000
1703,0.851500000,0.000000000,100.000000000,75.150000000
1704,0.852000000,0.000000000,100.000000000,75.200000000
1705,0.852500000,0.000000000,100.000000000,75.250000000
1706,0.853000000,0.000000000,100.000000000,75.300000000
1707,0.853500000,0.000000000,100.000000000,75.350000000
1708,0.854000000,0.000000000,100.000000000,75.400000000
1709,0.854500000,0.000000000,100.000000000,75.450000000
1710,0.855000000,0.000000000,100.000000000,75.500000000
1711,0.855500000,0.000000000,100.000000000,75.550000000
1712,0.856000000,0.000000000,100.000000000,75.600000000
1713,0.856500000,0.000000000,100.000000000,75.650000000
1714,0.857000000,0.000000000,100.000000000,75.700000000
1715,0.857500000,0.000000000,100.000000000,75.750000000
1716,0.858000000,0.000000000,100.000000000,75.800000000
1717,0.858500000,0.000000000,100.000000000,75.850000000
1718,0.859000000,0.000000000,100.000000000,75.900000000
1719,0.859500000,0.000000000,100.000000000,75.950000000
1720,0.860000000,0.000000000,100.000000000,76.000000000
1721,0.860500000,0.000000000,100.000000000,76.050000000
1722,0.861000000,0.000000000,100.000000000,76.100000000
1723,0.861500000,0.000000000,100.000000000,76.150000000
1724,0.862000000,0.000000000,100.000000000,76.200000000
1725,0.862500000,0.000000000,100.000000000,76.250000000
1726,0.863000000,0.000000000,100.000000000,76.300000000
1727,0.863500000,0.000000000,100.000000000,76.350000000
1728,0.864000000,0.000000000,100.000000000,76.400000000
1729,0.864500000,0.000000000,100.000000000,76.450000000
1730,0.865000000,0.000000000,100.000000000,76.500000000
1731,0.865500000,0.000000000,100.000000000,76.550000000
1732,0.866000000,0.000000000,100.000000000,76.600000000
1733,0.866500000,0.000000000,100.000000000,76.650000000
1734,0.867000000,0.000000000,100.000000000,76.700000000
1735,0.867500000,0.000000000,100.000000000,76.750000000
1736,0.868000000,0.000000000,100.000000000,76.800000000
1737,0.868500000,0.000000000,100.000000000,76.850000000
1738,0.869000000,0.000000000,100.000000000,76.900000000
1739,0.869500000,0.000000000,100.000000000,76.950000000
1740,0.870000000,0.000000000,100.000000000,77.000000000
1741,0.870500000,0.000000000,100.000000000,77.050000000
1742,0.871000000,0.000000000,100.000000000,77.100000000
1743,0.871500000,0.000000000,100.000000000,77.150000000
1744,0.872000000,0.000000000,100.000000000,77.200000000
1745,0.872500000,0.000000000,100.000000000,77.250000000
1746,0.873000000,0.000000000,100.000000000,77.300000000
1747,0.873500000,0.000000000,100.000000000,77.350000000
1748,0.874000000,0.000000000,100.000000000,77.400000000
1749,0.874500000,0.000000000,100.000000000,77.450000000
1750,0.875000000,0.000000000,100.000000000,77.500000000
1751,0.875500000,0.000000000,100.000000000,77.550000000
1752,0.876000000,0.000000000,100.000000000,77.600000000
1753,0.876500000,0.000000000,100.000000000,77.650000000
1754,0.877000000,0.000000000,100.000000000,77.700000000
1755,0.877500000,0.000000000,100.000000000,77.750000000
1756,0.878000000,0.000000000,100.000000000,77.800000000
1757,0.878500000,0.000000000,100.000000000,77.850000000
1758,0.879000000,0.000000000,100.000000000,77.900000000
1759,0.879500000,0.000000000,100.000000000,77.950000000
1760,0.880000000,0.000000000,100.000000000,78.000000000
1761,0.880500000,0.000000000,100.000000000,78.050000000
1762,0.881000000,0.000000000,100.000000000,78.100000000
1763,0.881500000,0.000000000,100.000000000,78.150000000
1764,0.882000000,0.000000000,100.000000000,78.200000000
1765,0.882500000,0.000000000,100.000000000,78.250000000
1766,0.883000000,0.000000000,100.000000000,78.300000000
1767,0.883500000,0.000000000,100.000000000,78.350000000
1768,0.884000000,0.000000000,100.000000000,78.400000000
1769,0.884500000,0.000000000,100.000000000,78.450000000
1770,0.885000000,0.000000000,100.000000000,78.500000000
1771,0.885500000,0.000000000,100.000000000,78.550000000
1772,0.886000000,0.000000000,100.000000000,78.600000000
1773,0.886500000,0.000000000,100.000000000,78.650000000
1774,0.887000000,0.000000000,100.000000000,78.700000000
1775,0.887500000,0.000000000,100.000000000,78.750000000
1776,0.888000000,0.000000000,100.000000000,78.800000000
1777,0.888500000,0.000000000,100.000000000,78.850000000
1778,0.889000000,0.000000000,100.000000000,78.900000000
1779,0.889500000,0.000000000,100.000000000,78.950000000
1780,0.890000000,0.000000000,100.000000000,79.000000000
1781,0.890500000,0.000000000,100.000000000,79.050000000
1782,0.891000000,0.000000000,100.000000000,79.100000000
1783,0.891500000,0.000000000,100.000000000,79.150000000
1784,0.892000000,0.000000000,100.000000000,79.200000000
1785,0.892500000,0.000000000,100.000000000,79.250000000
1786,0.893000000,0.000000000,100.000000000,79.300000000
1787,0.893500000,0.000000000,100.000000000,79.350000000
1788,0.894000000,0.000000000,100.000000000,79.400000000
1789,0.894500000,0.000000000,100.000000000,79.450000000
1790,0.895000000,0.000000000,100.000000000,79.500000000
1791,0.895500000,0.000000000,100.000000000,79.550000000
1792,0.896000000,0.000000000,100.000000000,79.600000000
1793,0.896500000,0.000000000,100.000000000,79.650000000
1794,0.897000000,0.000000000,100.000000000,79.700000000
1795,0.897500000,0.000000000,100.000000000,79.750000000
1796,0.898000000,0.000000000,100.000000000,79.800000000
1797,0.898500000,0.000000000,100.000000000,79.850000000
1798,0.899000000,0.000000000,100.000000000,79.900000000
1799,0.899500000,0.000000000,100.000000000,79.950000000
1800,0.900000000,0.000000000,100.000000000,80.000000000
1801,0.900500000,0.000000000,100.000000000,80.050000000
1802,0.901000000,0.000000000,100.000000000,80.100000000
1803,0.901500000,0.000000000,100.000000000,80.150000000
1804,0.902000000,0.000000000,100.000000000,80.200000000
1805,0.902500000,0.000000000,100.000000000,80.250000000
1806,0.903000000,0.000000000,100.000000000,80.300000000
1807,0.903500000,0.000000000,100.000000000,80.350000000
1808,0.904000000,0.000000000,100.000000000,80.400000000
1809,0.904500000,0.000000000,100.000000000,80.450000000
1810,0.905000000,0.000000000,100.000000000,80.500000000
1811,0.905500000,0.000000000,100.000000000,80.550000000
1812,0.906000000,0.000000000,100.000000000,80.600000000
1813,0.906500000,0.000000000,100.000000000,80.650000000
1814,0.907000000,0.000000000,100.000000000,80.700000000
1815,0.907500000,0.000000000,100.000000000,80.750000000
1816,0.908000000,0.000000000,100.000000000,80.800000000
1817,0.908500000,0.000000000,100.000000000,80.850000000
1818,0.909000000,0.000000000,100.000000000,80.900000000
1819,0.909500000,0.000000000,100.000000000,80.950000000
1820,0.910000000,0.000000000,100.000000000,81.000000000
1821,0.910500000,0.000000000,100.000000000,81.050000000
1822,0.911000000,0.000000000,100.000000000,81.100000000
1823,0.911500000,0.000000000,100.000000000,81.150000000
1824,0.912000000,0.000000000,100.000000000,81.200000000
1825,0.912500000,0.000000000,100.000000000,81.250000000
1826,0.913000000,0.000000000,100.000000000,81.300000000
1827,0.913500000,0.000000000,100.000000000,81.350000000
1828,0.914000000,0.000000000,100.000000000,81.400000000
1829,0.914500000,0.000000000,100.000000000,81.450000000
1830,0.915000000,0.000000000,100.000000000,81.500000000
1831,0.915500000,0.000000000,100.000000000,81.550000000
1832,0.916000000,0.000000000,100.000000000,81.600000000
1833,0.916500000,0.000000000,100.000000000,81.650000000
1834,0.917000000,0.000000000,100.000000000,81.700000000
1835,0.917500000,0.000000000,100.000000000,81.750000000
1836,0.918000000,0.000000000,100.000000000,81.800000000
1837,0.918500000,0.000000000,100.000000000,81.850000000
1838,0.919000000,0.000000000,100.000000000,81.900000000
1839,0.919500000,0.000000000,100.000000000,81.950000000
1840,0.920000000,0.000000000,100.000000000,82.000000000
1841,0.920500000,0.000000000,100.000000000,82.050000000
1842,0.921000000,0.000000000,100.000000000,82.100000000
1843,0.921500000,0.000000000,100.000000000,82.150000000
1844,0.922000000,0.000000000,100.000000000,82.200000000
1845,0.922500000,0.000000000,100.000000000,82.250000000
1846,0.923000000,0.000000000,100.000000000,82.300000000
1847,0.923500000,0.000000000,100.000000000,82.350000000
1848,0.924000000,0.000000000,100.000000000,82.400000000
1849,0.924500000,0.000000000,100.000000000,82.450000000
1850,0.925000000,0.000000000,100.000000000,82.500000000
1851,0.925500000,0.000000000,100.000000000,82.550000000
1852,0.926000000,0.000000000,100.000000000,82.600000000
1853,0.926500000,0.000000000,100.000000000,82.650000000
1854,0.927000000,0.000000000,100.000000000,82.700000000
1855,0.927500000,0.000000000,100.000000000,82.750000000
1856,0.928000000,0.000000000,100.000000000,82.800000000
1857,0.928500000,0.000000000,100.000000000,82.850000000
1858,0.929000000,0.000000000,100.000000000,82.900000000
1859,0.929500000,0.000000000,100.000000000,82.950000000
1860,0.930000000,0.000000000,100.000000000,83.000000000
1861,0.930500000,0.000000000,100.000000000,83.050000000
1862,0.931000000,0.000000000,100.000000000,83.100000000
1863,0.931500000,0.000000000,100.000000000,83.150000000
1864,0.932000000,0.000000000,100.000000000,83.200000000
1865,0.932500000,0.000000000,100.000000000,83.250000000
1866,0.933000000,0.000000000,100.000000000,83.300000000
1867,0.933500000,0.000000000,100.000000000,83.350000000
1868,0.934000000,0.000000000,100.000000000,83.400000000
1869,0.934500000,0.000000000,100.000000000,83.450000000
1870,0.935000000,0.000000000,100.000000000,83.500000000
1871,0.935500000,0.000000000,100.000000000,83.550000000
1872,0.936000000,0.000000000,100.000000000,83.600000000
1873,0.936500000,0.000000000,100.000000000,83.650000000
1874,0.937000000,0.000000000,100.000000000,83.700000000
1875,0.937500000,0.000000000,100.000000000,83.750000000
1876,0.938000000,0.000000000,100.000000000,83.800000000
1877,0.938500000,0.000000000,100.000000000,83.850000000
1878,0.939000000,0.000000000,100.000000000,83.900000000
1879,0.939500000,0.000000000,100.000000000,83.950000000
1880,0.940000000,0.000000000,100.000000000,84.000000000
1881,0.940500000,0.000000000,100.000000000,84.050000000
1882,0.941000000,0.000000000,100.000000000,84.100000000
1883,0.941500000,0.000000000,100.000000000,84.150000000
1884,0.942000000,0.000000000,100.000000000,84.200000000
1885,0.942500000,0.000000000,100.000000000,84.250000000
1886,0.943000000,0.000000000,100.000000000,84.300000000
1887,0.943500000,0.000000000,100.000000000,84.350000000
1888,0.944000000,0.000000000,100.000000000,84.400000000
1889,0.944500000,0.000000000,100.000000000,84.450000000
1890,0.945000000,0.000000000,100.000000000,84.500000000
1891,0.945500000,0.000000000,100.000000000,84.550000000
1892,0.946000000,0.000000000,100.000000000,84.600000000
1893,0.946500000,0.000000000,100.000000000,84.650000000
1894,0.947000000,0.000000000,100.000000000,84.700000000
1895,0.947500000,0.000000000,100.000000000,84.750000000
1896,0.948000000,0.000000000,100.000000000,84.800000000
1897,0.948500000,0.000000000,100.000000000,84.850000000
1898,0.949000000,0.000000000,100.000000000,84.900000000
1899,0.949500000,0.000000000,100.000000000,84.950000000
1900,0.950000000,0.000000000,100.000000000,85.000000000
1901,0.950500000,0.000000000,100.000000000,85.050000000
1902,0.951000000,0.000000000,100.000000000,85.100000000
1903,0.951500000,0.000000000,100.000000000,85.150000000
1904,0.952000000,0.000000000,100.000000000,85.200000000
1905,0.952500000,0.000000000,100.000000000,85.250000000
1906,0.953000000,0.000000000,100.000000000,85.300000000
1907,0.953500000,0.000000000,100.000000000,85.350000000
1908,0.954000000,0.000000000,100.000000000,85.400000000
1909,0.954500000,0.000000000,100.000000000,85.450000000
1910,0.955000000,0.000000000,100.000000000,85.500000000
1911,0.955500000,0.000000000,100.000000000,85.550000000
1912,0.956000000,0.000000000,100.000000000,85.600000000
1913,0.956500000,0.000000000,100.000000000,85.650000000
1914,0.957000000,0.000000000,100.000000000,85.700000000
1915,0.957500000,0.000000000,100.000000000,85.750000000
1916,0.958000000,0.000000000,100.000000000,85.800000000
1917,0.958500000,0.000000000,100.000000000,85.850000000
1918,0.959000000,0.000000000,100.000000000,85.900000000
1919,0.959500000,0.000000000,100.000000000,85.950000000
1920,0.960000000,0.000000000,100.000000000,86.000000000
1921,0.960500000,0.000000000,100.000000000,86.050000000
1922,0.961000000,0.000000000,100.000000000,86.100000000
1923,0.961500000,0.000000000,100.000000000,86.150000000
1924,0.962000000,0.000000000,100.000000000,86.200000000
1925,0.962500000,0.000000000,100.000000000,86.250000000
1926,0.963000000,0.000000000,100.000000000,86.300000000
1927,0.963500000,0.000000000,100.000000000,86.350000000
1928,0.964000000,0.000000000,100.000000000,86.400000000
1929,0.964500000,0.000000000,100.000000000,86.450000000
1930,0.965000000,0.000000000,100.000000000,86.500000000
1931,0.965500000,0.000000000,100.000000000,86.550000000
1932,0.966000000,0.000000000,100.000000000,86.600000000
1933,0.966500000,0.000000000,100.000000000,86.650000000
1934,0.967000000,0.000000000,100.000000000,86.700000000
1935,0.967500000,0.000000000,100.000000000,86.750000000
1936,0.968000000,0.000000000,100.000000000,86.800000000
1937,0.968500000,0.000000000,100.000000000,86.850000000
1938,0.969000000,0.000000000,100.000000000,86.900000000
1939,0.969500000,0.000000000,100.000000000,86.950000000
1940,0.970000000,0.000000000,100.000000000,87.000000000
1941,0.970500000,0.000000000,100.000000000,87.050000000
1942,0.971000000,0.000000000,100.000000000,87.100000000
1943,0.971500000,0.000000000,100.000000000,87.150000000
1944,0.972000000,0.000000000,100.000000000,87.200000000
1945,0.972500000,0.000000000,100.000000000,87.250000000
1946,0.973000000,0.000000000,100.000000000,87.300000000
1947,0.973500000,0.000000000,100.000000000,87.350000000
1948,0.974000000,0.000000000,100.000000000,87.400000000
1949,0.974500000,0.000000000,100.000000000,87.450000000
1950,0.975000000,0.000000000,100.000000000,87.500000000
1951,0.975500000,0.000000000,100.000000000,87.550000000
1952,0.976000000,0.000000000,100.000000000,87.600000000
1953,0.976500000,0.000000000,100.000000000,87.650000000
1954,0.977000000,0.000000000,100.000000000,87.700000000
1955,0.977500000,0.000000000,100.000000000,87.750000000
1956,0.978000000,0.000000000,100.000000000,87.800000000
1957,0.978500000,0.000000000,100.000000000,87.850000000
1958,0.979000000,0.000000000,100.000000000,87.900000000
1959,0.979500000,0.000000000,100.000000000,87.950000000
1960,0.980000000,0.000000000,100.000000000,88.000000000
1961,0.980500000,0.000000000,100.000000000,88.050000000
1962,0.981000000,0.000000000,100.000000000,88.100000000
1963,0.981500000,0.000000000,100.000000000,88.150000000
1964,0.982000000,0.000000000,100.000000000,88.200000000
1965,0.982500000,0.000000000,100.000000000,88.250000000
1966,0.983000000,0.000000000,100.000000000,88.300000000
1967,0.983500000,0.000000000,100.000000000,88.350000000
1968,0.984000000,0.000000000,100.000000000,88.400000000
1969,0.984500000,0.000000000,100.000000000,88.450000000
1970,0.985000000,0.000000000,100.000000000,88.500000000
1971,0.985500000,0.000000000,100.000000000,88.550000000
1972,0.986000000,0.000000000,100.000000000,88.600000000
1973,0.986500000,0.000000000,100.000000000,88.650000000
1974,0.987000000,0.000000000,100.000000000,88.700000000
1975,0.987500000,0.000000000,100.000000000,88.750000000
1976,0.988000000,0.000000000,100.000000000,88.800000000
1977,0.988500000,0.000000000,100.000000000,88.850000000
1978,0.989000000,0.000000000,100.000000000,88.900000000
1979,0.989500000,0.000000000,100.000000000,88.950000000
1980,0.990000000,0.000000000,100.000000000,89.000000000
1981,0.990500000,0.000000000,100.000000000,89.050000000
1982,0.991000000,0.000000000,100.000000000,89.100000000
1983,0.991500000,0.000000000,100.000000000,89.150000000
1984,0.992000000,0.000000000,100.000000000,89.200000000
1985,0.992500000,0.000000000,100.000000000,89.250000000
1986,0.993000000,0.000000000,100.000000000,89.300000000
1987,0.993500000,0.000000000,100.000000000,89.350000000
1988,0.994000000,0.000000000,100.000000000,89.400000000
1989,0.994500000,0.000000000,100.000000000,89.450000000
1990,0.995000000,0.000000000,100.000000000,89.500000000
1991,0.995500000,0.000000000,100.000000000,89.550000000
1992,0.996000000,0.000000000,100.000000000,89.600000000
1993,0.996500000,0.000000000,100.000000000,89.650000000
1994,0.997000000,0.000000000,100.000000000,89.700000000
1995,0.997500000,0.000000000,100.000000000,89.750000000
1996,0.998000000,0.000000000,100.000000000,89.800000000
1997,0.998500000,0.000000000,100.000000000,89.850000000
1998,0.999000000,0.000000000,100.000000000,89.900000000
1999,0.999500000,0.000000000,100.000000000,89.950000000
2000,1.000000000,0.000000000,100.000000000,90.000000000
2001,1.000500000,0.000000000,100.000000000,90.050000000
2002,1.001000000,0.000000000,100.000000000,90.100000000
2003,1.001500000,0.000000000,100.000000000,90.150000000
2004,1.002000000,0.000000000,100.000000000,90.200000000
2005,1.002500000,0.000000000,100.000000000,90.250000000
2006,1.003000000,0.000000000,100.000000000,90.300000000
2007,1.003500000,0.000000000,100.000000000,90.350000000
2008,1.004000000,0.000000000,100.000000000,90.400000000
2009,1.004500000,0.000000000,100.000000000,90.450000000
2010,1.005000000,0.000000000,100.000000000,90.500000000
2011,1.005500000,0.000000000,100.000000000,90.550000000
2012,1.006000000,0.000000000,100.000000000,90.600000000
2013,1.006500000,0.000000000,100.000000000,90.650000000
2014,1.007000000,0.000000000,100.000000000,90.700000000
2015,1.007500000,0.000000000,100.000000000,90.750000000
2016,1.008000000,0.000000000,100.000000000,90.800000000
2017,1.008500000,0.000000000,100.000000000,90.850000000
2018,1.009000000,0.000000000,100.000000000,90.900000000
2019,1.009500000,0.000000000,100.000000000,90.950000000
2020,1.010000000,0.000000000,100.000000000,91.000000000
2021,1.010500000,0.000000000,100.000000000,91.050000000
2022,1.011000000,0.000000000,100.000000000,91.100000000
2023,1.011500000,0.000000000,100.000000000,91.150000000
2024,1.012000000,0.000000000,100.000000000,91.200000000
2025,1.012500000,0.000000000,100.000000000,91.250000000
2026,1.013000000,0.000000000,100.000000000,91.300000000
2027,1.013500000,0.000000000,100.000000000,91.350000000
2028,1.014000000,0.000000000,100.000000000,91.400000000
2029,1.014500000,0.000000000,100.000000000,91.450000000
2030,1.015000000,0.000000000,100.000000000,91.500000000
2031,1.015500000,0.000000000,100.000000000,91.550000000
2032,1.016000000,0.000000000,100.000000000,91.600000000
2033,1.016500000,0.000000000,100.000000000,91.650000000
2034,1.017000000,0.000000000,100.000000000,91.700000000
2035,1.017500000,0.000000000,100.000000000,91.750000000
2036,1.018000000,0.000000000,100.000000000,91.800000000
2037,1.018500000,0.000000000,100.000000000,91.850000000
2038,1.019000000,0.000000000,100.000000000,91.900000000
2039,1.019500000,0.000000000,100.000000000,91.950000000
2040,1.020000000,0.000000000,100.000000000,92.000000000
2041,1.020500000,0.000000000,100.000000000,92.050000000
2042,1.021000000,0.000000000,100.000000000,92.100000000
2043,1.021500000,0.000000000,100.000000000,92.150000000
2044,1.022000000,0.000000000,100.000000000,92.200000000
2045,1.022500000,0.000000000,100.000000000,92.250000000
2046,1.023000000,0.000000000,100.000000000,92.300000000
2047,1.023500000,0.000000000,100.000000000,92.350000000
2048,1.024000000,0.000000000,100.000000000,92.400000000
2049,1.024500000,0.000000000,100.000000000,92.450000000
2050,1.025000000,0.000000000,100.000000000,92.500000000
2051,1.025500000,0.000000000,100.000000000,92.550000000
2052,1.026000000,0.000000000,100.000000000,92.600000000
2053,1.026500000,0.000000000,100.000000000,92.650000000
2054,1.027000000,0.000000000,100.000000000,92.700000000
2055,1.027500000,0.000000000,100.000000000,92.750000000
2056,1.028000000,0.000000000,100.000000000,92.800000000
2057,1.028500000,0.000000000,100.000000000,92.850000000
2058,1.029000000,0.000000000,100.000000000,92.900000000
2059,1.029500000,0.000000000,100.000000000,92.950000000
2060,1.030000000,0.000000000,100.000000000,93.000000000
2061,1.030500000,0.000000000,100.000000000,93.050000000
2062,1.031000000,0.000000000,100.000000000,93.100000000
2063,1.031500000,0.000000000,100.000000000,93.150000000
2064,1.032000000,0.000000000,100.000000000,93.200000000
2065,1.032500000,0.000000000,100.000000000,93.250000000
2066,1.033000000,0.000000000,100.000000000,93.300000000
2067,1.033500000,0.000000000,100.000000000,93.350000000
2068,1.034000000,0.000000000,100.000000000,93.400000000
2069,1.034500000,0.000000000,100.000000000,93.450000000
2070,1.035000000,0.000000000,100.000000000,93.500000000
2071,1.035500000,0.000000000,100.000000000,93.550000000
2072,1.036000000,0.000000000,100.000000000,93.600000000
2073,1.036500000,0.000000000,100.000000000,93.650000000
2074,1.037000000,0.000000000,100.000000000,93.700000000
2075,1.037500000,0.000000000,100.000000000,93.750000000
2076,1.038000000,0.000000000,100.000000000,93.800000000
2077,1.038500000,0.000000000,100.000000000,93.850000000
2078,1.039000000,0.000000000,100.000000000,93.900000000
2079,1.039500000,0.000000000,100.000000000,93.950000000
2080,1.040000000,0.000000000,100.000000000,94.000000000
2081,1.040500000,0.000000000,100.000000000,94.050000000
2082,1.041000000,0.000000000,100.000000000,94.100000000
2083,1.041500000,0.000000000,100.000000000,94.150000000
2084,1.042000000,0.000000000,100.000000000,94.200000000
2085,1.042500000,0.000000000,100.000000000,94.250000000
2086,1.043000000,0.000000000,100.000000000,94.300000000
2087,1.043500000,0.000000000,100.000000000,94.350000000
2088,1.044000000,0.000000000,100.000000000,94.400000000
2089,1.044500000,0.000000000,100.000000000,94.450000000
2090,1.045000000,0.000000000,100.000000000,94.500000000
2091,1.045500000,0.000000000,100.000000000,94.550000000
2092,1.046000000,0.000000000,100.000000000,94.600000000
2093,1.046500000,0.000000000,100.000000000,94.650000000
2094,1.047000000,0.000000000,100.000000000,94.700000000
2095,1.047500000,0.000000000,100.000000000,94.750000000
2096,1.048000000,0.000000000,100.000000000,94.800000000
2097,1.048500000,0.000000000,100.000000000,94.850000000
2098,1.049000000,0.000000000,100.000000000,94.900000000
2099,1.049500000,0.000000000,100.000000000,94.950000000
2100,1.050000000,0.000000000,100.000000000,95.000000000
2101,1.050500000,0.000000000,100.000000000,95.050000000
2102,1.051000000,0.000000000,100.000000000,95.100000000
2103,1.051500000,0.000000000,100.000000000,95.150000000
2104,1.052000000,0.000000000,100.000000000,95.200000000
2105,1.052500000,0.000000000,100.000000000,95.250000000
2106,1.053000000,0.000000000,100.000000000,95.300000000
2107,1.053500000,0.000000000,100.000000000,95.350000000
2108,1.054000000,0.000000000,100.000000000,95.400000000
2109,1.054500000,0.000000000,100.000000000,95.450000000
2110,1.055000000,0.000000000,100.000000000,95.500000000
2111,1.055500000,0.000000000,100.000000000,95.550000000
2112,1.056000000,0.000000000,100.000000000,95.600000000
2113,1.056500000,0.000000000,100.000000000,95.650000000
2114,1.057000000,0.000000000,100.000000000,95.700000000
2115,1.057500000,0.000000000,100.000000000,95.750000000
2116,1.058000000,0.000000000,100.000000000,95.800000000
2117,1.058500000,0.000000000,100.000000000,95.850000000
2118,1.059000000,0.000000000,100.000000000,95.900000000
2119,1.059500000,0.000000000,100.000000000,95.950000000
2120,1.060000000,0.000000000,100.000000000,96.000000000
2121,1.060500000,0.000000000,100.000000000,96.050000000
2122,1.061000000,0.000000000,100.000000000,96.100000000
2123,1.061500000,0.000000000,100.000000000,96.150000000
2124,1.062000000,0.000000000,100.000000000,96.200000000
2125,1.062500000,0.000000000,100.000000000,96.250000000
2126,1.063000000,0.000000000,100.000000000,96.300000000
2127,1.063500000,0.000000000,100.000000000,96.350000000
2128,1.064000000,0.000000000,100.000000000,96.400000000
2129,1.064500000,0.000000000,100.000000000,96.450000000
2130,1.065000000,0.000000000,100.000000000,96.500000000
2131,1.065500000,0.000000000,100.000000000,96.550000000
2132,1.066000000,0.000000000,100.000000000,96.600000000
2133,1.066500000,0.000000000,100.000000000,96.650000000
2134,1.067000000,0.000000000,100.000000000,96.700000000
2135,1.067500000,0.000000000,100.000000000,96.750000000
2136,1.068000000,0.000000000,100.000000000,96.800000000
2137,1.068500000,0.000000000,100.000000000,96.850000000
2138,1.069000000,0.000000000,100.000000000,96.900000000
2139,1.069500000,0.000000000,100.000000000,96.950000000
2140,1.070000000,0.000000000,100.000000000,97.000000000
2141,1.070500000,0.000000000,100.000000000,97.050000000
2142,1.071000000,0.000000000,100.000000000,97.100000000
2143,1.071500000,0.000000000,100.000000000,97.150000000
2144,1.072000000,0.000000000,100.000000000,97.200000000
2145,1.072500000,0.000000000,100.000000000,97.250000000
2146,1.073000000,0.000000000,100.000000000,97.300000000
2147,1.073500000,0.000000000,100.000000000,97.350000000
2148,1.074000000,0.000000000,100.000000000,97.400000000
2149,1.074500000,0.000000000,100.000000000,97.450000000
2150,1.075000000,0.000000000,100.000000000,97.500000000
2151,1.075500000,0.000000000,100.000000000,97.550000000
2152,1.076000000,0.000000000,100.000000000,97.600000000
2153,1.076500000,0.000000000,100.000000000,97.650000000
2154,1.077000000,0.000000000,100.000000000,97.700000000
2155,1.077500000,0.000000000,100.000000000,97.750000000
2156,1.078000000,0.000000000,100.000000000,97.800000000
2157,1.078500000,0.000000000,100.000000000,97.850000000
2158,1.079000000,0.000000000,100.000000000,97.900000000
2159,1.079500000,0.000000000,100.000000000,97.950000000
2160,1.080000000,0.000000000,100.000000000,98.000000000
2161,1.080500000,0.000000000,100.000000000,98.050000000
2162,1.081000000,0.000000000,100.000000000,98.100000000
2163,1.081500000,0.000000000,100.000000000,98.150000000
2164,1.082000000,0.000000000,100.000000000,98.200000000
2165,1.082500000,0.000000000,100.000000000,98.250000000
2166,1.083000000,0.000000000,100.000000000,98.300000000
2167,1.083500000,0.000000000,100.000000000,98.350000000
2168,1.084000000,0.000000000,100.000000000,98.400000000
2169,1.084500000,0.000000000,100.000000000,98.450000000
2170,1.085000000,0.000000000,100.000000000,98.500000000
2171,1.085500000,0.000000000,100.000000000,98.550000000
2172,1.086000000,0.000000000,100.000000000,98.600000000
2173,1.086500000,0.000000000,100.000000000,98.650000000
2174,1.087000000,0.000000000,100.000000000,98.700000000
2175,1.087500000,0.000000000,100.000000000,98.750000000
2176,1.088000000,0.000000000,100.000000000,98.800000000
2177,1.088500000,0.000000000,100.000000000,98.850000000
2178,1.089000000,0.000000000,100.000000000,98.900000000
2179,1.089500000,0.000000000,100.000000000,98.950000000
2180,1.090000000,0.000000000,100.000000000,99.000000000
2181,1.090500000,0.000000000,100.000000000,99.050000000
2182,1.091000000,0.000000000,100.000000000,99.100000000
2183,1.091500000,0.000000000,100.000000000,99.150000000
2184,1.092000000,0.000000000,100.000000000,99.200000000
2185,1.092500000,0.000000000,100.000000000,99.250000000
2186,1.093000000,0.000000000,100.000000000,99.300000000
2187,1.093500000,0.000000000,100.000000000,99.350000000
2188,1.094000000,0.000000000,100.000000000,99.400000000
2189,1.094500000,0.000000000,100.000000000,99.450000000
2190,1.095000000,0.000000000,100.000000000,99.500000000
2191,1.095500000,0.000000000,100.000000000,99.550000000
2192,1.096000000,0.000000000,100.000000000,99.600000000
2193,1.096500000,0.000000000,100.000000000,99.650000000
2194,1.097000000,0.000000000,100.000000000,99.700000000
2195,1.097500000,0.000000000,100.000000000,99.750000000
2196,1.098000000,0.000000000,100.000000000,99.800000000
2197,1.098500000,0.000000000,100.000000000,99.850000000
2198,1.099000000,0.000000000,100.000000000,99.900000000
2199,1.099500000,0.000000000,100.000000000,99.950000000
2200,1.100000000,0.000000000,100.000000000,100.000000000
