index,time_s,acc,vel,s,X,Y,Z,L_raw,L_trim,ux,uy,uz
0,0.000000000,0.000000000,8.263429751,0.000000000,0.000000000,99.965857864,0.000000000,100.000000000,99.965857864,0.000000000,-1.000000000,0.000000000
1,0.000500000,5.000000000,8.264679751,0.004131923,0.000000000,99.961725941,0.000000000,100.000000000,99.965857864,0.000000000,-1.000000000,0.000000000
2,0.001000000,10.000000000,8.268429751,0.008265096,0.000000000,99.957592768,0.000000000,100.000000000,99.965857864,0.000000000,-1.000000000,0.000000000
3,0.001500000,15.000000000,8.274679751,0.012400770,0.000000000,99.953457095,0.000000000,100.000000000,99.965857864,0.000000000,-1.000000000,0.000000000
4,0.002000000,20.000000000,8.283429751,0.016540193,0.000000000,99.949317672,0.000000000,100.000000000,99.965857864,0.000000000,-1.000000000,0.000000000
5,0.002500000,25.000000000,8.294679751,0.020684616,0.000000000,99.945173248,0.000000000,100.000000000,99.965857864,0.000000000,-1.000000000,0.000000000
6,0.003000000,30.000000000,8.308429751,0.024835289,0.000000000,99.941022575,0.000000000,100.000000000,99.965857864,0.000000000,-1.000000000,0.000000000
7,0.003500000,35.000000000,8.324679751,0.028993462,0.000000000,99.936864402,0.000000000,100.000000000,99.965857864,0.000000000,-1.000000000,0.000000000
8,0.004000000,40.000000000,8.343429751,0.033160386,0.000000000,99.932697479,0.000000000,100.000000000,99.965857864,0.000000000,-1.000000000,0.000000000
9,0.004500000,45.000000000,8.364679751,0.037337309,0.000000000,99.928520555,0.000000000,100.000000000,99.965857864,0.000000000,-1.000000000,0.000000000
10,0.005000000,50.000000000,8.388429751,0.041525482,0.000000000,99.924332382,0.000000000,100.000000000,99.965857864,0.000000000,-1.000000000,0.000000000
11,0.005500000,55.000000000,8.414679751,0.045726155,0.000000000,99.920131709,0.000000000,100.000000000,99.965857864,0.000000000,-1.000000000,0.000000000
12,0.006000000,60.000000000,8.443429751,0.049940579,0.000000000,99.915917286,0.000000000,100.000000000,99.965857864,0.000000000,-1.000000000,0.000000000
13,0.006500000,65.000000000,8.474679751,0.054170002,0.000000000,99.911687863,0.000000000,100.000000000,99.965857864,0.000000000,-1.000000000,0.000000000
14,0.007000000,70.000000000,8.508429751,0.058415675,0.000000000,99.907442189,0.000000000,100.000000000,99.965857864,0.000000000,-1.000000000,0.000000000
15,0.007500000,75.000000000,8.544679751,0.062678848,0.000000000,99.903179016,0.000000000,100.000000000,99.965857864,0.000000000,-1.000000000,0.000000000
16,0.008000000,80.000000000,8.583429751,0.066960771,0.000000000,99.898897093,0.000000000,100.000000000,99.965857864,0.000000000,-1.000000000,0.000000000
17,0.008500000,85.000000000,8.624679751,0.071262695,0.000000000,99.894595170,0.000000000,100.000000000,99.965857864,0.000000000,-1.000000000,0.000000000
18,0.009000000,90.000000000,8.668429751,0.075585868,0.000000000,99.890271997,0.000000000,100.000000000,99.965857864,0.000000000,-1.000000000,0.000000000
19,0.009500000,95.000000000,8.714679751,0.079931541,0.000000000,99.885926323,0.000000000,100.000000000,99.965857864,0.000000000,-1.000000000,0.000000000
20,0.010000000,100.000000000,8.763429751,0.084300964,0.000000000,99.881556900,0.000000000,100.000000000,99.965857864,0.000000000,-1.000000000,0.000000000
21,0.010500000,105.000000000,8.814679751,0.088695387,0.000000000,99.877162477,0.000000000,100.000000000,99.965857864,0.000000000,-1.000000000,0.000000000
22,0.011000000,110.000000000,8.868429751,0.093116061,0.000000000,99.872741804,0.000000000,100.000000000,99.965857864,0.000000000,-1.000000000,0.000000000
23,0.011500000,115.000000000,8.924679751,0.097564234,0.000000000,99.868293631,0.000000000,100.000000000,99.965857864,0.000000000,-1.000000000,0.000000000
24,0.012000000,120.000000000,8.983429751,0.102041157,0.000000000,99.863816707,0.000000000,100.000000000,99.965857864,0.000000000,-1.000000000,0.000000000
25,0.012500000,125.000000000,9.044679751,0.106548080,0.000000000,99.859309784,0.000000000,100.000000000,99.965857864,0.000000000,-1.000000000,0.000000000
26,0.013000000,130.000000000,9.108429751,0.111086253,0.000000000,99.854771611,0.000000000,100.000000000,99.965857864,0.000000000,-1.000000000,0.000000000
27,0.013500000,135.000000000,9.174679751,0.115656927,0.000000000,99.850200938,0.000000000,100.000000000,99.965857864,0.000000000,-1.000000000,0.000000000
28,0.014000000,140.000000000,9.243429751,0.120261350,0.000000000,99.845596515,0.000000000,100.000000000,99.965857864,0.000000000,-1.000000000,0.000000000
29,0.014500000,145.000000000,9.314679751,0.124900773,0.000000000,99.840957091,0.000000000,100.000000000,99.965857864,0.000000000,-1.000000000,0.000000000
30,0.015000000,150.000000000,9.388429751,0.129576446,0.000000000,99.836281418,0.000000000,100.000000000,99.965857864,0.000000000,-1.000000000,0.000000000
31,0.015500000,155.000000000,9.464679751,0.134289619,0.000000000,99.831568245,0.000000000,100.000000000,99.965857864,0.000000000,-1.000000000,0.000000000
32,0.016000000,160.000000000,9.543429751,0.139041543,0.000000000,99.826816322,0.000000000,100.000000000,99.965857864,0.000000000,-1.000000000,0.000000000
33,0.016500000,165.000000000,9.624679751,0.143833466,0.000000000,99.822024398,0.000000000,100.000000000,99.965857864,0.000000000,-1.000000000,0.000000000
34,0.017000000,170.000000000,9.708429751,0.148666639,0.000000000,99.817191225,0.000000000,100.000000000,99.965857864,0.000000000,-1.000000000,0.000000000
35,0.017500000,175.000000000,9.794679751,0.153542312,0.000000000,99.812315552,0.000000000,100.000000000,99.965857864,0.000000000,-1.000000000,0.000000000
36,0.018000000,180.000000000,9.883429751,0.158461736,0.000000000,99.807396129,0.000000000,100.000000000,99.965857864,0.000000000,-1.000000000,0.000000000
37,0.018500000,185.000000000,9.974679751,0.163426159,0.000000000,99.802431706,0.000000000,100.000000000,99.965857864,0.000000000,-1.000000000,0.000000000
38,0.019000000,190.000000000,10.068429751,0.168436832,0.000000000,99.797421032,0.000000000,100.000000000,99.965857864,0.000000000,-1.000000000,0.000000000
39,0.019500000,195.000000000,10.164679751,0.173495005,0.000000000,99.792362859,0.000000000,100.000000000,99.965857864,0.000000000,-1.000000000,0.000000000
40,0.020000000,200.000000000,10.263429751,0.178601928,0.000000000,99.787255936,0.000000000,100.000000000,99.965857864,0.000000000,-1.000000000,0.000000000
41,0.020500000,205.000000000,10.364679751,0.183758852,0.000000000,99.782099013,0.000000000,100.000000000,99.965857864,0.000000000,-1.000000000,0.000000000
42,0.021000000,210.000000000,10.468429751,0.188967025,0.000000000,99.776890840,0.000000000,100.000000000,99.965857864,0.000000000,-1.000000000,0.000000000
43,0.021500000,215.000000000,10.574679751,0.194227698,0.000000000,99.771630166,0.000000000,100.000000000,99.965857864,0.000000000,-1.000000000,0.000000000
44,0.022000000,220.000000000,10.683429751,0.199542121,0.000000000,99.766315743,0.000000000,100.000000000,99.965857864,0.000000000,-1.000000000,0.000000000
45,0.022500000,225.000000000,10.794679751,0.204911544,0.000000000,99.760946320,0.000000000,100.000000000,99.965857864,0.000000000,-1.000000000,0.000000000
46,0.023000000,230.000000000,10.908429751,0.210337218,0.000000000,99.755520647,0.000000000,100.000000000,99.965857864,0.000000000,-1.000000000,0.000000000
47,0.023500000,235.000000000,11.024679751,0.215820391,0.000000000,99.750037474,0.000000000,100.000000000,99.965857864,0.000000000,-1.000000000,0.000000000
48,0.024000000,240.000000000,11.143429751,0.221362314,0.000000000,99.744495550,0.000000000,100.000000000,99.965857864,0.000000000,-1.000000000,0.000000000
49,0.024500000,245.000000000,11.264679751,0.226964237,0.000000000,99.738893627,0.000000000,100.000000000,99.965857864,0.000000000,-1.000000000,0.000000000
50,0.025000000,250.000000000,11.388429751,0.232627410,0.000000000,99.733230454,0.000000000,100.000000000,99.965857864,0.000000000,-1.000000000,0.000000000
51,0.025500000,255.000000000,11.514679751,0.238353084,0.000000000,99.727504781,0.000000000,100.000000000,99.965857864,0.000000000,-1.000000000,0.000000000
52,0.026000000,260.000000000,11.643429751,0.244142507,0.000000000,99.721715358,0.000000000,100.000000000,99.965857864,0.000000000,-1.000000000,0.000000000
53,0.026500000,265.000000000,11.774679751,0.249996930,0.000000000,99.715860934,0.000000000,100.000000000,99.965857864,0.000000000,-1.000000000,0.000000000
54,0.027000000,270.000000000,11.908429751,0.255917603,0.000000000,99.709940261,0.000000000,100.000000000,99.965857864,0.000000000,-1.000000000,0.000000000
55,0.027500000,275.000000000,12.044679751,0.261905776,0.000000000,99.703952088,0.000000000,100.000000000,99.965857864,0.000000000,-1.000000000,0.000000000
56,0.028000000,280.000000000,12.183429751,0.267962700,0.000000000,99.697895165,0.000000000,100.000000000,99.965857864,0.000000000,-1.000000000,0.000000000
57,0.028500000,285.000000000,12.324679751,0.274089623,0.000000000,99.691768241,0.000000000,100.000000000,99.965857864,0.000000000,-1.000000000,0.000000000
58,0.029000000,290.000000000,12.468429751,0.280287796,0.000000000,99.685570068,0.000000000,100.000000000,99.965857864,0.000000000,-1.000000000,0.000000000
59,0.029500000,295.000000000,12.614679751,0.286558469,0.000000000,99.679299395,0.000000000,100.000000000,99.965857864,0.000000000,-1.000000000,0.000000000
60,0.030000000,300.000000000,12.763429751,0.292902893,0.000000000,99.672954972,0.000000000,100.000000000,99.965857864,0.000000000,-1.000000000,0.000000000
61,0.030500000,305.000000000,12.914679751,0.299322316,0.000000000,99.666535549,0.000000000,100.000000000,99.965857864,0.000000000,-1.000000000,0.000000000
62,0.031000000,310.000000000,13.068429751,0.305817989,0.000000000,99.660039875,0.000000000,100.000000000,99.965857864,0.000000000,-1.000000000,0.000000000
63,0.031500000,315.000000000,13.224679751,0.312391162,0.000000000,99.653466702,0.000000000,100.000000000,99.965857864,0.000000000,-1.000000000,0.000000000
64,0.032000000,320.000000000,13.383429751,0.319043085,0.000000000,99.646814779,0.000000000,100.000000000,99.965857864,0.000000000,-1.000000000,0.000000000
65,0.032500000,325.000000000,13.544679751,0.325775009,0.000000000,99.640082856,0.000000000,100.000000000,99.965857864,0.000000000,-1.000000000,0.000000000
66,0.033000000,330.000000000,13.708429751,0.332588182,0.000000000,99.633269683,0.000000000,100.000000000,99.965857864,0.000000000,-1.000000000,0.000000000
67,0.033500000,335.000000000,13.874679751,0.339483855,0.000000000,99.626374009,0.000000000,100.000000000,99.965857864,0.000000000,-1.000000000,0.000000000
68,0.034000000,340.000000000,14.043429751,0.346463278,0.000000000,99.619394586,0.000000000,100.000000000,99.965857864,0.000000000,-1.000000000,0.000000000
69,0.034500000,345.000000000,14.214679751,0.353527701,0.000000000,99.612330163,0.000000000,100.000000000,99.965857864,0.000000000,-1.000000000,0.000000000
70,0.035000000,350.000000000,14.388429751,0.360678375,0.000000000,99.605179490,0.000000000,100.000000000,99.965857864,0.000000000,-1.000000000,0.000000000
71,0.035500000,355.000000000,14.564679751,0.367916548,0.000000000,99.597941317,0.000000000,100.000000000,99.965857864,0.000000000,-1.000000000,0.000000000
72,0.036000000,360.000000000,14.743429751,0.375243471,0.000000000,99.590614393,0.000000000,100.000000000,99.965857864,0.000000000,-1.000000000,0.000000000
73,0.036500000,365.000000000,14.924679751,0.382660394,0.000000000,99.583197470,0.000000000,100.000000000,99.965857864,0.000000000,-1.000000000,0.000000000
74,0.037000000,370.000000000,15.108429751,0.390168567,0.000000000,99.575689297,0.000000000,100.000000000,99.965857864,0.000000000,-1.000000000,0.000000000
75,0.037500000,375.000000000,15.294679751,0.397769241,0.000000000,99.568088624,0.000000000,100.000000000,99.965857864,0.000000000,-1.000000000,0.000000000
76,0.038000000,380.000000000,15.483429751,0.405463664,0.000000000,99.560394201,0.000000000,100.000000000,99.965857864,0.000000000,-1.000000000,0.000000000
77,0.038500000,385.000000000,15.674679751,0.413253087,0.000000000,99.552604777,0.000000000,100.000000000,99.965857864,0.000000000,-1.000000000,0.000000000
78,0.039000000,390.000000000,15.868429751,0.421138760,0.000000000,99.544719104,0.000000000,100.000000000,99.965857864,0.000000000,-1.000000000,0.000000000
79,0.039500000,395.000000000,16.064679751,0.429121933,0.000000000,99.536735931,0.000000000,100.000000000,99.965857864,0.000000000,-1.000000000,0.000000000
80,0.040000000,400.000000000,16.263429751,0.437203857,0.000000000,99.528654008,0.000000000,100.000000000,99.965857864,0.000000000,-1.000000000,0.000000000
81,0.040500000,405.000000000,16.464679751,0.445385780,0.000000000,99.520472084,0.000000000,100.000000000,99.965857864,0.000000000,-1.000000000,0.000000000
82,0.041000000,410.000000000,16.668429751,0.453668953,0.000000000,99.512188911,0.000000000,100.000000000,99.965857864,0.000000000,-1.000000000,0.000000000
83,0.041500000,415.000000000,16.874679751,0.462054626,0.000000000,99.503803238,0.000000000,100.000000000,99.965857864,0.000000000,-1.000000000,0.000000000
84,0.042000000,420.000000000,17.083429751,0.470544050,0.000000000,99.495313815,0.000000000,100.000000000,99.965857864,0.000000000,-1.000000000,0.000000000
85,0.042500000,425.000000000,17.294679751,0.479138473,0.000000000,99.486719392,0.000000000,100.000000000,99.965857864,0.000000000,-1.000000000,0.000000000
86,0.043000000,430.000000000,17.508429751,0.487839146,0.000000000,99.478018718,0.000000000,100.000000000,99.965857864,0.000000000,-1.000000000,0.000000000
87,0.043500000,435.000000000,17.724679751,0.496647319,0.000000000,99.469210545,0.000000000,100.000000000,99.965857864,0.000000000,-1.000000000,0.000000000
88,0.044000000,440.000000000,17.943429751,0.505564242,0.000000000,99.460293622,0.000000000,100.000000000,99.965857864,0.000000000,-1.000000000,0.000000000
89,0.044500000,445.000000000,18.164679751,0.514591166,0.000000000,99.451266699,0.000000000,100.000000000,99.965857864,0.000000000,-1.000000000,0.000000000
90,0.045000000,450.000000000,18.388429751,0.523729339,0.000000000,99.442128526,0.000000000,100.000000000,99.965857864,0.000000000,-1.000000000,0.000000000
91,0.045500000,455.000000000,18.614679751,0.532980012,0.000000000,99.432877852,0.000000000,100.000000000,99.965857864,0.000000000,-1.000000000,0.000000000
92,0.046000000,460.000000000,18.843429751,0.542344435,0.000000000,99.423513429,0.000000000,100.000000000,99.965857864,0.000000000,-1.000000000,0.000000000
93,0.046500000,465.000000000,19.074679751,0.551823858,0.000000000,99.414034006,0.000000000,100.000000000,99.965857864,0.000000000,-1.000000000,0.000000000
94,0.047000000,470.000000000,19.308429751,0.561419532,0.000000000,99.404438333,0.000000000,100.000000000,99.965857864,0.000000000,-1.000000000,0.000000000
95,0.047500000,475.000000000,19.544679751,0.571132705,0.000000000,99.394725160,0.000000000,100.000000000,99.965857864,0.000000000,-1.000000000,0.000000000
96,0.048000000,480.000000000,19.783429751,0.580964628,0.000000000,99.384893236,0.000000000,100.000000000,99.965857864,0.000000000,-1.000000000,0.000000000
97,0.048500000,485.000000000,20.024679751,0.590916551,0.000000000,99.374941313,0.000000000,100.000000000,99.965857864,0.000000000,-1.000000000,0.000000000
98,0.049000000,490.000000000,20.268429751,0.600989724,0.000000000,99.364868140,0.000000000,100.000000000,99.965857864,0.000000000,-1.000000000,0.000000000
99,0.049500000,495.000000000,20.514679751,0.611185398,0.000000000,99.354672467,0.000000000,100.000000000,99.965857864,0.000000000,-1.000000000,0.000000000
100,0.050000000,500.000000000,20.763429751,0.621504821,0.000000000,99.344353043,0.000000000,100.000000000,99.965857864,0.000000000,-1.000000000,0.000000000
101,0.050500000,505.000000000,21.014679751,0.631949244,0.000000000,99.333908620,0.000000000,100.000000000,99.965857864,0.000000000,-1.000000000,0.000000000
102,0.051000000,510.000000000,21.268429751,0.642519917,0.000000000,99.323337947,0.000000000,100.000000000,99.965857864,0.000000000,-1.000000000,0.000000000
103,0.051500000,515.000000000,21.524679751,0.653218091,0.000000000,99.312639774,0.000000000,100.000000000,99.965857864,0.000000000,-1.000000000,0.000000000
104,0.052000000,520.000000000,21.783429751,0.664045014,0.000000000,99.301812851,0.000000000,100.000000000,99.965857864,0.000000000,-1.000000000,0.000000000
105,0.052500000,525.000000000,22.044679751,0.675001937,0.000000000,99.290855927,0.000000000,100.000000000,99.965857864,0.000000000,-1.000000000,0.000000000
106,0.053000000,530.000000000,22.308429751,0.686090110,0.000000000,99.279767754,0.000000000,100.000000000,99.965857864,0.000000000,-1.000000000,0.000000000
107,0.053500000,535.000000000,22.574679751,0.697310783,0.000000000,99.268547081,0.000000000,100.000000000,99.965857864,0.000000000,-1.000000000,0.000000000
108,0.054000000,540.000000000,22.843429751,0.708665207,0.000000000,99.257192658,0.000000000,100.000000000,99.965857864,0.000000000,-1.000000000,0.000000000
109,0.054500000,545.000000000,23.114679751,0.720154630,0.000000000,99.245703235,0.000000000,100.000000000,99.965857864,0.000000000,-1.000000000,0.000000000
110,0.055000000,550.000000000,23.388429751,0.731780303,0.000000000,99.234077561,0.000000000,100.000000000,99.965857864,0.000000000,-1.000000000,0.000000000
111,0.055500000,555.000000000,23.664679751,0.743543476,0.000000000,99.222314388,0.000000000,100.000000000,99.965857864,0.000000000,-1.000000000,0.000000000
112,0.056000000,560.000000000,23.943429751,0.755445399,0.000000000,99.210412465,0.000000000,100.000000000,99.965857864,0.000000000,-1.000000000,0.000000000
113,0.056500000,565.000000000,24.224679751,0.767487323,0.000000000,99.198370542,0.000000000,100.000000000,99.965857864,0.000000000,-1.000000000,0.000000000
114,0.057000000,570.000000000,24.508429751,0.779670496,0.000000000,99.186187369,0.000000000,100.000000000,99.965857864,0.000000000,-1.000000000,0.000000000
115,0.057500000,575.000000000,24.794679751,0.791996169,0.000000000,99.173861695,0.000000000,100.000000000,99.965857864,0.000000000,-1.000000000,0.000000000
116,0.058000000,580.000000000,25.083429751,0.804465592,0.000000000,99.161392272,0.000000000,100.000000000,99.965857864,0.000000000,-1.000000000,0.000000000
117,0.058500000,585.000000000,25.374679751,0.817080015,0.000000000,99.148777849,0.000000000,100.000000000,99.965857864,0.000000000,-1.000000000,0.000000000
118,0.059000000,590.000000000,25.668429751,0.829840689,0.000000000,99.136017176,0.000000000,100.000000000,99.965857864,0.000000000,-1.000000000,0.000000000
119,0.059500000,595.000000000,25.964679751,0.842748862,0.000000000,99.123109003,0.000000000,100.000000000,99.965857864,0.000000000,-1.000000000,0.000000000
120,0.060000000,600.000000000,26.263429751,0.855805785,0.000000000,99.110052079,0.000000000,100.000000000,99.965857864,0.000000000,-1.000000000,0.000000000
121,0.060500000,605.000000000,26.564679751,0.869012708,0.000000000,99.096845156,0.000000000,100.000000000,99.965857864,0.000000000,-1.000000000,0.000000000
122,0.061000000,610.000000000,26.868429751,0.882370881,0.000000000,99.083486983,0.000000000,100.000000000,99.965857864,0.000000000,-1.000000000,0.000000000
123,0.061500000,615.000000000,27.174679751,0.895881555,0.000000000,99.069976310,0.000000000,100.000000000,99.965857864,0.000000000,-1.000000000,0.000000000
124,0.062000000,620.000000000,27.483429751,0.909545978,0.000000000,99.056311886,0.000000000,100.000000000,99.965857864,0.000000000,-1.000000000,0.000000000
125,0.062500000,625.000000000,27.794679751,0.923365401,0.000000000,99.042492463,0.000000000,100.000000000,99.965857864,0.000000000,-1.000000000,0.000000000
126,0.063000000,630.000000000,28.108429751,0.937341074,0.000000000,99.028516790,0.000000000,100.000000000,99.965857864,0.000000000,-1.000000000,0.000000000
127,0.063500000,635.000000000,28.424679751,0.951474248,0.000000000,99.014383617,0.000000000,100.000000000,99.965857864,0.000000000,-1.000000000,0.000000000
128,0.064000000,640.000000000,28.743429751,0.965766171,0.000000000,99.000091694,0.000000000,100.000000000,99.965857864,0.000000000,-1.000000000,0.000000000
129,0.064500000,645.000000000,29.064679751,0.980218094,0.000000000,98.985639770,0.000000000,100.000000000,99.965857864,0.000000000,-1.000000000,0.000000000
130,0.065000000,650.000000000,29.388429751,0.994831267,0.000000000,98.971026597,0.000000000,100.000000000,99.965857864,0.000000000,-1.000000000,0.000000000
131,0.065500000,655.000000000,29.714679751,1.009606940,0.000000000,98.956250924,0.000000000,100.000000000,99.965857864,0.000000000,-1.000000000,0.000000000
132,0.066000000,660.000000000,30.043429751,1.024546364,0.000000000,98.941311501,0.000000000,100.000000000,99.965857864,0.000000000,-1.000000000,0.000000000
133,0.066500000,665.000000000,30.374679751,1.039650787,0.000000000,98.926207078,0.000000000,100.000000000,99.965857864,0.000000000,-1.000000000,0.000000000
134,0.067000000,670.000000000,30.708429751,1.054921460,0.000000000,98.910936404,0.000000000,100.000000000,99.965857864,0.000000000,-1.000000000,0.000000000
135,0.067500000,675.000000000,31.044679751,1.070359633,0.000000000,98.895498231,0.000000000,100.000000000,99.965857864,0.000000000,-1.000000000,0.000000000
136,0.068000000,680.000000000,31.383429751,1.085966556,0.000000000,98.879891308,0.000000000,100.000000000,99.965857864,0.000000000,-1.000000000,0.000000000
137,0.068500000,685.000000000,31.724679751,1.101743480,0.000000000,98.864114385,0.000000000,100.000000000,99.965857864,0.000000000,-1.000000000,0.000000000
138,0.069000000,690.000000000,32.068429751,1.117691653,0.000000000,98.848166212,0.000000000,100.000000000,99.965857864,0.000000000,-1.000000000,0.000000000
139,0.069500000,695.000000000,32.414679751,1.133812326,0.000000000,98.832045538,0.000000000,100.000000000,99.965857864,0.000000000,-1.000000000,0.000000000
140,0.070000000,700.000000000,32.763429751,1.150106749,0.000000000,98.815751115,0.000000000,100.000000000,99.965857864,0.000000000,-1.000000000,0.000000000
141,0.070500000,705.000000000,33.114679751,1.166576172,0.000000000,98.799281692,0.000000000,100.000000000,99.965857864,0.000000000,-1.000000000,0.000000000
142,0.071000000,710.000000000,33.468429751,1.183221846,0.000000000,98.782636019,0.000000000,100.000000000,99.965857864,0.000000000,-1.000000000,0.000000000
143,0.071500000,715.000000000,33.824679751,1.200045019,0.000000000,98.765812846,0.000000000,100.000000000,99.965857864,0.000000000,-1.000000000,0.000000000
144,0.072000000,720.000000000,34.183429751,1.217046942,0.000000000,98.748810922,0.000000000,100.000000000,99.965857864,0.000000000,-1.000000000,0.000000000
145,0.072500000,725.000000000,34.544679751,1.234228865,0.000000000,98.731628999,0.000000000,100.000000000,99.965857864,0.000000000,-1.000000000,0.000000000
146,0.073000000,730.000000000,34.908429751,1.251592038,0.000000000,98.714265826,0.000000000,100.000000000,99.965857864,0.000000000,-1.000000000,0.000000000
147,0.073500000,735.000000000,35.274679751,1.269137712,0.000000000,98.696720153,0.000000000,100.000000000,99.965857864,0.000000000,-1.000000000,0.000000000
148,0.074000000,740.000000000,35.643429751,1.286867135,0.000000000,98.678990729,0.000000000,100.000000000,99.965857864,0.000000000,-1.000000000,0.000000000
149,0.074500000,745.000000000,36.014679751,1.304781558,0.000000000,98.661076306,0.000000000,100.000000000,99.965857864,0.000000000,-1.000000000,0.000000000
150,0.075000000,750.000000000,36.388429751,1.322882231,0.000000000,98.642975633,0.000000000,100.000000000,99.965857864,0.000000000,-1.000000000,0.000000000
151,0.075500000,755.000000000,36.764679751,1.341170405,0.000000000,98.624687460,0.000000000,100.000000000,99.965857864,0.000000000,-1.000000000,0.000000000
152,0.076000000,760.000000000,37.143429751,1.359647328,0.000000000,98.606210537,0.000000000,100.000000000,99.965857864,0.000000000,-1.000000000,0.000000000
153,0.076500000,765.000000000,37.524679751,1.378314251,0.000000000,98.587543613,0.000000000,100.000000000,99.965857864,0.000000000,-1.000000000,0.000000000
154,0.077000000,770.000000000,37.908429751,1.397172424,0.000000000,98.568685440,0.000000000,100.000000000,99.965857864,0.000000000,-1.000000000,0.000000000
155,0.077500000,775.000000000,38.294679751,1.416223097,0.000000000,98.549634767,0.000000000,100.000000000,99.965857864,0.000000000,-1.000000000,0.000000000
156,0.078000000,780.000000000,38.683429751,1.435467521,0.000000000,98.530390344,0.000000000,100.000000000,99.965857864,0.000000000,-1.000000000,0.000000000
157,0.078500000,785.000000000,39.074679751,1.454906944,0.000000000,98.510950921,0.000000000,100.000000000,99.965857864,0.000000000,-1.000000000,0.000000000
158,0.079000000,790.000000000,39.468429751,1.474542617,0.000000000,98.491315247,0.000000000,100.000000000,99.965857864,0.000000000,-1.000000000,0.000000000
159,0.079500000,795.000000000,39.864679751,1.494375790,0.000000000,98.471482074,0.000000000,100.000000000,99.965857864,0.000000000,-1.000000000,0.000000000
160,0.080000000,800.000000000,40.263429751,1.514407713,0.000000000,98.451450151,0.000000000,100.000000000,99.965857864,0.000000000,-1.000000000,0.000000000
161,0.080500000,805.000000000,40.664679751,1.534639637,0.000000000,98.431218228,0.000000000,100.000000000,99.965857864,0.000000000,-1.000000000,0.000000000
162,0.081000000,810.000000000,41.068429751,1.555072810,0.000000000,98.410785055,0.000000000,100.000000000,99.965857864,0.000000000,-1.000000000,0.000000000
163,0.081500000,815.000000000,41.474679751,1.575708483,0.000000000,98.390149381,0.000000000,100.000000000,99.965857864,0.000000000,-1.000000000,0.000000000
164,0.082000000,820.000000000,41.883429751,1.596547906,0.000000000,98.369309958,0.000000000,100.000000000,99.965857864,0.000000000,-1.000000000,0.000000000
165,0.082500000,825.000000000,42.294679751,1.617592329,0.000000000,98.348265535,0.000000000,100.000000000,99.965857864,0.000000000,-1.000000000,0.000000000
166,0.083000000,830.000000000,42.708429751,1.638843003,0.000000000,98.327014862,0.000000000,100.000000000,99.965857864,0.000000000,-1.000000000,0.000000000
167,0.083500000,835.000000000,43.124679751,1.660301176,0.000000000,98.305556689,0.000000000,100.000000000,99.965857864,0.000000000,-1.000000000,0.000000000
168,0.084000000,840.000000000,43.543429751,1.681968099,0.000000000,98.283889765,0.000000000,100.000000000,99.965857864,0.000000000,-1.000000000,0.000000000
169,0.084500000,845.000000000,43.964679751,1.703845022,0.000000000,98.262012842,0.000000000,100.000000000,99.965857864,0.000000000,-1.000000000,0.000000000
170,0.085000000,850.000000000,44.388429751,1.725933195,0.000000000,98.239924669,0.000000000,100.000000000,99.965857864,0.000000000,-1.000000000,0.000000000
171,0.085500000,855.000000000,44.814679751,1.748233869,0.000000000,98.217623996,0.000000000,100.000000000,99.965857864,0.000000000,-1.000000000,0.000000000
172,0.086000000,860.000000000,45.243429751,1.770748292,0.000000000,98.195109572,0.000000000,100.000000000,99.965857864,0.000000000,-1.000000000,0.000000000
173,0.086500000,865.000000000,45.674679751,1.793477715,0.000000000,98.172380149,0.000000000,100.000000000,99.965857864,0.000000000,-1.000000000,0.000000000
174,0.087000000,870.000000000,46.108429751,1.816423388,0.000000000,98.149434476,0.000000000,100.000000000,99.965857864,0.000000000,-1.000000000,0.000000000
175,0.087500000,875.000000000,46.544679751,1.839586562,0.000000000,98.126271303,0.000000000,100.000000000,99.965857864,0.000000000,-1.000000000,0.000000000
176,0.088000000,880.000000000,46.983429751,1.862968485,0.000000000,98.102889380,0.000000000,100.000000000,99.965857864,0.000000000,-1.000000000,0.000000000
177,0.088500000,885.000000000,47.424679751,1.886570408,0.000000000,98.079287456,0.000000000,100.000000000,99.965857864,0.000000000,-1.000000000,0.000000000
178,0.089000000,890.000000000,47.868429751,1.910393581,0.000000000,98.055464283,0.000000000,100.000000000,99.965857864,0.000000000,-1.000000000,0.000000000
179,0.089500000,895.000000000,48.314679751,1.934439254,0.000000000,98.031418610,0.000000000,100.000000000,99.965857864,0.000000000,-1.000000000,0.000000000
180,0.090000000,900.000000000,48.763429751,1.958708678,0.000000000,98.007149187,0.000000000,100.000000000,99.965857864,0.000000000,-1.000000000,0.000000000
181,0.090500000,905.000000000,49.214679751,1.983203101,0.000000000,97.982654764,0.000000000,100.000000000,99.965857864,0.000000000,-1.000000000,0.000000000
182,0.091000000,910.000000000,49.668429751,2.007923774,0.000000000,97.957934090,0.000000000,100.000000000,99.965857864,0.000000000,-1.000000000,0.000000000
183,0.091500000,915.000000000,50.124679751,2.032871947,0.000000000,97.932985917,0.000000000,100.000000000,99.965857864,0.000000000,-1.000000000,0.000000000
184,0.092000000,920.000000000,50.583429751,2.058048870,0.000000000,97.907808994,0.000000000,100.000000000,99.965857864,0.000000000,-1.000000000,0.000000000
185,0.092500000,925.000000000,51.044679751,2.083455794,0.000000000,97.882402071,0.000000000,100.000000000,99.965857864,0.000000000,-1.000000000,0.000000000
186,0.093000000,930.000000000,51.508429751,2.109093967,0.000000000,97.856763898,0.000000000,100.000000000,99.965857864,0.000000000,-1.000000000,0.000000000
187,0.093500000,935.000000000,51.974679751,2.134964640,0.000000000,97.830893224,0.000000000,100.000000000,99.965857864,0.000000000,-1.000000000,0.000000000
188,0.094000000,940.000000000,52.443429751,2.161069063,0.000000000,97.804788801,0.000000000,100.000000000,99.965857864,0.000000000,-1.000000000,0.000000000
189,0.094500000,945.000000000,52.914679751,2.187408486,0.000000000,97.778449378,0.000000000,100.000000000,99.965857864,0.000000000,-1.000000000,0.000000000
190,0.095000000,950.000000000,53.388429751,2.213984160,0.000000000,97.751873705,0.000000000,100.000000000,99.965857864,0.000000000,-1.000000000,0.000000000
191,0.095500000,955.000000000,53.864679751,2.240797333,0.000000000,97.725060532,0.000000000,100.000000000,99.965857864,0.000000000,-1.000000000,0.000000000
192,0.096000000,955.584195478,54.342942268,2.267849220,0.000000000,97.698008644,0.000000000,100.000000000,99.965857864,0.000000000,-1.000000000,0.000000000
193,0.096500000,950.584195478,54.819484365,2.295139931,0.000000000,97.670717933,0.000000000,100.000000000,99.965857864,0.000000000,-1.000000000,0.000000000
194,0.097000000,945.584195478,55.293526463,2.322668288,0.000000000,97.643189576,0.000000000,100.000000000,99.965857864,0.000000000,-1.000000000,0.000000000
195,0.097500000,940.584195478,55.765068561,2.350433041,0.000000000,97.615424824,0.000000000,100.000000000,99.965857864,0.000000000,-1.000000000,0.000000000
196,0.098000000,935.584195478,56.234110659,2.378432940,0.000000000,97.587424925,0.000000000,100.000000000,99.965857864,0.000000000,-1.000000000,0.000000000
197,0.098500000,930.584195478,56.700652756,2.406666735,0.000000000,97.559191130,0.000000000,100.000000000,99.965857864,0.000000000,-1.000000000,0.000000000
198,0.099000000,925.584195478,57.164694854,2.435133176,0.000000000,97.530724688,0.000000000,100.000000000,99.965857864,0.000000000,-1.000000000,0.000000000
199,0.099500000,920.584195478,57.626236952,2.463831013,0.000000000,97.502026851,0.000000000,100.000000000,99.965857864,0.000000000,-1.000000000,0.000000000
200,0.100000000,915.584195478,58.085279050,2.492758996,0.000000000,97.473098868,0.000000000,100.000000000,99.965857864,0.000000000,-1.000000000,0.000000000
201,0.100500000,910.584195478,58.541821147,2.521915875,0.000000000,97.443941989,0.000000000,100.000000000,99.965857864,0.000000000,-1.000000000,0.000000000
202,0.101000000,905.584195478,58.995863245,2.551300401,0.000000000,97.414557464,0.000000000,100.000000000,99.965857864,0.000000000,-1.000000000,0.000000000
203,0.101500000,900.584195478,59.447405343,2.580911322,0.000000000,97.384946542,0.000000000,100.000000000,99.965857864,0.000000000,-1.000000000,0.000000000
204,0.102000000,895.584195478,59.896447440,2.610747389,0.000000000,97.355110475,0.000000000,100.000000000,99.965857864,0.000000000,-1.000000000,0.000000000
205,0.102500000,890.584195478,60.342989538,2.640807353,0.000000000,97.325050512,0.000000000,100.000000000,99.965857864,0.000000000,-1.000000000,0.000000000
206,0.103000000,885.584195478,60.787031636,2.671089962,0.000000000,97.294767902,0.000000000,100.000000000,99.965857864,0.000000000,-1.000000000,0.000000000
207,0.103500000,880.584195478,61.228573734,2.701593968,0.000000000,97.264263897,0.000000000,100.000000000,99.965857864,0.000000000,-1.000000000,0.000000000
208,0.104000000,875.584195478,61.667615831,2.732318119,0.000000000,97.233539745,0.000000000,100.000000000,99.965857864,0.000000000,-1.000000000,0.000000000
209,0.104500000,870.584195478,62.104157929,2.763261167,0.000000000,97.202596698,0.000000000,100.000000000,99.965857864,0.000000000,-1.000000000,0.000000000
210,0.105000000,865.584195478,62.538200027,2.794421861,0.000000000,97.171436004,0.000000000,100.000000000,99.965857864,0.000000000,-1.000000000,0.000000000
211,0.105500000,860.584195478,62.969742125,2.825798950,0.000000000,97.140058914,0.000000000,100.000000000,99.965857864,0.000000000,-1.000000000,0.000000000
212,0.106000000,855.584195478,63.398784222,2.857391186,0.000000000,97.108466678,0.000000000,100.000000000,99.965857864,0.000000000,-1.000000000,0.000000000
213,0.106500000,850.584195478,63.825326320,2.889197318,0.000000000,97.076660547,0.000000000,100.000000000,99.965857864,0.000000000,-1.000000000,0.000000000
214,0.107000000,845.584195478,64.249368418,2.921216096,0.000000000,97.044641769,0.000000000,100.000000000,99.965857864,0.000000000,-1.000000000,0.000000000
215,0.107500000,840.584195478,64.670910516,2.953446270,0.000000000,97.012411595,0.000000000,100.000000000,99.965857864,0.000000000,-1.000000000,0.000000000
216,0.108000000,835.584195478,65.089952613,2.985886589,0.000000000,96.979971275,0.000000000,100.000000000,99.965857864,0.000000000,-1.000000000,0.000000000
217,0.108500000,830.584195478,65.506494711,3.018535805,0.000000000,96.947322059,0.000000000,100.000000000,99.965857864,0.000000000,-1.000000000,0.000000000
218,0.109000000,825.584195478,65.920536809,3.051392668,0.000000000,96.914465197,0.000000000,100.000000000,99.965857864,0.000000000,-1.000000000,0.000000000
219,0.109500000,820.584195478,66.332078907,3.084455926,0.000000000,96.881401939,0.000000000,100.000000000,99.965857864,0.000000000,-1.000000000,0.000000000
220,0.110000000,815.584195478,66.741121004,3.117724330,0.000000000,96.848133535,0.000000000,100.000000000,99.965857864,0.000000000,-1.000000000,0.000000000
221,0.110500000,810.584195478,67.147663102,3.151196630,0.000000000,96.814661234,0.000000000,100.000000000,99.965857864,0.000000000,-1.000000000,0.000000000
222,0.111000000,805.584195478,67.551705200,3.184871576,0.000000000,96.780986288,0.000000000,100.000000000,99.965857864,0.000000000,-1.000000000,0.000000000
223,0.111500000,800.584195478,67.953247298,3.218747919,0.000000000,96.747109946,0.000000000,100.000000000,99.965857864,0.000000000,-1.000000000,0.000000000
224,0.112000000,795.584195478,68.352289395,3.252824407,0.000000000,96.713033458,0.000000000,100.000000000,99.965857864,0.000000000,-1.000000000,0.000000000
225,0.112500000,790.584195478,68.748831493,3.287099791,0.000000000,96.678758073,0.000000000,100.000000000,99.965857864,0.000000000,-1.000000000,0.000000000
226,0.113000000,785.584195478,69.142873591,3.321572822,0.000000000,96.644285043,0.000000000,100.000000000,99.965857864,0.000000000,-1.000000000,0.000000000
227,0.113500000,780.584195478,69.534415688,3.356242248,0.000000000,96.609615616,0.000000000,100.000000000,99.965857864,0.000000000,-1.000000000,0.000000000
228,0.114000000,775.584195478,69.923457786,3.391106821,0.000000000,96.574751044,0.000000000,100.000000000,99.965857864,0.000000000,-1.000000000,0.000000000
229,0.114500000,770.584195478,70.309999884,3.426165289,0.000000000,96.539692575,0.000000000,100.000000000,99.965857864,0.000000000,-1.000000000,0.000000000
230,0.115000000,765.584195478,70.694041982,3.461416404,0.000000000,96.504441460,0.000000000,100.000000000,99.965857864,0.000000000,-1.000000000,0.000000000
231,0.115500000,760.584195478,71.075584079,3.496858915,0.000000000,96.468998950,0.000000000,100.000000000,99.965857864,0.000000000,-1.000000000,0.000000000
232,0.116000000,755.584195478,71.454626177,3.532491571,0.000000000,96.433366293,0.000000000,100.000000000,99.965857864,0.000000000,-1.000000000,0.000000000
233,0.116500000,750.584195478,71.831168275,3.568313124,0.000000000,96.397544740,0.000000000,100.000000000,99.965857864,0.000000000,-1.000000000,0.000000000
234,0.117000000,745.584195478,72.205210373,3.604322323,0.000000000,96.361535541,0.000000000,100.000000000,99.965857864,0.000000000,-1.000000000,0.000000000
235,0.117500000,740.584195478,72.576752470,3.640517918,0.000000000,96.325339947,0.000000000,100.000000000,99.965857864,0.000000000,-1.000000000,0.000000000
236,0.118000000,735.584195478,72.945794568,3.676898659,0.000000000,96.288959206,0.000000000,100.000000000,99.965857864,0.000000000,-1.000000000,0.000000000
237,0.118500000,730.584195478,73.312336666,3.713463296,0.000000000,96.252394569,0.000000000,100.000000000,99.965857864,0.000000000,-1.000000000,0.000000000
238,0.119000000,725.584195478,73.676378764,3.750210579,0.000000000,96.215647286,0.000000000,100.000000000,99.965857864,0.000000000,-1.000000000,0.000000000
239,0.119500000,720.584195478,74.037920861,3.787139258,0.000000000,96.178718607,0.000000000,100.000000000,99.965857864,0.000000000,-1.000000000,0.000000000
240,0.120000000,715.584195478,74.396962959,3.824248083,0.000000000,96.141609781,0.000000000,100.000000000,99.965857864,0.000000000,-1.000000000,0.000000000
241,0.120500000,710.584195478,74.753505057,3.861535804,0.000000000,96.104322060,0.000000000,100.000000000,99.965857864,0.000000000,-1.000000000,0.000000000
242,0.121000000,705.584195478,75.107547155,3.899001171,0.000000000,96.066856693,0.000000000,100.000000000,99.965857864,0.000000000,-1.000000000,0.000000000
243,0.121500000,700.584195478,75.459089252,3.936642935,0.000000000,96.029214930,0.000000000,100.000000000,99.965857864,0.000000000,-1.000000000,0.000000000
244,0.122000000,695.584195478,75.808131350,3.974459844,0.000000000,95.991398020,0.000000000,100.000000000,99.965857864,0.000000000,-1.000000000,0.000000000
245,0.122500000,690.584195478,76.154673448,4.012450649,0.000000000,95.953407215,0.000000000,100.000000000,99.965857864,0.000000000,-1.000000000,0.000000000
246,0.123000000,685.584195478,76.498715546,4.050614101,0.000000000,95.915243764,0.000000000,100.000000000,99.965857864,0.000000000,-1.000000000,0.000000000
247,0.123500000,680.584195478,76.840257643,4.088948948,0.000000000,95.876908916,0.000000000,100.000000000,99.965857864,0.000000000,-1.000000000,0.000000000
248,0.124000000,675.584195478,77.179299741,4.127453942,0.000000000,95.838403923,0.000000000,100.000000000,99.965857864,0.000000000,-1.000000000,0.000000000
249,0.124500000,670.584195478,77.515841839,4.166127831,0.000000000,95.799730033,0.000000000,100.000000000,99.965857864,0.000000000,-1.000000000,0.000000000
250,0.125000000,665.584195478,77.849883936,4.204969367,0.000000000,95.760888498,0.000000000,100.000000000,99.965857864,0.000000000,-1.000000000,0.000000000
251,0.125500000,660.584195478,78.181426034,4.243977298,0.000000000,95.721880566,0.000000000,100.000000000,99.965857864,0.000000000,-1.000000000,0.000000000
252,0.126000000,655.584195478,78.510468132,4.283150376,0.000000000,95.682707488,0.000000000,100.000000000,99.965857864,0.000000000,-1.000000000,0.000000000
253,0.126500000,650.584195478,78.837010230,4.322487350,0.000000000,95.643370514,0.000000000,100.000000000,99.965857864,0.000000000,-1.000000000,0.000000000
254,0.127000000,645.584195478,79.161052327,4.361986970,0.000000000,95.603870895,0.000000000,100.000000000,99.965857864,0.000000000,-1.000000000,0.000000000
255,0.127500000,640.584195478,79.482594425,4.401647986,0.000000000,95.564209879,0.000000000,100.000000000,99.965857864,0.000000000,-1.000000000,0.000000000
256,0.128000000,635.584195478,79.801636523,4.441469148,0.000000000,95.524388717,0.000000000,100.000000000,99.965857864,0.000000000,-1.000000000,0.000000000
257,0.128500000,630.584195478,80.118178621,4.481449205,0.000000000,95.484408659,0.000000000,100.000000000,99.965857864,0.000000000,-1.000000000,0.000000000
258,0.129000000,625.584195478,80.432220718,4.521586909,0.000000000,95.444270955,0.000000000,100.000000000,99.965857864,0.000000000,-1.000000000,0.000000000
259,0.129500000,620.584195478,80.743762816,4.561881010,0.000000000,95.403976855,0.000000000,100.000000000,99.965857864,0.000000000,-1.000000000,0.000000000
260,0.130000000,615.584195478,81.052804914,4.602330256,0.000000000,95.363527609,0.000000000,100.000000000,99.965857864,0.000000000,-1.000000000,0.000000000
261,0.130500000,610.584195478,81.359347012,4.642933398,0.000000000,95.322924467,0.000000000,100.000000000,99.965857864,0.000000000,-1.000000000,0.000000000
262,0.131000000,605.584195478,81.663389109,4.683689186,0.000000000,95.282168678,0.000000000,100.000000000,99.965857864,0.000000000,-1.000000000,0.000000000
263,0.131500000,600.584195478,81.964931207,4.724596370,0.000000000,95.241261494,0.000000000,100.000000000,99.965857864,0.000000000,-1.000000000,0.000000000
264,0.132000000,595.584195478,82.263973305,4.765653701,0.000000000,95.200204164,0.000000000,100.000000000,99.965857864,0.000000000,-1.000000000,0.000000000
265,0.132500000,590.584195478,82.560515403,4.806859927,0.000000000,95.158997938,0.000000000,100.000000000,99.965857864,0.000000000,-1.000000000,0.000000000
266,0.133000000,585.584195478,82.854557500,4.848213799,0.000000000,95.117644065,0.000000000,100.000000000,99.965857864,0.000000000,-1.000000000,0.000000000
267,0.133500000,580.584195478,83.146099598,4.889714068,0.000000000,95.076143797,0.000000000,100.000000000,99.965857864,0.000000000,-1.000000000,0.000000000
268,0.134000000,575.584195478,83.435141696,4.931359482,0.000000000,95.034498382,0.000000000,100.000000000,99.965857864,0.000000000,-1.000000000,0.000000000
269,0.134500000,570.584195478,83.721683794,4.973148793,0.000000000,94.992709072,0.000000000,100.000000000,99.965857864,0.000000000,-1.000000000,0.000000000
270,0.135000000,565.584195478,84.005725891,5.015080749,0.000000000,94.950777115,0.000000000,100.000000000,99.965857864,0.000000000,-1.000000000,0.000000000
271,0.135500000,560.584195478,84.287267989,5.057154102,0.000000000,94.908703762,0.000000000,100.000000000,99.965857864,0.000000000,-1.000000000,0.000000000
272,0.136000000,555.584195478,84.566310087,5.099367601,0.000000000,94.866490264,0.000000000,100.000000000,99.965857864,0.000000000,-1.000000000,0.000000000
273,0.136500000,550.584195478,84.842852184,5.141719995,0.000000000,94.824137869,0.000000000,100.000000000,99.965857864,0.000000000,-1.000000000,0.000000000
274,0.137000000,545.584195478,85.116894282,5.184210036,0.000000000,94.781647828,0.000000000,100.000000000,99.965857864,0.000000000,-1.000000000,0.000000000
275,0.137500000,540.584195478,85.388436380,5.226836473,0.000000000,94.739021391,0.000000000,100.000000000,99.965857864,0.000000000,-1.000000000,0.000000000
276,0.138000000,535.584195478,85.657478478,5.269598056,0.000000000,94.696259809,0.000000000,100.000000000,99.965857864,0.000000000,-1.000000000,0.000000000
277,0.138500000,530.584195478,85.924020575,5.312493535,0.000000000,94.653364330,0.000000000,100.000000000,99.965857864,0.000000000,-1.000000000,0.000000000
278,0.139000000,525.584195478,86.188062673,5.355521660,0.000000000,94.610336205,0.000000000,100.000000000,99.965857864,0.000000000,-1.000000000,0.000000000
279,0.139500000,520.584195478,86.449604771,5.398681181,0.000000000,94.567176684,0.000000000,100.000000000,99.965857864,0.000000000,-1.000000000,0.000000000
280,0.140000000,515.584195478,86.708646869,5.441970848,0.000000000,94.523887017,0.000000000,100.000000000,99.965857864,0.000000000,-1.000000000,0.000000000
281,0.140500000,510.584195478,86.965188966,5.485389411,0.000000000,94.480468453,0.000000000,100.000000000,99.965857864,0.000000000,-1.000000000,0.000000000
282,0.141000000,505.584195478,87.219231064,5.528935620,0.000000000,94.436922244,0.000000000,100.000000000,99.965857864,0.000000000,-1.000000000,0.000000000
283,0.141500000,500.584195478,87.470773162,5.572608225,0.000000000,94.393249639,0.000000000,100.000000000,99.965857864,0.000000000,-1.000000000,0.000000000
284,0.142000000,495.584195478,87.719815260,5.616405977,0.000000000,94.349451888,0.000000000,100.000000000,99.965857864,0.000000000,-1.000000000,0.000000000
285,0.142500000,490.584195478,87.966357357,5.660327624,0.000000000,94.305530240,0.000000000,100.000000000,99.965857864,0.000000000,-1.000000000,0.000000000
286,0.143000000,485.584195478,88.210399455,5.704371917,0.000000000,94.261485947,0.000000000,100.000000000,99.965857864,0.000000000,-1.000000000,0.000000000
287,0.143500000,480.584195478,88.451941553,5.748537607,0.000000000,94.217320258,0.000000000,100.000000000,99.965857864,0.000000000,-1.000000000,0.000000000
288,0.144000000,475.584195478,88.690983651,5.792823442,0.000000000,94.173034422,0.000000000,100.000000000,99.965857864,0.000000000,-1.000000000,0.000000000
289,0.144500000,470.584195478,88.927525748,5.837228174,0.000000000,94.128629691,0.000000000,100.000000000,99.965857864,0.000000000,-1.000000000,0.000000000
290,0.145000000,465.584195478,89.161567846,5.881750551,0.000000000,94.084107313,0.000000000,100.000000000,99.965857864,0.000000000,-1.000000000,0.000000000
291,0.145500000,460.584195478,89.393109944,5.926389325,0.000000000,94.039468539,0.000000000,100.000000000,99.965857864,0.000000000,-1.000000000,0.000000000
292,0.146000000,455.584195478,89.622152042,5.971143245,0.000000000,93.994714620,0.000000000,100.000000000,99.965857864,0.000000000,-1.000000000,0.000000000
293,0.146500000,450.584195478,89.848694139,6.016011060,0.000000000,93.949846804,0.000000000,100.000000000,99.965857864,0.000000000,-1.000000000,0.000000000
294,0.147000000,445.584195478,90.072736237,6.060991522,0.000000000,93.904866342,0.000000000,100.000000000,99.965857864,0.000000000,-1.000000000,0.000000000
295,0.147500000,440.584195478,90.294278335,6.106083380,0.000000000,93.859774484,0.000000000,100.000000000,99.965857864,0.000000000,-1.000000000,0.000000000
296,0.148000000,435.584195478,90.513320432,6.151285384,0.000000000,93.814572481,0.000000000,100.000000000,99.965857864,0.000000000,-1.000000000,0.000000000
297,0.148500000,430.584195478,90.729862530,6.196596284,0.000000000,93.769261581,0.000000000,100.000000000,99.965857864,0.000000000,-1.000000000,0.000000000
298,0.149000000,425.584195478,90.943904628,6.242014830,0.000000000,93.723843035,0.000000000,100.000000000,99.965857864,0.000000000,-1.000000000,0.000000000
299,0.149500000,420.584195478,91.155446726,6.287539772,0.000000000,93.678318093,0.000000000,100.000000000,99.965857864,0.000000000,-1.000000000,0.000000000
300,0.150000000,415.584195478,91.364488823,6.333169860,0.000000000,93.632688005,0.000000000,100.000000000,99.965857864,0.000000000,-1.000000000,0.000000000
301,0.150500000,410.584195478,91.571030921,6.378903844,0.000000000,93.586954021,0.000000000,100.000000000,99.965857864,0.000000000,-1.000000000,0.000000000
302,0.151000000,405.584195478,91.775073019,6.424740474,0.000000000,93.541117390,0.000000000,100.000000000,99.965857864,0.000000000,-1.000000000,0.000000000
303,0.151500000,400.584195478,91.976615117,6.470678500,0.000000000,93.495179364,0.000000000,100.000000000,99.965857864,0.000000000,-1.000000000,0.000000000
304,0.152000000,395.584195478,92.175657214,6.516716672,0.000000000,93.449141192,0.000000000,100.000000000,99.965857864,0.000000000,-1.000000000,0.000000000
305,0.152500000,390.584195478,92.372199312,6.562853741,0.000000000,93.403004124,0.000000000,100.000000000,99.965857864,0.000000000,-1.000000000,0.000000000
306,0.153000000,385.584195478,92.566241410,6.609088455,0.000000000,93.356769409,0.000000000,100.000000000,99.965857864,0.000000000,-1.000000000,0.000000000
307,0.153500000,380.584195478,92.757783508,6.655419565,0.000000000,93.310438299,0.000000000,100.000000000,99.965857864,0.000000000,-1.000000000,0.000000000
308,0.154000000,375.584195478,92.946825605,6.701845822,0.000000000,93.264012043,0.000000000,100.000000000,99.965857864,0.000000000,-1.000000000,0.000000000
309,0.154500000,370.584195478,93.133367703,6.748365974,0.000000000,93.217491890,0.000000000,100.000000000,99.965857864,0.000000000,-1.000000000,0.000000000
310,0.155000000,365.584195478,93.317409801,6.794978773,0.000000000,93.170879091,0.000000000,100.000000000,99.965857864,0.000000000,-1.000000000,0.000000000
311,0.155500000,360.584195478,93.498951899,6.841682967,0.000000000,93.124174897,0.000000000,100.000000000,99.965857864,0.000000000,-1.000000000,0.000000000
312,0.156000000,355.584195478,93.677993996,6.888477308,0.000000000,93.077380556,0.000000000,100.000000000,99.965857864,0.000000000,-1.000000000,0.000000000
313,0.156500000,350.584195478,93.854536094,6.935360545,0.000000000,93.030497320,0.000000000,100.000000000,99.965857864,0.000000000,-1.000000000,0.000000000
314,0.157000000,345.584195478,94.028578192,6.982331428,0.000000000,92.983526437,0.000000000,100.000000000,99.965857864,0.000000000,-1.000000000,0.000000000
315,0.157500000,340.584195478,94.200120290,7.029388706,0.000000000,92.936469158,0.000000000,100.000000000,99.965857864,0.000000000,-1.000000000,0.000000000
316,0.158000000,335.584195478,94.369162387,7.076531131,0.000000000,92.889326733,0.000000000,100.000000000,99.965857864,0.000000000,-1.000000000,0.000000000
317,0.158500000,330.584195478,94.535704485,7.123757452,0.000000000,92.842100412,0.000000000,100.000000000,99.965857864,0.000000000,-1.000000000,0.000000000
318,0.159000000,325.584195478,94.699746583,7.171066419,0.000000000,92.794791445,0.000000000,100.000000000,99.965857864,0.000000000,-1.000000000,0.000000000
319,0.159500000,320.584195478,94.861288680,7.218456782,0.000000000,92.747401082,0.000000000,100.000000000,99.965857864,0.000000000,-1.000000000,0.000000000
320,0.160000000,315.584195478,95.020330778,7.265927291,0.000000000,92.699930573,0.000000000,100.000000000,99.965857864,0.000000000,-1.000000000,0.000000000
321,0.160500000,310.584195478,95.176872876,7.313476696,0.000000000,92.652381168,0.000000000,100.000000000,99.965857864,0.000000000,-1.000000000,0.000000000
322,0.161000000,305.584195478,95.330914974,7.361103747,0.000000000,92.604754117,0.000000000,100.000000000,99.965857864,0.000000000,-1.000000000,0.000000000
323,0.161500000,300.584195478,95.482457071,7.408807194,0.000000000,92.557050670,0.000000000,100.000000000,99.965857864,0.000000000,-1.000000000,0.000000000
324,0.162000000,295.584195478,95.631499169,7.456585788,0.000000000,92.509272077,0.000000000,100.000000000,99.965857864,0.000000000,-1.000000000,0.000000000
325,0.162500000,290.584195478,95.778041267,7.504438277,0.000000000,92.461419587,0.000000000,100.000000000,99.965857864,0.000000000,-1.000000000,0.000000000
326,0.163000000,285.584195478,95.922083365,7.552363412,0.000000000,92.413494452,0.000000000,100.000000000,99.965857864,0.000000000,-1.000000000,0.000000000
327,0.163500000,280.584195478,96.063625462,7.600359944,0.000000000,92.365497921,0.000000000,100.000000000,99.965857864,0.000000000,-1.000000000,0.000000000
328,0.164000000,275.584195478,96.202667560,7.648426621,0.000000000,92.317431243,0.000000000,100.000000000,99.965857864,0.000000000,-1.000000000,0.000000000
329,0.164500000,270.584195478,96.339209658,7.696562194,0.000000000,92.269295670,0.000000000,100.000000000,99.965857864,0.000000000,-1.000000000,0.000000000
330,0.165000000,265.584195478,96.473251756,7.744765414,0.000000000,92.221092450,0.000000000,100.000000000,99.965857864,0.000000000,-1.000000000,0.000000000
331,0.165500000,260.584195478,96.604793853,7.793035030,0.000000000,92.172822835,0.000000000,100.000000000,99.965857864,0.000000000,-1.000000000,0.000000000
332,0.166000000,255.584195478,96.733835951,7.841369791,0.000000000,92.124488073,0.000000000,100.000000000,99.965857864,0.000000000,-1.000000000,0.000000000
333,0.166500000,250.584195478,96.860378049,7.889768449,0.000000000,92.076089416,0.000000000,100.000000000,99.965857864,0.000000000,-1.000000000,0.000000000
334,0.167000000,245.584195478,96.984420147,7.938229753,0.000000000,92.027628112,0.000000000,100.000000000,99.965857864,0.000000000,-1.000000000,0.000000000
335,0.167500000,240.584195478,97.105962244,7.986752452,0.000000000,91.979105412,0.000000000,100.000000000,99.965857864,0.000000000,-1.000000000,0.000000000
336,0.168000000,235.584195478,97.225004342,8.035335298,0.000000000,91.930522566,0.000000000,100.000000000,99.965857864,0.000000000,-1.000000000,0.000000000
337,0.168500000,230.584195478,97.341546440,8.083977040,0.000000000,91.881880824,0.000000000,100.000000000,99.965857864,0.000000000,-1.000000000,0.000000000
338,0.169000000,225.584195478,97.455588538,8.132676428,0.000000000,91.833181436,0.000000000,100.000000000,99.965857864,0.000000000,-1.000000000,0.000000000
339,0.169500000,220.584195478,97.567130635,8.181432212,0.000000000,91.784425652,0.000000000,100.000000000,99.965857864,0.000000000,-1.000000000,0.000000000
340,0.170000000,215.584195478,97.676172733,8.230243142,0.000000000,91.735614722,0.000000000,100.000000000,99.965857864,0.000000000,-1.000000000,0.000000000
341,0.170500000,210.584195478,97.782714831,8.279107968,0.000000000,91.686749896,0.000000000,100.000000000,99.965857864,0.000000000,-1.000000000,0.000000000
342,0.171000000,205.584195478,97.886756928,8.328025440,0.000000000,91.637832424,0.000000000,100.000000000,99.965857864,0.000000000,-1.000000000,0.000000000
343,0.171500000,200.584195478,97.988299026,8.376994308,0.000000000,91.588863556,0.000000000,100.000000000,99.965857864,0.000000000,-1.000000000,0.000000000
344,0.172000000,195.584195478,98.087341124,8.426013322,0.000000000,91.539844542,0.000000000,100.000000000,99.965857864,0.000000000,-1.000000000,0.000000000
345,0.172500000,190.584195478,98.183883222,8.475081233,0.000000000,91.490776632,0.000000000,100.000000000,99.965857864,0.000000000,-1.000000000,0.000000000
346,0.173000000,185.584195478,98.277925319,8.524196789,0.000000000,91.441661075,0.000000000,100.000000000,99.965857864,0.000000000,-1.000000000,0.000000000
347,0.173500000,180.584195478,98.369467417,8.573358741,0.000000000,91.392499123,0.000000000,100.000000000,99.965857864,0.000000000,-1.000000000,0.000000000
348,0.174000000,175.584195478,98.458509515,8.622565840,0.000000000,91.343292025,0.000000000,100.000000000,99.965857864,0.000000000,-1.000000000,0.000000000
349,0.174500000,170.584195478,98.545051613,8.671816834,0.000000000,91.294041030,0.000000000,100.000000000,99.965857864,0.000000000,-1.000000000,0.000000000
350,0.175000000,165.584195478,98.629093710,8.721110475,0.000000000,91.244747390,0.000000000,100.000000000,99.965857864,0.000000000,-1.000000000,0.000000000
351,0.175500000,160.584195478,98.710635808,8.770445511,0.000000000,91.195412353,0.000000000,100.000000000,99.965857864,0.000000000,-1.000000000,0.000000000
352,0.176000000,155.584195478,98.789677906,8.819820694,0.000000000,91.146037171,0.000000000,100.000000000,99.965857864,0.000000000,-1.000000000,0.000000000
353,0.176500000,150.584195478,98.866220004,8.869234772,0.000000000,91.096623092,0.000000000,100.000000000,99.965857864,0.000000000,-1.000000000,0.000000000
354,0.177000000,145.584195478,98.940262101,8.918686497,0.000000000,91.047171367,0.000000000,100.000000000,99.965857864,0.000000000,-1.000000000,0.000000000
355,0.177500000,140.584195478,99.011804199,8.968174618,0.000000000,90.997683246,0.000000000,100.000000000,99.965857864,0.000000000,-1.000000000,0.000000000
356,0.178000000,135.584195478,99.080846297,9.017697885,0.000000000,90.948159980,0.000000000,100.000000000,99.965857864,0.000000000,-1.000000000,0.000000000
357,0.178500000,130.584195478,99.147388395,9.067255048,0.000000000,90.898602817,0.000000000,100.000000000,99.965857864,0.000000000,-1.000000000,0.000000000
358,0.179000000,125.584195478,99.211430492,9.116844856,0.000000000,90.849013008,0.000000000,100.000000000,99.965857864,0.000000000,-1.000000000,0.000000000
359,0.179500000,120.584195478,99.272972590,9.166466061,0.000000000,90.799391803,0.000000000,100.000000000,99.965857864,0.000000000,-1.000000000,0.000000000
360,0.180000000,115.584195478,99.332014688,9.216117412,0.000000000,90.749740452,0.000000000,100.000000000,99.965857864,0.000000000,-1.000000000,0.000000000
361,0.180500000,110.584195478,99.388556786,9.265797659,0.000000000,90.700060205,0.000000000,100.000000000,99.965857864,0.000000000,-1.000000000,0.000000000
362,0.181000000,105.584195478,99.442598883,9.315505552,0.000000000,90.650352312,0.000000000,100.000000000,99.965857864,0.000000000,-1.000000000,0.000000000
363,0.181500000,100.584195478,99.494140981,9.365239842,0.000000000,90.600618023,0.000000000,100.000000000,99.965857864,0.000000000,-1.000000000,0.000000000
364,0.182000000,95.584195478,99.543183079,9.414999277,0.000000000,90.550858588,0.000000000,100.000000000,99.965857864,0.000000000,-1.000000000,0.000000000
365,0.182500000,90.584195478,99.589725176,9.464782608,0.000000000,90.501075256,0.000000000,100.000000000,99.965857864,0.000000000,-1.000000000,0.000000000
366,0.183000000,85.584195478,99.633767274,9.514588585,0.000000000,90.451269279,0.000000000,100.000000000,99.965857864,0.000000000,-1.000000000,0.000000000
367,0.183500000,80.584195478,99.675309372,9.564415959,0.000000000,90.401441906,0.000000000,100.000000000,99.965857864,0.000000000,-1.000000000,0.000000000
368,0.184000000,75.584195478,99.714351470,9.614263478,0.000000000,90.351594386,0.000000000,100.000000000,99.965857864,0.000000000,-1.000000000,0.000000000
369,0.184500000,70.584195478,99.750893567,9.664129893,0.000000000,90.301727971,0.000000000,100.000000000,99.965857864,0.000000000,-1.000000000,0.000000000
370,0.185000000,65.584195478,99.784935665,9.714013955,0.000000000,90.251843909,0.000000000,100.000000000,99.965857864,0.000000000,-1.000000000,0.000000000
371,0.185500000,60.584195478,99.816477763,9.763914412,0.000000000,90.201943452,0.000000000,100.000000000,99.965857864,0.000000000,-1.000000000,0.000000000
372,0.186000000,55.584195478,99.845519861,9.813830016,0.000000000,90.152027848,0.000000000,100.000000000,99.965857864,0.000000000,-1.000000000,0.000000000
373,0.186500000,50.584195478,99.872061958,9.863759516,0.000000000,90.102098349,0.000000000,100.000000000,99.965857864,0.000000000,-1.000000000,0.000000000
374,0.187000000,45.584195478,99.896104056,9.913701661,0.000000000,90.052156203,0.000000000,100.000000000,99.965857864,0.000000000,-1.000000000,0.000000000
375,0.187500000,40.584195478,99.917646154,9.963655203,0.000000000,90.002202661,0.000000000,100.000000000,99.965857864,0.000000000,-1.000000000,0.000000000
376,0.188000000,35.584195478,99.936688252,10.013618891,0.000000000,89.952238974,0.000000000,100.000000000,99.965857864,0.000000000,-1.000000000,0.000000000
377,0.188500000,30.584195478,99.953230349,10.063591475,0.000000000,89.902266390,0.000000000,100.000000000,99.965857864,0.000000000,-1.000000000,0.000000000
378,0.189000000,25.584195478,99.967272447,10.113571704,0.000000000,89.852286160,0.000000000,100.000000000,99.965857864,0.000000000,-1.000000000,0.000000000
379,0.189500000,20.584195478,99.978814545,10.163558330,0.000000000,89.802299534,0.000000000,100.000000000,99.965857864,0.000000000,-1.000000000,0.000000000
380,0.190000000,15.584195478,99.987856643,10.213550102,0.000000000,89.752307762,0.000000000,100.000000000,99.965857864,0.000000000,-1.000000000,0.000000000
381,0.190500000,10.584195478,99.994398740,10.263545770,0.000000000,89.702312094,0.000000000,100.000000000,99.965857864,0.000000000,-1.000000000,0.000000000
382,0.191000000,5.584195478,99.998440838,10.313544084,0.000000000,89.652313780,0.000000000,100.000000000,99.965857864,0.000000000,-1.000000000,0.000000000
383,0.191500000,0.584195478,99.999982936,10.363543795,0.000000000,89.602314070,0.000000000,100.000000000,99.965857864,0.000000000,-1.000000000,0.000000000
384,0.192000000,0.000000000,100.000000000,10.413543794,0.000000000,89.552314070,0.000000000,100.000000000,99.965857864,0.000000000,-1.000000000,0.000000000
385,0.192500000,0.000000000,100.000000000,10.463543794,0.000000000,89.502314070,0.000000000,100.000000000,99.965857864,0.000000000,-1.000000000,0.000000000
386,0.193000000,0.000000000,100.000000000,10.513543794,0.000000000,89.452314070,0.000000000,100.000000000,99.965857864,0.000000000,-1.000000000,0.000000000
387,0.193500000,0.000000000,100.000000000,10.563543794,0.000000000,89.402314070,0.000000000,100.000000000,99.965857864,0.000000000,-1.000000000,0.000000000
388,0.194000000,0.000000000,100.000000000,10.613543794,0.000000000,89.352314070,0.000000000,100.000000000,99.965857864,0.000000000,-1.000000000,0.000000000
389,0.194500000,0.000000000,100.000000000,10.663543794,0.000000000,89.302314070,0.000000000,100.000000000,99.965857864,0.000000000,-1.000000000,0.000000000
390,0.195000000,0.000000000,100.000000000,10.713543794,0.000000000,89.252314070,0.000000000,100.000000000,99.965857864,0.000000000,-1.000000000,0.000000000
391,0.195500000,0.000000000,100.000000000,10.763543794,0.000000000,89.202314070,0.000000000,100.000000000,99.965857864,0.000000000,-1.000000000,0.000000000
392,0.196000000,0.000000000,100.000000000,10.813543794,0.000000000,89.152314070,0.000000000,100.000000000,99.965857864,0.000000000,-1.000000000,0.000000000
393,0.196500000,0.000000000,100.000000000,10.863543794,0.000000000,89.102314070,0.000000000,100.000000000,99.965857864,0.000000000,-1.000000000,0.000000000
394,0.197000000,0.000000000,100.000000000,10.913543794,0.000000000,89.052314070,0.000000000,100.000000000,99.965857864,0.000000000,-1.000000000,0.000000000
395,0.197500000,0.000000000,100.000000000,10.963543794,0.000000000,89.002314070,0.000000000,100.000000000,99.965857864,0.000000000,-1.000000000,0.000000000
396,0.198000000,0.000000000,100.000000000,11.013543794,0.000000000,88.952314070,0.000000000,100.000000000,99.965857864,0.000000000,-1.000000000,0.000000000
397,0.198500000,0.000000000,100.000000000,11.063543794,0.000000000,88.902314070,0.000000000,100.000000000,99.965857864,0.000000000,-1.000000000,0.000000000
398,0.199000000,0.000000000,100.000000000,11.113543794,0.000000000,88.852314070,0.000000000,100.000000000,99.965857864,0.000000000,-1.000000000,0.000000000
399,0.199500000,0.000000000,100.000000000,11.163543794,0.000000000,88.802314070,0.000000000,100.000000000,99.965857864,0.000000000,-1.000000000,0.000000000
400,0.200000000,0.000000000,100.000000000,11.213543794,0.000000000,88.752314070,0.000000000,100.000000000,99.965857864,0.000000000,-1.000000000,0.000000000
401,0.200500000,0.000000000,100.000000000,11.263543794,0.000000000,88.702314070,0.000000000,100.000000000,99.965857864,0.000000000,-1.000000000,0.000000000
402,0.201000000,0.000000000,100.000000000,11.313543794,0.000000000,88.652314070,0.000000000,100.000000000,99.965857864,0.000000000,-1.000000000,0.000000000
403,0.201500000,0.000000000,100.000000000,11.363543794,0.000000000,88.602314070,0.000000000,100.000000000,99.965857864,0.000000000,-1.000000000,0.000000000
404,0.202000000,0.000000000,100.000000000,11.413543794,0.000000000,88.552314070,0.000000000,100.000000000,99.965857864,0.000000000,-1.000000000,0.000000000
405,0.202500000,0.000000000,100.000000000,11.463543794,0.000000000,88.502314070,0.000000000,100.000000000,99.965857864,0.000000000,-1.000000000,0.000000000
406,0.203000000,0.000000000,100.000000000,11.513543794,0.000000000,88.452314070,0.000000000,100.000000000,99.965857864,0.000000000,-1.000000000,0.000000000
407,0.203500000,0.000000000,100.000000000,11.563543794,0.000000000,88.402314070,0.000000000,100.000000000,99.965857864,0.000000000,-1.000000000,0.000000000
408,0.204000000,0.000000000,100.000000000,11.613543794,0.000000000,88.352314070,0.000000000,100.000000000,99.965857864,0.000000000,-1.000000000,0.000000000
409,0.204500000,0.000000000,100.000000000,11.663543794,0.000000000,88.302314070,0.000000000,100.000000000,99.965857864,0.000000000,-1.000000000,0.000000000
410,0.205000000,0.000000000,100.000000000,11.713543794,0.000000000,88.252314070,0.000000000,100.000000000,99.965857864,0.000000000,-1.000000000,0.000000000
411,0.205500000,0.000000000,100.000000000,11.763543794,0.000000000,88.202314070,0.000000000,100.000000000,99.965857864,0.000000000,-1.000000000,0.000000000
412,0.206000000,0.000000000,100.000000000,11.813543794,0.000000000,88.152314070,0.000000000,100.000000000,99.965857864,0.000000000,-1.000000000,0.000000000
413,0.206500000,0.000000000,100.000000000,11.863543794,0.000000000,88.102314070,0.000000000,100.000000000,99.965857864,0.000000000,-1.000000000,0.000000000
414,0.207000000,0.000000000,100.000000000,11.913543794,0.000000000,88.052314070,0.000000000,100.000000000,99.965857864,0.000000000,-1.000000000,0.000000000
415,0.207500000,0.000000000,100.000000000,11.963543794,0.000000000,88.002314070,0.000000000,100.000000000,99.965857864,0.000000000,-1.000000000,0.000000000
416,0.208000000,0.000000000,100.000000000,12.013543794,0.000000000,87.952314070,0.000000000,100.000000000,99.965857864,0.000000000,-1.000000000,0.000000000
417,0.208500000,0.000000000,100.000000000,12.063543794,0.000000000,87.902314070,0.000000000,100.000000000,99.965857864,0.000000000,-1.000000000,0.000000000
418,0.209000000,0.000000000,100.000000000,12.113543794,0.000000000,87.852314070,0.000000000,100.000000000,99.965857864,0.000000000,-1.000000000,0.000000000
419,0.209500000,0.000000000,100.000000000,12.163543794,0.000000000,87.802314070,0.000000000,100.000000000,99.965857864,0.000000000,-1.000000000,0.000000000
420,0.210000000,0.000000000,100.000000000,12.213543794,0.000000000,87.752314070,0.000000000,100.000000000,99.965857864,0.000000000,-1.000000000,0.000000000
421,0.210500000,0.000000000,100.000000000,12.263543794,0.000000000,87.702314070,0.000000000,100.000000000,99.965857864,0.000000000,-1.000000000,0.000000000
422,0.211000000,0.000000000,100.000000000,12.313543794,0.000000000,87.652314070,0.000000000,100.000000000,99.965857864,0.000000000,-1.000000000,0.000000000
423,0.211500000,0.000000000,100.000000000,12.363543794,0.000000000,87.602314070,0.000000000,100.000000000,99.965857864,0.000000000,-1.000000000,0.000000000
424,0.212000000,0.000000000,100.000000000,12.413543794,0.000000000,87.552314070,0.000000000,100.000000000,99.965857864,0.000000000,-1.000000000,0.000000000
425,0.212500000,0.000000000,100.000000000,12.463543794,0.000000000,87.502314070,0.000000000,100.000000000,99.965857864,0.000000000,-1.000000000,0.000000000
426,0.213000000,0.000000000,100.000000000,12.513543794,0.000000000,87.452314070,0.000000000,100.000000000,99.965857864,0.000000000,-1.000000000,0.000000000
427,0.213500000,0.000000000,100.000000000,12.563543794,0.000000000,87.402314070,0.000000000,100.000000000,99.965857864,0.000000000,-1.000000000,0.000000000
428,0.214000000,0.000000000,100.000000000,12.613543794,0.000000000,87.352314070,0.000000000,100.000000000,99.965857864,0.000000000,-1.000000000,0.000000000
429,0.214500000,0.000000000,100.000000000,12.663543794,0.000000000,87.302314070,0.000000000,100.000000000,99.965857864,0.000000000,-1.000000000,0.000000000
430,0.215000000,0.000000000,100.000000000,12.713543794,0.000000000,87.252314070,0.000000000,100.000000000,99.965857864,0.000000000,-1.000000000,0.000000000
431,0.215500000,0.000000000,100.000000000,12.763543794,0.000000000,87.202314070,0.000000000,100.000000000,99.965857864,0.000000000,-1.000000000,0.000000000
432,0.216000000,0.000000000,100.000000000,12.813543794,0.000000000,87.152314070,0.000000000,100.000000000,99.965857864,0.000000000,-1.000000000,0.000000000
433,0.216500000,0.000000000,100.000000000,12.863543794,0.000000000,87.102314070,0.000000000,100.000000000,99.965857864,0.000000000,-1.000000000,0.000000000
434,0.217000000,0.000000000,100.000000000,12.913543794,0.000000000,87.052314070,0.000000000,100.000000000,99.965857864,0.000000000,-1.000000000,0.000000000
435,0.217500000,0.000000000,100.000000000,12.963543794,0.000000000,87.002314070,0.000000000,100.000000000,99.965857864,0.000000000,-1.000000000,0.000000000
436,0.218000000,0.000000000,100.000000000,13.013543794,0.000000000,86.952314070,0.000000000,100.000000000,99.965857864,0.000000000,-1.000000000,0.000000000
437,0.218500000,0.000000000,100.000000000,13.063543794,0.000000000,86.902314070,0.000000000,100.000000000,99.965857864,0.000000000,-1.000000000,0.000000000
438,0.219000000,0.000000000,100.000000000,13.113543794,0.000000000,86.852314070,0.000000000,100.000000000,99.965857864,0.000000000,-1.000000000,0.000000000
439,0.219500000,0.000000000,100.000000000,13.163543794,0.000000000,86.802314070,0.000000000,100.000000000,99.965857864,0.000000000,-1.000000000,0.000000000
440,0.220000000,0.000000000,100.000000000,13.213543794,0.000000000,86.752314070,0.000000000,100.000000000,99.965857864,0.000000000,-1.000000000,0.000000000
441,0.220500000,0.000000000,100.000000000,13.263543794,0.000000000,86.702314070,0.000000000,100.000000000,99.965857864,0.000000000,-1.000000000,0.000000000
442,0.221000000,0.000000000,100.000000000,13.313543794,0.000000000,86.652314070,0.000000000,100.000000000,99.965857864,0.000000000,-1.000000000,0.000000000
443,0.221500000,0.000000000,100.000000000,13.363543794,0.000000000,86.602314070,0.000000000,100.000000000,99.965857864,0.000000000,-1.000000000,0.000000000
444,0.222000000,0.000000000,100.000000000,13.413543794,0.000000000,86.552314070,0.000000000,100.000000000,99.965857864,0.000000000,-1.000000000,0.000000000
445,0.222500000,0.000000000,100.000000000,13.463543794,0.000000000,86.502314070,0.000000000,100.000000000,99.965857864,0.000000000,-1.000000000,0.000000000
446,0.223000000,0.000000000,100.000000000,13.513543794,0.000000000,86.452314070,0.000000000,100.000000000,99.965857864,0.000000000,-1.000000000,0.000000000
447,0.223500000,0.000000000,100.000000000,13.563543794,0.000000000,86.402314070,0.000000000,100.000000000,99.965857864,0.000000000,-1.000000000,0.000000000
448,0.224000000,0.000000000,100.000000000,13.613543794,0.000000000,86.352314070,0.000000000,100.000000000,99.965857864,0.000000000,-1.000000000,0.000000000
449,0.224500000,0.000000000,100.000000000,13.663543794,0.000000000,86.302314070,0.000000000,100.000000000,99.965857864,0.000000000,-1.000000000,0.000000000
450,0.225000000,0.000000000,100.000000000,13.713543794,0.000000000,86.252314070,0.000000000,100.000000000,99.965857864,0.000000000,-1.000000000,0.000000000
451,0.225500000,0.000000000,100.000000000,13.763543794,0.000000000,86.202314070,0.000000000,100.000000000,99.965857864,0.000000000,-1.000000000,0.000000000
452,0.226000000,0.000000000,100.000000000,13.813543794,0.000000000,86.152314070,0.000000000,100.000000000,99.965857864,0.000000000,-1.000000000,0.000000000
453,0.226500000,0.000000000,100.000000000,13.863543794,0.000000000,86.102314070,0.000000000,100.000000000,99.965857864,0.000000000,-1.000000000,0.000000000
454,0.227000000,0.000000000,100.000000000,13.913543794,0.000000000,86.052314070,0.000000000,100.000000000,99.965857864,0.000000000,-1.000000000,0.000000000
455,0.227500000,0.000000000,100.000000000,13.963543794,0.000000000,86.002314070,0.000000000,100.000000000,99.965857864,0.000000000,-1.000000000,0.000000000
456,0.228000000,0.000000000,100.000000000,14.013543794,0.000000000,85.952314070,0.000000000,100.000000000,99.965857864,0.000000000,-1.000000000,0.000000000
457,0.228500000,0.000000000,100.000000000,14.063543794,0.000000000,85.902314070,0.000000000,100.000000000,99.965857864,0.000000000,-1.000000000,0.000000000
458,0.229000000,0.000000000,100.000000000,14.113543794,0.000000000,85.852314070,0.000000000,100.000000000,99.965857864,0.000000000,-1.000000000,0.000000000
459,0.229500000,0.000000000,100.000000000,14.163543794,0.000000000,85.802314070,0.000000000,100.000000000,99.965857864,0.000000000,-1.000000000,0.000000000
460,0.230000000,0.000000000,100.000000000,14.213543794,0.000000000,85.752314070,0.000000000,100.000000000,99.965857864,0.000000000,-1.000000000,0.000000000
461,0.230500000,0.000000000,100.000000000,14.263543794,0.000000000,85.702314070,0.000000000,100.000000000,99.965857864,0.000000000,-1.000000000,0.000000000
462,0.231000000,0.000000000,100.000000000,14.313543794,0.000000000,85.652314070,0.000000000,100.000000000,99.965857864,0.000000000,-1.000000000,0.000000000
463,0.231500000,0.000000000,100.000000000,14.363543794,0.000000000,85.602314070,0.000000000,100.000000000,99.965857864,0.000000000,-1.000000000,0.000000000
464,0.232000000,0.000000000,100.000000000,14.413543794,0.000000000,85.552314070,0.000000000,100.000000000,99.965857864,0.000000000,-1.000000000,0.000000000
465,0.232500000,0.000000000,100.000000000,14.463543794,0.000000000,85.502314070,0.000000000,100.000000000,99.965857864,0.000000000,-1.000000000,0.000000000
466,0.233000000,0.000000000,100.000000000,14.513543794,0.000000000,85.452314070,0.000000000,100.000000000,99.965857864,0.000000000,-1.000000000,0.000000000
467,0.233500000,0.000000000,100.000000000,14.563543794,0.000000000,85.402314070,0.000000000,100.000000000,99.965857864,0.000000000,-1.000000000,0.000000000
468,0.234000000,0.000000000,100.000000000,14.613543794,0.000000000,85.352314070,0.000000000,100.000000000,99.965857864,0.000000000,-1.000000000,0.000000000
469,0.234500000,0.000000000,100.000000000,14.663543794,0.000000000,85.302314070,0.000000000,100.000000000,99.965857864,0.000000000,-1.000000000,0.000000000
470,0.235000000,0.000000000,100.000000000,14.713543794,0.000000000,85.252314070,0.000000000,100.000000000,99.965857864,0.000000000,-1.000000000,0.000000000
471,0.235500000,0.000000000,100.000000000,14.763543794,0.000000000,85.202314070,0.000000000,100.000000000,99.965857864,0.000000000,-1.000000000,0.000000000
472,0.236000000,0.000000000,100.000000000,14.813543794,0.000000000,85.152314070,0.000000000,100.000000000,99.965857864,0.000000000,-1.000000000,0.000000000
473,0.236500000,0.000000000,100.000000000,14.863543794,0.000000000,85.102314070,0.000000000,100.000000000,99.965857864,0.000000000,-1.000000000,0.000000000
474,0.237000000,0.000000000,100.000000000,14.913543794,0.000000000,85.052314070,0.000000000,100.000000000,99.965857864,0.000000000,-1.000000000,0.000000000
475,0.237500000,0.000000000,100.000000000,14.963543794,0.000000000,85.002314070,0.000000000,100.000000000,99.965857864,0.000000000,-1.000000000,0.000000000
476,0.238000000,0.000000000,100.000000000,15.013543794,0.000000000,84.952314070,0.000000000,100.000000000,99.965857864,0.000000000,-1.000000000,0.000000000
477,0.238500000,0.000000000,100.000000000,15.063543794,0.000000000,84.902314070,0.000000000,100.000000000,99.965857864,0.000000000,-1.000000000,0.000000000
478,0.239000000,0.000000000,100.000000000,15.113543794,0.000000000,84.852314070,0.000000000,100.000000000,99.965857864,0.000000000,-1.000000000,0.000000000
479,0.239500000,0.000000000,100.000000000,15.163543794,0.000000000,84.802314070,0.000000000,100.000000000,99.965857864,0.000000000,-1.000000000,0.000000000
480,0.240000000,0.000000000,100.000000000,15.213543794,0.000000000,84.752314070,0.000000000,100.000000000,99.965857864,0.000000000,-1.000000000,0.000000000
481,0.240500000,0.000000000,100.000000000,15.263543794,0.000000000,84.702314070,0.000000000,100.000000000,99.965857864,0.000000000,-1.000000000,0.000000000
482,0.241000000,0.000000000,100.000000000,15.313543794,0.000000000,84.652314070,0.000000000,100.000000000,99.965857864,0.000000000,-1.000000000,0.000000000
483,0.241500000,0.000000000,100.000000000,15.363543794,0.000000000,84.602314070,0.000000000,100.000000000,99.965857864,0.000000000,-1.000000000,0.000000000
484,0.242000000,0.000000000,100.000000000,15.413543794,0.000000000,84.552314070,0.000000000,100.000000000,99.965857864,0.000000000,-1.000000000,0.000000000
485,0.242500000,0.000000000,100.000000000,15.463543794,0.000000000,84.502314070,0.000000000,100.000000000,99.965857864,0.000000000,-1.000000000,0.000000000
486,0.243000000,0.000000000,100.000000000,15.513543794,0.000000000,84.452314070,0.000000000,100.000000000,99.965857864,0.000000000,-1.000000000,0.000000000
487,0.243500000,0.000000000,100.000000000,15.563543794,0.000000000,84.402314070,0.000000000,100.000000000,99.965857864,0.000000000,-1.000000000,0.000000000
488,0.244000000,0.000000000,100.000000000,15.613543794,0.000000000,84.352314070,0.000000000,100.000000000,99.965857864,0.000000000,-1.000000000,0.000000000
489,0.244500000,0.000000000,100.000000000,15.663543794,0.000000000,84.302314070,0.000000000,100.000000000,99.965857864,0.000000000,-1.000000000,0.000000000
490,0.245000000,0.000000000,100.000000000,15.713543794,0.000000000,84.252314070,0.000000000,100.000000000,99.965857864,0.000000000,-1.000000000,0.000000000
491,0.245500000,0.000000000,100.000000000,15.763543794,0.000000000,84.202314070,0.000000000,100.000000000,99.965857864,0.000000000,-1.000000000,0.000000000
492,0.246000000,0.000000000,100.000000000,15.813543794,0.000000000,84.152314070,0.000000000,100.000000000,99.965857864,0.000000000,-1.000000000,0.000000000
493,0.246500000,0.000000000,100.000000000,15.863543794,0.000000000,84.102314070,0.000000000,100.000000000,99.965857864,0.000000000,-1.000000000,0.000000000
494,0.247000000,0.000000000,100.000000000,15.913543794,0.000000000,84.052314070,0.000000000,100.000000000,99.965857864,0.000000000,-1.000000000,0.000000000
495,0.247500000,0.000000000,100.000000000,15.963543794,0.000000000,84.002314070,0.000000000,100.000000000,99.965857864,0.000000000,-1.000000000,0.000000000
496,0.248000000,0.000000000,100.000000000,16.013543794,0.000000000,83.952314070,0.000000000,100.000000000,99.965857864,0.000000000,-1.000000000,0.000000000
497,0.248500000,0.000000000,100.000000000,16.063543794,0.000000000,83.902314070,0.000000000,100.000000000,99.965857864,0.000000000,-1.000000000,0.000000000
498,0.249000000,0.000000000,100.000000000,16.113543794,0.000000000,83.852314070,0.000000000,100.000000000,99.965857864,0.000000000,-1.000000000,0.000000000
499,0.249500000,0.000000000,100.000000000,16.163543794,0.000000000,83.802314070,0.000000000,100.000000000,99.965857864,0.000000000,-1.000000000,0.000000000
500,0.250000000,0.000000000,100.000000000,16.213543794,0.000000000,83.752314070,0.000000000,100.000000000,99.965857864,0.000000000,-1.000000000,0.000000000
501,0.250500000,0.000000000,100.000000000,16.263543794,0.000000000,83.702314070,0.000000000,100.000000000,99.965857864,0.000000000,-1.000000000,0.000000000
502,0.251000000,0.000000000,100.000000000,16.313543794,0.000000000,83.652314070,0.000000000,100.000000000,99.965857864,0.000000000,-1.000000000,0.000000000
503,0.251500000,0.000000000,100.000000000,16.363543794,0.000000000,83.602314070,0.000000000,100.000000000,99.965857864,0.000000000,-1.000000000,0.000000000
504,0.252000000,0.000000000,100.000000000,16.413543794,0.000000000,83.552314070,0.000000000,100.000000000,99.965857864,0.000000000,-1.000000000,0.000000000
505,0.252500000,0.000000000,100.000000000,16.463543794,0.000000000,83.502314070,0.000000000,100.000000000,99.965857864,0.000000000,-1.000000000,0.000000000
506,0.253000000,0.000000000,100.000000000,16.513543794,0.000000000,83.452314070,0.000000000,100.000000000,99.965857864,0.000000000,-1.000000000,0.000000000
507,0.253500000,0.000000000,100.000000000,16.563543794,0.000000000,83.402314070,0.000000000,100.000000000,99.965857864,0.000000000,-1.000000000,0.000000000
508,0.254000000,0.000000000,100.000000000,16.613543794,0.000000000,83.352314070,0.000000000,100.000000000,99.965857864,0.000000000,-1.000000000,0.000000000
509,0.254500000,0.000000000,100.000000000,16.663543794,0.000000000,83.302314070,0.000000000,100.000000000,99.965857864,0.000000000,-1.000000000,0.000000000
510,0.255000000,0.000000000,100.000000000,16.713543794,0.000000000,83.252314070,0.000000000,100.000000000,99.965857864,0.000000000,-1.000000000,0.000000000
511,0.255500000,0.000000000,100.000000000,16.763543794,0.000000000,83.202314070,0.000000000,100.000000000,99.965857864,0.000000000,-1.000000000,0.000000000
512,0.256000000,0.000000000,100.000000000,16.813543794,0.000000000,83.152314070,0.000000000,100.000000000,99.965857864,0.000000000,-1.000000000,0.000000000
513,0.256500000,0.000000000,100.000000000,16.863543794,0.000000000,83.102314070,0.000000000,100.000000000,99.965857864,0.000000000,-1.000000000,0.000000000
514,0.257000000,0.000000000,100.000000000,16.913543794,0.000000000,83.052314070,0.000000000,100.000000000,99.965857864,0.000000000,-1.000000000,0.000000000
515,0.257500000,0.000000000,100.000000000,16.963543794,0.000000000,83.002314070,0.000000000,100.000000000,99.965857864,0.000000000,-1.000000000,0.000000000
516,0.258000000,0.000000000,100.000000000,17.013543794,0.000000000,82.952314070,0.000000000,100.000000000,99.965857864,0.000000000,-1.000000000,0.000000000
517,0.258500000,0.000000000,100.000000000,17.063543794,0.000000000,82.902314070,0.000000000,100.000000000,99.965857864,0.000000000,-1.000000000,0.000000000
518,0.259000000,0.000000000,100.000000000,17.113543794,0.000000000,82.852314070,0.000000000,100.000000000,99.965857864,0.000000000,-1.000000000,0.000000000
519,0.259500000,0.000000000,100.000000000,17.163543794,0.000000000,82.802314070,0.000000000,100.000000000,99.965857864,0.000000000,-1.000000000,0.000000000
520,0.260000000,0.000000000,100.000000000,17.213543794,0.000000000,82.752314070,0.000000000,100.000000000,99.965857864,0.000000000,-1.000000000,0.000000000
521,0.260500000,0.000000000,100.000000000,17.263543794,0.000000000,82.702314070,0.000000000,100.000000000,99.965857864,0.000000000,-1.000000000,0.000000000
522,0.261000000,0.000000000,100.000000000,17.313543794,0.000000000,82.652314070,0.000000000,100.000000000,99.965857864,0.000000000,-1.000000000,0.000000000
523,0.261500000,0.000000000,100.000000000,17.363543794,0.000000000,82.602314070,0.000000000,100.000000000,99.965857864,0.000000000,-1.000000000,0.000000000
524,0.262000000,0.000000000,100.000000000,17.413543794,0.000000000,82.552314070,0.000000000,100.000000000,99.965857864,0.000000000,-1.000000000,0.000000000
525,0.262500000,0.000000000,100.000000000,17.463543794,0.000000000,82.502314070,0.000000000,100.000000000,99.965857864,0.000000000,-1.000000000,0.000000000
526,0.263000000,0.000000000,100.000000000,17.513543794,0.000000000,82.452314070,0.000000000,100.000000000,99.965857864,0.000000000,-1.000000000,0.000000000
527,0.263500000,0.000000000,100.000000000,17.563543794,0.000000000,82.402314070,0.000000000,100.000000000,99.965857864,0.000000000,-1.000000000,0.000000000
528,0.264000000,0.000000000,100.000000000,17.613543794,0.000000000,82.352314070,0.000000000,100.000000000,99.965857864,0.000000000,-1.000000000,0.000000000
529,0.264500000,0.000000000,100.000000000,17.663543794,0.000000000,82.302314070,0.000000000,100.000000000,99.965857864,0.000000000,-1.000000000,0.000000000
530,0.265000000,0.000000000,100.000000000,17.713543794,0.000000000,82.252314070,0.000000000,100.000000000,99.965857864,0.000000000,-1.000000000,0.000000000
531,0.265500000,0.000000000,100.000000000,17.763543794,0.000000000,82.202314070,0.000000000,100.000000000,99.965857864,0.000000000,-1.000000000,0.000000000
532,0.266000000,0.000000000,100.000000000,17.813543794,0.000000000,82.152314070,0.000000000,100.000000000,99.965857864,0.000000000,-1.000000000,0.000000000
533,0.266500000,0.000000000,100.000000000,17.863543794,0.000000000,82.102314070,0.000000000,100.000000000,99.965857864,0.000000000,-1.000000000,0.000000000
534,0.267000000,0.000000000,100.000000000,17.913543794,0.000000000,82.052314070,0.000000000,100.000000000,99.965857864,0.000000000,-1.000000000,0.000000000
535,0.267500000,0.000000000,100.000000000,17.963543794,0.000000000,82.002314070,0.000000000,100.000000000,99.965857864,0.000000000,-1.000000000,0.000000000
536,0.268000000,0.000000000,100.000000000,18.013543794,0.000000000,81.952314070,0.000000000,100.000000000,99.965857864,0.000000000,-1.000000000,0.000000000
537,0.268500000,0.000000000,100.000000000,18.063543794,0.000000000,81.902314070,0.000000000,100.000000000,99.965857864,0.000000000,-1.000000000,0.000000000
538,0.269000000,0.000000000,100.000000000,18.113543794,0.000000000,81.852314070,0.000000000,100.000000000,99.965857864,0.000000000,-1.000000000,0.000000000
539,0.269500000,0.000000000,100.000000000,18.163543794,0.000000000,81.802314070,0.000000000,100.000000000,99.965857864,0.000000000,-1.000000000,0.000000000
540,0.270000000,0.000000000,100.000000000,18.213543794,0.000000000,81.752314070,0.000000000,100.000000000,99.965857864,0.000000000,-1.000000000,0.000000000
541,0.270500000,0.000000000,100.000000000,18.263543794,0.000000000,81.702314070,0.000000000,100.000000000,99.965857864,0.000000000,-1.000000000,0.000000000
542,0.271000000,0.000000000,100.000000000,18.313543794,0.000000000,81.652314070,0.000000000,100.000000000,99.965857864,0.000000000,-1.000000000,0.000000000
543,0.271500000,0.000000000,100.000000000,18.363543794,0.000000000,81.602314070,0.000000000,100.000000000,99.965857864,0.000000000,-1.000000000,0.000000000
544,0.272000000,0.000000000,100.000000000,18.413543794,0.000000000,81.552314070,0.000000000,100.000000000,99.965857864,0.000000000,-1.000000000,0.000000000
545,0.272500000,0.000000000,100.000000000,18.463543794,0.000000000,81.502314070,0.000000000,100.000000000,99.965857864,0.000000000,-1.000000000,0.000000000
546,0.273000000,0.000000000,100.000000000,18.513543794,0.000000000,81.452314070,0.000000000,100.000000000,99.965857864,0.000000000,-1.000000000,0.000000000
547,0.273500000,0.000000000,100.000000000,18.563543794,0.000000000,81.402314070,0.000000000,100.000000000,99.965857864,0.000000000,-1.000000000,0.000000000
548,0.274000000,0.000000000,100.000000000,18.613543794,0.000000000,81.352314070,0.000000000,100.000000000,99.965857864,0.000000000,-1.000000000,0.000000000
549,0.274500000,0.000000000,100.000000000,18.663543794,0.000000000,81.302314070,0.000000000,100.000000000,99.965857864,0.000000000,-1.000000000,0.000000000
550,0.275000000,0.000000000,100.000000000,18.713543794,0.000000000,81.252314070,0.000000000,100.000000000,99.965857864,0.000000000,-1.000000000,0.000000000
551,0.275500000,0.000000000,100.000000000,18.763543794,0.000000000,81.202314070,0.000000000,100.000000000,99.965857864,0.000000000,-1.000000000,0.000000000
552,0.276000000,0.000000000,100.000000000,18.813543794,0.000000000,81.152314070,0.000000000,100.000000000,99.965857864,0.000000000,-1.000000000,0.000000000
553,0.276500000,0.000000000,100.000000000,18.863543794,0.000000000,81.102314070,0.000000000,100.000000000,99.965857864,0.000000000,-1.000000000,0.000000000
554,0.277000000,0.000000000,100.000000000,18.913543794,0.000000000,81.052314070,0.000000000,100.000000000,99.965857864,0.000000000,-1.000000000,0.000000000
555,0.277500000,0.000000000,100.000000000,18.963543794,0.000000000,81.002314070,0.000000000,100.000000000,99.965857864,0.000000000,-1.000000000,0.000000000
556,0.278000000,0.000000000,100.000000000,19.013543794,0.000000000,80.952314070,0.000000000,100.000000000,99.965857864,0.000000000,-1.000000000,0.000000000
557,0.278500000,0.000000000,100.000000000,19.063543794,0.000000000,80.902314070,0.000000000,100.000000000,99.965857864,0.000000000,-1.000000000,0.000000000
558,0.279000000,0.000000000,100.000000000,19.113543794,0.000000000,80.852314070,0.000000000,100.000000000,99.965857864,0.000000000,-1.000000000,0.000000000
559,0.279500000,0.000000000,100.000000000,19.163543794,0.000000000,80.802314070,0.000000000,100.000000000,99.965857864,0.000000000,-1.000000000,0.000000000
560,0.280000000,0.000000000,100.000000000,19.213543794,0.000000000,80.752314070,0.000000000,100.000000000,99.965857864,0.000000000,-1.000000000,0.000000000
561,0.280500000,0.000000000,100.000000000,19.263543794,0.000000000,80.702314070,0.000000000,100.000000000,99.965857864,0.000000000,-1.000000000,0.000000000
562,0.281000000,0.000000000,100.000000000,19.313543794,0.000000000,80.652314070,0.000000000,100.000000000,99.965857864,0.000000000,-1.000000000,0.000000000
563,0.281500000,0.000000000,100.000000000,19.363543794,0.000000000,80.602314070,0.000000000,100.000000000,99.965857864,0.000000000,-1.000000000,0.000000000
564,0.282000000,0.000000000,100.000000000,19.413543794,0.000000000,80.552314070,0.000000000,100.000000000,99.965857864,0.000000000,-1.000000000,0.000000000
565,0.282500000,0.000000000,100.000000000,19.463543794,0.000000000,80.502314070,0.000000000,100.000000000,99.965857864,0.000000000,-1.000000000,0.000000000
566,0.283000000,0.000000000,100.000000000,19.513543794,0.000000000,80.452314070,0.000000000,100.000000000,99.965857864,0.000000000,-1.000000000,0.000000000
567,0.283500000,0.000000000,100.000000000,19.563543794,0.000000000,80.402314070,0.000000000,100.000000000,99.965857864,0.000000000,-1.000000000,0.000000000
568,0.284000000,0.000000000,100.000000000,19.613543794,0.000000000,80.352314070,0.000000000,100.000000000,99.965857864,0.000000000,-1.000000000,0.000000000
569,0.284500000,0.000000000,100.000000000,19.663543794,0.000000000,80.302314070,0.000000000,100.000000000,99.965857864,0.000000000,-1.000000000,0.000000000
570,0.285000000,0.000000000,100.000000000,19.713543794,0.000000000,80.252314070,0.000000000,100.000000000,99.965857864,0.000000000,-1.000000000,0.000000000
571,0.285500000,0.000000000,100.000000000,19.763543794,0.000000000,80.202314070,0.000000000,100.000000000,99.965857864,0.000000000,-1.000000000,0.000000000
572,0.286000000,0.000000000,100.000000000,19.813543794,0.000000000,80.152314070,0.000000000,100.000000000,99.965857864,0.000000000,-1.000000000,0.000000000
573,0.286500000,0.000000000,100.000000000,19.863543794,0.000000000,80.102314070,0.000000000,100.000000000,99.965857864,0.000000000,-1.000000000,0.000000000
574,0.287000000,0.000000000,100.000000000,19.913543794,0.000000000,80.052314070,0.000000000,100.000000000,99.965857864,0.000000000,-1.000000000,0.000000000
575,0.287500000,0.000000000,100.000000000,19.963543794,0.000000000,80.002314070,0.000000000,100.000000000,99.965857864,0.000000000,-1.000000000,0.000000000
576,0.288000000,0.000000000,100.000000000,20.013543794,0.000000000,79.952314070,0.000000000,100.000000000,99.965857864,0.000000000,-1.000000000,0.000000000
577,0.288500000,0.000000000,100.000000000,20.063543794,0.000000000,79.902314070,0.000000000,100.000000000,99.965857864,0.000000000,-1.000000000,0.000000000
578,0.289000000,0.000000000,100.000000000,20.113543794,0.000000000,79.852314070,0.000000000,100.000000000,99.965857864,0.000000000,-1.000000000,0.000000000
579,0.289500000,0.000000000,100.000000000,20.163543794,0.000000000,79.802314070,0.000000000,100.000000000,99.965857864,0.000000000,-1.000000000,0.000000000
580,0.290000000,0.000000000,100.000000000,20.213543794,0.000000000,79.752314070,0.000000000,100.000000000,99.965857864,0.000000000,-1.000000000,0.000000000
581,0.290500000,0.000000000,100.000000000,20.263543794,0.000000000,79.702314070,0.000000000,100.000000000,99.965857864,0.000000000,-1.000000000,0.000000000
582,0.291000000,0.000000000,100.000000000,20.313543794,0.000000000,79.652314070,0.000000000,100.000000000,99.965857864,0.000000000,-1.000000000,0.000000000
583,0.291500000,0.000000000,100.000000000,20.363543794,0.000000000,79.602314070,0.000000000,100.000000000,99.965857864,0.000000000,-1.000000000,0.000000000
584,0.292000000,0.000000000,100.000000000,20.413543794,0.000000000,79.552314070,0.000000000,100.000000000,99.965857864,0.000000000,-1.000000000,0.000000000
585,0.292500000,0.000000000,100.000000000,20.463543794,0.000000000,79.502314070,0.000000000,100.000000000,99.965857864,0.000000000,-1.000000000,0.000000000
586,0.293000000,0.000000000,100.000000000,20.513543794,0.000000000,79.452314070,0.000000000,100.000000000,99.965857864,0.000000000,-1.000000000,0.000000000
587,0.293500000,0.000000000,100.000000000,20.563543794,0.000000000,79.402314070,0.000000000,100.000000000,99.965857864,0.000000000,-1.000000000,0.000000000
588,0.294000000,0.000000000,100.000000000,20.613543794,0.000000000,79.352314070,0.000000000,100.000000000,99.965857864,0.000000000,-1.000000000,0.000000000
589,0.294500000,0.000000000,100.000000000,20.663543794,0.000000000,79.302314070,0.000000000,100.000000000,99.965857864,0.000000000,-1.000000000,0.000000000
590,0.295000000,0.000000000,100.000000000,20.713543794,0.000000000,79.252314070,0.000000000,100.000000000,99.965857864,0.000000000,-1.000000000,0.000000000
591,0.295500000,0.000000000,100.000000000,20.763543794,0.000000000,79.202314070,0.000000000,100.000000000,99.965857864,0.000000000,-1.000000000,0.000000000
592,0.296000000,0.000000000,100.000000000,20.813543794,0.000000000,79.152314070,0.000000000,100.000000000,99.965857864,0.000000000,-1.000000000,0.000000000
593,0.296500000,0.000000000,100.000000000,20.863543794,0.000000000,79.102314070,0.000000000,100.000000000,99.965857864,0.000000000,-1.000000000,0.000000000
594,0.297000000,0.000000000,100.000000000,20.913543794,0.000000000,79.052314070,0.000000000,100.000000000,99.965857864,0.000000000,-1.000000000,0.000000000
595,0.297500000,0.000000000,100.000000000,20.963543794,0.000000000,79.002314070,0.000000000,100.000000000,99.965857864,0.000000000,-1.000000000,0.000000000
596,0.298000000,0.000000000,100.000000000,21.013543794,0.000000000,78.952314070,0.000000000,100.000000000,99.965857864,0.000000000,-1.000000000,0.000000000
597,0.298500000,0.000000000,100.000000000,21.063543794,0.000000000,78.902314070,0.000000000,100.000000000,99.965857864,0.000000000,-1.000000000,0.000000000
598,0.299000000,0.000000000,100.000000000,21.113543794,0.000000000,78.852314070,0.000000000,100.000000000,99.965857864,0.000000000,-1.000000000,0.000000000
599,0.299500000,0.000000000,100.000000000,21.163543794,0.000000000,78.802314070,0.000000000,100.000000000,99.965857864,0.000000000,-1.000000000,0.000000000
600,0.300000000,0.000000000,100.000000000,21.213543794,0.000000000,78.752314070,0.000000000,100.000000000,99.965857864,0.000000000,-1.000000000,0.000000000
601,0.300500000,0.000000000,100.000000000,21.263543794,0.000000000,78.702314070,0.000000000,100.000000000,99.965857864,0.000000000,-1.000000000,0.000000000
602,0.301000000,0.000000000,100.000000000,21.313543794,0.000000000,78.652314070,0.000000000,100.000000000,99.965857864,0.000000000,-1.000000000,0.000000000
603,0.301500000,0.000000000,100.000000000,21.363543794,0.000000000,78.602314070,0.000000000,100.000000000,99.965857864,0.000000000,-1.000000000,0.000000000
604,0.302000000,0.000000000,100.000000000,21.413543794,0.000000000,78.552314070,0.000000000,100.000000000,99.965857864,0.000000000,-1.000000000,0.000000000
605,0.302500000,0.000000000,100.000000000,21.463543794,0.000000000,78.502314070,0.000000000,100.000000000,99.965857864,0.000000000,-1.000000000,0.000000000
606,0.303000000,0.000000000,100.000000000,21.513543794,0.000000000,78.452314070,0.000000000,100.000000000,99.965857864,0.000000000,-1.000000000,0.000000000
607,0.303500000,0.000000000,100.000000000,21.563543794,0.000000000,78.402314070,0.000000000,100.000000000,99.965857864,0.000000000,-1.000000000,0.000000000
608,0.304000000,0.000000000,100.000000000,21.613543794,0.000000000,78.352314070,0.000000000,100.000000000,99.965857864,0.000000000,-1.000000000,0.000000000
609,0.304500000,0.000000000,100.000000000,21.663543794,0.000000000,78.302314070,0.000000000,100.000000000,99.965857864,0.000000000,-1.000000000,0.000000000
610,0.305000000,0.000000000,100.000000000,21.713543794,0.000000000,78.252314070,0.000000000,100.000000000,99.965857864,0.000000000,-1.000000000,0.000000000
611,0.305500000,0.000000000,100.000000000,21.763543794,0.000000000,78.202314070,0.000000000,100.000000000,99.965857864,0.000000000,-1.000000000,0.000000000
612,0.306000000,0.000000000,100.000000000,21.813543794,0.000000000,78.152314070,0.000000000,100.000000000,99.965857864,0.000000000,-1.000000000,0.000000000
613,0.306500000,0.000000000,100.000000000,21.863543794,0.000000000,78.102314070,0.000000000,100.000000000,99.965857864,0.000000000,-1.000000000,0.000000000
614,0.307000000,0.000000000,100.000000000,21.913543794,0.000000000,78.052314070,0.000000000,100.000000000,99.965857864,0.000000000,-1.000000000,0.000000000
615,0.307500000,0.000000000,100.000000000,21.963543794,0.000000000,78.002314070,0.000000000,100.000000000,99.965857864,0.000000000,-1.000000000,0.000000000
616,0.308000000,0.000000000,100.000000000,22.013543794,0.000000000,77.952314070,0.000000000,100.000000000,99.965857864,0.000000000,-1.000000000,0.000000000
617,0.308500000,0.000000000,100.000000000,22.063543794,0.000000000,77.902314070,0.000000000,100.000000000,99.965857864,0.000000000,-1.000000000,0.000000000
618,0.309000000,0.000000000,100.000000000,22.113543794,0.000000000,77.852314070,0.000000000,100.000000000,99.965857864,0.000000000,-1.000000000,0.000000000
619,0.309500000,0.000000000,100.000000000,22.163543794,0.000000000,77.802314070,0.000000000,100.000000000,99.965857864,0.000000000,-1.000000000,0.000000000
620,0.310000000,0.000000000,100.000000000,22.213543794,0.000000000,77.752314070,0.000000000,100.000000000,99.965857864,0.000000000,-1.000000000,0.000000000
621,0.310500000,0.000000000,100.000000000,22.263543794,0.000000000,77.702314070,0.000000000,100.000000000,99.965857864,0.000000000,-1.000000000,0.000000000
622,0.311000000,0.000000000,100.000000000,22.313543794,0.000000000,77.652314070,0.000000000,100.000000000,99.965857864,0.000000000,-1.000000000,0.000000000
623,0.311500000,0.000000000,100.000000000,22.363543794,0.000000000,77.602314070,0.000000000,100.000000000,99.965857864,0.000000000,-1.000000000,0.000000000
624,0.312000000,0.000000000,100.000000000,22.413543794,0.000000000,77.552314070,0.000000000,100.000000000,99.965857864,0.000000000,-1.000000000,0.000000000
625,0.312500000,0.000000000,100.000000000,22.463543794,0.000000000,77.502314070,0.000000000,100.000000000,99.965857864,0.000000000,-1.000000000,0.000000000
626,0.313000000,0.000000000,100.000000000,22.513543794,0.000000000,77.452314070,0.000000000,100.000000000,99.965857864,0.000000000,-1.000000000,0.000000000
627,0.313500000,0.000000000,100.000000000,22.563543794,0.000000000,77.402314070,0.000000000,100.000000000,99.965857864,0.000000000,-1.000000000,0.000000000
628,0.314000000,0.000000000,100.000000000,22.613543794,0.000000000,77.352314070,0.000000000,100.000000000,99.965857864,0.000000000,-1.000000000,0.000000000
629,0.314500000,0.000000000,100.000000000,22.663543794,0.000000000,77.302314070,0.000000000,100.000000000,99.965857864,0.000000000,-1.000000000,0.000000000
630,0.315000000,0.000000000,100.000000000,22.713543794,0.000000000,77.252314070,0.000000000,100.000000000,99.965857864,0.000000000,-1.000000000,0.000000000
631,0.315500000,0.000000000,100.000000000,22.763543794,0.000000000,77.202314070,0.000000000,100.000000000,99.965857864,0.000000000,-1.000000000,0.000000000
632,0.316000000,0.000000000,100.000000000,22.813543794,0.000000000,77.152314070,0.000000000,100.000000000,99.965857864,0.000000000,-1.000000000,0.000000000
633,0.316500000,0.000000000,100.000000000,22.863543794,0.000000000,77.102314070,0.000000000,100.000000000,99.965857864,0.000000000,-1.000000000,0.000000000
634,0.317000000,0.000000000,100.000000000,22.913543794,0.000000000,77.052314070,0.000000000,100.000000000,99.965857864,0.000000000,-1.000000000,0.000000000
635,0.317500000,0.000000000,100.000000000,22.963543794,0.000000000,77.002314070,0.000000000,100.000000000,99.965857864,0.000000000,-1.000000000,0.000000000
636,0.318000000,0.000000000,100.000000000,23.013543794,0.000000000,76.952314070,0.000000000,100.000000000,99.965857864,0.000000000,-1.000000000,0.000000000
637,0.318500000,0.000000000,100.000000000,23.063543794,0.000000000,76.902314070,0.000000000,100.000000000,99.965857864,0.000000000,-1.000000000,0.000000000
638,0.319000000,0.000000000,100.000000000,23.113543794,0.000000000,76.852314070,0.000000000,100.000000000,99.965857864,0.000000000,-1.000000000,0.000000000
639,0.319500000,0.000000000,100.000000000,23.163543794,0.000000000,76.802314070,0.000000000,100.000000000,99.965857864,0.000000000,-1.000000000,0.000000000
640,0.320000000,0.000000000,100.000000000,23.213543794,0.000000000,76.752314070,0.000000000,100.000000000,99.965857864,0.000000000,-1.000000000,0.000000000
641,0.320500000,0.000000000,100.000000000,23.263543794,0.000000000,76.702314070,0.000000000,100.000000000,99.965857864,0.000000000,-1.000000000,0.000000000
642,0.321000000,0.000000000,100.000000000,23.313543794,0.000000000,76.652314070,0.000000000,100.000000000,99.965857864,0.000000000,-1.000000000,0.000000000
643,0.321500000,0.000000000,100.000000000,23.363543794,0.000000000,76.602314070,0.000000000,100.000000000,99.965857864,0.000000000,-1.000000000,0.000000000
644,0.322000000,0.000000000,100.000000000,23.413543794,0.000000000,76.552314070,0.000000000,100.000000000,99.965857864,0.000000000,-1.000000000,0.000000000
645,0.322500000,0.000000000,100.000000000,23.463543794,0.000000000,76.502314070,0.000000000,100.000000000,99.965857864,0.000000000,-1.000000000,0.000000000
646,0.323000000,0.000000000,100.000000000,23.513543794,0.000000000,76.452314070,0.000000000,100.000000000,99.965857864,0.000000000,-1.000000000,0.000000000
647,0.323500000,0.000000000,100.000000000,23.563543794,0.000000000,76.402314070,0.000000000,100.000000000,99.965857864,0.000000000,-1.000000000,0.000000000
648,0.324000000,0.000000000,100.000000000,23.613543794,0.000000000,76.352314070,0.000000000,100.000000000,99.965857864,0.000000000,-1.000000000,0.000000000
649,0.324500000,0.000000000,100.000000000,23.663543794,0.000000000,76.302314070,0.000000000,100.000000000,99.965857864,0.000000000,-1.000000000,0.000000000
650,0.325000000,0.000000000,100.000000000,23.713543794,0.000000000,76.252314070,0.000000000,100.000000000,99.965857864,0.000000000,-1.000000000,0.000000000
651,0.325500000,0.000000000,100.000000000,23.763543794,0.000000000,76.202314070,0.000000000,100.000000000,99.965857864,0.000000000,-1.000000000,0.000000000
652,0.326000000,0.000000000,100.000000000,23.813543794,0.000000000,76.152314070,0.000000000,100.000000000,99.965857864,0.000000000,-1.000000000,0.000000000
653,0.326500000,0.000000000,100.000000000,23.863543794,0.000000000,76.102314070,0.000000000,100.000000000,99.965857864,0.000000000,-1.000000000,0.000000000
654,0.327000000,0.000000000,100.000000000,23.913543794,0.000000000,76.052314070,0.000000000,100.000000000,99.965857864,0.000000000,-1.000000000,0.000000000
655,0.327500000,0.000000000,100.000000000,23.963543794,0.000000000,76.002314070,0.000000000,100.000000000,99.965857864,0.000000000,-1.000000000,0.000000000
656,0.328000000,0.000000000,100.000000000,24.013543794,0.000000000,75.952314070,0.000000000,100.000000000,99.965857864,0.000000000,-1.000000000,0.000000000
657,0.328500000,0.000000000,100.000000000,24.063543794,0.000000000,75.902314070,0.000000000,100.000000000,99.965857864,0.000000000,-1.000000000,0.000000000
658,0.329000000,0.000000000,100.000000000,24.113543794,0.000000000,75.852314070,0.000000000,100.000000000,99.965857864,0.000000000,-1.000000000,0.000000000
659,0.329500000,0.000000000,100.000000000,24.163543794,0.000000000,75.802314070,0.000000000,100.000000000,99.965857864,0.000000000,-1.000000000,0.000000000
660,0.330000000,0.000000000,100.000000000,24.213543794,0.000000000,75.752314070,0.000000000,100.000000000,99.965857864,0.000000000,-1.000000000,0.000000000
661,0.330500000,0.000000000,100.000000000,24.263543794,0.000000000,75.702314070,0.000000000,100.000000000,99.965857864,0.000000000,-1.000000000,0.000000000
662,0.331000000,0.000000000,100.000000000,24.313543794,0.000000000,75.652314070,0.000000000,100.000000000,99.965857864,0.000000000,-1.000000000,0.000000000
663,0.331500000,0.000000000,100.000000000,24.363543794,0.000000000,75.602314070,0.000000000,100.000000000,99.965857864,0.000000000,-1.000000000,0.000000000
664,0.332000000,0.000000000,100.000000000,24.413543794,0.000000000,75.552314070,0.000000000,100.000000000,99.965857864,0.000000000,-1.000000000,0.000000000
665,0.332500000,0.000000000,100.000000000,24.463543794,0.000000000,75.502314070,0.000000000,100.000000000,99.965857864,0.000000000,-1.000000000,0.000000000
666,0.333000000,0.000000000,100.000000000,24.513543794,0.000000000,75.452314070,0.000000000,100.000000000,99.965857864,0.000000000,-1.000000000,0.000000000
667,0.333500000,0.000000000,100.000000000,24.563543794,0.000000000,75.402314070,0.000000000,100.000000000,99.965857864,0.000000000,-1.000000000,0.000000000
668,0.334000000,0.000000000,100.000000000,24.613543794,0.000000000,75.352314070,0.000000000,100.000000000,99.965857864,0.000000000,-1.000000000,0.000000000
669,0.334500000,0.000000000,100.000000000,24.663543794,0.000000000,75.302314070,0.000000000,100.000000000,99.965857864,0.000000000,-1.000000000,0.000000000
670,0.335000000,0.000000000,100.000000000,24.713543794,0.000000000,75.252314070,0.000000000,100.000000000,99.965857864,0.000000000,-1.000000000,0.000000000
671,0.335500000,0.000000000,100.000000000,24.763543794,0.000000000,75.202314070,0.000000000,100.000000000,99.965857864,0.000000000,-1.000000000,0.000000000
672,0.336000000,0.000000000,100.000000000,24.813543794,0.000000000,75.152314070,0.000000000,100.000000000,99.965857864,0.000000000,-1.000000000,0.000000000
673,0.336500000,0.000000000,100.000000000,24.863543794,0.000000000,75.102314070,0.000000000,100.000000000,99.965857864,0.000000000,-1.000000000,0.000000000
674,0.337000000,0.000000000,100.000000000,24.913543794,0.000000000,75.052314070,0.000000000,100.000000000,99.965857864,0.000000000,-1.000000000,0.000000000
675,0.337500000,0.000000000,100.000000000,24.963543794,0.000000000,75.002314070,0.000000000,100.000000000,99.965857864,0.000000000,-1.000000000,0.000000000
676,0.338000000,0.000000000,100.000000000,25.013543794,0.000000000,74.952314070,0.000000000,100.000000000,99.965857864,0.000000000,-1.000000000,0.000000000
677,0.338500000,0.000000000,100.000000000,25.063543794,0.000000000,74.902314070,0.000000000,100.000000000,99.965857864,0.000000000,-1.000000000,0.000000000
678,0.339000000,0.000000000,100.000000000,25.113543794,0.000000000,74.852314070,0.000000000,100.000000000,99.965857864,0.000000000,-1.000000000,0.000000000
679,0.339500000,0.000000000,100.000000000,25.163543794,0.000000000,74.802314070,0.000000000,100.000000000,99.965857864,0.000000000,-1.000000000,0.000000000
680,0.340000000,0.000000000,100.000000000,25.213543794,0.000000000,74.752314070,0.000000000,100.000000000,99.965857864,0.000000000,-1.000000000,0.000000000
681,0.340500000,0.000000000,100.000000000,25.263543794,0.000000000,74.702314070,0.000000000,100.000000000,99.965857864,0.000000000,-1.000000000,0.000000000
682,0.341000000,0.000000000,100.000000000,25.313543794,0.000000000,74.652314070,0.000000000,100.000000000,99.965857864,0.000000000,-1.000000000,0.000000000
683,0.341500000,0.000000000,100.000000000,25.363543794,0.000000000,74.602314070,0.000000000,100.000000000,99.965857864,0.000000000,-1.000000000,0.000000000
684,0.342000000,0.000000000,100.000000000,25.413543794,0.000000000,74.552314070,0.000000000,100.000000000,99.965857864,0.000000000,-1.000000000,0.000000000
685,0.342500000,0.000000000,100.000000000,25.463543794,0.000000000,74.502314070,0.000000000,100.000000000,99.965857864,0.000000000,-1.000000000,0.000000000
686,0.343000000,0.000000000,100.000000000,25.513543794,0.000000000,74.452314070,0.000000000,100.000000000,99.965857864,0.000000000,-1.000000000,0.000000000
687,0.343500000,0.000000000,100.000000000,25.563543794,0.000000000,74.402314070,0.000000000,100.000000000,99.965857864,0.000000000,-1.000000000,0.000000000
688,0.344000000,0.000000000,100.000000000,25.613543794,0.000000000,74.352314070,0.000000000,100.000000000,99.965857864,0.000000000,-1.000000000,0.000000000
689,0.344500000,0.000000000,100.000000000,25.663543794,0.000000000,74.302314070,0.000000000,100.000000000,99.965857864,0.000000000,-1.000000000,0.000000000
690,0.345000000,0.000000000,100.000000000,25.713543794,0.000000000,74.252314070,0.000000000,100.000000000,99.965857864,0.000000000,-1.000000000,0.000000000
691,0.345500000,0.000000000,100.000000000,25.763543794,0.000000000,74.202314070,0.000000000,100.000000000,99.965857864,0.000000000,-1.000000000,0.000000000
692,0.346000000,0.000000000,100.000000000,25.813543794,0.000000000,74.152314070,0.000000000,100.000000000,99.965857864,0.000000000,-1.000000000,0.000000000
693,0.346500000,0.000000000,100.000000000,25.863543794,0.000000000,74.102314070,0.000000000,100.000000000,99.965857864,0.000000000,-1.000000000,0.000000000
694,0.347000000,0.000000000,100.000000000,25.913543794,0.000000000,74.052314070,0.000000000,100.000000000,99.965857864,0.000000000,-1.000000000,0.000000000
695,0.347500000,0.000000000,100.000000000,25.963543794,0.000000000,74.002314070,0.000000000,100.000000000,99.965857864,0.000000000,-1.000000000,0.000000000
696,0.348000000,0.000000000,100.000000000,26.013543794,0.000000000,73.952314070,0.000000000,100.000000000,99.965857864,0.000000000,-1.000000000,0.000000000
697,0.348500000,0.000000000,100.000000000,26.063543794,0.000000000,73.902314070,0.000000000,100.000000000,99.965857864,0.000000000,-1.000000000,0.000000000
698,0.349000000,0.000000000,100.000000000,26.113543794,0.000000000,73.852314070,0.000000000,100.000000000,99.965857864,0.000000000,-1.000000000,0.000000000
699,0.349500000,0.000000000,100.000000000,26.163543794,0.000000000,73.802314070,0.000000000,100.000000000,99.965857864,0.000000000,-1.000000000,0.000000000
700,0.350000000,0.000000000,100.000000000,26.213543794,0.000000000,73.752314070,0.000000000,100.000000000,99.965857864,0.000000000,-1.000000000,0.000000000
701,0.350500000,0.000000000,100.000000000,26.263543794,0.000000000,73.702314070,0.000000000,100.000000000,99.965857864,0.000000000,-1.000000000,0.000000000
702,0.351000000,0.000000000,100.000000000,26.313543794,0.000000000,73.652314070,0.000000000,100.000000000,99.965857864,0.000000000,-1.000000000,0.000000000
703,0.351500000,0.000000000,100.000000000,26.363543794,0.000000000,73.602314070,0.000000000,100.000000000,99.965857864,0.000000000,-1.000000000,0.000000000
704,0.352000000,0.000000000,100.000000000,26.413543794,0.000000000,73.552314070,0.000000000,100.000000000,99.965857864,0.000000000,-1.000000000,0.000000000
705,0.352500000,0.000000000,100.000000000,26.463543794,0.000000000,73.502314070,0.000000000,100.000000000,99.965857864,0.000000000,-1.000000000,0.000000000
706,0.353000000,0.000000000,100.000000000,26.513543794,0.000000000,73.452314070,0.000000000,100.000000000,99.965857864,0.000000000,-1.000000000,0.000000000
707,0.353500000,0.000000000,100.000000000,26.563543794,0.000000000,73.402314070,0.000000000,100.000000000,99.965857864,0.000000000,-1.000000000,0.000000000
708,0.354000000,0.000000000,100.000000000,26.613543794,0.000000000,73.352314070,0.000000000,100.000000000,99.965857864,0.000000000,-1.000000000,0.000000000
709,0.354500000,0.000000000,100.000000000,26.663543794,0.000000000,73.302314070,0.000000000,100.000000000,99.965857864,0.000000000,-1.000000000,0.000000000
710,0.355000000,0.000000000,100.000000000,26.713543794,0.000000000,73.252314070,0.000000000,100.000000000,99.965857864,0.000000000,-1.000000000,0.000000000
711,0.355500000,0.000000000,100.000000000,26.763543794,0.000000000,73.202314070,0.000000000,100.000000000,99.965857864,0.000000000,-1.000000000,0.000000000
712,0.356000000,0.000000000,100.000000000,26.813543794,0.000000000,73.152314070,0.000000000,100.000000000,99.965857864,0.000000000,-1.000000000,0.000000000
713,0.356500000,0.000000000,100.000000000,26.863543794,0.000000000,73.102314070,0.000000000,100.000000000,99.965857864,0.000000000,-1.000000000,0.000000000
714,0.357000000,0.000000000,100.000000000,26.913543794,0.000000000,73.052314070,0.000000000,100.000000000,99.965857864,0.000000000,-1.000000000,0.000000000
715,0.357500000,0.000000000,100.000000000,26.963543794,0.000000000,73.002314070,0.000000000,100.000000000,99.965857864,0.000000000,-1.000000000,0.000000000
716,0.358000000,0.000000000,100.000000000,27.013543794,0.000000000,72.952314070,0.000000000,100.000000000,99.965857864,0.000000000,-1.000000000,0.000000000
717,0.358500000,0.000000000,100.000000000,27.063543794,0.000000000,72.902314070,0.000000000,100.000000000,99.965857864,0.000000000,-1.000000000,0.000000000
718,0.359000000,0.000000000,100.000000000,27.113543794,0.000000000,72.852314070,0.000000000,100.000000000,99.965857864,0.000000000,-1.000000000,0.000000000
719,0.359500000,0.000000000,100.000000000,27.163543794,0.000000000,72.802314070,0.000000000,100.000000000,99.965857864,0.000000000,-1.000000000,0.000000000
720,0.360000000,0.000000000,100.000000000,27.213543794,0.000000000,72.752314070,0.000000000,100.000000000,99.965857864,0.000000000,-1.000000000,0.000000000
721,0.360500000,0.000000000,100.000000000,27.263543794,0.000000000,72.702314070,0.000000000,100.000000000,99.965857864,0.000000000,-1.000000000,0.000000000
722,0.361000000,0.000000000,100.000000000,27.313543794,0.000000000,72.652314070,0.000000000,100.000000000,99.965857864,0.000000000,-1.000000000,0.000000000
723,0.361500000,0.000000000,100.000000000,27.363543794,0.000000000,72.602314070,0.000000000,100.000000000,99.965857864,0.000000000,-1.000000000,0.000000000
724,0.362000000,0.000000000,100.000000000,27.413543794,0.000000000,72.552314070,0.000000000,100.000000000,99.965857864,0.000000000,-1.000000000,0.000000000
725,0.362500000,0.000000000,100.000000000,27.463543794,0.000000000,72.502314070,0.000000000,100.000000000,99.965857864,0.000000000,-1.000000000,0.000000000
726,0.363000000,0.000000000,100.000000000,27.513543794,0.000000000,72.452314070,0.000000000,100.000000000,99.965857864,0.000000000,-1.000000000,0.000000000
727,0.363500000,0.000000000,100.000000000,27.563543794,0.000000000,72.402314070,0.000000000,100.000000000,99.965857864,0.000000000,-1.000000000,0.000000000
728,0.364000000,0.000000000,100.000000000,27.613543794,0.000000000,72.352314070,0.000000000,100.000000000,99.965857864,0.000000000,-1.000000000,0.000000000
729,0.364500000,0.000000000,100.000000000,27.663543794,0.000000000,72.302314070,0.000000000,100.000000000,99.965857864,0.000000000,-1.000000000,0.000000000
730,0.365000000,0.000000000,100.000000000,27.713543794,0.000000000,72.252314070,0.000000000,100.000000000,99.965857864,0.000000000,-1.000000000,0.000000000
731,0.365500000,0.000000000,100.000000000,27.763543794,0.000000000,72.202314070,0.000000000,100.000000000,99.965857864,0.000000000,-1.000000000,0.000000000
732,0.366000000,0.000000000,100.000000000,27.813543794,0.000000000,72.152314070,0.000000000,100.000000000,99.965857864,0.000000000,-1.000000000,0.000000000
733,0.366500000,0.000000000,100.000000000,27.863543794,0.000000000,72.102314070,0.000000000,100.000000000,99.965857864,0.000000000,-1.000000000,0.000000000
734,0.367000000,0.000000000,100.000000000,27.913543794,0.000000000,72.052314070,0.000000000,100.000000000,99.965857864,0.000000000,-1.000000000,0.000000000
735,0.367500000,0.000000000,100.000000000,27.963543794,0.000000000,72.002314070,0.000000000,100.000000000,99.965857864,0.000000000,-1.000000000,0.000000000
736,0.368000000,0.000000000,100.000000000,28.013543794,0.000000000,71.952314070,0.000000000,100.000000000,99.965857864,0.000000000,-1.000000000,0.000000000
737,0.368500000,0.000000000,100.000000000,28.063543794,0.000000000,71.902314070,0.000000000,100.000000000,99.965857864,0.000000000,-1.000000000,0.000000000
738,0.369000000,0.000000000,100.000000000,28.113543794,0.000000000,71.852314070,0.000000000,100.000000000,99.965857864,0.000000000,-1.000000000,0.000000000
739,0.369500000,0.000000000,100.000000000,28.163543794,0.000000000,71.802314070,0.000000000,100.000000000,99.965857864,0.000000000,-1.000000000,0.000000000
740,0.370000000,0.000000000,100.000000000,28.213543794,0.000000000,71.752314070,0.000000000,100.000000000,99.965857864,0.000000000,-1.000000000,0.000000000
741,0.370500000,0.000000000,100.000000000,28.263543794,0.000000000,71.702314070,0.000000000,100.000000000,99.965857864,0.000000000,-1.000000000,0.000000000
742,0.371000000,0.000000000,100.000000000,28.313543794,0.000000000,71.652314070,0.000000000,100.000000000,99.965857864,0.000000000,-1.000000000,0.000000000
743,0.371500000,0.000000000,100.000000000,28.363543794,0.000000000,71.602314070,0.000000000,100.000000000,99.965857864,0.000000000,-1.000000000,0.000000000
744,0.372000000,0.000000000,100.000000000,28.413543794,0.000000000,71.552314070,0.000000000,100.000000000,99.965857864,0.000000000,-1.000000000,0.000000000
745,0.372500000,0.000000000,100.000000000,28.463543794,0.000000000,71.502314070,0.000000000,100.000000000,99.965857864,0.000000000,-1.000000000,0.000000000
746,0.373000000,0.000000000,100.000000000,28.513543794,0.000000000,71.452314070,0.000000000,100.000000000,99.965857864,0.000000000,-1.000000000,0.000000000
747,0.373500000,0.000000000,100.000000000,28.563543794,0.000000000,71.402314070,0.000000000,100.000000000,99.965857864,0.000000000,-1.000000000,0.000000000
748,0.374000000,0.000000000,100.000000000,28.613543794,0.000000000,71.352314070,0.000000000,100.000000000,99.965857864,0.000000000,-1.000000000,0.000000000
749,0.374500000,0.000000000,100.000000000,28.663543794,0.000000000,71.302314070,0.000000000,100.000000000,99.965857864,0.000000000,-1.000000000,0.000000000
750,0.375000000,0.000000000,100.000000000,28.713543794,0.000000000,71.252314070,0.000000000,100.000000000,99.965857864,0.000000000,-1.000000000,0.000000000
751,0.375500000,0.000000000,100.000000000,28.763543794,0.000000000,71.202314070,0.000000000,100.000000000,99.965857864,0.000000000,-1.000000000,0.000000000
752,0.376000000,0.000000000,100.000000000,28.813543794,0.000000000,71.152314070,0.000000000,100.000000000,99.965857864,0.000000000,-1.000000000,0.000000000
753,0.376500000,0.000000000,100.000000000,28.863543794,0.000000000,71.102314070,0.000000000,100.000000000,99.965857864,0.000000000,-1.000000000,0.000000000
754,0.377000000,0.000000000,100.000000000,28.913543794,0.000000000,71.052314070,0.000000000,100.000000000,99.965857864,0.000000000,-1.000000000,0.000000000
755,0.377500000,0.000000000,100.000000000,28.963543794,0.000000000,71.002314070,0.000000000,100.000000000,99.965857864,0.000000000,-1.000000000,0.000000000
756,0.378000000,0.000000000,100.000000000,29.013543794,0.000000000,70.952314070,0.000000000,100.000000000,99.965857864,0.000000000,-1.000000000,0.000000000
757,0.378500000,0.000000000,100.000000000,29.063543794,0.000000000,70.902314070,0.000000000,100.000000000,99.965857864,0.000000000,-1.000000000,0.000000000
758,0.379000000,0.000000000,100.000000000,29.113543794,0.000000000,70.852314070,0.000000000,100.000000000,99.965857864,0.000000000,-1.000000000,0.000000000
759,0.379500000,0.000000000,100.000000000,29.163543794,0.000000000,70.802314070,0.000000000,100.000000000,99.965857864,0.000000000,-1.000000000,0.000000000
760,0.380000000,0.000000000,100.000000000,29.213543794,0.000000000,70.752314070,0.000000000,100.000000000,99.965857864,0.000000000,-1.000000000,0.000000000
761,0.380500000,0.000000000,100.000000000,29.263543794,0.000000000,70.702314070,0.000000000,100.000000000,99.965857864,0.000000000,-1.000000000,0.000000000
762,0.381000000,0.000000000,100.000000000,29.313543794,0.000000000,70.652314070,0.000000000,100.000000000,99.965857864,0.000000000,-1.000000000,0.000000000
763,0.381500000,0.000000000,100.000000000,29.363543794,0.000000000,70.602314070,0.000000000,100.000000000,99.965857864,0.000000000,-1.000000000,0.000000000
764,0.382000000,0.000000000,100.000000000,29.413543794,0.000000000,70.552314070,0.000000000,100.000000000,99.965857864,0.000000000,-1.000000000,0.000000000
765,0.382500000,0.000000000,100.000000000,29.463543794,0.000000000,70.502314070,0.000000000,100.000000000,99.965857864,0.000000000,-1.000000000,0.000000000
766,0.383000000,0.000000000,100.000000000,29.513543794,0.000000000,70.452314070,0.000000000,100.000000000,99.965857864,0.000000000,-1.000000000,0.000000000
767,0.383500000,0.000000000,100.000000000,29.563543794,0.000000000,70.402314070,0.000000000,100.000000000,99.965857864,0.000000000,-1.000000000,0.000000000
768,0.384000000,0.000000000,100.000000000,29.613543794,0.000000000,70.352314070,0.000000000,100.000000000,99.965857864,0.000000000,-1.000000000,0.000000000
769,0.384500000,0.000000000,100.000000000,29.663543794,0.000000000,70.302314070,0.000000000,100.000000000,99.965857864,0.000000000,-1.000000000,0.000000000
770,0.385000000,0.000000000,100.000000000,29.713543794,0.000000000,70.252314070,0.000000000,100.000000000,99.965857864,0.000000000,-1.000000000,0.000000000
771,0.385500000,0.000000000,100.000000000,29.763543794,0.000000000,70.202314070,0.000000000,100.000000000,99.965857864,0.000000000,-1.000000000,0.000000000
772,0.386000000,0.000000000,100.000000000,29.813543794,0.000000000,70.152314070,0.000000000,100.000000000,99.965857864,0.000000000,-1.000000000,0.000000000
773,0.386500000,0.000000000,100.000000000,29.863543794,0.000000000,70.102314070,0.000000000,100.000000000,99.965857864,0.000000000,-1.000000000,0.000000000
774,0.387000000,0.000000000,100.000000000,29.913543794,0.000000000,70.052314070,0.000000000,100.000000000,99.965857864,0.000000000,-1.000000000,0.000000000
775,0.387500000,0.000000000,100.000000000,29.963543794,0.000000000,70.002314070,0.000000000,100.000000000,99.965857864,0.000000000,-1.000000000,0.000000000
776,0.388000000,0.000000000,100.000000000,30.013543794,0.000000000,69.952314070,0.000000000,100.000000000,99.965857864,0.000000000,-1.000000000,0.000000000
777,0.388500000,0.000000000,100.000000000,30.063543794,0.000000000,69.902314070,0.000000000,100.000000000,99.965857864,0.000000000,-1.000000000,0.000000000
778,0.389000000,0.000000000,100.000000000,30.113543794,0.000000000,69.852314070,0.000000000,100.000000000,99.965857864,0.000000000,-1.000000000,0.000000000
779,0.389500000,0.000000000,100.000000000,30.163543794,0.000000000,69.802314070,0.000000000,100.000000000,99.965857864,0.000000000,-1.000000000,0.000000000
780,0.390000000,0.000000000,100.000000000,30.213543794,0.000000000,69.752314070,0.000000000,100.000000000,99.965857864,0.000000000,-1.000000000,0.000000000
781,0.390500000,0.000000000,100.000000000,30.263543794,0.000000000,69.702314070,0.000000000,100.000000000,99.965857864,0.000000000,-1.000000000,0.000000000
782,0.391000000,0.000000000,100.000000000,30.313543794,0.000000000,69.652314070,0.000000000,100.000000000,99.965857864,0.000000000,-1.000000000,0.000000000
783,0.391500000,0.000000000,100.000000000,30.363543794,0.000000000,69.602314070,0.000000000,100.000000000,99.965857864,0.000000000,-1.000000000,0.000000000
784,0.392000000,0.000000000,100.000000000,30.413543794,0.000000000,69.552314070,0.000000000,100.000000000,99.965857864,0.000000000,-1.000000000,0.000000000
785,0.392500000,0.000000000,100.000000000,30.463543794,0.000000000,69.502314070,0.000000000,100.000000000,99.965857864,0.000000000,-1.000000000,0.000000000
786,0.393000000,0.000000000,100.000000000,30.513543794,0.000000000,69.452314070,0.000000000,100.000000000,99.965857864,0.000000000,-1.000000000,0.000000000
787,0.393500000,0.000000000,100.000000000,30.563543794,0.000000000,69.402314070,0.000000000,100.000000000,99.965857864,0.000000000,-1.000000000,0.000000000
788,0.394000000,0.000000000,100.000000000,30.613543794,0.000000000,69.352314070,0.000000000,100.000000000,99.965857864,0.000000000,-1.000000000,0.000000000
789,0.394500000,0.000000000,100.000000000,30.663543794,0.000000000,69.302314070,0.000000000,100.000000000,99.965857864,0.000000000,-1.000000000,0.000000000
790,0.395000000,0.000000000,100.000000000,30.713543794,0.000000000,69.252314070,0.000000000,100.000000000,99.965857864,0.000000000,-1.000000000,0.000000000
791,0.395500000,0.000000000,100.000000000,30.763543794,0.000000000,69.202314070,0.000000000,100.000000000,99.965857864,0.000000000,-1.000000000,0.000000000
792,0.396000000,0.000000000,100.000000000,30.813543794,0.000000000,69.152314070,0.000000000,100.000000000,99.965857864,0.000000000,-1.000000000,0.000000000
793,0.396500000,0.000000000,100.000000000,30.863543794,0.000000000,69.102314070,0.000000000,100.000000000,99.965857864,0.000000000,-1.000000000,0.000000000
794,0.397000000,0.000000000,100.000000000,30.913543794,0.000000000,69.052314070,0.000000000,100.000000000,99.965857864,0.000000000,-1.000000000,0.000000000
795,0.397500000,0.000000000,100.000000000,30.963543794,0.000000000,69.002314070,0.000000000,100.000000000,99.965857864,0.000000000,-1.000000000,0.000000000
796,0.398000000,0.000000000,100.000000000,31.013543794,0.000000000,68.952314070,0.000000000,100.000000000,99.965857864,0.000000000,-1.000000000,0.000000000
797,0.398500000,0.000000000,100.000000000,31.063543794,0.000000000,68.902314070,0.000000000,100.000000000,99.965857864,0.000000000,-1.000000000,0.000000000
798,0.399000000,0.000000000,100.000000000,31.113543794,0.000000000,68.852314070,0.000000000,100.000000000,99.965857864,0.000000000,-1.000000000,0.000000000
799,0.399500000,0.000000000,100.000000000,31.163543794,0.000000000,68.802314070,0.000000000,100.000000000,99.965857864,0.000000000,-1.000000000,0.000000000
800,0.400000000,0.000000000,100.000000000,31.213543794,0.000000000,68.752314070,0.000000000,100.000000000,99.965857864,0.000000000,-1.000000000,0.000000000
801,0.400500000,0.000000000,100.000000000,31.263543794,0.000000000,68.702314070,0.000000000,100.000000000,99.965857864,0.000000000,-1.000000000,0.000000000
802,0.401000000,0.000000000,100.000000000,31.313543794,0.000000000,68.652314070,0.000000000,100.000000000,99.965857864,0.000000000,-1.000000000,0.000000000
803,0.401500000,0.000000000,100.000000000,31.363543794,0.000000000,68.602314070,0.000000000,100.000000000,99.965857864,0.000000000,-1.000000000,0.000000000
804,0.402000000,0.000000000,100.000000000,31.413543794,0.000000000,68.552314070,0.000000000,100.000000000,99.965857864,0.000000000,-1.000000000,0.000000000
805,0.402500000,0.000000000,100.000000000,31.463543794,0.000000000,68.502314070,0.000000000,100.000000000,99.965857864,0.000000000,-1.000000000,0.000000000
806,0.403000000,0.000000000,100.000000000,31.513543794,0.000000000,68.452314070,0.000000000,100.000000000,99.965857864,0.000000000,-1.000000000,0.000000000
807,0.403500000,0.000000000,100.000000000,31.563543794,0.000000000,68.402314070,0.000000000,100.000000000,99.965857864,0.000000000,-1.000000000,0.000000000
808,0.404000000,0.000000000,100.000000000,31.613543794,0.000000000,68.352314070,0.000000000,100.000000000,99.965857864,0.000000000,-1.000000000,0.000000000
809,0.404500000,0.000000000,100.000000000,31.663543794,0.000000000,68.302314070,0.000000000,100.000000000,99.965857864,0.000000000,-1.000000000,0.000000000
810,0.405000000,0.000000000,100.000000000,31.713543794,0.000000000,68.252314070,0.000000000,100.000000000,99.965857864,0.000000000,-1.000000000,0.000000000
811,0.405500000,0.000000000,100.000000000,31.763543794,0.000000000,68.202314070,0.000000000,100.000000000,99.965857864,0.000000000,-1.000000000,0.000000000
812,0.406000000,0.000000000,100.000000000,31.813543794,0.000000000,68.152314070,0.000000000,100.000000000,99.965857864,0.000000000,-1.000000000,0.000000000
813,0.406500000,0.000000000,100.000000000,31.863543794,0.000000000,68.102314070,0.000000000,100.000000000,99.965857864,0.000000000,-1.000000000,0.000000000
814,0.407000000,0.000000000,100.000000000,31.913543794,0.000000000,68.052314070,0.000000000,100.000000000,99.965857864,0.000000000,-1.000000000,0.000000000
815,0.407500000,0.000000000,100.000000000,31.963543794,0.000000000,68.002314070,0.000000000,100.000000000,99.965857864,0.000000000,-1.000000000,0.000000000
816,0.408000000,0.000000000,100.000000000,32.013543794,0.000000000,67.952314070,0.000000000,100.000000000,99.965857864,0.000000000,-1.000000000,0.000000000
817,0.408500000,0.000000000,100.000000000,32.063543794,0.000000000,67.902314070,0.000000000,100.000000000,99.965857864,0.000000000,-1.000000000,0.000000000
818,0.409000000,0.000000000,100.000000000,32.113543794,0.000000000,67.852314070,0.000000000,100.000000000,99.965857864,0.000000000,-1.000000000,0.000000000
819,0.409500000,0.000000000,100.000000000,32.163543794,0.000000000,67.802314070,0.000000000,100.000000000,99.965857864,0.000000000,-1.000000000,0.000000000
820,0.410000000,0.000000000,100.000000000,32.213543794,0.000000000,67.752314070,0.000000000,100.000000000,99.965857864,0.000000000,-1.000000000,0.000000000
821,0.410500000,0.000000000,100.000000000,32.263543794,0.000000000,67.702314070,0.000000000,100.000000000,99.965857864,0.000000000,-1.000000000,0.000000000
822,0.411000000,0.000000000,100.000000000,32.313543794,0.000000000,67.652314070,0.000000000,100.000000000,99.965857864,0.000000000,-1.000000000,0.000000000
823,0.411500000,0.000000000,100.000000000,32.363543794,0.000000000,67.602314070,0.000000000,100.000000000,99.965857864,0.000000000,-1.000000000,0.000000000
824,0.412000000,0.000000000,100.000000000,32.413543794,0.000000000,67.552314070,0.000000000,100.000000000,99.965857864,0.000000000,-1.000000000,0.000000000
825,0.412500000,0.000000000,100.000000000,32.463543794,0.000000000,67.502314070,0.000000000,100.000000000,99.965857864,0.000000000,-1.000000000,0.000000000
826,0.413000000,0.000000000,100.000000000,32.513543794,0.000000000,67.452314070,0.000000000,100.000000000,99.965857864,0.000000000,-1.000000000,0.000000000
827,0.413500000,0.000000000,100.000000000,32.563543794,0.000000000,67.402314070,0.000000000,100.000000000,99.965857864,0.000000000,-1.000000000,0.000000000
828,0.414000000,0.000000000,100.000000000,32.613543794,0.000000000,67.352314070,0.000000000,100.000000000,99.965857864,0.000000000,-1.000000000,0.000000000
829,0.414500000,0.000000000,100.000000000,32.663543794,0.000000000,67.302314070,0.000000000,100.000000000,99.965857864,0.000000000,-1.000000000,0.000000000
830,0.415000000,0.000000000,100.000000000,32.713543794,0.000000000,67.252314070,0.000000000,100.000000000,99.965857864,0.000000000,-1.000000000,0.000000000
831,0.415500000,0.000000000,100.000000000,32.763543794,0.000000000,67.202314070,0.000000000,100.000000000,99.965857864,0.000000000,-1.000000000,0.000000000
832,0.416000000,0.000000000,100.000000000,32.813543794,0.000000000,67.152314070,0.000000000,100.000000000,99.965857864,0.000000000,-1.000000000,0.000000000
833,0.416500000,0.000000000,100.000000000,32.863543794,0.000000000,67.102314070,0.000000000,100.000000000,99.965857864,0.000000000,-1.000000000,0.000000000
834,0.417000000,0.000000000,100.000000000,32.913543794,0.000000000,67.052314070,0.000000000,100.000000000,99.965857864,0.000000000,-1.000000000,0.000000000
835,0.417500000,0.000000000,100.000000000,32.963543794,0.000000000,67.002314070,0.000000000,100.000000000,99.965857864,0.000000000,-1.000000000,0.000000000
836,0.418000000,0.000000000,100.000000000,33.013543794,0.000000000,66.952314070,0.000000000,100.000000000,99.965857864,0.000000000,-1.000000000,0.000000000
837,0.418500000,0.000000000,100.000000000,33.063543794,0.000000000,66.902314070,0.000000000,100.000000000,99.965857864,0.000000000,-1.000000000,0.000000000
838,0.419000000,0.000000000,100.000000000,33.113543794,0.000000000,66.852314070,0.000000000,100.000000000,99.965857864,0.000000000,-1.000000000,0.000000000
839,0.419500000,0.000000000,100.000000000,33.163543794,0.000000000,66.802314070,0.000000000,100.000000000,99.965857864,0.000000000,-1.000000000,0.000000000
840,0.420000000,0.000000000,100.000000000,33.213543794,0.000000000,66.752314070,0.000000000,100.000000000,99.965857864,0.000000000,-1.000000000,0.000000000
841,0.420500000,0.000000000,100.000000000,33.263543794,0.000000000,66.702314070,0.000000000,100.000000000,99.965857864,0.000000000,-1.000000000,0.000000000
842,0.421000000,0.000000000,100.000000000,33.313543794,0.000000000,66.652314070,0.000000000,100.000000000,99.965857864,0.000000000,-1.000000000,0.000000000
843,0.421500000,0.000000000,100.000000000,33.363543794,0.000000000,66.602314070,0.000000000,100.000000000,99.965857864,0.000000000,-1.000000000,0.000000000
844,0.422000000,0.000000000,100.000000000,33.413543794,0.000000000,66.552314070,0.000000000,100.000000000,99.965857864,0.000000000,-1.000000000,0.000000000
845,0.422500000,0.000000000,100.000000000,33.463543794,0.000000000,66.502314070,0.000000000,100.000000000,99.965857864,0.000000000,-1.000000000,0.000000000
846,0.423000000,0.000000000,100.000000000,33.513543794,0.000000000,66.452314070,0.000000000,100.000000000,99.965857864,0.000000000,-1.000000000,0.000000000
847,0.423500000,0.000000000,100.000000000,33.563543794,0.000000000,66.402314070,0.000000000,100.000000000,99.965857864,0.000000000,-1.000000000,0.000000000
848,0.424000000,0.000000000,100.000000000,33.613543794,0.000000000,66.352314070,0.000000000,100.000000000,99.965857864,0.000000000,-1.000000000,0.000000000
849,0.424500000,0.000000000,100.000000000,33.663543794,0.000000000,66.302314070,0.000000000,100.000000000,99.965857864,0.000000000,-1.000000000,0.000000000
850,0.425000000,0.000000000,100.000000000,33.713543794,0.000000000,66.252314070,0.000000000,100.000000000,99.965857864,0.000000000,-1.000000000,0.000000000
851,0.425500000,0.000000000,100.000000000,33.763543794,0.000000000,66.202314070,0.000000000,100.000000000,99.965857864,0.000000000,-1.000000000,0.000000000
852,0.426000000,0.000000000,100.000000000,33.813543794,0.000000000,66.152314070,0.000000000,100.000000000,99.965857864,0.000000000,-1.000000000,0.000000000
853,0.426500000,0.000000000,100.000000000,33.863543794,0.000000000,66.102314070,0.000000000,100.000000000,99.965857864,0.000000000,-1.000000000,0.000000000
854,0.427000000,0.000000000,100.000000000,33.913543794,0.000000000,66.052314070,0.000000000,100.000000000,99.965857864,0.000000000,-1.000000000,0.000000000
855,0.427500000,0.000000000,100.000000000,33.963543794,0.000000000,66.002314070,0.000000000,100.000000000,99.965857864,0.000000000,-1.000000000,0.000000000
856,0.428000000,0.000000000,100.000000000,34.013543794,0.000000000,65.952314070,0.000000000,100.000000000,99.965857864,0.000000000,-1.000000000,0.000000000
857,0.428500000,0.000000000,100.000000000,34.063543794,0.000000000,65.902314070,0.000000000,100.000000000,99.965857864,0.000000000,-1.000000000,0.000000000
858,0.429000000,0.000000000,100.000000000,34.113543794,0.000000000,65.852314070,0.000000000,100.000000000,99.965857864,0.000000000,-1.000000000,0.000000000
859,0.429500000,0.000000000,100.000000000,34.163543794,0.000000000,65.802314070,0.000000000,100.000000000,99.965857864,0.000000000,-1.000000000,0.000000000
860,0.430000000,0.000000000,100.000000000,34.213543794,0.000000000,65.752314070,0.000000000,100.000000000,99.965857864,0.000000000,-1.000000000,0.000000000
861,0.430500000,0.000000000,100.000000000,34.263543794,0.000000000,65.702314070,0.000000000,100.000000000,99.965857864,0.000000000,-1.000000000,0.000000000
862,0.431000000,0.000000000,100.000000000,34.313543794,0.000000000,65.652314070,0.000000000,100.000000000,99.965857864,0.000000000,-1.000000000,0.000000000
863,0.431500000,0.000000000,100.000000000,34.363543794,0.000000000,65.602314070,0.000000000,100.000000000,99.965857864,0.000000000,-1.000000000,0.000000000
864,0.432000000,0.000000000,100.000000000,34.413543794,0.000000000,65.552314070,0.000000000,100.000000000,99.965857864,0.000000000,-1.000000000,0.000000000
865,0.432500000,0.000000000,100.000000000,34.463543794,0.000000000,65.502314070,0.000000000,100.000000000,99.965857864,0.000000000,-1.000000000,0.000000000
866,0.433000000,0.000000000,100.000000000,34.513543794,0.000000000,65.452314070,0.000000000,100.000000000,99.965857864,0.000000000,-1.000000000,0.000000000
867,0.433500000,0.000000000,100.000000000,34.563543794,0.000000000,65.402314070,0.000000000,100.000000000,99.965857864,0.000000000,-1.000000000,0.000000000
868,0.434000000,0.000000000,100.000000000,34.613543794,0.000000000,65.352314070,0.000000000,100.000000000,99.965857864,0.000000000,-1.000000000,0.000000000
869,0.434500000,0.000000000,100.000000000,34.663543794,0.000000000,65.302314070,0.000000000,100.000000000,99.965857864,0.000000000,-1.000000000,0.000000000
870,0.435000000,0.000000000,100.000000000,34.713543794,0.000000000,65.252314070,0.000000000,100.000000000,99.965857864,0.000000000,-1.000000000,0.000000000
871,0.435500000,0.000000000,100.000000000,34.763543794,0.000000000,65.202314070,0.000000000,100.000000000,99.965857864,0.000000000,-1.000000000,0.000000000
872,0.436000000,0.000000000,100.000000000,34.813543794,0.000000000,65.152314070,0.000000000,100.000000000,99.965857864,0.000000000,-1.000000000,0.000000000
873,0.436500000,0.000000000,100.000000000,34.863543794,0.000000000,65.102314070,0.000000000,100.000000000,99.965857864,0.000000000,-1.000000000,0.000000000
874,0.437000000,0.000000000,100.000000000,34.913543794,0.000000000,65.052314070,0.000000000,100.000000000,99.965857864,0.000000000,-1.000000000,0.000000000
875,0.437500000,0.000000000,100.000000000,34.963543794,0.000000000,65.002314070,0.000000000,100.000000000,99.965857864,0.000000000,-1.000000000,0.000000000
876,0.438000000,0.000000000,100.000000000,35.013543794,0.000000000,64.952314070,0.000000000,100.000000000,99.965857864,0.000000000,-1.000000000,0.000000000
877,0.438500000,0.000000000,100.000000000,35.063543794,0.000000000,64.902314070,0.000000000,100.000000000,99.965857864,0.000000000,-1.000000000,0.000000000
878,0.439000000,0.000000000,100.000000000,35.113543794,0.000000000,64.852314070,0.000000000,100.000000000,99.965857864,0.000000000,-1.000000000,0.000000000
879,0.439500000,0.000000000,100.000000000,35.163543794,0.000000000,64.802314070,0.000000000,100.000000000,99.965857864,0.000000000,-1.000000000,0.000000000
880,0.440000000,0.000000000,100.000000000,35.213543794,0.000000000,64.752314070,0.000000000,100.000000000,99.965857864,0.000000000,-1.000000000,0.000000000
881,0.440500000,0.000000000,100.000000000,35.263543794,0.000000000,64.702314070,0.000000000,100.000000000,99.965857864,0.000000000,-1.000000000,0.000000000
882,0.441000000,0.000000000,100.000000000,35.313543794,0.000000000,64.652314070,0.000000000,100.000000000,99.965857864,0.000000000,-1.000000000,0.000000000
883,0.441500000,0.000000000,100.000000000,35.363543794,0.000000000,64.602314070,0.000000000,100.000000000,99.965857864,0.000000000,-1.000000000,0.000000000
884,0.442000000,0.000000000,100.000000000,35.413543794,0.000000000,64.552314070,0.000000000,100.000000000,99.965857864,0.000000000,-1.000000000,0.000000000
885,0.442500000,0.000000000,100.000000000,35.463543794,0.000000000,64.502314070,0.000000000,100.000000000,99.965857864,0.000000000,-1.000000000,0.000000000
886,0.443000000,0.000000000,100.000000000,35.513543794,0.000000000,64.452314070,0.000000000,100.000000000,99.965857864,0.000000000,-1.000000000,0.000000000
887,0.443500000,0.000000000,100.000000000,35.563543794,0.000000000,64.402314070,0.000000000,100.000000000,99.965857864,0.000000000,-1.000000000,0.000000000
888,0.444000000,0.000000000,100.000000000,35.613543794,0.000000000,64.352314070,0.000000000,100.000000000,99.965857864,0.000000000,-1.000000000,0.000000000
889,0.444500000,0.000000000,100.000000000,35.663543794,0.000000000,64.302314070,0.000000000,100.000000000,99.965857864,0.000000000,-1.000000000,0.000000000
890,0.445000000,0.000000000,100.000000000,35.713543794,0.000000000,64.252314070,0.000000000,100.000000000,99.965857864,0.000000000,-1.000000000,0.000000000
891,0.445500000,0.000000000,100.000000000,35.763543794,0.000000000,64.202314070,0.000000000,100.000000000,99.965857864,0.000000000,-1.000000000,0.000000000
892,0.446000000,0.000000000,100.000000000,35.813543794,0.000000000,64.152314070,0.000000000,100.000000000,99.965857864,0.000000000,-1.000000000,0.000000000
893,0.446500000,0.000000000,100.000000000,35.863543794,0.000000000,64.102314070,0.000000000,100.000000000,99.965857864,0.000000000,-1.000000000,0.000000000
894,0.447000000,0.000000000,100.000000000,35.913543794,0.000000000,64.052314070,0.000000000,100.000000000,99.965857864,0.000000000,-1.000000000,0.000000000
895,0.447500000,0.000000000,100.000000000,35.963543794,0.000000000,64.002314070,0.000000000,100.000000000,99.965857864,0.000000000,-1.000000000,0.000000000
896,0.448000000,0.000000000,100.000000000,36.013543794,0.000000000,63.952314070,0.000000000,100.000000000,99.965857864,0.000000000,-1.000000000,0.000000000
897,0.448500000,0.000000000,100.000000000,36.063543794,0.000000000,63.902314070,0.000000000,100.000000000,99.965857864,0.000000000,-1.000000000,0.000000000
898,0.449000000,0.000000000,100.000000000,36.113543794,0.000000000,63.852314070,0.000000000,100.000000000,99.965857864,0.000000000,-1.000000000,0.000000000
899,0.449500000,0.000000000,100.000000000,36.163543794,0.000000000,63.802314070,0.000000000,100.000000000,99.965857864,0.000000000,-1.000000000,0.000000000
900,0.450000000,0.000000000,100.000000000,36.213543794,0.000000000,63.752314070,0.000000000,100.000000000,99.965857864,0.000000000,-1.000000000,0.000000000
901,0.450500000,0.000000000,100.000000000,36.263543794,0.000000000,63.702314070,0.000000000,100.000000000,99.965857864,0.000000000,-1.000000000,0.000000000
902,0.451000000,0.000000000,100.000000000,36.313543794,0.000000000,63.652314070,0.000000000,100.000000000,99.965857864,0.000000000,-1.000000000,0.000000000
903,0.451500000,0.000000000,100.000000000,36.363543794,0.000000000,63.602314070,0.000000000,100.000000000,99.965857864,0.000000000,-1.000000000,0.000000000
904,0.452000000,0.000000000,100.000000000,36.413543794,0.000000000,63.552314070,0.000000000,100.000000000,99.965857864,0.000000000,-1.000000000,0.000000000
905,0.452500000,0.000000000,100.000000000,36.463543794,0.000000000,63.502314070,0.000000000,100.000000000,99.965857864,0.000000000,-1.000000000,0.000000000
906,0.453000000,0.000000000,100.000000000,36.513543794,0.000000000,63.452314070,0.000000000,100.000000000,99.965857864,0.000000000,-1.000000000,0.000000000
907,0.453500000,0.000000000,100.000000000,36.563543794,0.000000000,63.402314070,0.000000000,100.000000000,99.965857864,0.000000000,-1.000000000,0.000000000
908,0.454000000,0.000000000,100.000000000,36.613543794,0.000000000,63.352314070,0.000000000,100.000000000,99.965857864,0.000000000,-1.000000000,0.000000000
909,0.454500000,0.000000000,100.000000000,36.663543794,0.000000000,63.302314070,0.000000000,100.000000000,99.965857864,0.000000000,-1.000000000,0.000000000
910,0.455000000,0.000000000,100.000000000,36.713543794,0.000000000,63.252314070,0.000000000,100.000000000,99.965857864,0.000000000,-1.000000000,0.000000000
911,0.455500000,0.000000000,100.000000000,36.763543794,0.000000000,63.202314070,0.000000000,100.000000000,99.965857864,0.000000000,-1.000000000,0.000000000
912,0.456000000,0.000000000,100.000000000,36.813543794,0.000000000,63.152314070,0.000000000,100.000000000,99.965857864,0.000000000,-1.000000000,0.000000000
913,0.456500000,0.000000000,100.000000000,36.863543794,0.000000000,63.102314070,0.000000000,100.000000000,99.965857864,0.000000000,-1.000000000,0.000000000
914,0.457000000,0.000000000,100.000000000,36.913543794,0.000000000,63.052314070,0.000000000,100.000000000,99.965857864,0.000000000,-1.000000000,0.000000000
915,0.457500000,0.000000000,100.000000000,36.963543794,0.000000000,63.002314070,0.000000000,100.000000000,99.965857864,0.000000000,-1.000000000,0.000000000
916,0.458000000,0.000000000,100.000000000,37.013543794,0.000000000,62.952314070,0.000000000,100.000000000,99.965857864,0.000000000,-1.000000000,0.000000000
917,0.458500000,0.000000000,100.000000000,37.063543794,0.000000000,62.902314070,0.000000000,100.000000000,99.965857864,0.000000000,-1.000000000,0.000000000
918,0.459000000,0.000000000,100.000000000,37.113543794,0.000000000,62.852314070,0.000000000,100.000000000,99.965857864,0.000000000,-1.000000000,0.000000000
919,0.459500000,0.000000000,100.000000000,37.163543794,0.000000000,62.802314070,0.000000000,100.000000000,99.965857864,0.000000000,-1.000000000,0.000000000
920,0.460000000,0.000000000,100.000000000,37.213543794,0.000000000,62.752314070,0.000000000,100.000000000,99.965857864,0.000000000,-1.000000000,0.000000000
921,0.460500000,0.000000000,100.000000000,37.263543794,0.000000000,62.702314070,0.000000000,100.000000000,99.965857864,0.000000000,-1.000000000,0.000000000
922,0.461000000,0.000000000,100.000000000,37.313543794,0.000000000,62.652314070,0.000000000,100.000000000,99.965857864,0.000000000,-1.000000000,0.000000000
923,0.461500000,0.000000000,100.000000000,37.363543794,0.000000000,62.602314070,0.000000000,100.000000000,99.965857864,0.000000000,-1.000000000,0.000000000
924,0.462000000,0.000000000,100.000000000,37.413543794,0.000000000,62.552314070,0.000000000,100.000000000,99.965857864,0.000000000,-1.000000000,0.000000000
925,0.462500000,0.000000000,100.000000000,37.463543794,0.000000000,62.502314070,0.000000000,100.000000000,99.965857864,0.000000000,-1.000000000,0.000000000
926,0.463000000,0.000000000,100.000000000,37.513543794,0.000000000,62.452314070,0.000000000,100.000000000,99.965857864,0.000000000,-1.000000000,0.000000000
927,0.463500000,0.000000000,100.000000000,37.563543794,0.000000000,62.402314070,0.000000000,100.000000000,99.965857864,0.000000000,-1.000000000,0.000000000
928,0.464000000,0.000000000,100.000000000,37.613543794,0.000000000,62.352314070,0.000000000,100.000000000,99.965857864,0.000000000,-1.000000000,0.000000000
929,0.464500000,0.000000000,100.000000000,37.663543794,0.000000000,62.302314070,0.000000000,100.000000000,99.965857864,0.000000000,-1.000000000,0.000000000
930,0.465000000,0.000000000,100.000000000,37.713543794,0.000000000,62.252314070,0.000000000,100.000000000,99.965857864,0.000000000,-1.000000000,0.000000000
931,0.465500000,0.000000000,100.000000000,37.763543794,0.000000000,62.202314070,0.000000000,100.000000000,99.965857864,0.000000000,-1.000000000,0.000000000
932,0.466000000,0.000000000,100.000000000,37.813543794,0.000000000,62.152314070,0.000000000,100.000000000,99.965857864,0.000000000,-1.000000000,0.000000000
933,0.466500000,0.000000000,100.000000000,37.863543794,0.000000000,62.102314070,0.000000000,100.000000000,99.965857864,0.000000000,-1.000000000,0.000000000
934,0.467000000,0.000000000,100.000000000,37.913543794,0.000000000,62.052314070,0.000000000,100.000000000,99.965857864,0.000000000,-1.000000000,0.000000000
935,0.467500000,0.000000000,100.000000000,37.963543794,0.000000000,62.002314070,0.000000000,100.000000000,99.965857864,0.000000000,-1.000000000,0.000000000
936,0.468000000,0.000000000,100.000000000,38.013543794,0.000000000,61.952314070,0.000000000,100.000000000,99.965857864,0.000000000,-1.000000000,0.000000000
937,0.468500000,0.000000000,100.000000000,38.063543794,0.000000000,61.902314070,0.000000000,100.000000000,99.965857864,0.000000000,-1.000000000,0.000000000
938,0.469000000,0.000000000,100.000000000,38.113543794,0.000000000,61.852314070,0.000000000,100.000000000,99.965857864,0.000000000,-1.000000000,0.000000000
939,0.469500000,0.000000000,100.000000000,38.163543794,0.000000000,61.802314070,0.000000000,100.000000000,99.965857864,0.000000000,-1.000000000,0.000000000
940,0.470000000,0.000000000,100.000000000,38.213543794,0.000000000,61.752314070,0.000000000,100.000000000,99.965857864,0.000000000,-1.000000000,0.000000000
941,0.470500000,0.000000000,100.000000000,38.263543794,0.000000000,61.702314070,0.000000000,100.000000000,99.965857864,0.000000000,-1.000000000,0.000000000
942,0.471000000,0.000000000,100.000000000,38.313543794,0.000000000,61.652314070,0.000000000,100.000000000,99.965857864,0.000000000,-1.000000000,0.000000000
943,0.471500000,0.000000000,100.000000000,38.363543794,0.000000000,61.602314070,0.000000000,100.000000000,99.965857864,0.000000000,-1.000000000,0.000000000
944,0.472000000,0.000000000,100.000000000,38.413543794,0.000000000,61.552314070,0.000000000,100.000000000,99.965857864,0.000000000,-1.000000000,0.000000000
945,0.472500000,0.000000000,100.000000000,38.463543794,0.000000000,61.502314070,0.000000000,100.000000000,99.965857864,0.000000000,-1.000000000,0.000000000
946,0.473000000,0.000000000,100.000000000,38.513543794,0.000000000,61.452314070,0.000000000,100.000000000,99.965857864,0.000000000,-1.000000000,0.000000000
947,0.473500000,0.000000000,100.000000000,38.563543794,0.000000000,61.402314070,0.000000000,100.000000000,99.965857864,0.000000000,-1.000000000,0.000000000
948,0.474000000,0.000000000,100.000000000,38.613543794,0.000000000,61.352314070,0.000000000,100.000000000,99.965857864,0.000000000,-1.000000000,0.000000000
949,0.474500000,0.000000000,100.000000000,38.663543794,0.000000000,61.302314070,0.000000000,100.000000000,99.965857864,0.000000000,-1.000000000,0.000000000
950,0.475000000,0.000000000,100.000000000,38.713543794,0.000000000,61.252314070,0.000000000,100.000000000,99.965857864,0.000000000,-1.000000000,0.000000000
951,0.475500000,0.000000000,100.000000000,38.763543794,0.000000000,61.202314070,0.000000000,100.000000000,99.965857864,0.000000000,-1.000000000,0.000000000
952,0.476000000,0.000000000,100.000000000,38.813543794,0.000000000,61.152314070,0.000000000,100.000000000,99.965857864,0.000000000,-1.000000000,0.000000000
953,0.476500000,0.000000000,100.000000000,38.863543794,0.000000000,61.102314070,0.000000000,100.000000000,99.965857864,0.000000000,-1.000000000,0.000000000
954,0.477000000,0.000000000,100.000000000,38.913543794,0.000000000,61.052314070,0.000000000,100.000000000,99.965857864,0.000000000,-1.000000000,0.000000000
955,0.477500000,0.000000000,100.000000000,38.963543794,0.000000000,61.002314070,0.000000000,100.000000000,99.965857864,0.000000000,-1.000000000,0.000000000
956,0.478000000,0.000000000,100.000000000,39.013543794,0.000000000,60.952314070,0.000000000,100.000000000,99.965857864,0.000000000,-1.000000000,0.000000000
957,0.478500000,0.000000000,100.000000000,39.063543794,0.000000000,60.902314070,0.000000000,100.000000000,99.965857864,0.000000000,-1.000000000,0.000000000
958,0.479000000,0.000000000,100.000000000,39.113543794,0.000000000,60.852314070,0.000000000,100.000000000,99.965857864,0.000000000,-1.000000000,0.000000000
959,0.479500000,0.000000000,100.000000000,39.163543794,0.000000000,60.802314070,0.000000000,100.000000000,99.965857864,0.000000000,-1.000000000,0.000000000
960,0.480000000,0.000000000,100.000000000,39.213543794,0.000000000,60.752314070,0.000000000,100.000000000,99.965857864,0.000000000,-1.000000000,0.000000000
961,0.480500000,0.000000000,100.000000000,39.263543794,0.000000000,60.702314070,0.000000000,100.000000000,99.965857864,0.000000000,-1.000000000,0.000000000
962,0.481000000,0.000000000,100.000000000,39.313543794,0.000000000,60.652314070,0.000000000,100.000000000,99.965857864,0.000000000,-1.000000000,0.000000000
963,0.481500000,0.000000000,100.000000000,39.363543794,0.000000000,60.602314070,0.000000000,100.000000000,99.965857864,0.000000000,-1.000000000,0.000000000
964,0.482000000,0.000000000,100.000000000,39.413543794,0.000000000,60.552314070,0.000000000,100.000000000,99.965857864,0.000000000,-1.000000000,0.000000000
965,0.482500000,0.000000000,100.000000000,39.463543794,0.000000000,60.502314070,0.000000000,100.000000000,99.965857864,0.000000000,-1.000000000,0.000000000
966,0.483000000,0.000000000,100.000000000,39.513543794,0.000000000,60.452314070,0.000000000,100.000000000,99.965857864,0.000000000,-1.000000000,0.000000000
967,0.483500000,0.000000000,100.000000000,39.563543794,0.000000000,60.402314070,0.000000000,100.000000000,99.965857864,0.000000000,-1.000000000,0.000000000
968,0.484000000,0.000000000,100.000000000,39.613543794,0.000000000,60.352314070,0.000000000,100.000000000,99.965857864,0.000000000,-1.000000000,0.000000000
969,0.484500000,0.000000000,100.000000000,39.663543794,0.000000000,60.302314070,0.000000000,100.000000000,99.965857864,0.000000000,-1.000000000,0.000000000
970,0.485000000,0.000000000,100.000000000,39.713543794,0.000000000,60.252314070,0.000000000,100.000000000,99.965857864,0.000000000,-1.000000000,0.000000000
971,0.485500000,0.000000000,100.000000000,39.763543794,0.000000000,60.202314070,0.000000000,100.000000000,99.965857864,0.000000000,-1.000000000,0.000000000
972,0.486000000,0.000000000,100.000000000,39.813543794,0.000000000,60.152314070,0.000000000,100.000000000,99.965857864,0.000000000,-1.000000000,0.000000000
973,0.486500000,0.000000000,100.000000000,39.863543794,0.000000000,60.102314070,0.000000000,100.000000000,99.965857864,0.000000000,-1.000000000,0.000000000
974,0.487000000,0.000000000,100.000000000,39.913543794,0.000000000,60.052314070,0.000000000,100.000000000,99.965857864,0.000000000,-1.000000000,0.000000000
975,0.487500000,0.000000000,100.000000000,39.963543794,0.000000000,60.002314070,0.000000000,100.000000000,99.965857864,0.000000000,-1.000000000,0.000000000
976,0.488000000,0.000000000,100.000000000,40.013543794,0.000000000,59.952314070,0.000000000,100.000000000,99.965857864,0.000000000,-1.000000000,0.000000000
977,0.488500000,0.000000000,100.000000000,40.063543794,0.000000000,59.902314070,0.000000000,100.000000000,99.965857864,0.000000000,-1.000000000,0.000000000
978,0.489000000,0.000000000,100.000000000,40.113543794,0.000000000,59.852314070,0.000000000,100.000000000,99.965857864,0.000000000,-1.000000000,0.000000000
979,0.489500000,0.000000000,100.000000000,40.163543794,0.000000000,59.802314070,0.000000000,100.000000000,99.965857864,0.000000000,-1.000000000,0.000000000
980,0.490000000,0.000000000,100.000000000,40.213543794,0.000000000,59.752314070,0.000000000,100.000000000,99.965857864,0.000000000,-1.000000000,0.000000000
981,0.490500000,0.000000000,100.000000000,40.263543794,0.000000000,59.702314070,0.000000000,100.000000000,99.965857864,0.000000000,-1.000000000,0.000000000
982,0.491000000,0.000000000,100.000000000,40.313543794,0.000000000,59.652314070,0.000000000,100.000000000,99.965857864,0.000000000,-1.000000000,0.000000000
983,0.491500000,0.000000000,100.000000000,40.363543794,0.000000000,59.602314070,0.000000000,100.000000000,99.965857864,0.000000000,-1.000000000,0.000000000
984,0.492000000,0.000000000,100.000000000,40.413543794,0.000000000,59.552314070,0.000000000,100.000000000,99.965857864,0.000000000,-1.000000000,0.000000000
985,0.492500000,0.000000000,100.000000000,40.463543794,0.000000000,59.502314070,0.000000000,100.000000000,99.965857864,0.000000000,-1.000000000,0.000000000
986,0.493000000,0.000000000,100.000000000,40.513543794,0.000000000,59.452314070,0.000000000,100.000000000,99.965857864,0.000000000,-1.000000000,0.000000000
987,0.493500000,0.000000000,100.000000000,40.563543794,0.000000000,59.402314070,0.000000000,100.000000000,99.965857864,0.000000000,-1.000000000,0.000000000
988,0.494000000,0.000000000,100.000000000,40.613543794,0.000000000,59.352314070,0.000000000,100.000000000,99.965857864,0.000000000,-1.000000000,0.000000000
989,0.494500000,0.000000000,100.000000000,40.663543794,0.000000000,59.302314070,0.000000000,100.000000000,99.965857864,0.000000000,-1.000000000,0.000000000
990,0.495000000,0.000000000,100.000000000,40.713543794,0.000000000,59.252314070,0.000000000,100.000000000,99.965857864,0.000000000,-1.000000000,0.000000000
991,0.495500000,0.000000000,100.000000000,40.763543794,0.000000000,59.202314070,0.000000000,100.000000000,99.965857864,0.000000000,-1.000000000,0.000000000
992,0.496000000,0.000000000,100.000000000,40.813543794,0.000000000,59.152314070,0.000000000,100.000000000,99.965857864,0.000000000,-1.000000000,0.000000000
993,0.496500000,0.000000000,100.000000000,40.863543794,0.000000000,59.102314070,0.000000000,100.000000000,99.965857864,0.000000000,-1.000000000,0.000000000
994,0.497000000,0.000000000,100.000000000,40.913543794,0.000000000,59.052314070,0.000000000,100.000000000,99.965857864,0.000000000,-1.000000000,0.000000000
995,0.497500000,0.000000000,100.000000000,40.963543794,0.000000000,59.002314070,0.000000000,100.000000000,99.965857864,0.000000000,-1.000000000,0.000000000
996,0.498000000,0.000000000,100.000000000,41.013543794,0.000000000,58.952314070,0.000000000,100.000000000,99.965857864,0.000000000,-1.000000000,0.000000000
997,0.498500000,0.000000000,100.000000000,41.063543794,0.000000000,58.902314070,0.000000000,100.000000000,99.965857864,0.000000000,-1.000000000,0.000000000
998,0.499000000,0.000000000,100.000000000,41.113543794,0.000000000,58.852314070,0.000000000,100.000000000,99.965857864,0.000000000,-1.000000000,0.000000000
999,0.499500000,0.000000000,100.000000000,41.163543794,0.000000000,58.802314070,0.000000000,100.000000000,99.965857864,0.000000000,-1.000000000,0.000000000
1000,0.500000000,0.000000000,100.000000000,41.213543794,0.000000000,58.752314070,0.000000000,100.000000000,99.965857864,0.000000000,-1.000000000,0.000000000
1001,0.500500000,0.000000000,100.000000000,41.263543794,0.000000000,58.702314070,0.000000000,100.000000000,99.965857864,0.000000000,-1.000000000,0.000000000
1002,0.501000000,0.000000000,100.000000000,41.313543794,0.000000000,58.652314070,0.000000000,100.000000000,99.965857864,0.000000000,-1.000000000,0.000000000
1003,0.501500000,0.000000000,100.000000000,41.363543794,0.000000000,58.602314070,0.000000000,100.000000000,99.965857864,0.000000000,-1.000000000,0.000000000
1004,0.502000000,0.000000000,100.000000000,41.413543794,0.000000000,58.552314070,0.000000000,100.000000000,99.965857864,0.000000000,-1.000000000,0.000000000
1005,0.502500000,0.000000000,100.000000000,41.463543794,0.000000000,58.502314070,0.000000000,100.000000000,99.965857864,0.000000000,-1.000000000,0.000000000
1006,0.503000000,0.000000000,100.000000000,41.513543794,0.000000000,58.452314070,0.000000000,100.000000000,99.965857864,0.000000000,-1.000000000,0.000000000
1007,0.503500000,0.000000000,100.000000000,41.563543794,0.000000000,58.402314070,0.000000000,100.000000000,99.965857864,0.000000000,-1.000000000,0.000000000
1008,0.504000000,0.000000000,100.000000000,41.613543794,0.000000000,58.352314070,0.000000000,100.000000000,99.965857864,0.000000000,-1.000000000,0.000000000
1009,0.504500000,0.000000000,100.000000000,41.663543794,0.000000000,58.302314070,0.000000000,100.000000000,99.965857864,0.000000000,-1.000000000,0.000000000
1010,0.505000000,0.000000000,100.000000000,41.713543794,0.000000000,58.252314070,0.000000000,100.000000000,99.965857864,0.000000000,-1.000000000,0.000000000
1011,0.505500000,0.000000000,100.000000000,41.763543794,0.000000000,58.202314070,0.000000000,100.000000000,99.965857864,0.000000000,-1.000000000,0.000000000
1012,0.506000000,0.000000000,100.000000000,41.813543794,0.000000000,58.152314070,0.000000000,100.000000000,99.965857864,0.000000000,-1.000000000,0.000000000
1013,0.506500000,0.000000000,100.000000000,41.863543794,0.000000000,58.102314070,0.000000000,100.000000000,99.965857864,0.000000000,-1.000000000,0.000000000
1014,0.507000000,0.000000000,100.000000000,41.913543794,0.000000000,58.052314070,0.000000000,100.000000000,99.965857864,0.000000000,-1.000000000,0.000000000
1015,0.507500000,0.000000000,100.000000000,41.963543794,0.000000000,58.002314070,0.000000000,100.000000000,99.965857864,0.000000000,-1.000000000,0.000000000
1016,0.508000000,0.000000000,100.000000000,42.013543794,0.000000000,57.952314070,0.000000000,100.000000000,99.965857864,0.000000000,-1.000000000,0.000000000
1017,0.508500000,0.000000000,100.000000000,42.063543794,0.000000000,57.902314070,0.000000000,100.000000000,99.965857864,0.000000000,-1.000000000,0.000000000
1018,0.509000000,0.000000000,100.000000000,42.113543794,0.000000000,57.852314070,0.000000000,100.000000000,99.965857864,0.000000000,-1.000000000,0.000000000
1019,0.509500000,0.000000000,100.000000000,42.163543794,0.000000000,57.802314070,0.000000000,100.000000000,99.965857864,0.000000000,-1.000000000,0.000000000
1020,0.510000000,0.000000000,100.000000000,42.213543794,0.000000000,57.752314070,0.000000000,100.000000000,99.965857864,0.000000000,-1.000000000,0.000000000
1021,0.510500000,0.000000000,100.000000000,42.263543794,0.000000000,57.702314070,0.000000000,100.000000000,99.965857864,0.000000000,-1.000000000,0.000000000
1022,0.511000000,0.000000000,100.000000000,42.313543794,0.000000000,57.652314070,0.000000000,100.000000000,99.965857864,0.000000000,-1.000000000,0.000000000
1023,0.511500000,0.000000000,100.000000000,42.363543794,0.000000000,57.602314070,0.000000000,100.000000000,99.965857864,0.000000000,-1.000000000,0.000000000
1024,0.512000000,0.000000000,100.000000000,42.413543794,0.000000000,57.552314070,0.000000000,100.000000000,99.965857864,0.000000000,-1.000000000,0.000000000
1025,0.512500000,0.000000000,100.000000000,42.463543794,0.000000000,57.502314070,0.000000000,100.000000000,99.965857864,0.000000000,-1.000000000,0.000000000
1026,0.513000000,0.000000000,100.000000000,42.513543794,0.000000000,57.452314070,0.000000000,100.000000000,99.965857864,0.000000000,-1.000000000,0.000000000
1027,0.513500000,0.000000000,100.000000000,42.563543794,0.000000000,57.402314070,0.000000000,100.000000000,99.965857864,0.000000000,-1.000000000,0.000000000
1028,0.514000000,0.000000000,100.000000000,42.613543794,0.000000000,57.352314070,0.000000000,100.000000000,99.965857864,0.000000000,-1.000000000,0.000000000
1029,0.514500000,0.000000000,100.000000000,42.663543794,0.000000000,57.302314070,0.000000000,100.000000000,99.965857864,0.000000000,-1.000000000,0.000000000
1030,0.515000000,0.000000000,100.000000000,42.713543794,0.000000000,57.252314070,0.000000000,100.000000000,99.965857864,0.000000000,-1.000000000,0.000000000
1031,0.515500000,0.000000000,100.000000000,42.763543794,0.000000000,57.202314070,0.000000000,100.000000000,99.965857864,0.000000000,-1.000000000,0.000000000
1032,0.516000000,0.000000000,100.000000000,42.813543794,0.000000000,57.152314070,0.000000000,100.000000000,99.965857864,0.000000000,-1.000000000,0.000000000
1033,0.516500000,0.000000000,100.000000000,42.863543794,0.000000000,57.102314070,0.000000000,100.000000000,99.965857864,0.000000000,-1.000000000,0.000000000
1034,0.517000000,0.000000000,100.000000000,42.913543794,0.000000000,57.052314070,0.000000000,100.000000000,99.965857864,0.000000000,-1.000000000,0.000000000
1035,0.517500000,0.000000000,100.000000000,42.963543794,0.000000000,57.002314070,0.000000000,100.000000000,99.965857864,0.000000000,-1.000000000,0.000000000
1036,0.518000000,0.000000000,100.000000000,43.013543794,0.000000000,56.952314070,0.000000000,100.000000000,99.965857864,0.000000000,-1.000000000,0.000000000
1037,0.518500000,0.000000000,100.000000000,43.063543794,0.000000000,56.902314070,0.000000000,100.000000000,99.965857864,0.000000000,-1.000000000,0.000000000
1038,0.519000000,0.000000000,100.000000000,43.113543794,0.000000000,56.852314070,0.000000000,100.000000000,99.965857864,0.000000000,-1.000000000,0.000000000
1039,0.519500000,0.000000000,100.000000000,43.163543794,0.000000000,56.802314070,0.000000000,100.000000000,99.965857864,0.000000000,-1.000000000,0.000000000
1040,0.520000000,0.000000000,100.000000000,43.213543794,0.000000000,56.752314070,0.000000000,100.000000000,99.965857864,0.000000000,-1.000000000,0.000000000
1041,0.520500000,0.000000000,100.000000000,43.263543794,0.000000000,56.702314070,0.000000000,100.000000000,99.965857864,0.000000000,-1.000000000,0.000000000
1042,0.521000000,0.000000000,100.000000000,43.313543794,0.000000000,56.652314070,0.000000000,100.000000000,99.965857864,0.000000000,-1.000000000,0.000000000
1043,0.521500000,0.000000000,100.000000000,43.363543794,0.000000000,56.602314070,0.000000000,100.000000000,99.965857864,0.000000000,-1.000000000,0.000000000
1044,0.522000000,0.000000000,100.000000000,43.413543794,0.000000000,56.552314070,0.000000000,100.000000000,99.965857864,0.000000000,-1.000000000,0.000000000
1045,0.522500000,0.000000000,100.000000000,43.463543794,0.000000000,56.502314070,0.000000000,100.000000000,99.965857864,0.000000000,-1.000000000,0.000000000
1046,0.523000000,0.000000000,100.000000000,43.513543794,0.000000000,56.452314070,0.000000000,100.000000000,99.965857864,0.000000000,-1.000000000,0.000000000
1047,0.523500000,0.000000000,100.000000000,43.563543794,0.000000000,56.402314070,0.000000000,100.000000000,99.965857864,0.000000000,-1.000000000,0.000000000
1048,0.524000000,0.000000000,100.000000000,43.613543794,0.000000000,56.352314070,0.000000000,100.000000000,99.965857864,0.000000000,-1.000000000,0.000000000
1049,0.524500000,0.000000000,100.000000000,43.663543794,0.000000000,56.302314070,0.000000000,100.000000000,99.965857864,0.000000000,-1.000000000,0.000000000
1050,0.525000000,0.000000000,100.000000000,43.713543794,0.000000000,56.252314070,0.000000000,100.000000000,99.965857864,0.000000000,-1.000000000,0.000000000
1051,0.525500000,0.000000000,100.000000000,43.763543794,0.000000000,56.202314070,0.000000000,100.000000000,99.965857864,0.000000000,-1.000000000,0.000000000
1052,0.526000000,0.000000000,100.000000000,43.813543794,0.000000000,56.152314070,0.000000000,100.000000000,99.965857864,0.000000000,-1.000000000,0.000000000
1053,0.526500000,0.000000000,100.000000000,43.863543794,0.000000000,56.102314070,0.000000000,100.000000000,99.965857864,0.000000000,-1.000000000,0.000000000
1054,0.527000000,0.000000000,100.000000000,43.913543794,0.000000000,56.052314070,0.000000000,100.000000000,99.965857864,0.000000000,-1.000000000,0.000000000
1055,0.527500000,0.000000000,100.000000000,43.963543794,0.000000000,56.002314070,0.000000000,100.000000000,99.965857864,0.000000000,-1.000000000,0.000000000
1056,0.528000000,0.000000000,100.000000000,44.013543794,0.000000000,55.952314070,0.000000000,100.000000000,99.965857864,0.000000000,-1.000000000,0.000000000
1057,0.528500000,0.000000000,100.000000000,44.063543794,0.000000000,55.902314070,0.000000000,100.000000000,99.965857864,0.000000000,-1.000000000,0.000000000
1058,0.529000000,0.000000000,100.000000000,44.113543794,0.000000000,55.852314070,0.000000000,100.000000000,99.965857864,0.000000000,-1.000000000,0.000000000
1059,0.529500000,0.000000000,100.000000000,44.163543794,0.000000000,55.802314070,0.000000000,100.000000000,99.965857864,0.000000000,-1.000000000,0.000000000
1060,0.530000000,0.000000000,100.000000000,44.213543794,0.000000000,55.752314070,0.000000000,100.000000000,99.965857864,0.000000000,-1.000000000,0.000000000
1061,0.530500000,0.000000000,100.000000000,44.263543794,0.000000000,55.702314070,0.000000000,100.000000000,99.965857864,0.000000000,-1.000000000,0.000000000
1062,0.531000000,0.000000000,100.000000000,44.313543794,0.000000000,55.652314070,0.000000000,100.000000000,99.965857864,0.000000000,-1.000000000,0.000000000
1063,0.531500000,0.000000000,100.000000000,44.363543794,0.000000000,55.602314070,0.000000000,100.000000000,99.965857864,0.000000000,-1.000000000,0.000000000
1064,0.532000000,0.000000000,100.000000000,44.413543794,0.000000000,55.552314070,0.000000000,100.000000000,99.965857864,0.000000000,-1.000000000,0.000000000
1065,0.532500000,0.000000000,100.000000000,44.463543794,0.000000000,55.502314070,0.000000000,100.000000000,99.965857864,0.000000000,-1.000000000,0.000000000
1066,0.533000000,0.000000000,100.000000000,44.513543794,0.000000000,55.452314070,0.000000000,100.000000000,99.965857864,0.000000000,-1.000000000,0.000000000
1067,0.533500000,0.000000000,100.000000000,44.563543794,0.000000000,55.402314070,0.000000000,100.000000000,99.965857864,0.000000000,-1.000000000,0.000000000
1068,0.534000000,0.000000000,100.000000000,44.613543794,0.000000000,55.352314070,0.000000000,100.000000000,99.965857864,0.000000000,-1.000000000,0.000000000
1069,0.534500000,0.000000000,100.000000000,44.663543794,0.000000000,55.302314070,0.000000000,100.000000000,99.965857864,0.000000000,-1.000000000,0.000000000
1070,0.535000000,0.000000000,100.000000000,44.713543794,0.000000000,55.252314070,0.000000000,100.000000000,99.965857864,0.000000000,-1.000000000,0.000000000
1071,0.535500000,0.000000000,100.000000000,44.763543794,0.000000000,55.202314070,0.000000000,100.000000000,99.965857864,0.000000000,-1.000000000,0.000000000
1072,0.536000000,0.000000000,100.000000000,44.813543794,0.000000000,55.152314070,0.000000000,100.000000000,99.965857864,0.000000000,-1.000000000,0.000000000
1073,0.536500000,0.000000000,100.000000000,44.863543794,0.000000000,55.102314070,0.000000000,100.000000000,99.965857864,0.000000000,-1.000000000,0.000000000
1074,0.537000000,0.000000000,100.000000000,44.913543794,0.000000000,55.052314070,0.000000000,100.000000000,99.965857864,0.000000000,-1.000000000,0.000000000
1075,0.537500000,0.000000000,100.000000000,44.963543794,0.000000000,55.002314070,0.000000000,100.000000000,99.965857864,0.000000000,-1.000000000,0.000000000
1076,0.538000000,0.000000000,100.000000000,45.013543794,0.000000000,54.952314070,0.000000000,100.000000000,99.965857864,0.000000000,-1.000000000,0.000000000
1077,0.538500000,0.000000000,100.000000000,45.063543794,0.000000000,54.902314070,0.000000000,100.000000000,99.965857864,0.000000000,-1.000000000,0.000000000
1078,0.539000000,0.000000000,100.000000000,45.113543794,0.000000000,54.852314070,0.000000000,100.000000000,99.965857864,0.000000000,-1.000000000,0.000000000
1079,0.539500000,0.000000000,100.000000000,45.163543794,0.000000000,54.802314070,0.000000000,100.000000000,99.965857864,0.000000000,-1.000000000,0.000000000
1080,0.540000000,0.000000000,100.000000000,45.213543794,0.000000000,54.752314070,0.000000000,100.000000000,99.965857864,0.000000000,-1.000000000,0.000000000
1081,0.540500000,0.000000000,100.000000000,45.263543794,0.000000000,54.702314070,0.000000000,100.000000000,99.965857864,0.000000000,-1.000000000,0.000000000
1082,0.541000000,0.000000000,100.000000000,45.313543794,0.000000000,54.652314070,0.000000000,100.000000000,99.965857864,0.000000000,-1.000000000,0.000000000
1083,0.541500000,0.000000000,100.000000000,45.363543794,0.000000000,54.602314070,0.000000000,100.000000000,99.965857864,0.000000000,-1.000000000,0.000000000
1084,0.542000000,0.000000000,100.000000000,45.413543794,0.000000000,54.552314070,0.000000000,100.000000000,99.965857864,0.000000000,-1.000000000,0.000000000
1085,0.542500000,0.000000000,100.000000000,45.463543794,0.000000000,54.502314070,0.000000000,100.000000000,99.965857864,0.000000000,-1.000000000,0.000000000
1086,0.543000000,0.000000000,100.000000000,45.513543794,0.000000000,54.452314070,0.000000000,100.000000000,99.965857864,0.000000000,-1.000000000,0.000000000
1087,0.543500000,0.000000000,100.000000000,45.563543794,0.000000000,54.402314070,0.000000000,100.000000000,99.965857864,0.000000000,-1.000000000,0.000000000
1088,0.544000000,0.000000000,100.000000000,45.613543794,0.000000000,54.352314070,0.000000000,100.000000000,99.965857864,0.000000000,-1.000000000,0.000000000
1089,0.544500000,0.000000000,100.000000000,45.663543794,0.000000000,54.302314070,0.000000000,100.000000000,99.965857864,0.000000000,-1.000000000,0.000000000
1090,0.545000000,0.000000000,100.000000000,45.713543794,0.000000000,54.252314070,0.000000000,100.000000000,99.965857864,0.000000000,-1.000000000,0.000000000
1091,0.545500000,0.000000000,100.000000000,45.763543794,0.000000000,54.202314070,0.000000000,100.000000000,99.965857864,0.000000000,-1.000000000,0.000000000
1092,0.546000000,0.000000000,100.000000000,45.813543794,0.000000000,54.152314070,0.000000000,100.000000000,99.965857864,0.000000000,-1.000000000,0.000000000
1093,0.546500000,0.000000000,100.000000000,45.863543794,0.000000000,54.102314070,0.000000000,100.000000000,99.965857864,0.000000000,-1.000000000,0.000000000
1094,0.547000000,0.000000000,100.000000000,45.913543794,0.000000000,54.052314070,0.000000000,100.000000000,99.965857864,0.000000000,-1.000000000,0.000000000
1095,0.547500000,0.000000000,100.000000000,45.963543794,0.000000000,54.002314070,0.000000000,100.000000000,99.965857864,0.000000000,-1.000000000,0.000000000
1096,0.548000000,0.000000000,100.000000000,46.013543794,0.000000000,53.952314070,0.000000000,100.000000000,99.965857864,0.000000000,-1.000000000,0.000000000
1097,0.548500000,0.000000000,100.000000000,46.063543794,0.000000000,53.902314070,0.000000000,100.000000000,99.965857864,0.000000000,-1.000000000,0.000000000
1098,0.549000000,0.000000000,100.000000000,46.113543794,0.000000000,53.852314070,0.000000000,100.000000000,99.965857864,0.000000000,-1.000000000,0.000000000
1099,0.549500000,0.000000000,100.000000000,46.163543794,0.000000000,53.802314070,0.000000000,100.000000000,99.965857864,0.000000000,-1.000000000,0.000000000
1100,0.550000000,0.000000000,100.000000000,46.213543794,0.000000000,53.752314070,0.000000000,100.000000000,99.965857864,0.000000000,-1.000000000,0.000000000
1101,0.550500000,0.000000000,100.000000000,46.263543794,0.000000000,53.702314070,0.000000000,100.000000000,99.965857864,0.000000000,-1.000000000,0.000000000
1102,0.551000000,0.000000000,100.000000000,46.313543794,0.000000000,53.652314070,0.000000000,100.000000000,99.965857864,0.000000000,-1.000000000,0.000000000
1103,0.551500000,0.000000000,100.000000000,46.363543794,0.000000000,53.602314070,0.000000000,100.000000000,99.965857864,0.000000000,-1.000000000,0.000000000
1104,0.552000000,0.000000000,100.000000000,46.413543794,0.000000000,53.552314070,0.000000000,100.000000000,99.965857864,0.000000000,-1.000000000,0.000000000
1105,0.552500000,0.000000000,100.000000000,46.463543794,0.000000000,53.502314070,0.000000000,100.000000000,99.965857864,0.000000000,-1.000000000,0.000000000
1106,0.553000000,0.000000000,100.000000000,46.513543794,0.000000000,53.452314070,0.000000000,100.000000000,99.965857864,0.000000000,-1.000000000,0.000000000
1107,0.553500000,0.000000000,100.000000000,46.563543794,0.000000000,53.402314070,0.000000000,100.000000000,99.965857864,0.000000000,-1.000000000,0.000000000
1108,0.554000000,0.000000000,100.000000000,46.613543794,0.000000000,53.352314070,0.000000000,100.000000000,99.965857864,0.000000000,-1.000000000,0.000000000
1109,0.554500000,0.000000000,100.000000000,46.663543794,0.000000000,53.302314070,0.000000000,100.000000000,99.965857864,0.000000000,-1.000000000,0.000000000
1110,0.555000000,0.000000000,100.000000000,46.713543794,0.000000000,53.252314070,0.000000000,100.000000000,99.965857864,0.000000000,-1.000000000,0.000000000
1111,0.555500000,0.000000000,100.000000000,46.763543794,0.000000000,53.202314070,0.000000000,100.000000000,99.965857864,0.000000000,-1.000000000,0.000000000
1112,0.556000000,0.000000000,100.000000000,46.813543794,0.000000000,53.152314070,0.000000000,100.000000000,99.965857864,0.000000000,-1.000000000,0.000000000
1113,0.556500000,0.000000000,100.000000000,46.863543794,0.000000000,53.102314070,0.000000000,100.000000000,99.965857864,0.000000000,-1.000000000,0.000000000
1114,0.557000000,0.000000000,100.000000000,46.913543794,0.000000000,53.052314070,0.000000000,100.000000000,99.965857864,0.000000000,-1.000000000,0.000000000
1115,0.557500000,0.000000000,100.000000000,46.963543794,0.000000000,53.002314070,0.000000000,100.000000000,99.965857864,0.000000000,-1.000000000,0.000000000
1116,0.558000000,0.000000000,100.000000000,47.013543794,0.000000000,52.952314070,0.000000000,100.000000000,99.965857864,0.000000000,-1.000000000,0.000000000
1117,0.558500000,0.000000000,100.000000000,47.063543794,0.000000000,52.902314070,0.000000000,100.000000000,99.965857864,0.000000000,-1.000000000,0.000000000
1118,0.559000000,0.000000000,100.000000000,47.113543794,0.000000000,52.852314070,0.000000000,100.000000000,99.965857864,0.000000000,-1.000000000,0.000000000
1119,0.559500000,0.000000000,100.000000000,47.163543794,0.000000000,52.802314070,0.000000000,100.000000000,99.965857864,0.000000000,-1.000000000,0.000000000
1120,0.560000000,0.000000000,100.000000000,47.213543794,0.000000000,52.752314070,0.000000000,100.000000000,99.965857864,0.000000000,-1.000000000,0.000000000
1121,0.560500000,0.000000000,100.000000000,47.263543794,0.000000000,52.702314070,0.000000000,100.000000000,99.965857864,0.000000000,-1.000000000,0.000000000
1122,0.561000000,0.000000000,100.000000000,47.313543794,0.000000000,52.652314070,0.000000000,100.000000000,99.965857864,0.000000000,-1.000000000,0.000000000
1123,0.561500000,0.000000000,100.000000000,47.363543794,0.000000000,52.602314070,0.000000000,100.000000000,99.965857864,0.000000000,-1.000000000,0.000000000
1124,0.562000000,0.000000000,100.000000000,47.413543794,0.000000000,52.552314070,0.000000000,100.000000000,99.965857864,0.000000000,-1.000000000,0.000000000
1125,0.562500000,0.000000000,100.000000000,47.463543794,0.000000000,52.502314070,0.000000000,100.000000000,99.965857864,0.000000000,-1.000000000,0.000000000
1126,0.563000000,0.000000000,100.000000000,47.513543794,0.000000000,52.452314070,0.000000000,100.000000000,99.965857864,0.000000000,-1.000000000,0.000000000
1127,0.563500000,0.000000000,100.000000000,47.563543794,0.000000000,52.402314070,0.000000000,100.000000000,99.965857864,0.000000000,-1.000000000,0.000000000
1128,0.564000000,0.000000000,100.000000000,47.613543794,0.000000000,52.352314070,0.000000000,100.000000000,99.965857864,0.000000000,-1.000000000,0.000000000
1129,0.564500000,0.000000000,100.000000000,47.663543794,0.000000000,52.302314070,0.000000000,100.000000000,99.965857864,0.000000000,-1.000000000,0.000000000
1130,0.565000000,0.000000000,100.000000000,47.713543794,0.000000000,52.252314070,0.000000000,100.000000000,99.965857864,0.000000000,-1.000000000,0.000000000
1131,0.565500000,0.000000000,100.000000000,47.763543794,0.000000000,52.202314070,0.000000000,100.000000000,99.965857864,0.000000000,-1.000000000,0.000000000
1132,0.566000000,0.000000000,100.000000000,47.813543794,0.000000000,52.152314070,0.000000000,100.000000000,99.965857864,0.000000000,-1.000000000,0.000000000
1133,0.566500000,0.000000000,100.000000000,47.863543794,0.000000000,52.102314070,0.000000000,100.000000000,99.965857864,0.000000000,-1.000000000,0.000000000
1134,0.567000000,0.000000000,100.000000000,47.913543794,0.000000000,52.052314070,0.000000000,100.000000000,99.965857864,0.000000000,-1.000000000,0.000000000
1135,0.567500000,0.000000000,100.000000000,47.963543794,0.000000000,52.002314070,0.000000000,100.000000000,99.965857864,0.000000000,-1.000000000,0.000000000
1136,0.568000000,0.000000000,100.000000000,48.013543794,0.000000000,51.952314070,0.000000000,100.000000000,99.965857864,0.000000000,-1.000000000,0.000000000
1137,0.568500000,0.000000000,100.000000000,48.063543794,0.000000000,51.902314070,0.000000000,100.000000000,99.965857864,0.000000000,-1.000000000,0.000000000
1138,0.569000000,0.000000000,100.000000000,48.113543794,0.000000000,51.852314070,0.000000000,100.000000000,99.965857864,0.000000000,-1.000000000,0.000000000
1139,0.569500000,0.000000000,100.000000000,48.163543794,0.000000000,51.802314070,0.000000000,100.000000000,99.965857864,0.000000000,-1.000000000,0.000000000
1140,0.570000000,0.000000000,100.000000000,48.213543794,0.000000000,51.752314070,0.000000000,100.000000000,99.965857864,0.000000000,-1.000000000,0.000000000
1141,0.570500000,0.000000000,100.000000000,48.263543794,0.000000000,51.702314070,0.000000000,100.000000000,99.965857864,0.000000000,-1.000000000,0.000000000
1142,0.571000000,0.000000000,100.000000000,48.313543794,0.000000000,51.652314070,0.000000000,100.000000000,99.965857864,0.000000000,-1.000000000,0.000000000
1143,0.571500000,0.000000000,100.000000000,48.363543794,0.000000000,51.602314070,0.000000000,100.000000000,99.965857864,0.000000000,-1.000000000,0.000000000
1144,0.572000000,0.000000000,100.000000000,48.413543794,0.000000000,51.552314070,0.000000000,100.000000000,99.965857864,0.000000000,-1.000000000,0.000000000
1145,0.572500000,0.000000000,100.000000000,48.463543794,0.000000000,51.502314070,0.000000000,100.000000000,99.965857864,0.000000000,-1.000000000,0.000000000
1146,0.573000000,0.000000000,100.000000000,48.513543794,0.000000000,51.452314070,0.000000000,100.000000000,99.965857864,0.000000000,-1.000000000,0.000000000
1147,0.573500000,0.000000000,100.000000000,48.563543794,0.000000000,51.402314070,0.000000000,100.000000000,99.965857864,0.000000000,-1.000000000,0.000000000
1148,0.574000000,0.000000000,100.000000000,48.613543794,0.000000000,51.352314070,0.000000000,100.000000000,99.965857864,0.000000000,-1.000000000,0.000000000
1149,0.574500000,0.000000000,100.000000000,48.663543794,0.000000000,51.302314070,0.000000000,100.000000000,99.965857864,0.000000000,-1.000000000,0.000000000
1150,0.575000000,0.000000000,100.000000000,48.713543794,0.000000000,51.252314070,0.000000000,100.000000000,99.965857864,0.000000000,-1.000000000,0.000000000
1151,0.575500000,0.000000000,100.000000000,48.763543794,0.000000000,51.202314070,0.000000000,100.000000000,99.965857864,0.000000000,-1.000000000,0.000000000
1152,0.576000000,0.000000000,100.000000000,48.813543794,0.000000000,51.152314070,0.000000000,100.000000000,99.965857864,0.000000000,-1.000000000,0.000000000
1153,0.576500000,0.000000000,100.000000000,48.863543794,0.000000000,51.102314070,0.000000000,100.000000000,99.965857864,0.000000000,-1.000000000,0.000000000
1154,0.577000000,0.000000000,100.000000000,48.913543794,0.000000000,51.052314070,0.000000000,100.000000000,99.965857864,0.000000000,-1.000000000,0.000000000
1155,0.577500000,0.000000000,100.000000000,48.963543794,0.000000000,51.002314070,0.000000000,100.000000000,99.965857864,0.000000000,-1.000000000,0.000000000
1156,0.578000000,0.000000000,100.000000000,49.013543794,0.000000000,50.952314070,0.000000000,100.000000000,99.965857864,0.000000000,-1.000000000,0.000000000
1157,0.578500000,0.000000000,100.000000000,49.063543794,0.000000000,50.902314070,0.000000000,100.000000000,99.965857864,0.000000000,-1.000000000,0.000000000
1158,0.579000000,0.000000000,100.000000000,49.113543794,0.000000000,50.852314070,0.000000000,100.000000000,99.965857864,0.000000000,-1.000000000,0.000000000
1159,0.579500000,0.000000000,100.000000000,49.163543794,0.000000000,50.802314070,0.000000000,100.000000000,99.965857864,0.000000000,-1.000000000,0.000000000
1160,0.580000000,0.000000000,100.000000000,49.213543794,0.000000000,50.752314070,0.000000000,100.000000000,99.965857864,0.000000000,-1.000000000,0.000000000
1161,0.580500000,0.000000000,100.000000000,49.263543794,0.000000000,50.702314070,0.000000000,100.000000000,99.965857864,0.000000000,-1.000000000,0.000000000
1162,0.581000000,0.000000000,100.000000000,49.313543794,0.000000000,50.652314070,0.000000000,100.000000000,99.965857864,0.000000000,-1.000000000,0.000000000
1163,0.581500000,0.000000000,100.000000000,49.363543794,0.000000000,50.602314070,0.000000000,100.000000000,99.965857864,0.000000000,-1.000000000,0.000000000
1164,0.582000000,0.000000000,100.000000000,49.413543794,0.000000000,50.552314070,0.000000000,100.000000000,99.965857864,0.000000000,-1.000000000,0.000000000
1165,0.582500000,0.000000000,100.000000000,49.463543794,0.000000000,50.502314070,0.000000000,100.000000000,99.965857864,0.000000000,-1.000000000,0.000000000
1166,0.583000000,0.000000000,100.000000000,49.513543794,0.000000000,50.452314070,0.000000000,100.000000000,99.965857864,0.000000000,-1.000000000,0.000000000
1167,0.583500000,0.000000000,100.000000000,49.563543794,0.000000000,50.402314070,0.000000000,100.000000000,99.965857864,0.000000000,-1.000000000,0.000000000
1168,0.584000000,0.000000000,100.000000000,49.613543794,0.000000000,50.352314070,0.000000000,100.000000000,99.965857864,0.000000000,-1.000000000,0.000000000
1169,0.584500000,0.000000000,100.000000000,49.663543794,0.000000000,50.302314070,0.000000000,100.000000000,99.965857864,0.000000000,-1.000000000,0.000000000
1170,0.585000000,0.000000000,100.000000000,49.713543794,0.000000000,50.252314070,0.000000000,100.000000000,99.965857864,0.000000000,-1.000000000,0.000000000
1171,0.585500000,0.000000000,100.000000000,49.763543794,0.000000000,50.202314070,0.000000000,100.000000000,99.965857864,0.000000000,-1.000000000,0.000000000
1172,0.586000000,0.000000000,100.000000000,49.813543794,0.000000000,50.152314070,0.000000000,100.000000000,99.965857864,0.000000000,-1.000000000,0.000000000
1173,0.586500000,0.000000000,100.000000000,49.863543794,0.000000000,50.102314070,0.000000000,100.000000000,99.965857864,0.000000000,-1.000000000,0.000000000
1174,0.587000000,0.000000000,100.000000000,49.913543794,0.000000000,50.052314070,0.000000000,100.000000000,99.965857864,0.000000000,-1.000000000,0.000000000
1175,0.587500000,0.000000000,100.000000000,49.963543794,0.000000000,50.002314070,0.000000000,100.000000000,99.965857864,0.000000000,-1.000000000,0.000000000
1176,0.588000000,0.000000000,100.000000000,50.013543794,0.000000000,49.952314070,0.000000000,100.000000000,99.965857864,0.000000000,-1.000000000,0.000000000
1177,0.588500000,0.000000000,100.000000000,50.063543794,0.000000000,49.902314070,0.000000000,100.000000000,99.965857864,0.000000000,-1.000000000,0.000000000
1178,0.589000000,0.000000000,100.000000000,50.113543794,0.000000000,49.852314070,0.000000000,100.000000000,99.965857864,0.000000000,-1.000000000,0.000000000
1179,0.589500000,0.000000000,100.000000000,50.163543794,0.000000000,49.802314070,0.000000000,100.000000000,99.965857864,0.000000000,-1.000000000,0.000000000
1180,0.590000000,0.000000000,100.000000000,50.213543794,0.000000000,49.752314070,0.000000000,100.000000000,99.965857864,0.000000000,-1.000000000,0.000000000
1181,0.590500000,0.000000000,100.000000000,50.263543794,0.000000000,49.702314070,0.000000000,100.000000000,99.965857864,0.000000000,-1.000000000,0.000000000
1182,0.591000000,0.000000000,100.000000000,50.313543794,0.000000000,49.652314070,0.000000000,100.000000000,99.965857864,0.000000000,-1.000000000,0.000000000
1183,0.591500000,0.000000000,100.000000000,50.363543794,0.000000000,49.602314070,0.000000000,100.000000000,99.965857864,0.000000000,-1.000000000,0.000000000
1184,0.592000000,0.000000000,100.000000000,50.413543794,0.000000000,49.552314070,0.000000000,100.000000000,99.965857864,0.000000000,-1.000000000,0.000000000
1185,0.592500000,0.000000000,100.000000000,50.463543794,0.000000000,49.502314070,0.000000000,100.000000000,99.965857864,0.000000000,-1.000000000,0.000000000
1186,0.593000000,0.000000000,100.000000000,50.513543794,0.000000000,49.452314070,0.000000000,100.000000000,99.965857864,0.000000000,-1.000000000,0.000000000
1187,0.593500000,0.000000000,100.000000000,50.563543794,0.000000000,49.402314070,0.000000000,100.000000000,99.965857864,0.000000000,-1.000000000,0.000000000
1188,0.594000000,0.000000000,100.000000000,50.613543794,0.000000000,49.352314070,0.000000000,100.000000000,99.965857864,0.000000000,-1.000000000,0.000000000
1189,0.594500000,0.000000000,100.000000000,50.663543794,0.000000000,49.302314070,0.000000000,100.000000000,99.965857864,0.000000000,-1.000000000,0.000000000
1190,0.595000000,0.000000000,100.000000000,50.713543794,0.000000000,49.252314070,0.000000000,100.000000000,99.965857864,0.000000000,-1.000000000,0.000000000
1191,0.595500000,0.000000000,100.000000000,50.763543794,0.000000000,49.202314070,0.000000000,100.000000000,99.965857864,0.000000000,-1.000000000,0.000000000
1192,0.596000000,0.000000000,100.000000000,50.813543794,0.000000000,49.152314070,0.000000000,100.000000000,99.965857864,0.000000000,-1.000000000,0.000000000
1193,0.596500000,0.000000000,100.000000000,50.863543794,0.000000000,49.102314070,0.000000000,100.000000000,99.965857864,0.000000000,-1.000000000,0.000000000
1194,0.597000000,0.000000000,100.000000000,50.913543794,0.000000000,49.052314070,0.000000000,100.000000000,99.965857864,0.000000000,-1.000000000,0.000000000
1195,0.597500000,0.000000000,100.000000000,50.963543794,0.000000000,49.002314070,0.000000000,100.000000000,99.965857864,0.000000000,-1.000000000,0.000000000
1196,0.598000000,0.000000000,100.000000000,51.013543794,0.000000000,48.952314070,0.000000000,100.000000000,99.965857864,0.000000000,-1.000000000,0.000000000
1197,0.598500000,0.000000000,100.000000000,51.063543794,0.000000000,48.902314070,0.000000000,100.000000000,99.965857864,0.000000000,-1.000000000,0.000000000
1198,0.599000000,0.000000000,100.000000000,51.113543794,0.000000000,48.852314070,0.000000000,100.000000000,99.965857864,0.000000000,-1.000000000,0.000000000
1199,0.599500000,0.000000000,100.000000000,51.163543794,0.000000000,48.802314070,0.000000000,100.000000000,99.965857864,0.000000000,-1.000000000,0.000000000
1200,0.600000000,0.000000000,100.000000000,51.213543794,0.000000000,48.752314070,0.000000000,100.000000000,99.965857864,0.000000000,-1.000000000,0.000000000
1201,0.600500000,0.000000000,100.000000000,51.263543794,0.000000000,48.702314070,0.000000000,100.000000000,99.965857864,0.000000000,-1.000000000,0.000000000
1202,0.601000000,0.000000000,100.000000000,51.313543794,0.000000000,48.652314070,0.000000000,100.000000000,99.965857864,0.000000000,-1.000000000,0.000000000
1203,0.601500000,0.000000000,100.000000000,51.363543794,0.000000000,48.602314070,0.000000000,100.000000000,99.965857864,0.000000000,-1.000000000,0.000000000
1204,0.602000000,0.000000000,100.000000000,51.413543794,0.000000000,48.552314070,0.000000000,100.000000000,99.965857864,0.000000000,-1.000000000,0.000000000
1205,0.602500000,0.000000000,100.000000000,51.463543794,0.000000000,48.502314070,0.000000000,100.000000000,99.965857864,0.000000000,-1.000000000,0.000000000
1206,0.603000000,0.000000000,100.000000000,51.513543794,0.000000000,48.452314070,0.000000000,100.000000000,99.965857864,0.000000000,-1.000000000,0.000000000
1207,0.603500000,0.000000000,100.000000000,51.563543794,0.000000000,48.402314070,0.000000000,100.000000000,99.965857864,0.000000000,-1.000000000,0.000000000
1208,0.604000000,0.000000000,100.000000000,51.613543794,0.000000000,48.352314070,0.000000000,100.000000000,99.965857864,0.000000000,-1.000000000,0.000000000
1209,0.604500000,0.000000000,100.000000000,51.663543794,0.000000000,48.302314070,0.000000000,100.000000000,99.965857864,0.000000000,-1.000000000,0.000000000
1210,0.605000000,0.000000000,100.000000000,51.713543794,0.000000000,48.252314070,0.000000000,100.000000000,99.965857864,0.000000000,-1.000000000,0.000000000
1211,0.605500000,0.000000000,100.000000000,51.763543794,0.000000000,48.202314070,0.000000000,100.000000000,99.965857864,0.000000000,-1.000000000,0.000000000
1212,0.606000000,0.000000000,100.000000000,51.813543794,0.000000000,48.152314070,0.000000000,100.000000000,99.965857864,0.000000000,-1.000000000,0.000000000
1213,0.606500000,0.000000000,100.000000000,51.863543794,0.000000000,48.102314070,0.000000000,100.000000000,99.965857864,0.000000000,-1.000000000,0.000000000
1214,0.607000000,0.000000000,100.000000000,51.913543794,0.000000000,48.052314070,0.000000000,100.000000000,99.965857864,0.000000000,-1.000000000,0.000000000
1215,0.607500000,0.000000000,100.000000000,51.963543794,0.000000000,48.002314070,0.000000000,100.000000000,99.965857864,0.000000000,-1.000000000,0.000000000
1216,0.608000000,0.000000000,100.000000000,52.013543794,0.000000000,47.952314070,0.000000000,100.000000000,99.965857864,0.000000000,-1.000000000,0.000000000
1217,0.608500000,0.000000000,100.000000000,52.063543794,0.000000000,47.902314070,0.000000000,100.000000000,99.965857864,0.000000000,-1.000000000,0.000000000
1218,0.609000000,0.000000000,100.000000000,52.113543794,0.000000000,47.852314070,0.000000000,100.000000000,99.965857864,0.000000000,-1.000000000,0.000000000
1219,0.609500000,0.000000000,100.000000000,52.163543794,0.000000000,47.802314070,0.000000000,100.000000000,99.965857864,0.000000000,-1.000000000,0.000000000
1220,0.610000000,0.000000000,100.000000000,52.213543794,0.000000000,47.752314070,0.000000000,100.000000000,99.965857864,0.000000000,-1.000000000,0.000000000
1221,0.610500000,0.000000000,100.000000000,52.263543794,0.000000000,47.702314070,0.000000000,100.000000000,99.965857864,0.000000000,-1.000000000,0.000000000
1222,0.611000000,0.000000000,100.000000000,52.313543794,0.000000000,47.652314070,0.000000000,100.000000000,99.965857864,0.000000000,-1.000000000,0.000000000
1223,0.611500000,0.000000000,100.000000000,52.363543794,0.000000000,47.602314070,0.000000000,100.000000000,99.965857864,0.000000000,-1.000000000,0.000000000
1224,0.612000000,0.000000000,100.000000000,52.413543794,0.000000000,47.552314070,0.000000000,100.000000000,99.965857864,0.000000000,-1.000000000,0.000000000
1225,0.612500000,0.000000000,100.000000000,52.463543794,0.000000000,47.502314070,0.000000000,100.000000000,99.965857864,0.000000000,-1.000000000,0.000000000
1226,0.613000000,0.000000000,100.000000000,52.513543794,0.000000000,47.452314070,0.000000000,100.000000000,99.965857864,0.000000000,-1.000000000,0.000000000
1227,0.613500000,0.000000000,100.000000000,52.563543794,0.000000000,47.402314070,0.000000000,100.000000000,99.965857864,0.000000000,-1.000000000,0.000000000
1228,0.614000000,0.000000000,100.000000000,52.613543794,0.000000000,47.352314070,0.000000000,100.000000000,99.965857864,0.000000000,-1.000000000,0.000000000
1229,0.614500000,0.000000000,100.000000000,52.663543794,0.000000000,47.302314070,0.000000000,100.000000000,99.965857864,0.000000000,-1.000000000,0.000000000
1230,0.615000000,0.000000000,100.000000000,52.713543794,0.000000000,47.252314070,0.000000000,100.000000000,99.965857864,0.000000000,-1.000000000,0.000000000
1231,0.615500000,0.000000000,100.000000000,52.763543794,0.000000000,47.202314070,0.000000000,100.000000000,99.965857864,0.000000000,-1.000000000,0.000000000
1232,0.616000000,0.000000000,100.000000000,52.813543794,0.000000000,47.152314070,0.000000000,100.000000000,99.965857864,0.000000000,-1.000000000,0.000000000
1233,0.616500000,0.000000000,100.000000000,52.863543794,0.000000000,47.102314070,0.000000000,100.000000000,99.965857864,0.000000000,-1.000000000,0.000000000
1234,0.617000000,0.000000000,100.000000000,52.913543794,0.000000000,47.052314070,0.000000000,100.000000000,99.965857864,0.000000000,-1.000000000,0.000000000
1235,0.617500000,0.000000000,100.000000000,52.963543794,0.000000000,47.002314070,0.000000000,100.000000000,99.965857864,0.000000000,-1.000000000,0.000000000
1236,0.618000000,0.000000000,100.000000000,53.013543794,0.000000000,46.952314070,0.000000000,100.000000000,99.965857864,0.000000000,-1.000000000,0.000000000
1237,0.618500000,0.000000000,100.000000000,53.063543794,0.000000000,46.902314070,0.000000000,100.000000000,99.965857864,0.000000000,-1.000000000,0.000000000
1238,0.619000000,0.000000000,100.000000000,53.113543794,0.000000000,46.852314070,0.000000000,100.000000000,99.965857864,0.000000000,-1.000000000,0.000000000
1239,0.619500000,0.000000000,100.000000000,53.163543794,0.000000000,46.802314070,0.000000000,100.000000000,99.965857864,0.000000000,-1.000000000,0.000000000
1240,0.620000000,0.000000000,100.000000000,53.213543794,0.000000000,46.752314070,0.000000000,100.000000000,99.965857864,0.000000000,-1.000000000,0.000000000
1241,0.620500000,0.000000000,100.000000000,53.263543794,0.000000000,46.702314070,0.000000000,100.000000000,99.965857864,0.000000000,-1.000000000,0.000000000
1242,0.621000000,0.000000000,100.000000000,53.313543794,0.000000000,46.652314070,0.000000000,100.000000000,99.965857864,0.000000000,-1.000000000,0.000000000
1243,0.621500000,0.000000000,100.000000000,53.363543794,0.000000000,46.602314070,0.000000000,100.000000000,99.965857864,0.000000000,-1.000000000,0.000000000
1244,0.622000000,0.000000000,100.000000000,53.413543794,0.000000000,46.552314070,0.000000000,100.000000000,99.965857864,0.000000000,-1.000000000,0.000000000
1245,0.622500000,0.000000000,100.000000000,53.463543794,0.000000000,46.502314070,0.000000000,100.000000000,99.965857864,0.000000000,-1.000000000,0.000000000
1246,0.623000000,0.000000000,100.000000000,53.513543794,0.000000000,46.452314070,0.000000000,100.000000000,99.965857864,0.000000000,-1.000000000,0.000000000
1247,0.623500000,0.000000000,100.000000000,53.563543794,0.000000000,46.402314070,0.000000000,100.000000000,99.965857864,0.000000000,-1.000000000,0.000000000
1248,0.624000000,0.000000000,100.000000000,53.613543794,0.000000000,46.352314070,0.000000000,100.000000000,99.965857864,0.000000000,-1.000000000,0.000000000
1249,0.624500000,0.000000000,100.000000000,53.663543794,0.000000000,46.302314070,0.000000000,100.000000000,99.965857864,0.000000000,-1.000000000,0.000000000
1250,0.625000000,0.000000000,100.000000000,53.713543794,0.000000000,46.252314070,0.000000000,100.000000000,99.965857864,0.000000000,-1.000000000,0.000000000
1251,0.625500000,0.000000000,100.000000000,53.763543794,0.000000000,46.202314070,0.000000000,100.000000000,99.965857864,0.000000000,-1.000000000,0.000000000
1252,0.626000000,0.000000000,100.000000000,53.813543794,0.000000000,46.152314070,0.000000000,100.000000000,99.965857864,0.000000000,-1.000000000,0.000000000
1253,0.626500000,0.000000000,100.000000000,53.863543794,0.000000000,46.102314070,0.000000000,100.000000000,99.965857864,0.000000000,-1.000000000,0.000000000
1254,0.627000000,0.000000000,100.000000000,53.913543794,0.000000000,46.052314070,0.000000000,100.000000000,99.965857864,0.000000000,-1.000000000,0.000000000
1255,0.627500000,0.000000000,100.000000000,53.963543794,0.000000000,46.002314070,0.000000000,100.000000000,99.965857864,0.000000000,-1.000000000,0.000000000
1256,0.628000000,0.000000000,100.000000000,54.013543794,0.000000000,45.952314070,0.000000000,100.000000000,99.965857864,0.000000000,-1.000000000,0.000000000
1257,0.628500000,0.000000000,100.000000000,54.063543794,0.000000000,45.902314070,0.000000000,100.000000000,99.965857864,0.000000000,-1.000000000,0.000000000
1258,0.629000000,0.000000000,100.000000000,54.113543794,0.000000000,45.852314070,0.000000000,100.000000000,99.965857864,0.000000000,-1.000000000,0.000000000
1259,0.629500000,0.000000000,100.000000000,54.163543794,0.000000000,45.802314070,0.000000000,100.000000000,99.965857864,0.000000000,-1.000000000,0.000000000
1260,0.630000000,0.000000000,100.000000000,54.213543794,0.000000000,45.752314070,0.000000000,100.000000000,99.965857864,0.000000000,-1.000000000,0.000000000
1261,0.630500000,0.000000000,100.000000000,54.263543794,0.000000000,45.702314070,0.000000000,100.000000000,99.965857864,0.000000000,-1.000000000,0.000000000
1262,0.631000000,0.000000000,100.000000000,54.313543794,0.000000000,45.652314070,0.000000000,100.000000000,99.965857864,0.000000000,-1.000000000,0.000000000
1263,0.631500000,0.000000000,100.000000000,54.363543794,0.000000000,45.602314070,0.000000000,100.000000000,99.965857864,0.000000000,-1.000000000,0.000000000
1264,0.632000000,0.000000000,100.000000000,54.413543794,0.000000000,45.552314070,0.000000000,100.000000000,99.965857864,0.000000000,-1.000000000,0.000000000
1265,0.632500000,0.000000000,100.000000000,54.463543794,0.000000000,45.502314070,0.000000000,100.000000000,99.965857864,0.000000000,-1.000000000,0.000000000
1266,0.633000000,0.000000000,100.000000000,54.513543794,0.000000000,45.452314070,0.000000000,100.000000000,99.965857864,0.000000000,-1.000000000,0.000000000
1267,0.633500000,0.000000000,100.000000000,54.563543794,0.000000000,45.402314070,0.000000000,100.000000000,99.965857864,0.000000000,-1.000000000,0.000000000
1268,0.634000000,0.000000000,100.000000000,54.613543794,0.000000000,45.352314070,0.000000000,100.000000000,99.965857864,0.000000000,-1.000000000,0.000000000
1269,0.634500000,0.000000000,100.000000000,54.663543794,0.000000000,45.302314070,0.000000000,100.000000000,99.965857864,0.000000000,-1.000000000,0.000000000
1270,0.635000000,0.000000000,100.000000000,54.713543794,0.000000000,45.252314070,0.000000000,100.000000000,99.965857864,0.000000000,-1.000000000,0.000000000
1271,0.635500000,0.000000000,100.000000000,54.763543794,0.000000000,45.202314070,0.000000000,100.000000000,99.965857864,0.000000000,-1.000000000,0.000000000
1272,0.636000000,0.000000000,100.000000000,54.813543794,0.000000000,45.152314070,0.000000000,100.000000000,99.965857864,0.000000000,-1.000000000,0.000000000
1273,0.636500000,0.000000000,100.000000000,54.863543794,0.000000000,45.102314070,0.000000000,100.000000000,99.965857864,0.000000000,-1.000000000,0.000000000
1274,0.637000000,0.000000000,100.000000000,54.913543794,0.000000000,45.052314070,0.000000000,100.000000000,99.965857864,0.000000000,-1.000000000,0.000000000
1275,0.637500000,0.000000000,100.000000000,54.963543794,0.000000000,45.002314070,0.000000000,100.000000000,99.965857864,0.000000000,-1.000000000,0.000000000
1276,0.638000000,0.000000000,100.000000000,55.013543794,0.000000000,44.952314070,0.000000000,100.000000000,99.965857864,0.000000000,-1.000000000,0.000000000
1277,0.638500000,0.000000000,100.000000000,55.063543794,0.000000000,44.902314070,0.000000000,100.000000000,99.965857864,0.000000000,-1.000000000,0.000000000
1278,0.639000000,0.000000000,100.000000000,55.113543794,0.000000000,44.852314070,0.000000000,100.000000000,99.965857864,0.000000000,-1.000000000,0.000000000
1279,0.639500000,0.000000000,100.000000000,55.163543794,0.000000000,44.802314070,0.000000000,100.000000000,99.965857864,0.000000000,-1.000000000,0.000000000
1280,0.640000000,0.000000000,100.000000000,55.213543794,0.000000000,44.752314070,0.000000000,100.000000000,99.965857864,0.000000000,-1.000000000,0.000000000
1281,0.640500000,0.000000000,100.000000000,55.263543794,0.000000000,44.702314070,0.000000000,100.000000000,99.965857864,0.000000000,-1.000000000,0.000000000
1282,0.641000000,0.000000000,100.000000000,55.313543794,0.000000000,44.652314070,0.000000000,100.000000000,99.965857864,0.000000000,-1.000000000,0.000000000
1283,0.641500000,0.000000000,100.000000000,55.363543794,0.000000000,44.602314070,0.000000000,100.000000000,99.965857864,0.000000000,-1.000000000,0.000000000
1284,0.642000000,0.000000000,100.000000000,55.413543794,0.000000000,44.552314070,0.000000000,100.000000000,99.965857864,0.000000000,-1.000000000,0.000000000
1285,0.642500000,0.000000000,100.000000000,55.463543794,0.000000000,44.502314070,0.000000000,100.000000000,99.965857864,0.000000000,-1.000000000,0.000000000
1286,0.643000000,0.000000000,100.000000000,55.513543794,0.000000000,44.452314070,0.000000000,100.000000000,99.965857864,0.000000000,-1.000000000,0.000000000
1287,0.643500000,0.000000000,100.000000000,55.563543794,0.000000000,44.402314070,0.000000000,100.000000000,99.965857864,0.000000000,-1.000000000,0.000000000
1288,0.644000000,0.000000000,100.000000000,55.613543794,0.000000000,44.352314070,0.000000000,100.000000000,99.965857864,0.000000000,-1.000000000,0.000000000
1289,0.644500000,0.000000000,100.000000000,55.663543794,0.000000000,44.302314070,0.000000000,100.000000000,99.965857864,0.000000000,-1.000000000,0.000000000
1290,0.645000000,0.000000000,100.000000000,55.713543794,0.000000000,44.252314070,0.000000000,100.000000000,99.965857864,0.000000000,-1.000000000,0.000000000
1291,0.645500000,0.000000000,100.000000000,55.763543794,0.000000000,44.202314070,0.000000000,100.000000000,99.965857864,0.000000000,-1.000000000,0.000000000
1292,0.646000000,0.000000000,100.000000000,55.813543794,0.000000000,44.152314070,0.000000000,100.000000000,99.965857864,0.000000000,-1.000000000,0.000000000
1293,0.646500000,0.000000000,100.000000000,55.863543794,0.000000000,44.102314070,0.000000000,100.000000000,99.965857864,0.000000000,-1.000000000,0.000000000
1294,0.647000000,0.000000000,100.000000000,55.913543794,0.000000000,44.052314070,0.000000000,100.000000000,99.965857864,0.000000000,-1.000000000,0.000000000
1295,0.647500000,0.000000000,100.000000000,55.963543794,0.000000000,44.002314070,0.000000000,100.000000000,99.965857864,0.000000000,-1.000000000,0.000000000
1296,0.648000000,0.000000000,100.000000000,56.013543794,0.000000000,43.952314070,0.000000000,100.000000000,99.965857864,0.000000000,-1.000000000,0.000000000
1297,0.648500000,0.000000000,100.000000000,56.063543794,0.000000000,43.902314070,0.000000000,100.000000000,99.965857864,0.000000000,-1.000000000,0.000000000
1298,0.649000000,0.000000000,100.000000000,56.113543794,0.000000000,43.852314070,0.000000000,100.000000000,99.965857864,0.000000000,-1.000000000,0.000000000
1299,0.649500000,0.000000000,100.000000000,56.163543794,0.000000000,43.802314070,0.000000000,100.000000000,99.965857864,0.000000000,-1.000000000,0.000000000
1300,0.650000000,0.000000000,100.000000000,56.213543794,0.000000000,43.752314070,0.000000000,100.000000000,99.965857864,0.000000000,-1.000000000,0.000000000
1301,0.650500000,0.000000000,100.000000000,56.263543794,0.000000000,43.702314070,0.000000000,100.000000000,99.965857864,0.000000000,-1.000000000,0.000000000
1302,0.651000000,0.000000000,100.000000000,56.313543794,0.000000000,43.652314070,0.000000000,100.000000000,99.965857864,0.000000000,-1.000000000,0.000000000
1303,0.651500000,0.000000000,100.000000000,56.363543794,0.000000000,43.602314070,0.000000000,100.000000000,99.965857864,0.000000000,-1.000000000,0.000000000
1304,0.652000000,0.000000000,100.000000000,56.413543794,0.000000000,43.552314070,0.000000000,100.000000000,99.965857864,0.000000000,-1.000000000,0.000000000
1305,0.652500000,0.000000000,100.000000000,56.463543794,0.000000000,43.502314070,0.000000000,100.000000000,99.965857864,0.000000000,-1.000000000,0.000000000
1306,0.653000000,0.000000000,100.000000000,56.513543794,0.000000000,43.452314070,0.000000000,100.000000000,99.965857864,0.000000000,-1.000000000,0.000000000
1307,0.653500000,0.000000000,100.000000000,56.563543794,0.000000000,43.402314070,0.000000000,100.000000000,99.965857864,0.000000000,-1.000000000,0.000000000
1308,0.654000000,0.000000000,100.000000000,56.613543794,0.000000000,43.352314070,0.000000000,100.000000000,99.965857864,0.000000000,-1.000000000,0.000000000
1309,0.654500000,0.000000000,100.000000000,56.663543794,0.000000000,43.302314070,0.000000000,100.000000000,99.965857864,0.000000000,-1.000000000,0.000000000
1310,0.655000000,0.000000000,100.000000000,56.713543794,0.000000000,43.252314070,0.000000000,100.000000000,99.965857864,0.000000000,-1.000000000,0.000000000
1311,0.655500000,0.000000000,100.000000000,56.763543794,0.000000000,43.202314070,0.000000000,100.000000000,99.965857864,0.000000000,-1.000000000,0.000000000
1312,0.656000000,0.000000000,100.000000000,56.813543794,0.000000000,43.152314070,0.000000000,100.000000000,99.965857864,0.000000000,-1.000000000,0.000000000
1313,0.656500000,0.000000000,100.000000000,56.863543794,0.000000000,43.102314070,0.000000000,100.000000000,99.965857864,0.000000000,-1.000000000,0.000000000
1314,0.657000000,0.000000000,100.000000000,56.913543794,0.000000000,43.052314070,0.000000000,100.000000000,99.965857864,0.000000000,-1.000000000,0.000000000
1315,0.657500000,0.000000000,100.000000000,56.963543794,0.000000000,43.002314070,0.000000000,100.000000000,99.965857864,0.000000000,-1.000000000,0.000000000
1316,0.658000000,0.000000000,100.000000000,57.013543794,0.000000000,42.952314070,0.000000000,100.000000000,99.965857864,0.000000000,-1.000000000,0.000000000
1317,0.658500000,0.000000000,100.000000000,57.063543794,0.000000000,42.902314070,0.000000000,100.000000000,99.965857864,0.000000000,-1.000000000,0.000000000
1318,0.659000000,0.000000000,100.000000000,57.113543794,0.000000000,42.852314070,0.000000000,100.000000000,99.965857864,0.000000000,-1.000000000,0.000000000
1319,0.659500000,0.000000000,100.000000000,57.163543794,0.000000000,42.802314070,0.000000000,100.000000000,99.965857864,0.000000000,-1.000000000,0.000000000
1320,0.660000000,0.000000000,100.000000000,57.213543794,0.000000000,42.752314070,0.000000000,100.000000000,99.965857864,0.000000000,-1.000000000,0.000000000
1321,0.660500000,0.000000000,100.000000000,57.263543794,0.000000000,42.702314070,0.000000000,100.000000000,99.965857864,0.000000000,-1.000000000,0.000000000
1322,0.661000000,0.000000000,100.000000000,57.313543794,0.000000000,42.652314070,0.000000000,100.000000000,99.965857864,0.000000000,-1.000000000,0.000000000
1323,0.661500000,0.000000000,100.000000000,57.363543794,0.000000000,42.602314070,0.000000000,100.000000000,99.965857864,0.000000000,-1.000000000,0.000000000
1324,0.662000000,0.000000000,100.000000000,57.413543794,0.000000000,42.552314070,0.000000000,100.000000000,99.965857864,0.000000000,-1.000000000,0.000000000
1325,0.662500000,0.000000000,100.000000000,57.463543794,0.000000000,42.502314070,0.000000000,100.000000000,99.965857864,0.000000000,-1.000000000,0.000000000
1326,0.663000000,0.000000000,100.000000000,57.513543794,0.000000000,42.452314070,0.000000000,100.000000000,99.965857864,0.000000000,-1.000000000,0.000000000
1327,0.663500000,0.000000000,100.000000000,57.563543794,0.000000000,42.402314070,0.000000000,100.000000000,99.965857864,0.000000000,-1.000000000,0.000000000
1328,0.664000000,0.000000000,100.000000000,57.613543794,0.000000000,42.352314070,0.000000000,100.000000000,99.965857864,0.000000000,-1.000000000,0.000000000
1329,0.664500000,0.000000000,100.000000000,57.663543794,0.000000000,42.302314070,0.000000000,100.000000000,99.965857864,0.000000000,-1.000000000,0.000000000
1330,0.665000000,0.000000000,100.000000000,57.713543794,0.000000000,42.252314070,0.000000000,100.000000000,99.965857864,0.000000000,-1.000000000,0.000000000
1331,0.665500000,0.000000000,100.000000000,57.763543794,0.000000000,42.202314070,0.000000000,100.000000000,99.965857864,0.000000000,-1.000000000,0.000000000
1332,0.666000000,0.000000000,100.000000000,57.813543794,0.000000000,42.152314070,0.000000000,100.000000000,99.965857864,0.000000000,-1.000000000,0.000000000
1333,0.666500000,0.000000000,100.000000000,57.863543794,0.000000000,42.102314070,0.000000000,100.000000000,99.965857864,0.000000000,-1.000000000,0.000000000
1334,0.667000000,0.000000000,100.000000000,57.913543794,0.000000000,42.052314070,0.000000000,100.000000000,99.965857864,0.000000000,-1.000000000,0.000000000
1335,0.667500000,0.000000000,100.000000000,57.963543794,0.000000000,42.002314070,0.000000000,100.000000000,99.965857864,0.000000000,-1.000000000,0.000000000
1336,0.668000000,0.000000000,100.000000000,58.013543794,0.000000000,41.952314070,0.000000000,100.000000000,99.965857864,0.000000000,-1.000000000,0.000000000
1337,0.668500000,0.000000000,100.000000000,58.063543794,0.000000000,41.902314070,0.000000000,100.000000000,99.965857864,0.000000000,-1.000000000,0.000000000
1338,0.669000000,0.000000000,100.000000000,58.113543794,0.000000000,41.852314070,0.000000000,100.000000000,99.965857864,0.000000000,-1.000000000,0.000000000
1339,0.669500000,0.000000000,100.000000000,58.163543794,0.000000000,41.802314070,0.000000000,100.000000000,99.965857864,0.000000000,-1.000000000,0.000000000
1340,0.670000000,0.000000000,100.000000000,58.213543794,0.000000000,41.752314070,0.000000000,100.000000000,99.965857864,0.000000000,-1.000000000,0.000000000
1341,0.670500000,0.000000000,100.000000000,58.263543794,0.000000000,41.702314070,0.000000000,100.000000000,99.965857864,0.000000000,-1.000000000,0.000000000
1342,0.671000000,0.000000000,100.000000000,58.313543794,0.000000000,41.652314070,0.000000000,100.000000000,99.965857864,0.000000000,-1.000000000,0.000000000
1343,0.671500000,0.000000000,100.000000000,58.363543794,0.000000000,41.602314070,0.000000000,100.000000000,99.965857864,0.000000000,-1.000000000,0.000000000
1344,0.672000000,0.000000000,100.000000000,58.413543794,0.000000000,41.552314070,0.000000000,100.000000000,99.965857864,0.000000000,-1.000000000,0.000000000
1345,0.672500000,0.000000000,100.000000000,58.463543794,0.000000000,41.502314070,0.000000000,100.000000000,99.965857864,0.000000000,-1.000000000,0.000000000
1346,0.673000000,0.000000000,100.000000000,58.513543794,0.000000000,41.452314070,0.000000000,100.000000000,99.965857864,0.000000000,-1.000000000,0.000000000
1347,0.673500000,0.000000000,100.000000000,58.563543794,0.000000000,41.402314070,0.000000000,100.000000000,99.965857864,0.000000000,-1.000000000,0.000000000
1348,0.674000000,0.000000000,100.000000000,58.613543794,0.000000000,41.352314070,0.000000000,100.000000000,99.965857864,0.000000000,-1.000000000,0.000000000
1349,0.674500000,0.000000000,100.000000000,58.663543794,0.000000000,41.302314070,0.000000000,100.000000000,99.965857864,0.000000000,-1.000000000,0.000000000
1350,0.675000000,0.000000000,100.000000000,58.713543794,0.000000000,41.252314070,0.000000000,100.000000000,99.965857864,0.000000000,-1.000000000,0.000000000
1351,0.675500000,0.000000000,100.000000000,58.763543794,0.000000000,41.202314070,0.000000000,100.000000000,99.965857864,0.000000000,-1.000000000,0.000000000
1352,0.676000000,0.000000000,100.000000000,58.813543794,0.000000000,41.152314070,0.000000000,100.000000000,99.965857864,0.000000000,-1.000000000,0.000000000
1353,0.676500000,0.000000000,100.000000000,58.863543794,0.000000000,41.102314070,0.000000000,100.000000000,99.965857864,0.000000000,-1.000000000,0.000000000
1354,0.677000000,0.000000000,100.000000000,58.913543794,0.000000000,41.052314070,0.000000000,100.000000000,99.965857864,0.000000000,-1.000000000,0.000000000
1355,0.677500000,0.000000000,100.000000000,58.963543794,0.000000000,41.002314070,0.000000000,100.000000000,99.965857864,0.000000000,-1.000000000,0.000000000
1356,0.678000000,0.000000000,100.000000000,59.013543794,0.000000000,40.952314070,0.000000000,100.000000000,99.965857864,0.000000000,-1.000000000,0.000000000
1357,0.678500000,0.000000000,100.000000000,59.063543794,0.000000000,40.902314070,0.000000000,100.000000000,99.965857864,0.000000000,-1.000000000,0.000000000
1358,0.679000000,0.000000000,100.000000000,59.113543794,0.000000000,40.852314070,0.000000000,100.000000000,99.965857864,0.000000000,-1.000000000,0.000000000
1359,0.679500000,0.000000000,100.000000000,59.163543794,0.000000000,40.802314070,0.000000000,100.000000000,99.965857864,0.000000000,-1.000000000,0.000000000
1360,0.680000000,0.000000000,100.000000000,59.213543794,0.000000000,40.752314070,0.000000000,100.000000000,99.965857864,0.000000000,-1.000000000,0.000000000
1361,0.680500000,0.000000000,100.000000000,59.263543794,0.000000000,40.702314070,0.000000000,100.000000000,99.965857864,0.000000000,-1.000000000,0.000000000
1362,0.681000000,0.000000000,100.000000000,59.313543794,0.000000000,40.652314070,0.000000000,100.000000000,99.965857864,0.000000000,-1.000000000,0.000000000
1363,0.681500000,0.000000000,100.000000000,59.363543794,0.000000000,40.602314070,0.000000000,100.000000000,99.965857864,0.000000000,-1.000000000,0.000000000
1364,0.682000000,0.000000000,100.000000000,59.413543794,0.000000000,40.552314070,0.000000000,100.000000000,99.965857864,0.000000000,-1.000000000,0.000000000
1365,0.682500000,0.000000000,100.000000000,59.463543794,0.000000000,40.502314070,0.000000000,100.000000000,99.965857864,0.000000000,-1.000000000,0.000000000
1366,0.683000000,0.000000000,100.000000000,59.513543794,0.000000000,40.452314070,0.000000000,100.000000000,99.965857864,0.000000000,-1.000000000,0.000000000
1367,0.683500000,0.000000000,100.000000000,59.563543794,0.000000000,40.402314070,0.000000000,100.000000000,99.965857864,0.000000000,-1.000000000,0.000000000
1368,0.684000000,0.000000000,100.000000000,59.613543794,0.000000000,40.352314070,0.000000000,100.000000000,99.965857864,0.000000000,-1.000000000,0.000000000
1369,0.684500000,0.000000000,100.000000000,59.663543794,0.000000000,40.302314070,0.000000000,100.000000000,99.965857864,0.000000000,-1.000000000,0.000000000
1370,0.685000000,0.000000000,100.000000000,59.713543794,0.000000000,40.252314070,0.000000000,100.000000000,99.965857864,0.000000000,-1.000000000,0.000000000
1371,0.685500000,0.000000000,100.000000000,59.763543794,0.000000000,40.202314070,0.000000000,100.000000000,99.965857864,0.000000000,-1.000000000,0.000000000
1372,0.686000000,0.000000000,100.000000000,59.813543794,0.000000000,40.152314070,0.000000000,100.000000000,99.965857864,0.000000000,-1.000000000,0.000000000
1373,0.686500000,0.000000000,100.000000000,59.863543794,0.000000000,40.102314070,0.000000000,100.000000000,99.965857864,0.000000000,-1.000000000,0.000000000
1374,0.687000000,0.000000000,100.000000000,59.913543794,0.000000000,40.052314070,0.000000000,100.000000000,99.965857864,0.000000000,-1.000000000,0.000000000
1375,0.687500000,0.000000000,100.000000000,59.963543794,0.000000000,40.002314070,0.000000000,100.000000000,99.965857864,0.000000000,-1.000000000,0.000000000
1376,0.688000000,0.000000000,100.000000000,60.013543794,0.000000000,39.952314070,0.000000000,100.000000000,99.965857864,0.000000000,-1.000000000,0.000000000
1377,0.688500000,0.000000000,100.000000000,60.063543794,0.000000000,39.902314070,0.000000000,100.000000000,99.965857864,0.000000000,-1.000000000,0.000000000
1378,0.689000000,0.000000000,100.000000000,60.113543794,0.000000000,39.852314070,0.000000000,100.000000000,99.965857864,0.000000000,-1.000000000,0.000000000
1379,0.689500000,0.000000000,100.000000000,60.163543794,0.000000000,39.802314070,0.000000000,100.000000000,99.965857864,0.000000000,-1.000000000,0.000000000
1380,0.690000000,0.000000000,100.000000000,60.213543794,0.000000000,39.752314070,0.000000000,100.000000000,99.965857864,0.000000000,-1.000000000,0.000000000
1381,0.690500000,0.000000000,100.000000000,60.263543794,0.000000000,39.702314070,0.000000000,100.000000000,99.965857864,0.000000000,-1.000000000,0.000000000
1382,0.691000000,0.000000000,100.000000000,60.313543794,0.000000000,39.652314070,0.000000000,100.000000000,99.965857864,0.000000000,-1.000000000,0.000000000
1383,0.691500000,0.000000000,100.000000000,60.363543794,0.000000000,39.602314070,0.000000000,100.000000000,99.965857864,0.000000000,-1.000000000,0.000000000
1384,0.692000000,0.000000000,100.000000000,60.413543794,0.000000000,39.552314070,0.000000000,100.000000000,99.965857864,0.000000000,-1.000000000,0.000000000
1385,0.692500000,0.000000000,100.000000000,60.463543794,0.000000000,39.502314070,0.000000000,100.000000000,99.965857864,0.000000000,-1.000000000,0.000000000
1386,0.693000000,0.000000000,100.000000000,60.513543794,0.000000000,39.452314070,0.000000000,100.000000000,99.965857864,0.000000000,-1.000000000,0.000000000
1387,0.693500000,0.000000000,100.000000000,60.563543794,0.000000000,39.402314070,0.000000000,100.000000000,99.965857864,0.000000000,-1.000000000,0.000000000
1388,0.694000000,0.000000000,100.000000000,60.613543794,0.000000000,39.352314070,0.000000000,100.000000000,99.965857864,0.000000000,-1.000000000,0.000000000
1389,0.694500000,0.000000000,100.000000000,60.663543794,0.000000000,39.302314070,0.000000000,100.000000000,99.965857864,0.000000000,-1.000000000,0.000000000
1390,0.695000000,0.000000000,100.000000000,60.713543794,0.000000000,39.252314070,0.000000000,100.000000000,99.965857864,0.000000000,-1.000000000,0.000000000
1391,0.695500000,0.000000000,100.000000000,60.763543794,0.000000000,39.202314070,0.000000000,100.000000000,99.965857864,0.000000000,-1.000000000,0.000000000
1392,0.696000000,0.000000000,100.000000000,60.813543794,0.000000000,39.152314070,0.000000000,100.000000000,99.965857864,0.000000000,-1.000000000,0.000000000
1393,0.696500000,0.000000000,100.000000000,60.863543794,0.000000000,39.102314070,0.000000000,100.000000000,99.965857864,0.000000000,-1.000000000,0.000000000
1394,0.697000000,0.000000000,100.000000000,60.913543794,0.000000000,39.052314070,0.000000000,100.000000000,99.965857864,0.000000000,-1.000000000,0.000000000
1395,0.697500000,0.000000000,100.000000000,60.963543794,0.000000000,39.002314070,0.000000000,100.000000000,99.965857864,0.000000000,-1.000000000,0.000000000
1396,0.698000000,0.000000000,100.000000000,61.013543794,0.000000000,38.952314070,0.000000000,100.000000000,99.965857864,0.000000000,-1.000000000,0.000000000
1397,0.698500000,0.000000000,100.000000000,61.063543794,0.000000000,38.902314070,0.000000000,100.000000000,99.965857864,0.000000000,-1.000000000,0.000000000
1398,0.699000000,0.000000000,100.000000000,61.113543794,0.000000000,38.852314070,0.000000000,100.000000000,99.965857864,0.000000000,-1.000000000,0.000000000
1399,0.699500000,0.000000000,100.000000000,61.163543794,0.000000000,38.802314070,0.000000000,100.000000000,99.965857864,0.000000000,-1.000000000,0.000000000
1400,0.700000000,0.000000000,100.000000000,61.213543794,0.000000000,38.752314070,0.000000000,100.000000000,99.965857864,0.000000000,-1.000000000,0.000000000
1401,0.700500000,0.000000000,100.000000000,61.263543794,0.000000000,38.702314070,0.000000000,100.000000000,99.965857864,0.000000000,-1.000000000,0.000000000
1402,0.701000000,0.000000000,100.000000000,61.313543794,0.000000000,38.652314070,0.000000000,100.000000000,99.965857864,0.000000000,-1.000000000,0.000000000
1403,0.701500000,0.000000000,100.000000000,61.363543794,0.000000000,38.602314070,0.000000000,100.000000000,99.965857864,0.000000000,-1.000000000,0.000000000
1404,0.702000000,0.000000000,100.000000000,61.413543794,0.000000000,38.552314070,0.000000000,100.000000000,99.965857864,0.000000000,-1.000000000,0.000000000
1405,0.702500000,0.000000000,100.000000000,61.463543794,0.000000000,38.502314070,0.000000000,100.000000000,99.965857864,0.000000000,-1.000000000,0.000000000
1406,0.703000000,0.000000000,100.000000000,61.513543794,0.000000000,38.452314070,0.000000000,100.000000000,99.965857864,0.000000000,-1.000000000,0.000000000
1407,0.703500000,0.000000000,100.000000000,61.563543794,0.000000000,38.402314070,0.000000000,100.000000000,99.965857864,0.000000000,-1.000000000,0.000000000
1408,0.704000000,0.000000000,100.000000000,61.613543794,0.000000000,38.352314070,0.000000000,100.000000000,99.965857864,0.000000000,-1.000000000,0.000000000
1409,0.704500000,0.000000000,100.000000000,61.663543794,0.000000000,38.302314070,0.000000000,100.000000000,99.965857864,0.000000000,-1.000000000,0.000000000
1410,0.705000000,0.000000000,100.000000000,61.713543794,0.000000000,38.252314070,0.000000000,100.000000000,99.965857864,0.000000000,-1.000000000,0.000000000
1411,0.705500000,0.000000000,100.000000000,61.763543794,0.000000000,38.202314070,0.000000000,100.000000000,99.965857864,0.000000000,-1.000000000,0.000000000
1412,0.706000000,0.000000000,100.000000000,61.813543794,0.000000000,38.152314070,0.000000000,100.000000000,99.965857864,0.000000000,-1.000000000,0.000000000
1413,0.706500000,0.000000000,100.000000000,61.863543794,0.000000000,38.102314070,0.000000000,100.000000000,99.965857864,0.000000000,-1.000000000,0.000000000
1414,0.707000000,0.000000000,100.000000000,61.913543794,0.000000000,38.052314070,0.000000000,100.000000000,99.965857864,0.000000000,-1.000000000,0.000000000
1415,0.707500000,0.000000000,100.000000000,61.963543794,0.000000000,38.002314070,0.000000000,100.000000000,99.965857864,0.000000000,-1.000000000,0.000000000
1416,0.708000000,0.000000000,100.000000000,62.013543794,0.000000000,37.952314070,0.000000000,100.000000000,99.965857864,0.000000000,-1.000000000,0.000000000
1417,0.708500000,0.000000000,100.000000000,62.063543794,0.000000000,37.902314070,0.000000000,100.000000000,99.965857864,0.000000000,-1.000000000,0.000000000
1418,0.709000000,0.000000000,100.000000000,62.113543794,0.000000000,37.852314070,0.000000000,100.000000000,99.965857864,0.000000000,-1.000000000,0.000000000
1419,0.709500000,0.000000000,100.000000000,62.163543794,0.000000000,37.802314070,0.000000000,100.000000000,99.965857864,0.000000000,-1.000000000,0.000000000
1420,0.710000000,0.000000000,100.000000000,62.213543794,0.000000000,37.752314070,0.000000000,100.000000000,99.965857864,0.000000000,-1.000000000,0.000000000
1421,0.710500000,0.000000000,100.000000000,62.263543794,0.000000000,37.702314070,0.000000000,100.000000000,99.965857864,0.000000000,-1.000000000,0.000000000
1422,0.711000000,0.000000000,100.000000000,62.313543794,0.000000000,37.652314070,0.000000000,100.000000000,99.965857864,0.000000000,-1.000000000,0.000000000
1423,0.711500000,0.000000000,100.000000000,62.363543794,0.000000000,37.602314070,0.000000000,100.000000000,99.965857864,0.000000000,-1.000000000,0.000000000
1424,0.712000000,0.000000000,100.000000000,62.413543794,0.000000000,37.552314070,0.000000000,100.000000000,99.965857864,0.000000000,-1.000000000,0.000000000
1425,0.712500000,0.000000000,100.000000000,62.463543794,0.000000000,37.502314070,0.000000000,100.000000000,99.965857864,0.000000000,-1.000000000,0.000000000
1426,0.713000000,0.000000000,100.000000000,62.513543794,0.000000000,37.452314070,0.000000000,100.000000000,99.965857864,0.000000000,-1.000000000,0.000000000
1427,0.713500000,0.000000000,100.000000000,62.563543794,0.000000000,37.402314070,0.000000000,100.000000000,99.965857864,0.000000000,-1.000000000,0.000000000
1428,0.714000000,0.000000000,100.000000000,62.613543794,0.000000000,37.352314070,0.000000000,100.000000000,99.965857864,0.000000000,-1.000000000,0.000000000
1429,0.714500000,0.000000000,100.000000000,62.663543794,0.000000000,37.302314070,0.000000000,100.000000000,99.965857864,0.000000000,-1.000000000,0.000000000
1430,0.715000000,0.000000000,100.000000000,62.713543794,0.000000000,37.252314070,0.000000000,100.000000000,99.965857864,0.000000000,-1.000000000,0.000000000
1431,0.715500000,0.000000000,100.000000000,62.763543794,0.000000000,37.202314070,0.000000000,100.000000000,99.965857864,0.000000000,-1.000000000,0.000000000
1432,0.716000000,0.000000000,100.000000000,62.813543794,0.000000000,37.152314070,0.000000000,100.000000000,99.965857864,0.000000000,-1.000000000,0.000000000
1433,0.716500000,0.000000000,100.000000000,62.863543794,0.000000000,37.102314070,0.000000000,100.000000000,99.965857864,0.000000000,-1.000000000,0.000000000
1434,0.717000000,0.000000000,100.000000000,62.913543794,0.000000000,37.052314070,0.000000000,100.000000000,99.965857864,0.000000000,-1.000000000,0.000000000
1435,0.717500000,0.000000000,100.000000000,62.963543794,0.000000000,37.002314070,0.000000000,100.000000000,99.965857864,0.000000000,-1.000000000,0.000000000
1436,0.718000000,0.000000000,100.000000000,63.013543794,0.000000000,36.952314070,0.000000000,100.000000000,99.965857864,0.000000000,-1.000000000,0.000000000
1437,0.718500000,0.000000000,100.000000000,63.063543794,0.000000000,36.902314070,0.000000000,100.000000000,99.965857864,0.000000000,-1.000000000,0.000000000
1438,0.719000000,0.000000000,100.000000000,63.113543794,0.000000000,36.852314070,0.000000000,100.000000000,99.965857864,0.000000000,-1.000000000,0.000000000
1439,0.719500000,0.000000000,100.000000000,63.163543794,0.000000000,36.802314070,0.000000000,100.000000000,99.965857864,0.000000000,-1.000000000,0.000000000
1440,0.720000000,0.000000000,100.000000000,63.213543794,0.000000000,36.752314070,0.000000000,100.000000000,99.965857864,0.000000000,-1.000000000,0.000000000
1441,0.720500000,0.000000000,100.000000000,63.263543794,0.000000000,36.702314070,0.000000000,100.000000000,99.965857864,0.000000000,-1.000000000,0.000000000
1442,0.721000000,0.000000000,100.000000000,63.313543794,0.000000000,36.652314070,0.000000000,100.000000000,99.965857864,0.000000000,-1.000000000,0.000000000
1443,0.721500000,0.000000000,100.000000000,63.363543794,0.000000000,36.602314070,0.000000000,100.000000000,99.965857864,0.000000000,-1.000000000,0.000000000
1444,0.722000000,0.000000000,100.000000000,63.413543794,0.000000000,36.552314070,0.000000000,100.000000000,99.965857864,0.000000000,-1.000000000,0.000000000
1445,0.722500000,0.000000000,100.000000000,63.463543794,0.000000000,36.502314070,0.000000000,100.000000000,99.965857864,0.000000000,-1.000000000,0.000000000
1446,0.723000000,0.000000000,100.000000000,63.513543794,0.000000000,36.452314070,0.000000000,100.000000000,99.965857864,0.000000000,-1.000000000,0.000000000
1447,0.723500000,0.000000000,100.000000000,63.563543794,0.000000000,36.402314070,0.000000000,100.000000000,99.965857864,0.000000000,-1.000000000,0.000000000
1448,0.724000000,0.000000000,100.000000000,63.613543794,0.000000000,36.352314070,0.000000000,100.000000000,99.965857864,0.000000000,-1.000000000,0.000000000
1449,0.724500000,0.000000000,100.000000000,63.663543794,0.000000000,36.302314070,0.000000000,100.000000000,99.965857864,0.000000000,-1.000000000,0.000000000
1450,0.725000000,0.000000000,100.000000000,63.713543794,0.000000000,36.252314070,0.000000000,100.000000000,99.965857864,0.000000000,-1.000000000,0.000000000
1451,0.725500000,0.000000000,100.000000000,63.763543794,0.000000000,36.202314070,0.000000000,100.000000000,99.965857864,0.000000000,-1.000000000,0.000000000
1452,0.726000000,0.000000000,100.000000000,63.813543794,0.000000000,36.152314070,0.000000000,100.000000000,99.965857864,0.000000000,-1.000000000,0.000000000
1453,0.726500000,0.000000000,100.000000000,63.863543794,0.000000000,36.102314070,0.000000000,100.000000000,99.965857864,0.000000000,-1.000000000,0.000000000
1454,0.727000000,0.000000000,100.000000000,63.913543794,0.000000000,36.052314070,0.000000000,100.000000000,99.965857864,0.000000000,-1.000000000,0.000000000
1455,0.727500000,0.000000000,100.000000000,63.963543794,0.000000000,36.002314070,0.000000000,100.000000000,99.965857864,0.000000000,-1.000000000,0.000000000
1456,0.728000000,0.000000000,100.000000000,64.013543794,0.000000000,35.952314070,0.000000000,100.000000000,99.965857864,0.000000000,-1.000000000,0.000000000
1457,0.728500000,0.000000000,100.000000000,64.063543794,0.000000000,35.902314070,0.000000000,100.000000000,99.965857864,0.000000000,-1.000000000,0.000000000
1458,0.729000000,0.000000000,100.000000000,64.113543794,0.000000000,35.852314070,0.000000000,100.000000000,99.965857864,0.000000000,-1.000000000,0.000000000
1459,0.729500000,0.000000000,100.000000000,64.163543794,0.000000000,35.802314070,0.000000000,100.000000000,99.965857864,0.000000000,-1.000000000,0.000000000
1460,0.730000000,0.000000000,100.000000000,64.213543794,0.000000000,35.752314070,0.000000000,100.000000000,99.965857864,0.000000000,-1.000000000,0.000000000
1461,0.730500000,0.000000000,100.000000000,64.263543794,0.000000000,35.702314070,0.000000000,100.000000000,99.965857864,0.000000000,-1.000000000,0.000000000
1462,0.731000000,0.000000000,100.000000000,64.313543794,0.000000000,35.652314070,0.000000000,100.000000000,99.965857864,0.000000000,-1.000000000,0.000000000
1463,0.731500000,0.000000000,100.000000000,64.363543794,0.000000000,35.602314070,0.000000000,100.000000000,99.965857864,0.000000000,-1.000000000,0.000000000
1464,0.732000000,0.000000000,100.000000000,64.413543794,0.000000000,35.552314070,0.000000000,100.000000000,99.965857864,0.000000000,-1.000000000,0.000000000
1465,0.732500000,0.000000000,100.000000000,64.463543794,0.000000000,35.502314070,0.000000000,100.000000000,99.965857864,0.000000000,-1.000000000,0.000000000
1466,0.733000000,0.000000000,100.000000000,64.513543794,0.000000000,35.452314070,0.000000000,100.000000000,99.965857864,0.000000000,-1.000000000,0.000000000
1467,0.733500000,0.000000000,100.000000000,64.563543794,0.000000000,35.402314070,0.000000000,100.000000000,99.965857864,0.000000000,-1.000000000,0.000000000
1468,0.734000000,0.000000000,100.000000000,64.613543794,0.000000000,35.352314070,0.000000000,100.000000000,99.965857864,0.000000000,-1.000000000,0.000000000
1469,0.734500000,0.000000000,100.000000000,64.663543794,0.000000000,35.302314070,0.000000000,100.000000000,99.965857864,0.000000000,-1.000000000,0.000000000
1470,0.735000000,0.000000000,100.000000000,64.713543794,0.000000000,35.252314070,0.000000000,100.000000000,99.965857864,0.000000000,-1.000000000,0.000000000
1471,0.735500000,0.000000000,100.000000000,64.763543794,0.000000000,35.202314070,0.000000000,100.000000000,99.965857864,0.000000000,-1.000000000,0.000000000
1472,0.736000000,0.000000000,100.000000000,64.813543794,0.000000000,35.152314070,0.000000000,100.000000000,99.965857864,0.000000000,-1.000000000,0.000000000
1473,0.736500000,0.000000000,100.000000000,64.863543794,0.000000000,35.102314070,0.000000000,100.000000000,99.965857864,0.000000000,-1.000000000,0.000000000
1474,0.737000000,0.000000000,100.000000000,64.913543794,0.000000000,35.052314070,0.000000000,100.000000000,99.965857864,0.000000000,-1.000000000,0.000000000
1475,0.737500000,0.000000000,100.000000000,64.963543794,0.000000000,35.002314070,0.000000000,100.000000000,99.965857864,0.000000000,-1.000000000,0.000000000
1476,0.738000000,0.000000000,100.000000000,65.013543794,0.000000000,34.952314070,0.000000000,100.000000000,99.965857864,0.000000000,-1.000000000,0.000000000
1477,0.738500000,0.000000000,100.000000000,65.063543794,0.000000000,34.902314070,0.000000000,100.000000000,99.965857864,0.000000000,-1.000000000,0.000000000
1478,0.739000000,0.000000000,100.000000000,65.113543794,0.000000000,34.852314070,0.000000000,100.000000000,99.965857864,0.000000000,-1.000000000,0.000000000
1479,0.739500000,0.000000000,100.000000000,65.163543794,0.000000000,34.802314070,0.000000000,100.000000000,99.965857864,0.000000000,-1.000000000,0.000000000
1480,0.740000000,0.000000000,100.000000000,65.213543794,0.000000000,34.752314070,0.000000000,100.000000000,99.965857864,0.000000000,-1.000000000,0.000000000
1481,0.740500000,0.000000000,100.000000000,65.263543794,0.000000000,34.702314070,0.000000000,100.000000000,99.965857864,0.000000000,-1.000000000,0.000000000
1482,0.741000000,0.000000000,100.000000000,65.313543794,0.000000000,34.652314070,0.000000000,100.000000000,99.965857864,0.000000000,-1.000000000,0.000000000
1483,0.741500000,0.000000000,100.000000000,65.363543794,0.000000000,34.602314070,0.000000000,100.000000000,99.965857864,0.000000000,-1.000000000,0.000000000
1484,0.742000000,0.000000000,100.000000000,65.413543794,0.000000000,34.552314070,0.000000000,100.000000000,99.965857864,0.000000000,-1.000000000,0.000000000
1485,0.742500000,0.000000000,100.000000000,65.463543794,0.000000000,34.502314070,0.000000000,100.000000000,99.965857864,0.000000000,-1.000000000,0.000000000
1486,0.743000000,0.000000000,100.000000000,65.513543794,0.000000000,34.452314070,0.000000000,100.000000000,99.965857864,0.000000000,-1.000000000,0.000000000
1487,0.743500000,0.000000000,100.000000000,65.563543794,0.000000000,34.402314070,0.000000000,100.000000000,99.965857864,0.000000000,-1.000000000,0.000000000
1488,0.744000000,0.000000000,100.000000000,65.613543794,0.000000000,34.352314070,0.000000000,100.000000000,99.965857864,0.000000000,-1.000000000,0.000000000
1489,0.744500000,0.000000000,100.000000000,65.663543794,0.000000000,34.302314070,0.000000000,100.000000000,99.965857864,0.000000000,-1.000000000,0.000000000
1490,0.745000000,0.000000000,100.000000000,65.713543794,0.000000000,34.252314070,0.000000000,100.000000000,99.965857864,0.000000000,-1.000000000,0.000000000
1491,0.745500000,0.000000000,100.000000000,65.763543794,0.000000000,34.202314070,0.000000000,100.000000000,99.965857864,0.000000000,-1.000000000,0.000000000
1492,0.746000000,0.000000000,100.000000000,65.813543794,0.000000000,34.152314070,0.000000000,100.000000000,99.965857864,0.000000000,-1.000000000,0.000000000
1493,0.746500000,0.000000000,100.000000000,65.863543794,0.000000000,34.102314070,0.000000000,100.000000000,99.965857864,0.000000000,-1.000000000,0.000000000
1494,0.747000000,0.000000000,100.000000000,65.913543794,0.000000000,34.052314070,0.000000000,100.000000000,99.965857864,0.000000000,-1.000000000,0.000000000
1495,0.747500000,0.000000000,100.000000000,65.963543794,0.000000000,34.002314070,0.000000000,100.000000000,99.965857864,0.000000000,-1.000000000,0.000000000
1496,0.748000000,0.000000000,100.000000000,66.013543794,0.000000000,33.952314070,0.000000000,100.000000000,99.965857864,0.000000000,-1.000000000,0.000000000
1497,0.748500000,0.000000000,100.000000000,66.063543794,0.000000000,33.902314070,0.000000000,100.000000000,99.965857864,0.000000000,-1.000000000,0.000000000
1498,0.749000000,0.000000000,100.000000000,66.113543794,0.000000000,33.852314070,0.000000000,100.000000000,99.965857864,0.000000000,-1.000000000,0.000000000
1499,0.749500000,0.000000000,100.000000000,66.163543794,0.000000000,33.802314070,0.000000000,100.000000000,99.965857864,0.000000000,-1.000000000,0.000000000
1500,0.750000000,0.000000000,100.000000000,66.213543794,0.000000000,33.752314070,0.000000000,100.000000000,99.965857864,0.000000000,-1.000000000,0.000000000
1501,0.750500000,0.000000000,100.000000000,66.263543794,0.000000000,33.702314070,0.000000000,100.000000000,99.965857864,0.000000000,-1.000000000,0.000000000
1502,0.751000000,0.000000000,100.000000000,66.313543794,0.000000000,33.652314070,0.000000000,100.000000000,99.965857864,0.000000000,-1.000000000,0.000000000
1503,0.751500000,0.000000000,100.000000000,66.363543794,0.000000000,33.602314070,0.000000000,100.000000000,99.965857864,0.000000000,-1.000000000,0.000000000
1504,0.752000000,0.000000000,100.000000000,66.413543794,0.000000000,33.552314070,0.000000000,100.000000000,99.965857864,0.000000000,-1.000000000,0.000000000
1505,0.752500000,0.000000000,100.000000000,66.463543794,0.000000000,33.502314070,0.000000000,100.000000000,99.965857864,0.000000000,-1.000000000,0.000000000
1506,0.753000000,0.000000000,100.000000000,66.513543794,0.000000000,33.452314070,0.000000000,100.000000000,99.965857864,0.000000000,-1.000000000,0.000000000
1507,0.753500000,0.000000000,100.000000000,66.563543794,0.000000000,33.402314070,0.000000000,100.000000000,99.965857864,0.000000000,-1.000000000,0.000000000
1508,0.754000000,0.000000000,100.000000000,66.613543794,0.000000000,33.352314070,0.000000000,100.000000000,99.965857864,0.000000000,-1.000000000,0.000000000
1509,0.754500000,0.000000000,100.000000000,66.663543794,0.000000000,33.302314070,0.000000000,100.000000000,99.965857864,0.000000000,-1.000000000,0.000000000
1510,0.755000000,0.000000000,100.000000000,66.713543794,0.000000000,33.252314070,0.000000000,100.000000000,99.965857864,0.000000000,-1.000000000,0.000000000
1511,0.755500000,0.000000000,100.000000000,66.763543794,0.000000000,33.202314070,0.000000000,100.000000000,99.965857864,0.000000000,-1.000000000,0.000000000
1512,0.756000000,0.000000000,100.000000000,66.813543794,0.000000000,33.152314070,0.000000000,100.000000000,99.965857864,0.000000000,-1.000000000,0.000000000
1513,0.756500000,0.000000000,100.000000000,66.863543794,0.000000000,33.102314070,0.000000000,100.000000000,99.965857864,0.000000000,-1.000000000,0.000000000
1514,0.757000000,0.000000000,100.000000000,66.913543794,0.000000000,33.052314070,0.000000000,100.000000000,99.965857864,0.000000000,-1.000000000,0.000000000
1515,0.757500000,0.000000000,100.000000000,66.963543794,0.000000000,33.002314070,0.000000000,100.000000000,99.965857864,0.000000000,-1.000000000,0.000000000
1516,0.758000000,0.000000000,100.000000000,67.013543794,0.000000000,32.952314070,0.000000000,100.000000000,99.965857864,0.000000000,-1.000000000,0.000000000
1517,0.758500000,0.000000000,100.000000000,67.063543794,0.000000000,32.902314070,0.000000000,100.000000000,99.965857864,0.000000000,-1.000000000,0.000000000
1518,0.759000000,0.000000000,100.000000000,67.113543794,0.000000000,32.852314070,0.000000000,100.000000000,99.965857864,0.000000000,-1.000000000,0.000000000
1519,0.759500000,0.000000000,100.000000000,67.163543794,0.000000000,32.802314070,0.000000000,100.000000000,99.965857864,0.000000000,-1.000000000,0.000000000
1520,0.760000000,0.000000000,100.000000000,67.213543794,0.000000000,32.752314070,0.000000000,100.000000000,99.965857864,0.000000000,-1.000000000,0.000000000
1521,0.760500000,0.000000000,100.000000000,67.263543794,0.000000000,32.702314070,0.000000000,100.000000000,99.965857864,0.000000000,-1.000000000,0.000000000
1522,0.761000000,0.000000000,100.000000000,67.313543794,0.000000000,32.652314070,0.000000000,100.000000000,99.965857864,0.000000000,-1.000000000,0.000000000
1523,0.761500000,0.000000000,100.000000000,67.363543794,0.000000000,32.602314070,0.000000000,100.000000000,99.965857864,0.000000000,-1.000000000,0.000000000
1524,0.762000000,0.000000000,100.000000000,67.413543794,0.000000000,32.552314070,0.000000000,100.000000000,99.965857864,0.000000000,-1.000000000,0.000000000
1525,0.762500000,0.000000000,100.000000000,67.463543794,0.000000000,32.502314070,0.000000000,100.000000000,99.965857864,0.000000000,-1.000000000,0.000000000
1526,0.763000000,0.000000000,100.000000000,67.513543794,0.000000000,32.452314070,0.000000000,100.000000000,99.965857864,0.000000000,-1.000000000,0.000000000
1527,0.763500000,0.000000000,100.000000000,67.563543794,0.000000000,32.402314070,0.000000000,100.000000000,99.965857864,0.000000000,-1.000000000,0.000000000
1528,0.764000000,0.000000000,100.000000000,67.613543794,0.000000000,32.352314070,0.000000000,100.000000000,99.965857864,0.000000000,-1.000000000,0.000000000
1529,0.764500000,0.000000000,100.000000000,67.663543794,0.000000000,32.302314070,0.000000000,100.000000000,99.965857864,0.000000000,-1.000000000,0.000000000
1530,0.765000000,0.000000000,100.000000000,67.713543794,0.000000000,32.252314070,0.000000000,100.000000000,99.965857864,0.000000000,-1.000000000,0.000000000
1531,0.765500000,0.000000000,100.000000000,67.763543794,0.000000000,32.202314070,0.000000000,100.000000000,99.965857864,0.000000000,-1.000000000,0.000000000
1532,0.766000000,0.000000000,100.000000000,67.813543794,0.000000000,32.152314070,0.000000000,100.000000000,99.965857864,0.000000000,-1.000000000,0.000000000
1533,0.766500000,0.000000000,100.000000000,67.863543794,0.000000000,32.102314070,0.000000000,100.000000000,99.965857864,0.000000000,-1.000000000,0.000000000
1534,0.767000000,0.000000000,100.000000000,67.913543794,0.000000000,32.052314070,0.000000000,100.000000000,99.965857864,0.000000000,-1.000000000,0.000000000
1535,0.767500000,0.000000000,100.000000000,67.963543794,0.000000000,32.002314070,0.000000000,100.000000000,99.965857864,0.000000000,-1.000000000,0.000000000
1536,0.768000000,0.000000000,100.000000000,68.013543794,0.000000000,31.952314070,0.000000000,100.000000000,99.965857864,0.000000000,-1.000000000,0.000000000
1537,0.768500000,0.000000000,100.000000000,68.063543794,0.000000000,31.902314070,0.000000000,100.000000000,99.965857864,0.000000000,-1.000000000,0.000000000
1538,0.769000000,0.000000000,100.000000000,68.113543794,0.000000000,31.852314070,0.000000000,100.000000000,99.965857864,0.000000000,-1.000000000,0.000000000
1539,0.769500000,0.000000000,100.000000000,68.163543794,0.000000000,31.802314070,0.000000000,100.000000000,99.965857864,0.000000000,-1.000000000,0.000000000
1540,0.770000000,0.000000000,100.000000000,68.213543794,0.000000000,31.752314070,0.000000000,100.000000000,99.965857864,0.000000000,-1.000000000,0.000000000
1541,0.770500000,0.000000000,100.000000000,68.263543794,0.000000000,31.702314070,0.000000000,100.000000000,99.965857864,0.000000000,-1.000000000,0.000000000
1542,0.771000000,0.000000000,100.000000000,68.313543794,0.000000000,31.652314070,0.000000000,100.000000000,99.965857864,0.000000000,-1.000000000,0.000000000
1543,0.771500000,0.000000000,100.000000000,68.363543794,0.000000000,31.602314070,0.000000000,100.000000000,99.965857864,0.000000000,-1.000000000,0.000000000
1544,0.772000000,0.000000000,100.000000000,68.413543794,0.000000000,31.552314070,0.000000000,100.000000000,99.965857864,0.000000000,-1.000000000,0.000000000
1545,0.772500000,0.000000000,100.000000000,68.463543794,0.000000000,31.502314070,0.000000000,100.000000000,99.965857864,0.000000000,-1.000000000,0.000000000
1546,0.773000000,0.000000000,100.000000000,68.513543794,0.000000000,31.452314070,0.000000000,100.000000000,99.965857864,0.000000000,-1.000000000,0.000000000
1547,0.773500000,0.000000000,100.000000000,68.563543794,0.000000000,31.402314070,0.000000000,100.000000000,99.965857864,0.000000000,-1.000000000,0.000000000
1548,0.774000000,0.000000000,100.000000000,68.613543794,0.000000000,31.352314070,0.000000000,100.000000000,99.965857864,0.000000000,-1.000000000,0.000000000
1549,0.774500000,0.000000000,100.000000000,68.663543794,0.000000000,31.302314070,0.000000000,100.000000000,99.965857864,0.000000000,-1.000000000,0.000000000
1550,0.775000000,0.000000000,100.000000000,68.713543794,0.000000000,31.252314070,0.000000000,100.000000000,99.965857864,0.000000000,-1.000000000,0.000000000
1551,0.775500000,0.000000000,100.000000000,68.763543794,0.000000000,31.202314070,0.000000000,100.000000000,99.965857864,0.000000000,-1.000000000,0.000000000
1552,0.776000000,0.000000000,100.000000000,68.813543794,0.000000000,31.152314070,0.000000000,100.000000000,99.965857864,0.000000000,-1.000000000,0.000000000
1553,0.776500000,0.000000000,100.000000000,68.863543794,0.000000000,31.102314070,0.000000000,100.000000000,99.965857864,0.000000000,-1.000000000,0.000000000
1554,0.777000000,0.000000000,100.000000000,68.913543794,0.000000000,31.052314070,0.000000000,100.000000000,99.965857864,0.000000000,-1.000000000,0.000000000
1555,0.777500000,0.000000000,100.000000000,68.963543794,0.000000000,31.002314070,0.000000000,100.000000000,99.965857864,0.000000000,-1.000000000,0.000000000
1556,0.778000000,0.000000000,100.000000000,69.013543794,0.000000000,30.952314070,0.000000000,100.000000000,99.965857864,0.000000000,-1.000000000,0.000000000
1557,0.778500000,0.000000000,100.000000000,69.063543794,0.000000000,30.902314070,0.000000000,100.000000000,99.965857864,0.000000000,-1.000000000,0.000000000
1558,0.779000000,0.000000000,100.000000000,69.113543794,0.000000000,30.852314070,0.000000000,100.000000000,99.965857864,0.000000000,-1.000000000,0.000000000
1559,0.779500000,0.000000000,100.000000000,69.163543794,0.000000000,30.802314070,0.000000000,100.000000000,99.965857864,0.000000000,-1.000000000,0.000000000
1560,0.780000000,0.000000000,100.000000000,69.213543794,0.000000000,30.752314070,0.000000000,100.000000000,99.965857864,0.000000000,-1.000000000,0.000000000
1561,0.780500000,0.000000000,100.000000000,69.263543794,0.000000000,30.702314070,0.000000000,100.000000000,99.965857864,0.000000000,-1.000000000,0.000000000
1562,0.781000000,0.000000000,100.000000000,69.313543794,0.000000000,30.652314070,0.000000000,100.000000000,99.965857864,0.000000000,-1.000000000,0.000000000
1563,0.781500000,0.000000000,100.000000000,69.363543794,0.000000000,30.602314070,0.000000000,100.000000000,99.965857864,0.000000000,-1.000000000,0.000000000
1564,0.782000000,0.000000000,100.000000000,69.413543794,0.000000000,30.552314070,0.000000000,100.000000000,99.965857864,0.000000000,-1.000000000,0.000000000
1565,0.782500000,0.000000000,100.000000000,69.463543794,0.000000000,30.502314070,0.000000000,100.000000000,99.965857864,0.000000000,-1.000000000,0.000000000
1566,0.783000000,0.000000000,100.000000000,69.513543794,0.000000000,30.452314070,0.000000000,100.000000000,99.965857864,0.000000000,-1.000000000,0.000000000
1567,0.783500000,0.000000000,100.000000000,69.563543794,0.000000000,30.402314070,0.000000000,100.000000000,99.965857864,0.000000000,-1.000000000,0.000000000
1568,0.784000000,0.000000000,100.000000000,69.613543794,0.000000000,30.352314070,0.000000000,100.000000000,99.965857864,0.000000000,-1.000000000,0.000000000
1569,0.784500000,0.000000000,100.000000000,69.663543794,0.000000000,30.302314070,0.000000000,100.000000000,99.965857864,0.000000000,-1.000000000,0.000000000
1570,0.785000000,0.000000000,100.000000000,69.713543794,0.000000000,30.252314070,0.000000000,100.000000000,99.965857864,0.000000000,-1.000000000,0.000000000
1571,0.785500000,0.000000000,100.000000000,69.763543794,0.000000000,30.202314070,0.000000000,100.000000000,99.965857864,0.000000000,-1.000000000,0.000000000
1572,0.786000000,0.000000000,100.000000000,69.813543794,0.000000000,30.152314070,0.000000000,100.000000000,99.965857864,0.000000000,-1.000000000,0.000000000
1573,0.786500000,0.000000000,100.000000000,69.863543794,0.000000000,30.102314070,0.000000000,100.000000000,99.965857864,0.000000000,-1.000000000,0.000000000
1574,0.787000000,0.000000000,100.000000000,69.913543794,0.000000000,30.052314070,0.000000000,100.000000000,99.965857864,0.000000000,-1.000000000,0.000000000
1575,0.787500000,0.000000000,100.000000000,69.963543794,0.000000000,30.002314070,0.000000000,100.000000000,99.965857864,0.000000000,-1.000000000,0.000000000
1576,0.788000000,0.000000000,100.000000000,70.013543794,0.000000000,29.952314070,0.000000000,100.000000000,99.965857864,0.000000000,-1.000000000,0.000000000
1577,0.788500000,0.000000000,100.000000000,70.063543794,0.000000000,29.902314070,0.000000000,100.000000000,99.965857864,0.000000000,-1.000000000,0.000000000
1578,0.789000000,0.000000000,100.000000000,70.113543794,0.000000000,29.852314070,0.000000000,100.000000000,99.965857864,0.000000000,-1.000000000,0.000000000
1579,0.789500000,0.000000000,100.000000000,70.163543794,0.000000000,29.802314070,0.000000000,100.000000000,99.965857864,0.000000000,-1.000000000,0.000000000
1580,0.790000000,0.000000000,100.000000000,70.213543794,0.000000000,29.752314070,0.000000000,100.000000000,99.965857864,0.000000000,-1.000000000,0.000000000
1581,0.790500000,0.000000000,100.000000000,70.263543794,0.000000000,29.702314070,0.000000000,100.000000000,99.965857864,0.000000000,-1.000000000,0.000000000
1582,0.791000000,0.000000000,100.000000000,70.313543794,0.000000000,29.652314070,0.000000000,100.000000000,99.965857864,0.000000000,-1.000000000,0.000000000
1583,0.791500000,0.000000000,100.000000000,70.363543794,0.000000000,29.602314070,0.000000000,100.000000000,99.965857864,0.000000000,-1.000000000,0.000000000
1584,0.792000000,0.000000000,100.000000000,70.413543794,0.000000000,29.552314070,0.000000000,100.000000000,99.965857864,0.000000000,-1.000000000,0.000000000
1585,0.792500000,0.000000000,100.000000000,70.463543794,0.000000000,29.502314070,0.000000000,100.000000000,99.965857864,0.000000000,-1.000000000,0.000000000
1586,0.793000000,0.000000000,100.000000000,70.513543794,0.000000000,29.452314070,0.000000000,100.000000000,99.965857864,0.000000000,-1.000000000,0.000000000
1587,0.793500000,0.000000000,100.000000000,70.563543794,0.000000000,29.402314070,0.000000000,100.000000000,99.965857864,0.000000000,-1.000000000,0.000000000
1588,0.794000000,0.000000000,100.000000000,70.613543794,0.000000000,29.352314070,0.000000000,100.000000000,99.965857864,0.000000000,-1.000000000,0.000000000
1589,0.794500000,0.000000000,100.000000000,70.663543794,0.000000000,29.302314070,0.000000000,100.000000000,99.965857864,0.000000000,-1.000000000,0.000000000
1590,0.795000000,0.000000000,100.000000000,70.713543794,0.000000000,29.252314070,0.000000000,100.000000000,99.965857864,0.000000000,-1.000000000,0.000000000
1591,0.795500000,0.000000000,100.000000000,70.763543794,0.000000000,29.202314070,0.000000000,100.000000000,99.965857864,0.000000000,-1.000000000,0.000000000
1592,0.796000000,0.000000000,100.000000000,70.813543794,0.000000000,29.152314070,0.000000000,100.000000000,99.965857864,0.000000000,-1.000000000,0.000000000
1593,0.796500000,0.000000000,100.000000000,70.863543794,0.000000000,29.102314070,0.000000000,100.000000000,99.965857864,0.000000000,-1.000000000,0.000000000
1594,0.797000000,0.000000000,100.000000000,70.913543794,0.000000000,29.052314070,0.000000000,100.000000000,99.965857864,0.000000000,-1.000000000,0.000000000
1595,0.797500000,0.000000000,100.000000000,70.963543794,0.000000000,29.002314070,0.000000000,100.000000000,99.965857864,0.000000000,-1.000000000,0.000000000
1596,0.798000000,0.000000000,100.000000000,71.013543794,0.000000000,28.952314070,0.000000000,100.000000000,99.965857864,0.000000000,-1.000000000,0.000000000
1597,0.798500000,0.000000000,100.000000000,71.063543794,0.000000000,28.902314070,0.000000000,100.000000000,99.965857864,0.000000000,-1.000000000,0.000000000
1598,0.799000000,0.000000000,100.000000000,71.113543794,0.000000000,28.852314070,0.000000000,100.000000000,99.965857864,0.000000000,-1.000000000,0.000000000
1599,0.799500000,0.000000000,100.000000000,71.163543794,0.000000000,28.802314070,0.000000000,100.000000000,99.965857864,0.000000000,-1.000000000,0.000000000
1600,0.800000000,0.000000000,100.000000000,71.213543794,0.000000000,28.752314070,0.000000000,100.000000000,99.965857864,0.000000000,-1.000000000,0.000000000
1601,0.800500000,0.000000000,100.000000000,71.263543794,0.000000000,28.702314070,0.000000000,100.000000000,99.965857864,0.000000000,-1.000000000,0.000000000
1602,0.801000000,0.000000000,100.000000000,71.313543794,0.000000000,28.652314070,0.000000000,100.000000000,99.965857864,0.000000000,-1.000000000,0.000000000
1603,0.801500000,0.000000000,100.000000000,71.363543794,0.000000000,28.602314070,0.000000000,100.000000000,99.965857864,0.000000000,-1.000000000,0.000000000
1604,0.802000000,0.000000000,100.000000000,71.413543794,0.000000000,28.552314070,0.000000000,100.000000000,99.965857864,0.000000000,-1.000000000,0.000000000
1605,0.802500000,0.000000000,100.000000000,71.463543794,0.000000000,28.502314070,0.000000000,100.000000000,99.965857864,0.000000000,-1.000000000,0.000000000
1606,0.803000000,0.000000000,100.000000000,71.513543794,0.000000000,28.452314070,0.000000000,100.000000000,99.965857864,0.000000000,-1.000000000,0.000000000
1607,0.803500000,0.000000000,100.000000000,71.563543794,0.000000000,28.402314070,0.000000000,100.000000000,99.965857864,0.000000000,-1.000000000,0.000000000
1608,0.804000000,0.000000000,100.000000000,71.613543794,0.000000000,28.352314070,0.000000000,100.000000000,99.965857864,0.000000000,-1.000000000,0.000000000
1609,0.804500000,0.000000000,100.000000000,71.663543794,0.000000000,28.302314070,0.000000000,100.000000000,99.965857864,0.000000000,-1.000000000,0.000000000
1610,0.805000000,0.000000000,100.000000000,71.713543794,0.000000000,28.252314070,0.000000000,100.000000000,99.965857864,0.000000000,-1.000000000,0.000000000
1611,0.805500000,0.000000000,100.000000000,71.763543794,0.000000000,28.202314070,0.000000000,100.000000000,99.965857864,0.000000000,-1.000000000,0.000000000
1612,0.806000000,0.000000000,100.000000000,71.813543794,0.000000000,28.152314070,0.000000000,100.000000000,99.965857864,0.000000000,-1.000000000,0.000000000
1613,0.806500000,0.000000000,100.000000000,71.863543794,0.000000000,28.102314070,0.000000000,100.000000000,99.965857864,0.000000000,-1.000000000,0.000000000
1614,0.807000000,0.000000000,100.000000000,71.913543794,0.000000000,28.052314070,0.000000000,100.000000000,99.965857864,0.000000000,-1.000000000,0.000000000
1615,0.807500000,0.000000000,100.000000000,71.963543794,0.000000000,28.002314070,0.000000000,100.000000000,99.965857864,0.000000000,-1.000000000,0.000000000
1616,0.808000000,0.000000000,100.000000000,72.013543794,0.000000000,27.952314070,0.000000000,100.000000000,99.965857864,0.000000000,-1.000000000,0.000000000
1617,0.808500000,0.000000000,100.000000000,72.063543794,0.000000000,27.902314070,0.000000000,100.000000000,99.965857864,0.000000000,-1.000000000,0.000000000
1618,0.809000000,0.000000000,100.000000000,72.113543794,0.000000000,27.852314070,0.000000000,100.000000000,99.965857864,0.000000000,-1.000000000,0.000000000
1619,0.809500000,0.000000000,100.000000000,72.163543794,0.000000000,27.802314070,0.000000000,100.000000000,99.965857864,0.000000000,-1.000000000,0.000000000
1620,0.810000000,0.000000000,100.000000000,72.213543794,0.000000000,27.752314070,0.000000000,100.000000000,99.965857864,0.000000000,-1.000000000,0.000000000
1621,0.810500000,0.000000000,100.000000000,72.263543794,0.000000000,27.702314070,0.000000000,100.000000000,99.965857864,0.000000000,-1.000000000,0.000000000
1622,0.811000000,0.000000000,100.000000000,72.313543794,0.000000000,27.652314070,0.000000000,100.000000000,99.965857864,0.000000000,-1.000000000,0.000000000
1623,0.811500000,0.000000000,100.000000000,72.363543794,0.000000000,27.602314070,0.000000000,100.000000000,99.965857864,0.000000000,-1.000000000,0.000000000
1624,0.812000000,0.000000000,100.000000000,72.413543794,0.000000000,27.552314070,0.000000000,100.000000000,99.965857864,0.000000000,-1.000000000,0.000000000
1625,0.812500000,0.000000000,100.000000000,72.463543794,0.000000000,27.502314070,0.000000000,100.000000000,99.965857864,0.000000000,-1.000000000,0.000000000
1626,0.813000000,0.000000000,100.000000000,72.513543794,0.000000000,27.452314070,0.000000000,100.000000000,99.965857864,0.000000000,-1.000000000,0.000000000
1627,0.813500000,0.000000000,100.000000000,72.563543794,0.000000000,27.402314070,0.000000000,100.000000000,99.965857864,0.000000000,-1.000000000,0.000000000
1628,0.814000000,0.000000000,100.000000000,72.613543794,0.000000000,27.352314070,0.000000000,100.000000000,99.965857864,0.000000000,-1.000000000,0.000000000
1629,0.814500000,0.000000000,100.000000000,72.663543794,0.000000000,27.302314070,0.000000000,100.000000000,99.965857864,0.000000000,-1.000000000,0.000000000
1630,0.815000000,0.000000000,100.000000000,72.713543794,0.000000000,27.252314070,0.000000000,100.000000000,99.965857864,0.000000000,-1.000000000,0.000000000
1631,0.815500000,0.000000000,100.000000000,72.763543794,0.000000000,27.202314070,0.000000000,100.000000000,99.965857864,0.000000000,-1.000000000,0.000000000
1632,0.816000000,0.000000000,100.000000000,72.813543794,0.000000000,27.152314070,0.000000000,100.000000000,99.965857864,0.000000000,-1.000000000,0.000000000
1633,0.816500000,0.000000000,100.000000000,72.863543794,0.000000000,27.102314070,0.000000000,100.000000000,99.965857864,0.000000000,-1.000000000,0.000000000
1634,0.817000000,0.000000000,100.000000000,72.913543794,0.000000000,27.052314070,0.000000000,100.000000000,99.965857864,0.000000000,-1.000000000,0.000000000
1635,0.817500000,0.000000000,100.000000000,72.963543794,0.000000000,27.002314070,0.000000000,100.000000000,99.965857864,0.000000000,-1.000000000,0.000000000
1636,0.818000000,0.000000000,100.000000000,73.013543794,0.000000000,26.952314070,0.000000000,100.000000000,99.965857864,0.000000000,-1.000000000,0.000000000
1637,0.818500000,0.000000000,100.000000000,73.063543794,0.000000000,26.902314070,0.000000000,100.000000000,99.965857864,0.000000000,-1.000000000,0.000000000
1638,0.819000000,0.000000000,100.000000000,73.113543794,0.000000000,26.852314070,0.000000000,100.000000000,99.965857864,0.000000000,-1.000000000,0.000000000
1639,0.819500000,0.000000000,100.000000000,73.163543794,0.000000000,26.802314070,0.000000000,100.000000000,99.965857864,0.000000000,-1.000000000,0.000000000
1640,0.820000000,0.000000000,100.000000000,73.213543794,0.000000000,26.752314070,0.000000000,100.000000000,99.965857864,0.000000000,-1.000000000,0.000000000
1641,0.820500000,0.000000000,100.000000000,73.263543794,0.000000000,26.702314070,0.000000000,100.000000000,99.965857864,0.000000000,-1.000000000,0.000000000
1642,0.821000000,0.000000000,100.000000000,73.313543794,0.000000000,26.652314070,0.000000000,100.000000000,99.965857864,0.000000000,-1.000000000,0.000000000
1643,0.821500000,0.000000000,100.000000000,73.363543794,0.000000000,26.602314070,0.000000000,100.000000000,99.965857864,0.000000000,-1.000000000,0.000000000
1644,0.822000000,0.000000000,100.000000000,73.413543794,0.000000000,26.552314070,0.000000000,100.000000000,99.965857864,0.000000000,-1.000000000,0.000000000
1645,0.822500000,0.000000000,100.000000000,73.463543794,0.000000000,26.502314070,0.000000000,100.000000000,99.965857864,0.000000000,-1.000000000,0.000000000
1646,0.823000000,0.000000000,100.000000000,73.513543794,0.000000000,26.452314070,0.000000000,100.000000000,99.965857864,0.000000000,-1.000000000,0.000000000
1647,0.823500000,0.000000000,100.000000000,73.563543794,0.000000000,26.402314070,0.000000000,100.000000000,99.965857864,0.000000000,-1.000000000,0.000000000
1648,0.824000000,0.000000000,100.000000000,73.613543794,0.000000000,26.352314070,0.000000000,100.000000000,99.965857864,0.000000000,-1.000000000,0.000000000
1649,0.824500000,0.000000000,100.000000000,73.663543794,0.000000000,26.302314070,0.000000000,100.000000000,99.965857864,0.000000000,-1.000000000,0.000000000
1650,0.825000000,0.000000000,100.000000000,73.713543794,0.000000000,26.252314070,0.000000000,100.000000000,99.965857864,0.000000000,-1.000000000,0.000000000
1651,0.825500000,0.000000000,100.000000000,73.763543794,0.000000000,26.202314070,0.000000000,100.000000000,99.965857864,0.000000000,-1.000000000,0.000000000
1652,0.826000000,0.000000000,100.000000000,73.813543794,0.000000000,26.152314070,0.000000000,100.000000000,99.965857864,0.000000000,-1.000000000,0.000000000
1653,0.826500000,0.000000000,100.000000000,73.863543794,0.000000000,26.102314070,0.000000000,100.000000000,99.965857864,0.000000000,-1.000000000,0.000000000
1654,0.827000000,0.000000000,100.000000000,73.913543794,0.000000000,26.052314070,0.000000000,100.000000000,99.965857864,0.000000000,-1.000000000,0.000000000
1655,0.827500000,0.000000000,100.000000000,73.963543794,0.000000000,26.002314070,0.000000000,100.000000000,99.965857864,0.000000000,-1.000000000,0.000000000
1656,0.828000000,0.000000000,100.000000000,74.013543794,0.000000000,25.952314070,0.000000000,100.000000000,99.965857864,0.000000000,-1.000000000,0.000000000
1657,0.828500000,0.000000000,100.000000000,74.063543794,0.000000000,25.902314070,0.000000000,100.000000000,99.965857864,0.000000000,-1.000000000,0.000000000
1658,0.829000000,0.000000000,100.000000000,74.113543794,0.000000000,25.852314070,0.000000000,100.000000000,99.965857864,0.000000000,-1.000000000,0.000000000
1659,0.829500000,0.000000000,100.000000000,74.163543794,0.000000000,25.802314070,0.000000000,100.000000000,99.965857864,0.000000000,-1.000000000,0.000000000
1660,0.830000000,0.000000000,100.000000000,74.213543794,0.000000000,25.752314070,0.000000000,100.000000000,99.965857864,0.000000000,-1.000000000,0.000000000
1661,0.830500000,0.000000000,100.000000000,74.263543794,0.000000000,25.702314070,0.000000000,100.000000000,99.965857864,0.000000000,-1.000000000,0.000000000
1662,0.831000000,0.000000000,100.000000000,74.313543794,0.000000000,25.652314070,0.000000000,100.000000000,99.965857864,0.000000000,-1.000000000,0.000000000
1663,0.831500000,0.000000000,100.000000000,74.363543794,0.000000000,25.602314070,0.000000000,100.000000000,99.965857864,0.000000000,-1.000000000,0.000000000
1664,0.832000000,0.000000000,100.000000000,74.413543794,0.000000000,25.552314070,0.000000000,100.000000000,99.965857864,0.000000000,-1.000000000,0.000000000
1665,0.832500000,0.000000000,100.000000000,74.463543794,0.000000000,25.502314070,0.000000000,100.000000000,99.965857864,0.000000000,-1.000000000,0.000000000
1666,0.833000000,0.000000000,100.000000000,74.513543794,0.000000000,25.452314070,0.000000000,100.000000000,99.965857864,0.000000000,-1.000000000,0.000000000
1667,0.833500000,0.000000000,100.000000000,74.563543794,0.000000000,25.402314070,0.000000000,100.000000000,99.965857864,0.000000000,-1.000000000,0.000000000
1668,0.834000000,0.000000000,100.000000000,74.613543794,0.000000000,25.352314070,0.000000000,100.000000000,99.965857864,0.000000000,-1.000000000,0.000000000
1669,0.834500000,0.000000000,100.000000000,74.663543794,0.000000000,25.302314070,0.000000000,100.000000000,99.965857864,0.000000000,-1.000000000,0.000000000
1670,0.835000000,0.000000000,100.000000000,74.713543794,0.000000000,25.252314070,0.000000000,100.000000000,99.965857864,0.000000000,-1.000000000,0.000000000
1671,0.835500000,0.000000000,100.000000000,74.763543794,0.000000000,25.202314070,0.000000000,100.000000000,99.965857864,0.000000000,-1.000000000,0.000000000
1672,0.836000000,0.000000000,100.000000000,74.813543794,0.000000000,25.152314070,0.000000000,100.000000000,99.965857864,0.000000000,-1.000000000,0.000000000
1673,0.836500000,0.000000000,100.000000000,74.863543794,0.000000000,25.102314070,0.000000000,100.000000000,99.965857864,0.000000000,-1.000000000,0.000000000
1674,0.837000000,0.000000000,100.000000000,74.913543794,0.000000000,25.052314070,0.000000000,100.000000000,99.965857864,0.000000000,-1.000000000,0.000000000
1675,0.837500000,0.000000000,100.000000000,74.963543794,0.000000000,25.002314070,0.000000000,100.000000000,99.965857864,0.000000000,-1.000000000,0.000000000
1676,0.838000000,0.000000000,100.000000000,75.013543794,0.000000000,24.952314070,0.000000000,100.000000000,99.965857864,0.000000000,-1.000000000,0.000000000
1677,0.838500000,0.000000000,100.000000000,75.063543794,0.000000000,24.902314070,0.000000000,100.000000000,99.965857864,0.000000000,-1.000000000,0.000000000
1678,0.839000000,0.000000000,100.000000000,75.113543794,0.000000000,24.852314070,0.000000000,100.000000000,99.965857864,0.000000000,-1.000000000,0.000000000
1679,0.839500000,0.000000000,100.000000000,75.163543794,0.000000000,24.802314070,0.000000000,100.000000000,99.965857864,0.000000000,-1.000000000,0.000000000
1680,0.840000000,0.000000000,100.000000000,75.213543794,0.000000000,24.752314070,0.000000000,100.000000000,99.965857864,0.000000000,-1.000000000,0.000000000
1681,0.840500000,0.000000000,100.000000000,75.263543794,0.000000000,24.702314070,0.000000000,100.000000000,99.965857864,0.000000000,-1.000000000,0.000000000
1682,0.841000000,0.000000000,100.000000000,75.313543794,0.000000000,24.652314070,0.000000000,100.000000000,99.965857864,0.000000000,-1.000000000,0.000000000
1683,0.841500000,0.000000000,100.000000000,75.363543794,0.000000000,24.602314070,0.000000000,100.000000000,99.965857864,0.000000000,-1.000000000,0.000000000
1684,0.842000000,0.000000000,100.000000000,75.413543794,0.000000000,24.552314070,0.000000000,100.000000000,99.965857864,0.000000000,-1.000000000,0.000000000
1685,0.842500000,0.000000000,100.000000000,75.463543794,0.000000000,24.502314070,0.000000000,100.000000000,99.965857864,0.000000000,-1.000000000,0.000000000
1686,0.843000000,0.000000000,100.000000000,75.513543794,0.000000000,24.452314070,0.000000000,100.000000000,99.965857864,0.000000000,-1.000000000,0.000000000
1687,0.843500000,0.000000000,100.000000000,75.563543794,0.000000000,24.402314070,0.000000000,100.000000000,99.965857864,0.000000000,-1.000000000,0.000000000
1688,0.844000000,0.000000000,100.000000000,75.613543794,0.000000000,24.352314070,0.000000000,100.000000000,99.965857864,0.000000000,-1.000000000,0.000000000
1689,0.844500000,0.000000000,100.000000000,75.663543794,0.000000000,24.302314070,0.000000000,100.000000000,99.965857864,0.000000000,-1.000000000,0.000000000
1690,0.845000000,0.000000000,100.000000000,75.713543794,0.000000000,24.252314070,0.000000000,100.000000000,99.965857864,0.000000000,-1.000000000,0.000000000
1691,0.845500000,0.000000000,100.000000000,75.763543794,0.000000000,24.202314070,0.000000000,100.000000000,99.965857864,0.000000000,-1.000000000,0.000000000
1692,0.846000000,0.000000000,100.000000000,75.813543794,0.000000000,24.152314070,0.000000000,100.000000000,99.965857864,0.000000000,-1.000000000,0.000000000
1693,0.846500000,0.000000000,100.000000000,75.863543794,0.000000000,24.102314070,0.000000000,100.000000000,99.965857864,0.000000000,-1.000000000,0.000000000
1694,0.847000000,0.000000000,100.000000000,75.913543794,0.000000000,24.052314070,0.000000000,100.000000000,99.965857864,0.000000000,-1.000000000,0.000000000
1695,0.847500000,0.000000000,100.000000000,75.963543794,0.000000000,24.002314070,0.000000000,100.000000000,99.965857864,0.000000000,-1.000000000,0.000000000
1696,0.848000000,0.000000000,100.000000000,76.013543794,0.000000000,23.952314070,0.000000000,100.000000000,99.965857864,0.000000000,-1.000000000,0.000000000
1697,0.848500000,0.000000000,100.000000000,76.063543794,0.000000000,23.902314070,0.000000000,100.000000000,99.965857864,0.000000000,-1.000000000,0.000000000
1698,0.849000000,0.000000000,100.000000000,76.113543794,0.000000000,23.852314070,0.000000000,100.000000000,99.965857864,0.000000000,-1.000000000,0.000000000
1699,0.849500000,0.000000000,100.000000000,76.163543794,0.000000000,23.802314070,0.000000000,100.000000000,99.965857864,0.000000000,-1.000000000,0.000000000
1700,0.850000000,0.000000000,100.000000000,76.213543794,0.000000000,23.752314070,0.000000000,100.000000000,99.965857864,0.000000000,-1.000000000,0.000000000
1701,0.850500000,0.000000000,100.000000000,76.263543794,0.000000000,23.702314070,0.000000000,100.000000000,99.965857864,0.000000000,-1.000000000,0.000000000
1702,0.851000000,0.000000000,100.000000000,76.313543794,0.000000000,23.652314070,0.000000000,100.000000000,99.965857864,0.000000000,-1.000000000,0.000000000
1703,0.851500000,0.000000000,100.000000000,76.363543794,0.000000000,23.602314070,0.000000000,100.000000000,99.965857864,0.000000000,-1.000000000,0.000000000
1704,0.852000000,0.000000000,100.000000000,76.413543794,0.000000000,23.552314070,0.000000000,100.000000000,99.965857864,0.000000000,-1.000000000,0.000000000
1705,0.852500000,0.000000000,100.000000000,76.463543794,0.000000000,23.502314070,0.000000000,100.000000000,99.965857864,0.000000000,-1.000000000,0.000000000
1706,0.853000000,0.000000000,100.000000000,76.513543794,0.000000000,23.452314070,0.000000000,100.000000000,99.965857864,0.000000000,-1.000000000,0.000000000
1707,0.853500000,0.000000000,100.000000000,76.563543794,0.000000000,23.402314070,0.000000000,100.000000000,99.965857864,0.000000000,-1.000000000,0.000000000
1708,0.854000000,0.000000000,100.000000000,76.613543794,0.000000000,23.352314070,0.000000000,100.000000000,99.965857864,0.000000000,-1.000000000,0.000000000
1709,0.854500000,0.000000000,100.000000000,76.663543794,0.000000000,23.302314070,0.000000000,100.000000000,99.965857864,0.000000000,-1.000000000,0.000000000
1710,0.855000000,0.000000000,100.000000000,76.713543794,0.000000000,23.252314070,0.000000000,100.000000000,99.965857864,0.000000000,-1.000000000,0.000000000
1711,0.855500000,0.000000000,100.000000000,76.763543794,0.000000000,23.202314070,0.000000000,100.000000000,99.965857864,0.000000000,-1.000000000,0.000000000
1712,0.856000000,0.000000000,100.000000000,76.813543794,0.000000000,23.152314070,0.000000000,100.000000000,99.965857864,0.000000000,-1.000000000,0.000000000
1713,0.856500000,0.000000000,100.000000000,76.863543794,0.000000000,23.102314070,0.000000000,100.000000000,99.965857864,0.000000000,-1.000000000,0.000000000
1714,0.857000000,0.000000000,100.000000000,76.913543794,0.000000000,23.052314070,0.000000000,100.000000000,99.965857864,0.000000000,-1.000000000,0.000000000
1715,0.857500000,0.000000000,100.000000000,76.963543794,0.000000000,23.002314070,0.000000000,100.000000000,99.965857864,0.000000000,-1.000000000,0.000000000
1716,0.858000000,0.000000000,100.000000000,77.013543794,0.000000000,22.952314070,0.000000000,100.000000000,99.965857864,0.000000000,-1.000000000,0.000000000
1717,0.858500000,0.000000000,100.000000000,77.063543794,0.000000000,22.902314070,0.000000000,100.000000000,99.965857864,0.000000000,-1.000000000,0.000000000
1718,0.859000000,0.000000000,100.000000000,77.113543794,0.000000000,22.852314070,0.000000000,100.000000000,99.965857864,0.000000000,-1.000000000,0.000000000
1719,0.859500000,0.000000000,100.000000000,77.163543794,0.000000000,22.802314070,0.000000000,100.000000000,99.965857864,0.000000000,-1.000000000,0.000000000
1720,0.860000000,0.000000000,100.000000000,77.213543794,0.000000000,22.752314070,0.000000000,100.000000000,99.965857864,0.000000000,-1.000000000,0.000000000
1721,0.860500000,0.000000000,100.000000000,77.263543794,0.000000000,22.702314070,0.000000000,100.000000000,99.965857864,0.000000000,-1.000000000,0.000000000
1722,0.861000000,0.000000000,100.000000000,77.313543794,0.000000000,22.652314070,0.000000000,100.000000000,99.965857864,0.000000000,-1.000000000,0.000000000
1723,0.861500000,0.000000000,100.000000000,77.363543794,0.000000000,22.602314070,0.000000000,100.000000000,99.965857864,0.000000000,-1.000000000,0.000000000
1724,0.862000000,0.000000000,100.000000000,77.413543794,0.000000000,22.552314070,0.000000000,100.000000000,99.965857864,0.000000000,-1.000000000,0.000000000
1725,0.862500000,0.000000000,100.000000000,77.463543794,0.000000000,22.502314070,0.000000000,100.000000000,99.965857864,0.000000000,-1.000000000,0.000000000
1726,0.863000000,0.000000000,100.000000000,77.513543794,0.000000000,22.452314070,0.000000000,100.000000000,99.965857864,0.000000000,-1.000000000,0.000000000
1727,0.863500000,0.000000000,100.000000000,77.563543794,0.000000000,22.402314070,0.000000000,100.000000000,99.965857864,0.000000000,-1.000000000,0.000000000
1728,0.864000000,0.000000000,100.000000000,77.613543794,0.000000000,22.352314070,0.000000000,100.000000000,99.965857864,0.000000000,-1.000000000,0.000000000
1729,0.864500000,0.000000000,100.000000000,77.663543794,0.000000000,22.302314070,0.000000000,100.000000000,99.965857864,0.000000000,-1.000000000,0.000000000
1730,0.865000000,0.000000000,100.000000000,77.713543794,0.000000000,22.252314070,0.000000000,100.000000000,99.965857864,0.000000000,-1.000000000,0.000000000
1731,0.865500000,0.000000000,100.000000000,77.763543794,0.000000000,22.202314070,0.000000000,100.000000000,99.965857864,0.000000000,-1.000000000,0.000000000
1732,0.866000000,0.000000000,100.000000000,77.813543794,0.000000000,22.152314070,0.000000000,100.000000000,99.965857864,0.000000000,-1.000000000,0.000000000
1733,0.866500000,0.000000000,100.000000000,77.863543794,0.000000000,22.102314070,0.000000000,100.000000000,99.965857864,0.000000000,-1.000000000,0.000000000
1734,0.867000000,0.000000000,100.000000000,77.913543794,0.000000000,22.052314070,0.000000000,100.000000000,99.965857864,0.000000000,-1.000000000,0.000000000
1735,0.867500000,0.000000000,100.000000000,77.963543794,0.000000000,22.002314070,0.000000000,100.000000000,99.965857864,0.000000000,-1.000000000,0.000000000
1736,0.868000000,0.000000000,100.000000000,78.013543794,0.000000000,21.952314070,0.000000000,100.000000000,99.965857864,0.000000000,-1.000000000,0.000000000
1737,0.868500000,0.000000000,100.000000000,78.063543794,0.000000000,21.902314070,0.000000000,100.000000000,99.965857864,0.000000000,-1.000000000,0.000000000
1738,0.869000000,0.000000000,100.000000000,78.113543794,0.000000000,21.852314070,0.000000000,100.000000000,99.965857864,0.000000000,-1.000000000,0.000000000
1739,0.869500000,0.000000000,100.000000000,78.163543794,0.000000000,21.802314070,0.000000000,100.000000000,99.965857864,0.000000000,-1.000000000,0.000000000
1740,0.870000000,0.000000000,100.000000000,78.213543794,0.000000000,21.752314070,0.000000000,100.000000000,99.965857864,0.000000000,-1.000000000,0.000000000
1741,0.870500000,0.000000000,100.000000000,78.263543794,0.000000000,21.702314070,0.000000000,100.000000000,99.965857864,0.000000000,-1.000000000,0.000000000
1742,0.871000000,0.000000000,100.000000000,78.313543794,0.000000000,21.652314070,0.000000000,100.000000000,99.965857864,0.000000000,-1.000000000,0.000000000
1743,0.871500000,0.000000000,100.000000000,78.363543794,0.000000000,21.602314070,0.000000000,100.000000000,99.965857864,0.000000000,-1.000000000,0.000000000
1744,0.872000000,0.000000000,100.000000000,78.413543794,0.000000000,21.552314070,0.000000000,100.000000000,99.965857864,0.000000000,-1.000000000,0.000000000
1745,0.872500000,0.000000000,100.000000000,78.463543794,0.000000000,21.502314070,0.000000000,100.000000000,99.965857864,0.000000000,-1.000000000,0.000000000
1746,0.873000000,0.000000000,100.000000000,78.513543794,0.000000000,21.452314070,0.000000000,100.000000000,99.965857864,0.000000000,-1.000000000,0.000000000
1747,0.873500000,0.000000000,100.000000000,78.563543794,0.000000000,21.402314070,0.000000000,100.000000000,99.965857864,0.000000000,-1.000000000,0.000000000
1748,0.874000000,0.000000000,100.000000000,78.613543794,0.000000000,21.352314070,0.000000000,100.000000000,99.965857864,0.000000000,-1.000000000,0.000000000
1749,0.874500000,0.000000000,100.000000000,78.663543794,0.000000000,21.302314070,0.000000000,100.000000000,99.965857864,0.000000000,-1.000000000,0.000000000
1750,0.875000000,0.000000000,100.000000000,78.713543794,0.000000000,21.252314070,0.000000000,100.000000000,99.965857864,0.000000000,-1.000000000,0.000000000
1751,0.875500000,0.000000000,100.000000000,78.763543794,0.000000000,21.202314070,0.000000000,100.000000000,99.965857864,0.000000000,-1.000000000,0.000000000
1752,0.876000000,0.000000000,100.000000000,78.813543794,0.000000000,21.152314070,0.000000000,100.000000000,99.965857864,0.000000000,-1.000000000,0.000000000
1753,0.876500000,0.000000000,100.000000000,78.863543794,0.000000000,21.102314070,0.000000000,100.000000000,99.965857864,0.000000000,-1.000000000,0.000000000
1754,0.877000000,0.000000000,100.000000000,78.913543794,0.000000000,21.052314070,0.000000000,100.000000000,99.965857864,0.000000000,-1.000000000,0.000000000
1755,0.877500000,0.000000000,100.000000000,78.963543794,0.000000000,21.002314070,0.000000000,100.000000000,99.965857864,0.000000000,-1.000000000,0.000000000
1756,0.878000000,0.000000000,100.000000000,79.013543794,0.000000000,20.952314070,0.000000000,100.000000000,99.965857864,0.000000000,-1.000000000,0.000000000
1757,0.878500000,0.000000000,100.000000000,79.063543794,0.000000000,20.902314070,0.000000000,100.000000000,99.965857864,0.000000000,-1.000000000,0.000000000
1758,0.879000000,0.000000000,100.000000000,79.113543794,0.000000000,20.852314070,0.000000000,100.000000000,99.965857864,0.000000000,-1.000000000,0.000000000
1759,0.879500000,0.000000000,100.000000000,79.163543794,0.000000000,20.802314070,0.000000000,100.000000000,99.965857864,0.000000000,-1.000000000,0.000000000
1760,0.880000000,0.000000000,100.000000000,79.213543794,0.000000000,20.752314070,0.000000000,100.000000000,99.965857864,0.000000000,-1.000000000,0.000000000
1761,0.880500000,0.000000000,100.000000000,79.263543794,0.000000000,20.702314070,0.000000000,100.000000000,99.965857864,0.000000000,-1.000000000,0.000000000
1762,0.881000000,0.000000000,100.000000000,79.313543794,0.000000000,20.652314070,0.000000000,100.000000000,99.965857864,0.000000000,-1.000000000,0.000000000
1763,0.881500000,0.000000000,100.000000000,79.363543794,0.000000000,20.602314070,0.000000000,100.000000000,99.965857864,0.000000000,-1.000000000,0.000000000
1764,0.882000000,0.000000000,100.000000000,79.413543794,0.000000000,20.552314070,0.000000000,100.000000000,99.965857864,0.000000000,-1.000000000,0.000000000
1765,0.882500000,0.000000000,100.000000000,79.463543794,0.000000000,20.502314070,0.000000000,100.000000000,99.965857864,0.000000000,-1.000000000,0.000000000
1766,0.883000000,0.000000000,100.000000000,79.513543794,0.000000000,20.452314070,0.000000000,100.000000000,99.965857864,0.000000000,-1.000000000,0.000000000
1767,0.883500000,0.000000000,100.000000000,79.563543794,0.000000000,20.402314070,0.000000000,100.000000000,99.965857864,0.000000000,-1.000000000,0.000000000
1768,0.884000000,0.000000000,100.000000000,79.613543794,0.000000000,20.352314070,0.000000000,100.000000000,99.965857864,0.000000000,-1.000000000,0.000000000
1769,0.884500000,0.000000000,100.000000000,79.663543794,0.000000000,20.302314070,0.000000000,100.000000000,99.965857864,0.000000000,-1.000000000,0.000000000
1770,0.885000000,0.000000000,100.000000000,79.713543794,0.000000000,20.252314070,0.000000000,100.000000000,99.965857864,0.000000000,-1.000000000,0.000000000
1771,0.885500000,0.000000000,100.000000000,79.763543794,0.000000000,20.202314070,0.000000000,100.000000000,99.965857864,0.000000000,-1.000000000,0.000000000
1772,0.886000000,0.000000000,100.000000000,79.813543794,0.000000000,20.152314070,0.000000000,100.000000000,99.965857864,0.000000000,-1.000000000,0.000000000
1773,0.886500000,0.000000000,100.000000000,79.863543794,0.000000000,20.102314070,0.000000000,100.000000000,99.965857864,0.000000000,-1.000000000,0.000000000
1774,0.887000000,0.000000000,100.000000000,79.913543794,0.000000000,20.052314070,0.000000000,100.000000000,99.965857864,0.000000000,-1.000000000,0.000000000
1775,0.887500000,0.000000000,100.000000000,79.963543794,0.000000000,20.002314070,0.000000000,100.000000000,99.965857864,0.000000000,-1.000000000,0.000000000
1776,0.888000000,0.000000000,100.000000000,80.013543794,0.000000000,19.952314070,0.000000000,100.000000000,99.965857864,0.000000000,-1.000000000,0.000000000
1777,0.888500000,0.000000000,100.000000000,80.063543794,0.000000000,19.902314070,0.000000000,100.000000000,99.965857864,0.000000000,-1.000000000,0.000000000
1778,0.889000000,0.000000000,100.000000000,80.113543794,0.000000000,19.852314070,0.000000000,100.000000000,99.965857864,0.000000000,-1.000000000,0.000000000
1779,0.889500000,0.000000000,100.000000000,80.163543794,0.000000000,19.802314070,0.000000000,100.000000000,99.965857864,0.000000000,-1.000000000,0.000000000
1780,0.890000000,0.000000000,100.000000000,80.213543794,0.000000000,19.752314070,0.000000000,100.000000000,99.965857864,0.000000000,-1.000000000,0.000000000
1781,0.890500000,0.000000000,100.000000000,80.263543794,0.000000000,19.702314070,0.000000000,100.000000000,99.965857864,0.000000000,-1.000000000,0.000000000
1782,0.891000000,0.000000000,100.000000000,80.313543794,0.000000000,19.652314070,0.000000000,100.000000000,99.965857864,0.000000000,-1.000000000,0.000000000
1783,0.891500000,0.000000000,100.000000000,80.363543794,0.000000000,19.602314070,0.000000000,100.000000000,99.965857864,0.000000000,-1.000000000,0.000000000
1784,0.892000000,0.000000000,100.000000000,80.413543794,0.000000000,19.552314070,0.000000000,100.000000000,99.965857864,0.000000000,-1.000000000,0.000000000
1785,0.892500000,0.000000000,100.000000000,80.463543794,0.000000000,19.502314070,0.000000000,100.000000000,99.965857864,0.000000000,-1.000000000,0.000000000
1786,0.893000000,0.000000000,100.000000000,80.513543794,0.000000000,19.452314070,0.000000000,100.000000000,99.965857864,0.000000000,-1.000000000,0.000000000
1787,0.893500000,0.000000000,100.000000000,80.563543794,0.000000000,19.402314070,0.000000000,100.000000000,99.965857864,0.000000000,-1.000000000,0.000000000
1788,0.894000000,0.000000000,100.000000000,80.613543794,0.000000000,19.352314070,0.000000000,100.000000000,99.965857864,0.000000000,-1.000000000,0.000000000
1789,0.894500000,0.000000000,100.000000000,80.663543794,0.000000000,19.302314070,0.000000000,100.000000000,99.965857864,0.000000000,-1.000000000,0.000000000
1790,0.895000000,0.000000000,100.000000000,80.713543794,0.000000000,19.252314070,0.000000000,100.000000000,99.965857864,0.000000000,-1.000000000,0.000000000
1791,0.895500000,0.000000000,100.000000000,80.763543794,0.000000000,19.202314070,0.000000000,100.000000000,99.965857864,0.000000000,-1.000000000,0.000000000
1792,0.896000000,0.000000000,100.000000000,80.813543794,0.000000000,19.152314070,0.000000000,100.000000000,99.965857864,0.000000000,-1.000000000,0.000000000
1793,0.896500000,0.000000000,100.000000000,80.863543794,0.000000000,19.102314070,0.000000000,100.000000000,99.965857864,0.000000000,-1.000000000,0.000000000
1794,0.897000000,0.000000000,100.000000000,80.913543794,0.000000000,19.052314070,0.000000000,100.000000000,99.965857864,0.000000000,-1.000000000,0.000000000
1795,0.897500000,0.000000000,100.000000000,80.963543794,0.000000000,19.002314070,0.000000000,100.000000000,99.965857864,0.000000000,-1.000000000,0.000000000
1796,0.898000000,0.000000000,100.000000000,81.013543794,0.000000000,18.952314070,0.000000000,100.000000000,99.965857864,0.000000000,-1.000000000,0.000000000
1797,0.898500000,0.000000000,100.000000000,81.063543794,0.000000000,18.902314070,0.000000000,100.000000000,99.965857864,0.000000000,-1.000000000,0.000000000
1798,0.899000000,0.000000000,100.000000000,81.113543794,0.000000000,18.852314070,0.000000000,100.000000000,99.965857864,0.000000000,-1.000000000,0.000000000
1799,0.899500000,0.000000000,100.000000000,81.163543794,0.000000000,18.802314070,0.000000000,100.000000000,99.965857864,0.000000000,-1.000000000,0.000000000
1800,0.900000000,0.000000000,100.000000000,81.213543794,0.000000000,18.752314070,0.000000000,100.000000000,99.965857864,0.000000000,-1.000000000,0.000000000
1801,0.900500000,0.000000000,100.000000000,81.263543794,0.000000000,18.702314070,0.000000000,100.000000000,99.965857864,0.000000000,-1.000000000,0.000000000
1802,0.901000000,0.000000000,100.000000000,81.313543794,0.000000000,18.652314070,0.000000000,100.000000000,99.965857864,0.000000000,-1.000000000,0.000000000
1803,0.901500000,0.000000000,100.000000000,81.363543794,0.000000000,18.602314070,0.000000000,100.000000000,99.965857864,0.000000000,-1.000000000,0.000000000
1804,0.902000000,0.000000000,100.000000000,81.413543794,0.000000000,18.552314070,0.000000000,100.000000000,99.965857864,0.000000000,-1.000000000,0.000000000
1805,0.902500000,0.000000000,100.000000000,81.463543794,0.000000000,18.502314070,0.000000000,100.000000000,99.965857864,0.000000000,-1.000000000,0.000000000
1806,0.903000000,0.000000000,100.000000000,81.513543794,0.000000000,18.452314070,0.000000000,100.000000000,99.965857864,0.000000000,-1.000000000,0.000000000
1807,0.903500000,0.000000000,100.000000000,81.563543794,0.000000000,18.402314070,0.000000000,100.000000000,99.965857864,0.000000000,-1.000000000,0.000000000
1808,0.904000000,0.000000000,100.000000000,81.613543794,0.000000000,18.352314070,0.000000000,100.000000000,99.965857864,0.000000000,-1.000000000,0.000000000
1809,0.904500000,0.000000000,100.000000000,81.663543794,0.000000000,18.302314070,0.000000000,100.000000000,99.965857864,0.000000000,-1.000000000,0.000000000
1810,0.905000000,0.000000000,100.000000000,81.713543794,0.000000000,18.252314070,0.000000000,100.000000000,99.965857864,0.000000000,-1.000000000,0.000000000
1811,0.905500000,0.000000000,100.000000000,81.763543794,0.000000000,18.202314070,0.000000000,100.000000000,99.965857864,0.000000000,-1.000000000,0.000000000
1812,0.906000000,0.000000000,100.000000000,81.813543794,0.000000000,18.152314070,0.000000000,100.000000000,99.965857864,0.000000000,-1.000000000,0.000000000
1813,0.906500000,0.000000000,100.000000000,81.863543794,0.000000000,18.102314070,0.000000000,100.000000000,99.965857864,0.000000000,-1.000000000,0.000000000
1814,0.907000000,0.000000000,100.000000000,81.913543794,0.000000000,18.052314070,0.000000000,100.000000000,99.965857864,0.000000000,-1.000000000,0.000000000
1815,0.907500000,0.000000000,100.000000000,81.963543794,0.000000000,18.002314070,0.000000000,100.000000000,99.965857864,0.000000000,-1.000000000,0.000000000
1816,0.908000000,0.000000000,100.000000000,82.013543794,0.000000000,17.952314070,0.000000000,100.000000000,99.965857864,0.000000000,-1.000000000,0.000000000
1817,0.908500000,0.000000000,100.000000000,82.063543794,0.000000000,17.902314070,0.000000000,100.000000000,99.965857864,0.000000000,-1.000000000,0.000000000
1818,0.909000000,0.000000000,100.000000000,82.113543794,0.000000000,17.852314070,0.000000000,100.000000000,99.965857864,0.000000000,-1.000000000,0.000000000
1819,0.909500000,0.000000000,100.000000000,82.163543794,0.000000000,17.802314070,0.000000000,100.000000000,99.965857864,0.000000000,-1.000000000,0.000000000
1820,0.910000000,0.000000000,100.000000000,82.213543794,0.000000000,17.752314070,0.000000000,100.000000000,99.965857864,0.000000000,-1.000000000,0.000000000
1821,0.910500000,0.000000000,100.000000000,82.263543794,0.000000000,17.702314070,0.000000000,100.000000000,99.965857864,0.000000000,-1.000000000,0.000000000
1822,0.911000000,0.000000000,100.000000000,82.313543794,0.000000000,17.652314070,0.000000000,100.000000000,99.965857864,0.000000000,-1.000000000,0.000000000
1823,0.911500000,0.000000000,100.000000000,82.363543794,0.000000000,17.602314070,0.000000000,100.000000000,99.965857864,0.000000000,-1.000000000,0.000000000
1824,0.912000000,0.000000000,100.000000000,82.413543794,0.000000000,17.552314070,0.000000000,100.000000000,99.965857864,0.000000000,-1.000000000,0.000000000
1825,0.912500000,0.000000000,100.000000000,82.463543794,0.000000000,17.502314070,0.000000000,100.000000000,99.965857864,0.000000000,-1.000000000,0.000000000
1826,0.913000000,0.000000000,100.000000000,82.513543794,0.000000000,17.452314070,0.000000000,100.000000000,99.965857864,0.000000000,-1.000000000,0.000000000
1827,0.913500000,0.000000000,100.000000000,82.563543794,0.000000000,17.402314070,0.000000000,100.000000000,99.965857864,0.000000000,-1.000000000,0.000000000
1828,0.914000000,0.000000000,100.000000000,82.613543794,0.000000000,17.352314070,0.000000000,100.000000000,99.965857864,0.000000000,-1.000000000,0.000000000
1829,0.914500000,0.000000000,100.000000000,82.663543794,0.000000000,17.302314070,0.000000000,100.000000000,99.965857864,0.000000000,-1.000000000,0.000000000
1830,0.915000000,0.000000000,100.000000000,82.713543794,0.000000000,17.252314070,0.000000000,100.000000000,99.965857864,0.000000000,-1.000000000,0.000000000
1831,0.915500000,0.000000000,100.000000000,82.763543794,0.000000000,17.202314070,0.000000000,100.000000000,99.965857864,0.000000000,-1.000000000,0.000000000
1832,0.916000000,0.000000000,100.000000000,82.813543794,0.000000000,17.152314070,0.000000000,100.000000000,99.965857864,0.000000000,-1.000000000,0.000000000
1833,0.916500000,0.000000000,100.000000000,82.863543794,0.000000000,17.102314070,0.000000000,100.000000000,99.965857864,0.000000000,-1.000000000,0.000000000
1834,0.917000000,0.000000000,100.000000000,82.913543794,0.000000000,17.052314070,0.000000000,100.000000000,99.965857864,0.000000000,-1.000000000,0.000000000
1835,0.917500000,0.000000000,100.000000000,82.963543794,0.000000000,17.002314070,0.000000000,100.000000000,99.965857864,0.000000000,-1.000000000,0.000000000
1836,0.918000000,0.000000000,100.000000000,83.013543794,0.000000000,16.952314070,0.000000000,100.000000000,99.965857864,0.000000000,-1.000000000,0.000000000
1837,0.918500000,0.000000000,100.000000000,83.063543794,0.000000000,16.902314070,0.000000000,100.000000000,99.965857864,0.000000000,-1.000000000,0.000000000
1838,0.919000000,0.000000000,100.000000000,83.113543794,0.000000000,16.852314070,0.000000000,100.000000000,99.965857864,0.000000000,-1.000000000,0.000000000
1839,0.919500000,0.000000000,100.000000000,83.163543794,0.000000000,16.802314070,0.000000000,100.000000000,99.965857864,0.000000000,-1.000000000,0.000000000
1840,0.920000000,0.000000000,100.000000000,83.213543794,0.000000000,16.752314070,0.000000000,100.000000000,99.965857864,0.000000000,-1.000000000,0.000000000
1841,0.920500000,0.000000000,100.000000000,83.263543794,0.000000000,16.702314070,0.000000000,100.000000000,99.965857864,0.000000000,-1.000000000,0.000000000
1842,0.921000000,0.000000000,100.000000000,83.313543794,0.000000000,16.652314070,0.000000000,100.000000000,99.965857864,0.000000000,-1.000000000,0.000000000
1843,0.921500000,0.000000000,100.000000000,83.363543794,0.000000000,16.602314070,0.000000000,100.000000000,99.965857864,0.000000000,-1.000000000,0.000000000
1844,0.922000000,0.000000000,100.000000000,83.413543794,0.000000000,16.552314070,0.000000000,100.000000000,99.965857864,0.000000000,-1.000000000,0.000000000
1845,0.922500000,0.000000000,100.000000000,83.463543794,0.000000000,16.502314070,0.000000000,100.000000000,99.965857864,0.000000000,-1.000000000,0.000000000
1846,0.923000000,0.000000000,100.000000000,83.513543794,0.000000000,16.452314070,0.000000000,100.000000000,99.965857864,0.000000000,-1.000000000,0.000000000
1847,0.923500000,0.000000000,100.000000000,83.563543794,0.000000000,16.402314070,0.000000000,100.000000000,99.965857864,0.000000000,-1.000000000,0.000000000
1848,0.924000000,0.000000000,100.000000000,83.613543794,0.000000000,16.352314070,0.000000000,100.000000000,99.965857864,0.000000000,-1.000000000,0.000000000
1849,0.924500000,0.000000000,100.000000000,83.663543794,0.000000000,16.302314070,0.000000000,100.000000000,99.965857864,0.000000000,-1.000000000,0.000000000
1850,0.925000000,0.000000000,100.000000000,83.713543794,0.000000000,16.252314070,0.000000000,100.000000000,99.965857864,0.000000000,-1.000000000,0.000000000
1851,0.925500000,0.000000000,100.000000000,83.763543794,0.000000000,16.202314070,0.000000000,100.000000000,99.965857864,0.000000000,-1.000000000,0.000000000
1852,0.926000000,0.000000000,100.000000000,83.813543794,0.000000000,16.152314070,0.000000000,100.000000000,99.965857864,0.000000000,-1.000000000,0.000000000
1853,0.926500000,0.000000000,100.000000000,83.863543794,0.000000000,16.102314070,0.000000000,100.000000000,99.965857864,0.000000000,-1.000000000,0.000000000
1854,0.927000000,0.000000000,100.000000000,83.913543794,0.000000000,16.052314070,0.000000000,100.000000000,99.965857864,0.000000000,-1.000000000,0.000000000
1855,0.927500000,0.000000000,100.000000000,83.963543794,0.000000000,16.002314070,0.000000000,100.000000000,99.965857864,0.000000000,-1.000000000,0.000000000
1856,0.928000000,0.000000000,100.000000000,84.013543794,0.000000000,15.952314070,0.000000000,100.000000000,99.965857864,0.000000000,-1.000000000,0.000000000
1857,0.928500000,0.000000000,100.000000000,84.063543794,0.000000000,15.902314070,0.000000000,100.000000000,99.965857864,0.000000000,-1.000000000,0.000000000
1858,0.929000000,0.000000000,100.000000000,84.113543794,0.000000000,15.852314070,0.000000000,100.000000000,99.965857864,0.000000000,-1.000000000,0.000000000
1859,0.929500000,0.000000000,100.000000000,84.163543794,0.000000000,15.802314070,0.000000000,100.000000000,99.965857864,0.000000000,-1.000000000,0.000000000
1860,0.930000000,0.000000000,100.000000000,84.213543794,0.000000000,15.752314070,0.000000000,100.000000000,99.965857864,0.000000000,-1.000000000,0.000000000
1861,0.930500000,0.000000000,100.000000000,84.263543794,0.000000000,15.702314070,0.000000000,100.000000000,99.965857864,0.000000000,-1.000000000,0.000000000
1862,0.931000000,0.000000000,100.000000000,84.313543794,0.000000000,15.652314070,0.000000000,100.000000000,99.965857864,0.000000000,-1.000000000,0.000000000
1863,0.931500000,0.000000000,100.000000000,84.363543794,0.000000000,15.602314070,0.000000000,100.000000000,99.965857864,0.000000000,-1.000000000,0.000000000
1864,0.932000000,0.000000000,100.000000000,84.413543794,0.000000000,15.552314070,0.000000000,100.000000000,99.965857864,0.000000000,-1.000000000,0.000000000
1865,0.932500000,0.000000000,100.000000000,84.463543794,0.000000000,15.502314070,0.000000000,100.000000000,99.965857864,0.000000000,-1.000000000,0.000000000
1866,0.933000000,0.000000000,100.000000000,84.513543794,0.000000000,15.452314070,0.000000000,100.000000000,99.965857864,0.000000000,-1.000000000,0.000000000
1867,0.933500000,0.000000000,100.000000000,84.563543794,0.000000000,15.402314070,0.000000000,100.000000000,99.965857864,0.000000000,-1.000000000,0.000000000
1868,0.934000000,0.000000000,100.000000000,84.613543794,0.000000000,15.352314070,0.000000000,100.000000000,99.965857864,0.000000000,-1.000000000,0.000000000
1869,0.934500000,0.000000000,100.000000000,84.663543794,0.000000000,15.302314070,0.000000000,100.000000000,99.965857864,0.000000000,-1.000000000,0.000000000
1870,0.935000000,0.000000000,100.000000000,84.713543794,0.000000000,15.252314070,0.000000000,100.000000000,99.965857864,0.000000000,-1.000000000,0.000000000
1871,0.935500000,0.000000000,100.000000000,84.763543794,0.000000000,15.202314070,0.000000000,100.000000000,99.965857864,0.000000000,-1.000000000,0.000000000
1872,0.936000000,0.000000000,100.000000000,84.813543794,0.000000000,15.152314070,0.000000000,100.000000000,99.965857864,0.000000000,-1.000000000,0.000000000
1873,0.936500000,0.000000000,100.000000000,84.863543794,0.000000000,15.102314070,0.000000000,100.000000000,99.965857864,0.000000000,-1.000000000,0.000000000
1874,0.937000000,0.000000000,100.000000000,84.913543794,0.000000000,15.052314070,0.000000000,100.000000000,99.965857864,0.000000000,-1.000000000,0.000000000
1875,0.937500000,0.000000000,100.000000000,84.963543794,0.000000000,15.002314070,0.000000000,100.000000000,99.965857864,0.000000000,-1.000000000,0.000000000
1876,0.938000000,0.000000000,100.000000000,85.013543794,0.000000000,14.952314070,0.000000000,100.000000000,99.965857864,0.000000000,-1.000000000,0.000000000
1877,0.938500000,0.000000000,100.000000000,85.063543794,0.000000000,14.902314070,0.000000000,100.000000000,99.965857864,0.000000000,-1.000000000,0.000000000
1878,0.939000000,0.000000000,100.000000000,85.113543794,0.000000000,14.852314070,0.000000000,100.000000000,99.965857864,0.000000000,-1.000000000,0.000000000
1879,0.939500000,0.000000000,100.000000000,85.163543794,0.000000000,14.802314070,0.000000000,100.000000000,99.965857864,0.000000000,-1.000000000,0.000000000
1880,0.940000000,0.000000000,100.000000000,85.213543794,0.000000000,14.752314070,0.000000000,100.000000000,99.965857864,0.000000000,-1.000000000,0.000000000
1881,0.940500000,0.000000000,100.000000000,85.263543794,0.000000000,14.702314070,0.000000000,100.000000000,99.965857864,0.000000000,-1.000000000,0.000000000
1882,0.941000000,0.000000000,100.000000000,85.313543794,0.000000000,14.652314070,0.000000000,100.000000000,99.965857864,0.000000000,-1.000000000,0.000000000
1883,0.941500000,0.000000000,100.000000000,85.363543794,0.000000000,14.602314070,0.000000000,100.000000000,99.965857864,0.000000000,-1.000000000,0.000000000
1884,0.942000000,0.000000000,100.000000000,85.413543794,0.000000000,14.552314070,0.000000000,100.000000000,99.965857864,0.000000000,-1.000000000,0.000000000
1885,0.942500000,0.000000000,100.000000000,85.463543794,0.000000000,14.502314070,0.000000000,100.000000000,99.965857864,0.000000000,-1.000000000,0.000000000
1886,0.943000000,0.000000000,100.000000000,85.513543794,0.000000000,14.452314070,0.000000000,100.000000000,99.965857864,0.000000000,-1.000000000,0.000000000
1887,0.943500000,0.000000000,100.000000000,85.563543794,0.000000000,14.402314070,0.000000000,100.000000000,99.965857864,0.000000000,-1.000000000,0.000000000
1888,0.944000000,0.000000000,100.000000000,85.613543794,0.000000000,14.352314070,0.000000000,100.000000000,99.965857864,0.000000000,-1.000000000,0.000000000
1889,0.944500000,0.000000000,100.000000000,85.663543794,0.000000000,14.302314070,0.000000000,100.000000000,99.965857864,0.000000000,-1.000000000,0.000000000
1890,0.945000000,0.000000000,100.000000000,85.713543794,0.000000000,14.252314070,0.000000000,100.000000000,99.965857864,0.000000000,-1.000000000,0.000000000
1891,0.945500000,0.000000000,100.000000000,85.763543794,0.000000000,14.202314070,0.000000000,100.000000000,99.965857864,0.000000000,-1.000000000,0.000000000
1892,0.946000000,0.000000000,100.000000000,85.813543794,0.000000000,14.152314070,0.000000000,100.000000000,99.965857864,0.000000000,-1.000000000,0.000000000
1893,0.946500000,0.000000000,100.000000000,85.863543794,0.000000000,14.102314070,0.000000000,100.000000000,99.965857864,0.000000000,-1.000000000,0.000000000
1894,0.947000000,0.000000000,100.000000000,85.913543794,0.000000000,14.052314070,0.000000000,100.000000000,99.965857864,0.000000000,-1.000000000,0.000000000
1895,0.947500000,0.000000000,100.000000000,85.963543794,0.000000000,14.002314070,0.000000000,100.000000000,99.965857864,0.000000000,-1.000000000,0.000000000
1896,0.948000000,0.000000000,100.000000000,86.013543794,0.000000000,13.952314070,0.000000000,100.000000000,99.965857864,0.000000000,-1.000000000,0.000000000
1897,0.948500000,0.000000000,100.000000000,86.063543794,0.000000000,13.902314070,0.000000000,100.000000000,99.965857864,0.000000000,-1.000000000,0.000000000
1898,0.949000000,0.000000000,100.000000000,86.113543794,0.000000000,13.852314070,0.000000000,100.000000000,99.965857864,0.000000000,-1.000000000,0.000000000
1899,0.949500000,0.000000000,100.000000000,86.163543794,0.000000000,13.802314070,0.000000000,100.000000000,99.965857864,0.000000000,-1.000000000,0.000000000
1900,0.950000000,0.000000000,100.000000000,86.213543794,0.000000000,13.752314070,0.000000000,100.000000000,99.965857864,0.000000000,-1.000000000,0.000000000
1901,0.950500000,0.000000000,100.000000000,86.263543794,0.000000000,13.702314070,0.000000000,100.000000000,99.965857864,0.000000000,-1.000000000,0.000000000
1902,0.951000000,0.000000000,100.000000000,86.313543794,0.000000000,13.652314070,0.000000000,100.000000000,99.965857864,0.000000000,-1.000000000,0.000000000
1903,0.951500000,0.000000000,100.000000000,86.363543794,0.000000000,13.602314070,0.000000000,100.000000000,99.965857864,0.000000000,-1.000000000,0.000000000
1904,0.952000000,0.000000000,100.000000000,86.413543794,0.000000000,13.552314070,0.000000000,100.000000000,99.965857864,0.000000000,-1.000000000,0.000000000
1905,0.952500000,0.000000000,100.000000000,86.463543794,0.000000000,13.502314070,0.000000000,100.000000000,99.965857864,0.000000000,-1.000000000,0.000000000
1906,0.953000000,0.000000000,100.000000000,86.513543794,0.000000000,13.452314070,0.000000000,100.000000000,99.965857864,0.000000000,-1.000000000,0.000000000
1907,0.953500000,0.000000000,100.000000000,86.563543794,0.000000000,13.402314070,0.000000000,100.000000000,99.965857864,0.000000000,-1.000000000,0.000000000
1908,0.954000000,0.000000000,100.000000000,86.613543794,0.000000000,13.352314070,0.000000000,100.000000000,99.965857864,0.000000000,-1.000000000,0.000000000
1909,0.954500000,0.000000000,100.000000000,86.663543794,0.000000000,13.302314070,0.000000000,100.000000000,99.965857864,0.000000000,-1.000000000,0.000000000
1910,0.955000000,0.000000000,100.000000000,86.713543794,0.000000000,13.252314070,0.000000000,100.000000000,99.965857864,0.000000000,-1.000000000,0.000000000
1911,0.955500000,0.000000000,100.000000000,86.763543794,0.000000000,13.202314070,0.000000000,100.000000000,99.965857864,0.000000000,-1.000000000,0.000000000
1912,0.956000000,0.000000000,100.000000000,86.813543794,0.000000000,13.152314070,0.000000000,100.000000000,99.965857864,0.000000000,-1.000000000,0.000000000
1913,0.956500000,0.000000000,100.000000000,86.863543794,0.000000000,13.102314070,0.000000000,100.000000000,99.965857864,0.000000000,-1.000000000,0.000000000
1914,0.957000000,0.000000000,100.000000000,86.913543794,0.000000000,13.052314070,0.000000000,100.000000000,99.965857864,0.000000000,-1.000000000,0.000000000
1915,0.957500000,0.000000000,100.000000000,86.963543794,0.000000000,13.002314070,0.000000000,100.000000000,99.965857864,0.000000000,-1.000000000,0.000000000
1916,0.958000000,0.000000000,100.000000000,87.013543794,0.000000000,12.952314070,0.000000000,100.000000000,99.965857864,0.000000000,-1.000000000,0.000000000
1917,0.958500000,0.000000000,100.000000000,87.063543794,0.000000000,12.902314070,0.000000000,100.000000000,99.965857864,0.000000000,-1.000000000,0.000000000
1918,0.959000000,0.000000000,100.000000000,87.113543794,0.000000000,12.852314070,0.000000000,100.000000000,99.965857864,0.000000000,-1.000000000,0.000000000
1919,0.959500000,0.000000000,100.000000000,87.163543794,0.000000000,12.802314070,0.000000000,100.000000000,99.965857864,0.000000000,-1.000000000,0.000000000
1920,0.960000000,0.000000000,100.000000000,87.213543794,0.000000000,12.752314070,0.000000000,100.000000000,99.965857864,0.000000000,-1.000000000,0.000000000
1921,0.960500000,0.000000000,100.000000000,87.263543794,0.000000000,12.702314070,0.000000000,100.000000000,99.965857864,0.000000000,-1.000000000,0.000000000
1922,0.961000000,0.000000000,100.000000000,87.313543794,0.000000000,12.652314070,0.000000000,100.000000000,99.965857864,0.000000000,-1.000000000,0.000000000
1923,0.961500000,0.000000000,100.000000000,87.363543794,0.000000000,12.602314070,0.000000000,100.000000000,99.965857864,0.000000000,-1.000000000,0.000000000
1924,0.962000000,0.000000000,100.000000000,87.413543794,0.000000000,12.552314070,0.000000000,100.000000000,99.965857864,0.000000000,-1.000000000,0.000000000
1925,0.962500000,0.000000000,100.000000000,87.463543794,0.000000000,12.502314070,0.000000000,100.000000000,99.965857864,0.000000000,-1.000000000,0.000000000
1926,0.963000000,0.000000000,100.000000000,87.513543794,0.000000000,12.452314070,0.000000000,100.000000000,99.965857864,0.000000000,-1.000000000,0.000000000
1927,0.963500000,0.000000000,100.000000000,87.563543794,0.000000000,12.402314070,0.000000000,100.000000000,99.965857864,0.000000000,-1.000000000,0.000000000
1928,0.964000000,0.000000000,100.000000000,87.613543794,0.000000000,12.352314070,0.000000000,100.000000000,99.965857864,0.000000000,-1.000000000,0.000000000
1929,0.964500000,0.000000000,100.000000000,87.663543794,0.000000000,12.302314070,0.000000000,100.000000000,99.965857864,0.000000000,-1.000000000,0.000000000
1930,0.965000000,0.000000000,100.000000000,87.713543794,0.000000000,12.252314070,0.000000000,100.000000000,99.965857864,0.000000000,-1.000000000,0.000000000
1931,0.965500000,0.000000000,100.000000000,87.763543794,0.000000000,12.202314070,0.000000000,100.000000000,99.965857864,0.000000000,-1.000000000,0.000000000
1932,0.966000000,0.000000000,100.000000000,87.813543794,0.000000000,12.152314070,0.000000000,100.000000000,99.965857864,0.000000000,-1.000000000,0.000000000
1933,0.966500000,0.000000000,100.000000000,87.863543794,0.000000000,12.102314070,0.000000000,100.000000000,99.965857864,0.000000000,-1.000000000,0.000000000
1934,0.967000000,0.000000000,100.000000000,87.913543794,0.000000000,12.052314070,0.000000000,100.000000000,99.965857864,0.000000000,-1.000000000,0.000000000
1935,0.967500000,0.000000000,100.000000000,87.963543794,0.000000000,12.002314070,0.000000000,100.000000000,99.965857864,0.000000000,-1.000000000,0.000000000
1936,0.968000000,0.000000000,100.000000000,88.013543794,0.000000000,11.952314070,0.000000000,100.000000000,99.965857864,0.000000000,-1.000000000,0.000000000
1937,0.968500000,0.000000000,100.000000000,88.063543794,0.000000000,11.902314070,0.000000000,100.000000000,99.965857864,0.000000000,-1.000000000,0.000000000
1938,0.969000000,0.000000000,100.000000000,88.113543794,0.000000000,11.852314070,0.000000000,100.000000000,99.965857864,0.000000000,-1.000000000,0.000000000
1939,0.969500000,0.000000000,100.000000000,88.163543794,0.000000000,11.802314070,0.000000000,100.000000000,99.965857864,0.000000000,-1.000000000,0.000000000
1940,0.970000000,0.000000000,100.000000000,88.213543794,0.000000000,11.752314070,0.000000000,100.000000000,99.965857864,0.000000000,-1.000000000,0.000000000
1941,0.970500000,0.000000000,100.000000000,88.263543794,0.000000000,11.702314070,0.000000000,100.000000000,99.965857864,0.000000000,-1.000000000,0.000000000
1942,0.971000000,0.000000000,100.000000000,88.313543794,0.000000000,11.652314070,0.000000000,100.000000000,99.965857864,0.000000000,-1.000000000,0.000000000
1943,0.971500000,0.000000000,100.000000000,88.363543794,0.000000000,11.602314070,0.000000000,100.000000000,99.965857864,0.000000000,-1.000000000,0.000000000
1944,0.972000000,0.000000000,100.000000000,88.413543794,0.000000000,11.552314070,0.000000000,100.000000000,99.965857864,0.000000000,-1.000000000,0.000000000
1945,0.972500000,0.000000000,100.000000000,88.463543794,0.000000000,11.502314070,0.000000000,100.000000000,99.965857864,0.000000000,-1.000000000,0.000000000
1946,0.973000000,0.000000000,100.000000000,88.513543794,0.000000000,11.452314070,0.000000000,100.000000000,99.965857864,0.000000000,-1.000000000,0.000000000
1947,0.973500000,0.000000000,100.000000000,88.563543794,0.000000000,11.402314070,0.000000000,100.000000000,99.965857864,0.000000000,-1.000000000,0.000000000
1948,0.974000000,0.000000000,100.000000000,88.613543794,0.000000000,11.352314070,0.000000000,100.000000000,99.965857864,0.000000000,-1.000000000,0.000000000
1949,0.974500000,0.000000000,100.000000000,88.663543794,0.000000000,11.302314070,0.000000000,100.000000000,99.965857864,0.000000000,-1.000000000,0.000000000
1950,0.975000000,0.000000000,100.000000000,88.713543794,0.000000000,11.252314070,0.000000000,100.000000000,99.965857864,0.000000000,-1.000000000,0.000000000
1951,0.975500000,0.000000000,100.000000000,88.763543794,0.000000000,11.202314070,0.000000000,100.000000000,99.965857864,0.000000000,-1.000000000,0.000000000
1952,0.976000000,0.000000000,100.000000000,88.813543794,0.000000000,11.152314070,0.000000000,100.000000000,99.965857864,0.000000000,-1.000000000,0.000000000
1953,0.976500000,0.000000000,100.000000000,88.863543794,0.000000000,11.102314070,0.000000000,100.000000000,99.965857864,0.000000000,-1.000000000,0.000000000
1954,0.977000000,0.000000000,100.000000000,88.913543794,0.000000000,11.052314070,0.000000000,100.000000000,99.965857864,0.000000000,-1.000000000,0.000000000
1955,0.977500000,0.000000000,100.000000000,88.963543794,0.000000000,11.002314070,0.000000000,100.000000000,99.965857864,0.000000000,-1.000000000,0.000000000
1956,0.978000000,0.000000000,100.000000000,89.013543794,0.000000000,10.952314070,0.000000000,100.000000000,99.965857864,0.000000000,-1.000000000,0.000000000
1957,0.978500000,0.000000000,100.000000000,89.063543794,0.000000000,10.902314070,0.000000000,100.000000000,99.965857864,0.000000000,-1.000000000,0.000000000
1958,0.979000000,0.000000000,100.000000000,89.113543794,0.000000000,10.852314070,0.000000000,100.000000000,99.965857864,0.000000000,-1.000000000,0.000000000
1959,0.979500000,0.000000000,100.000000000,89.163543794,0.000000000,10.802314070,0.000000000,100.000000000,99.965857864,0.000000000,-1.000000000,0.000000000
1960,0.980000000,0.000000000,100.000000000,89.213543794,0.000000000,10.752314070,0.000000000,100.000000000,99.965857864,0.000000000,-1.000000000,0.000000000
1961,0.980500000,0.000000000,100.000000000,89.263543794,0.000000000,10.702314070,0.000000000,100.000000000,99.965857864,0.000000000,-1.000000000,0.000000000
1962,0.981000000,0.000000000,100.000000000,89.313543794,0.000000000,10.652314070,0.000000000,100.000000000,99.965857864,0.000000000,-1.000000000,0.000000000
1963,0.981500000,0.000000000,100.000000000,89.363543794,0.000000000,10.602314070,0.000000000,100.000000000,99.965857864,0.000000000,-1.000000000,0.000000000
1964,0.982000000,0.000000000,100.000000000,89.413543794,0.000000000,10.552314070,0.000000000,100.000000000,99.965857864,0.000000000,-1.000000000,0.000000000
1965,0.982500000,0.000000000,100.000000000,89.463543794,0.000000000,10.502314070,0.000000000,100.000000000,99.965857864,0.000000000,-1.000000000,0.000000000
1966,0.983000000,0.000000000,100.000000000,89.513543794,0.000000000,10.452314070,0.000000000,100.000000000,99.965857864,0.000000000,-1.000000000,0.000000000
1967,0.983500000,0.000000000,100.000000000,89.563543794,0.000000000,10.402314070,0.000000000,100.000000000,99.965857864,0.000000000,-1.000000000,0.000000000
1968,0.984000000,0.000000000,100.000000000,89.613543794,0.000000000,10.352314070,0.000000000,100.000000000,99.965857864,0.000000000,-1.000000000,0.000000000
1969,0.984500000,0.000000000,100.000000000,89.663543794,0.000000000,10.302314070,0.000000000,100.000000000,99.965857864,0.000000000,-1.000000000,0.000000000
1970,0.985000000,0.000000000,100.000000000,89.713543794,0.000000000,10.252314070,0.000000000,100.000000000,99.965857864,0.000000000,-1.000000000,0.000000000
1971,0.985500000,0.000000000,100.000000000,89.763543794,0.000000000,10.202314070,0.000000000,100.000000000,99.965857864,0.000000000,-1.000000000,0.000000000
1972,0.986000000,0.000000000,100.000000000,89.813543794,0.000000000,10.152314070,0.000000000,100.000000000,99.965857864,0.000000000,-1.000000000,0.000000000
1973,0.986500000,0.000000000,100.000000000,89.863543794,0.000000000,10.102314070,0.000000000,100.000000000,99.965857864,0.000000000,-1.000000000,0.000000000
1974,0.987000000,0.000000000,100.000000000,89.913543794,0.000000000,10.052314070,0.000000000,100.000000000,99.965857864,0.000000000,-1.000000000,0.000000000
1975,0.987500000,0.000000000,100.000000000,89.963543794,0.000000000,10.002314070,0.000000000,100.000000000,99.965857864,0.000000000,-1.000000000,0.000000000
1976,0.988000000,-4.768592979,99.998863026,90.013543613,0.000000000,9.952314251,0.000000000,100.000000000,99.965857864,0.000000000,-1.000000000,0.000000000
1977,0.988500000,-9.768592979,99.995228730,90.063542241,0.000000000,9.902315624,0.000000000,100.000000000,99.965857864,0.000000000,-1.000000000,0.000000000
1978,0.989000000,-14.768592979,99.989094433,90.113538426,0.000000000,9.852319439,0.000000000,100.000000000,99.965857864,0.000000000,-1.000000000,0.000000000
1979,0.989500000,-19.768592979,99.980460137,90.163530918,0.000000000,9.802326946,0.000000000,100.000000000,99.965857864,0.000000000,-1.000000000,0.000000000
1980,0.990000000,-24.768592979,99.969325840,90.213518469,0.000000000,9.752339395,0.000000000,100.000000000,99.965857864,0.000000000,-1.000000000,0.000000000
1981,0.990500000,-29.768592979,99.955691544,90.263499827,0.000000000,9.702358037,0.000000000,100.000000000,99.965857864,0.000000000,-1.000000000,0.000000000
1982,0.991000000,-34.768592979,99.939557247,90.313473744,0.000000000,9.652384121,0.000000000,100.000000000,99.965857864,0.000000000,-1.000000000,0.000000000
1983,0.991500000,-39.768592979,99.920922951,90.363438968,0.000000000,9.602418896,0.000000000,100.000000000,99.965857864,0.000000000,-1.000000000,0.000000000
1984,0.992000000,-44.768592979,99.899788654,90.413394250,0.000000000,9.552463614,0.000000000,100.000000000,99.965857864,0.000000000,-1.000000000,0.000000000
1985,0.992500000,-49.768592979,99.876154358,90.463338340,0.000000000,9.502519524,0.000000000,100.000000000,99.965857864,0.000000000,-1.000000000,0.000000000
1986,0.993000000,-54.768592979,99.850020061,90.513269988,0.000000000,9.452587877,0.000000000,100.000000000,99.965857864,0.000000000,-1.000000000,0.000000000
1987,0.993500000,-59.768592979,99.821385765,90.563187943,0.000000000,9.402669921,0.000000000,100.000000000,99.965857864,0.000000000,-1.000000000,0.000000000
1988,0.994000000,-64.768592979,99.790251468,90.613090957,0.000000000,9.352766907,0.000000000,100.000000000,99.965857864,0.000000000,-1.000000000,0.000000000
1989,0.994500000,-69.768592979,99.756617172,90.662977778,0.000000000,9.302880086,0.000000000,100.000000000,99.965857864,0.000000000,-1.000000000,0.000000000
1990,0.995000000,-74.768592979,99.720482875,90.712847157,0.000000000,9.253010707,0.000000000,100.000000000,99.965857864,0.000000000,-1.000000000,0.000000000
1991,0.995500000,-79.768592979,99.681848579,90.762697844,0.000000000,9.203160020,0.000000000,100.000000000,99.965857864,0.000000000,-1.000000000,0.000000000
1992,0.996000000,-84.768592979,99.640714282,90.812528589,0.000000000,9.153329275,0.000000000,100.000000000,99.965857864,0.000000000,-1.000000000,0.000000000
1993,0.996500000,-89.768592979,99.597079986,90.862338142,0.000000000,9.103519722,0.000000000,100.000000000,99.965857864,0.000000000,-1.000000000,0.000000000
1994,0.997000000,-94.768592979,99.550945689,90.912125253,0.000000000,9.053732612,0.000000000,100.000000000,99.965857864,0.000000000,-1.000000000,0.000000000
1995,0.997500000,-99.768592979,99.502311393,90.961888671,0.000000000,9.003969193,0.000000000,100.000000000,99.965857864,0.000000000,-1.000000000,0.000000000
1996,0.998000000,-104.768592979,99.451177096,91.011627147,0.000000000,8.954230717,0.000000000,100.000000000,99.965857864,0.000000000,-1.000000000,0.000000000
1997,0.998500000,-109.768592979,99.397542800,91.061339432,0.000000000,8.904518433,0.000000000,100.000000000,99.965857864,0.000000000,-1.000000000,0.000000000
1998,0.999000000,-114.768592979,99.341408503,91.111024274,0.000000000,8.854833591,0.000000000,100.000000000,99.965857864,0.000000000,-1.000000000,0.000000000
1999,0.999500000,-119.768592979,99.282774207,91.160680423,0.000000000,8.805177441,0.000000000,100.000000000,99.965857864,0.000000000,-1.000000000,0.000000000
2000,1.000000000,-124.768592979,99.221639910,91.210306631,0.000000000,8.755551233,0.000000000,100.000000000,99.965857864,0.000000000,-1.000000000,0.000000000
2001,1.000500000,-129.768592979,99.158005614,91.259901647,0.000000000,8.705956218,0.000000000,100.000000000,99.965857864,0.000000000,-1.000000000,0.000000000
2002,1.001000000,-134.768592979,99.091871317,91.309464220,0.000000000,8.656393644,0.000000000,100.000000000,99.965857864,0.000000000,-1.000000000,0.000000000
2003,1.001500000,-139.768592979,99.023237021,91.358993101,0.000000000,8.606864763,0.000000000,100.000000000,99.965857864,0.000000000,-1.000000000,0.000000000
2004,1.002000000,-144.768592979,98.952102724,91.408487040,0.000000000,8.557370824,0.000000000,100.000000000,99.965857864,0.000000000,-1.000000000,0.000000000
2005,1.002500000,-149.768592979,98.878468428,91.457944787,0.000000000,8.507913077,0.000000000,100.000000000,99.965857864,0.000000000,-1.000000000,0.000000000
2006,1.003000000,-154.768592979,98.802334131,91.507365092,0.000000000,8.458492772,0.000000000,100.000000000,99.965857864,0.000000000,-1.000000000,0.000000000
2007,1.003500000,-159.768592979,98.723699835,91.556746705,0.000000000,8.409111160,0.000000000,100.000000000,99.965857864,0.000000000,-1.000000000,0.000000000
2008,1.004000000,-164.768592979,98.642565538,91.606088375,0.000000000,8.359769489,0.000000000,100.000000000,99.965857864,0.000000000,-1.000000000,0.000000000
2009,1.004500000,-169.768592979,98.558931242,91.655388854,0.000000000,8.310469011,0.000000000,100.000000000,99.965857864,0.000000000,-1.000000000,0.000000000
2010,1.005000000,-174.768592979,98.472796945,91.704646890,0.000000000,8.261210975,0.000000000,100.000000000,99.965857864,0.000000000,-1.000000000,0.000000000
2011,1.005500000,-179.768592979,98.384162649,91.753861234,0.000000000,8.211996630,0.000000000,100.000000000,99.965857864,0.000000000,-1.000000000,0.000000000
2012,1.006000000,-184.768592979,98.293028352,91.803030636,0.000000000,8.162827229,0.000000000,100.000000000,99.965857864,0.000000000,-1.000000000,0.000000000
2013,1.006500000,-189.768592979,98.199394056,91.852153846,0.000000000,8.113704019,0.000000000,100.000000000,99.965857864,0.000000000,-1.000000000,0.000000000
2014,1.007000000,-194.768592979,98.103259759,91.901229613,0.000000000,8.064628251,0.000000000,100.000000000,99.965857864,0.000000000,-1.000000000,0.000000000
2015,1.007500000,-199.768592979,98.004625463,91.950256689,0.000000000,8.015601176,0.000000000,100.000000000,99.965857864,0.000000000,-1.000000000,0.000000000
2016,1.008000000,-204.768592979,97.903491166,91.999233822,0.000000000,7.966624042,0.000000000,100.000000000,99.965857864,0.000000000,-1.000000000,0.000000000
2017,1.008500000,-209.768592979,97.799856870,92.048159763,0.000000000,7.917698101,0.000000000,100.000000000,99.965857864,0.000000000,-1.000000000,0.000000000
2018,1.009000000,-214.768592979,97.693722573,92.097033262,0.000000000,7.868824602,0.000000000,100.000000000,99.965857864,0.000000000,-1.000000000,0.000000000
2019,1.009500000,-219.768592979,97.585088277,92.145853069,0.000000000,7.820004795,0.000000000,100.000000000,99.965857864,0.000000000,-1.000000000,0.000000000
2020,1.010000000,-224.768592979,97.473953981,92.194617934,0.000000000,7.771239931,0.000000000,100.000000000,99.965857864,0.000000000,-1.000000000,0.000000000
2021,1.010500000,-229.768592979,97.360319684,92.243326606,0.000000000,7.722531258,0.000000000,100.000000000,99.965857864,0.000000000,-1.000000000,0.000000000
2022,1.011000000,-234.768592979,97.244185388,92.291977837,0.000000000,7.673880028,0.000000000,100.000000000,99.965857864,0.000000000,-1.000000000,0.000000000
2023,1.011500000,-239.768592979,97.125551091,92.340570375,0.000000000,7.625287489,0.000000000,100.000000000,99.965857864,0.000000000,-1.000000000,0.000000000
2024,1.012000000,-244.768592979,97.004416795,92.389102971,0.000000000,7.576754893,0.000000000,100.000000000,99.965857864,0.000000000,-1.000000000,0.000000000
2025,1.012500000,-249.768592979,96.880782498,92.437574375,0.000000000,7.528283489,0.000000000,100.000000000,99.965857864,0.000000000,-1.000000000,0.000000000
2026,1.013000000,-254.768592979,96.754648202,92.485983337,0.000000000,7.479874527,0.000000000,100.000000000,99.965857864,0.000000000,-1.000000000,0.000000000
2027,1.013500000,-259.768592979,96.626013905,92.534328607,0.000000000,7.431529258,0.000000000,100.000000000,99.965857864,0.000000000,-1.000000000,0.000000000
2028,1.014000000,-264.768592979,96.494879609,92.582608934,0.000000000,7.383248930,0.000000000,100.000000000,99.965857864,0.000000000,-1.000000000,0.000000000
2029,1.014500000,-269.768592979,96.361245312,92.630823070,0.000000000,7.335034795,0.000000000,100.000000000,99.965857864,0.000000000,-1.000000000,0.000000000
2030,1.015000000,-274.768592979,96.225111016,92.678969763,0.000000000,7.286888101,0.000000000,100.000000000,99.965857864,0.000000000,-1.000000000,0.000000000
2031,1.015500000,-279.768592979,96.086476719,92.727047764,0.000000000,7.238810100,0.000000000,100.000000000,99.965857864,0.000000000,-1.000000000,0.000000000
2032,1.016000000,-284.768592979,95.945342423,92.775055823,0.000000000,7.190802041,0.000000000,100.000000000,99.965857864,0.000000000,-1.000000000,0.000000000
2033,1.016500000,-289.768592979,95.801708126,92.822992690,0.000000000,7.142865175,0.000000000,100.000000000,99.965857864,0.000000000,-1.000000000,0.000000000
2034,1.017000000,-294.768592979,95.655573830,92.870857115,0.000000000,7.095000750,0.000000000,100.000000000,99.965857864,0.000000000,-1.000000000,0.000000000
2035,1.017500000,-299.768592979,95.506939533,92.918647847,0.000000000,7.047210017,0.000000000,100.000000000,99.965857864,0.000000000,-1.000000000,0.000000000
2036,1.018000000,-304.768592979,95.355805237,92.966363637,0.000000000,6.999494227,0.000000000,100.000000000,99.965857864,0.000000000,-1.000000000,0.000000000
2037,1.018500000,-309.768592979,95.202170940,93.014003236,0.000000000,6.951854629,0.000000000,100.000000000,99.965857864,0.000000000,-1.000000000,0.000000000
2038,1.019000000,-314.768592979,95.046036644,93.061565392,0.000000000,6.904292473,0.000000000,100.000000000,99.965857864,0.000000000,-1.000000000,0.000000000
2039,1.019500000,-319.768592979,94.887402347,93.109048856,0.000000000,6.856809009,0.000000000,100.000000000,99.965857864,0.000000000,-1.000000000,0.000000000
2040,1.020000000,-324.768592979,94.726268051,93.156452377,0.000000000,6.809405487,0.000000000,100.000000000,99.965857864,0.000000000,-1.000000000,0.000000000
2041,1.020500000,-329.768592979,94.562633754,93.203774707,0.000000000,6.762083157,0.000000000,100.000000000,99.965857864,0.000000000,-1.000000000,0.000000000
2042,1.021000000,-334.768592979,94.396499458,93.251014594,0.000000000,6.714843270,0.000000000,100.000000000,99.965857864,0.000000000,-1.000000000,0.000000000
2043,1.021500000,-339.768592979,94.227865161,93.298170790,0.000000000,6.667687075,0.000000000,100.000000000,99.965857864,0.000000000,-1.000000000,0.000000000
2044,1.022000000,-344.768592979,94.056730865,93.345242043,0.000000000,6.620615821,0.000000000,100.000000000,99.965857864,0.000000000,-1.000000000,0.000000000
2045,1.022500000,-349.768592979,93.883096568,93.392227104,0.000000000,6.573630760,0.000000000,100.000000000,99.965857864,0.000000000,-1.000000000,0.000000000
2046,1.023000000,-354.768592979,93.706962272,93.439124723,0.000000000,6.526733142,0.000000000,100.000000000,99.965857864,0.000000000,-1.000000000,0.000000000
2047,1.023500000,-359.768592979,93.528327975,93.485933650,0.000000000,6.479924215,0.000000000,100.000000000,99.965857864,0.000000000,-1.000000000,0.000000000
2048,1.024000000,-364.768592979,93.347193679,93.532652634,0.000000000,6.433205230,0.000000000,100.000000000,99.965857864,0.000000000,-1.000000000,0.000000000
2049,1.024500000,-369.768592979,93.163559382,93.579280427,0.000000000,6.386577438,0.000000000,100.000000000,99.965857864,0.000000000,-1.000000000,0.000000000
2050,1.025000000,-374.768592979,92.977425086,93.625815777,0.000000000,6.340042088,0.000000000,100.000000000,99.965857864,0.000000000,-1.000000000,0.000000000
2051,1.025500000,-379.768592979,92.788790789,93.672257435,0.000000000,6.293600429,0.000000000,100.000000000,99.965857864,0.000000000,-1.000000000,0.000000000
2052,1.026000000,-384.768592979,92.597656493,93.718604151,0.000000000,6.247253713,0.000000000,100.000000000,99.965857864,0.000000000,-1.000000000,0.000000000
2053,1.026500000,-389.768592979,92.404022196,93.764854675,0.000000000,6.201003190,0.000000000,100.000000000,99.965857864,0.000000000,-1.000000000,0.000000000
2054,1.027000000,-394.768592979,92.207887900,93.811007756,0.000000000,6.154850108,0.000000000,100.000000000,99.965857864,0.000000000,-1.000000000,0.000000000
2055,1.027500000,-399.768592979,92.009253603,93.857062146,0.000000000,6.108795718,0.000000000,100.000000000,99.965857864,0.000000000,-1.000000000,0.000000000
2056,1.028000000,-404.768592979,91.808119307,93.903016593,0.000000000,6.062841271,0.000000000,100.000000000,99.965857864,0.000000000,-1.000000000,0.000000000
2057,1.028500000,-409.768592979,91.604485010,93.948869849,0.000000000,6.016988016,0.000000000,100.000000000,99.965857864,0.000000000,-1.000000000,0.000000000
2058,1.029000000,-414.768592979,91.398350714,93.994620662,0.000000000,5.971237203,0.000000000,100.000000000,99.965857864,0.000000000,-1.000000000,0.000000000
2059,1.029500000,-419.768592979,91.189716417,94.040267783,0.000000000,5.925590082,0.000000000,100.000000000,99.965857864,0.000000000,-1.000000000,0.000000000
2060,1.030000000,-424.768592979,90.978582121,94.085809962,0.000000000,5.880047903,0.000000000,100.000000000,99.965857864,0.000000000,-1.000000000,0.000000000
2061,1.030500000,-429.768592979,90.764947824,94.131245948,0.000000000,5.834611916,0.000000000,100.000000000,99.965857864,0.000000000,-1.000000000,0.000000000
2062,1.031000000,-434.768592979,90.548813528,94.176574493,0.000000000,5.789283372,0.000000000,100.000000000,99.965857864,0.000000000,-1.000000000,0.000000000
2063,1.031500000,-439.768592979,90.330179231,94.221794345,0.000000000,5.744063519,0.000000000,100.000000000,99.965857864,0.000000000,-1.000000000,0.000000000
2064,1.032000000,-444.768592979,90.109044935,94.266904255,0.000000000,5.698953609,0.000000000,100.000000000,99.965857864,0.000000000,-1.000000000,0.000000000
2065,1.032500000,-449.768592979,89.885410638,94.311902973,0.000000000,5.653954891,0.000000000,100.000000000,99.965857864,0.000000000,-1.000000000,0.000000000
2066,1.033000000,-454.768592979,89.659276342,94.356789249,0.000000000,5.609068615,0.000000000,100.000000000,99.965857864,0.000000000,-1.000000000,0.000000000
2067,1.033500000,-459.768592979,89.430642045,94.401561833,0.000000000,5.564296031,0.000000000,100.000000000,99.965857864,0.000000000,-1.000000000,0.000000000
2068,1.034000000,-464.768592979,89.199507749,94.446219475,0.000000000,5.519638390,0.000000000,100.000000000,99.965857864,0.000000000,-1.000000000,0.000000000
2069,1.034500000,-469.768592979,88.965873453,94.490760924,0.000000000,5.475096940,0.000000000,100.000000000,99.965857864,0.000000000,-1.000000000,0.000000000
2070,1.035000000,-474.768592979,88.729739156,94.535184931,0.000000000,5.430672933,0.000000000,100.000000000,99.965857864,0.000000000,-1.000000000,0.000000000
2071,1.035500000,-479.768592979,88.491104860,94.579490247,0.000000000,5.386367618,0.000000000,100.000000000,99.965857864,0.000000000,-1.000000000,0.000000000
2072,1.036000000,-484.768592979,88.249970563,94.623675620,0.000000000,5.342182245,0.000000000,100.000000000,99.965857864,0.000000000,-1.000000000,0.000000000
2073,1.036500000,-489.768592979,88.006336267,94.667739800,0.000000000,5.298118064,0.000000000,100.000000000,99.965857864,0.000000000,-1.000000000,0.000000000
2074,1.037000000,-494.768592979,87.760201970,94.711681539,0.000000000,5.254176325,0.000000000,100.000000000,99.965857864,0.000000000,-1.000000000,0.000000000
2075,1.037500000,-499.768592979,87.511567674,94.755499586,0.000000000,5.210358279,0.000000000,100.000000000,99.965857864,0.000000000,-1.000000000,0.000000000
2076,1.038000000,-504.768592979,87.260433377,94.799192690,0.000000000,5.166665174,0.000000000,100.000000000,99.965857864,0.000000000,-1.000000000,0.000000000
2077,1.038500000,-509.768592979,87.006799081,94.842759602,0.000000000,5.123098262,0.000000000,100.000000000,99.965857864,0.000000000,-1.000000000,0.000000000
2078,1.039000000,-514.768592979,86.750664784,94.886199073,0.000000000,5.079658792,0.000000000,100.000000000,99.965857864,0.000000000,-1.000000000,0.000000000
2079,1.039500000,-519.768592979,86.492030488,94.929509851,0.000000000,5.036348014,0.000000000,100.000000000,99.965857864,0.000000000,-1.000000000,0.000000000
2080,1.040000000,-524.768592979,86.230896191,94.972690686,0.000000000,4.993167178,0.000000000,100.000000000,99.965857864,0.000000000,-1.000000000,0.000000000
2081,1.040500000,-529.768592979,85.967261895,95.015740330,0.000000000,4.950117534,0.000000000,100.000000000,99.965857864,0.000000000,-1.000000000,0.000000000
2082,1.041000000,-534.768592979,85.701127598,95.058657532,0.000000000,4.907200333,0.000000000,100.000000000,99.965857864,0.000000000,-1.000000000,0.000000000
2083,1.041500000,-539.768592979,85.432493302,95.101441041,0.000000000,4.864416823,0.000000000,100.000000000,99.965857864,0.000000000,-1.000000000,0.000000000
2084,1.042000000,-544.768592979,85.161359005,95.144089608,0.000000000,4.821768256,0.000000000,100.000000000,99.965857864,0.000000000,-1.000000000,0.000000000
2085,1.042500000,-549.768592979,84.887724709,95.186601983,0.000000000,4.779255881,0.000000000,100.000000000,99.965857864,0.000000000,-1.000000000,0.000000000
2086,1.043000000,-554.768592979,84.611590412,95.228976916,0.000000000,4.736880948,0.000000000,100.000000000,99.965857864,0.000000000,-1.000000000,0.000000000
2087,1.043500000,-559.768592979,84.332956116,95.271213157,0.000000000,4.694644707,0.000000000,100.000000000,99.965857864,0.000000000,-1.000000000,0.000000000
2088,1.044000000,-564.768592979,84.051821819,95.313309456,0.000000000,4.652548409,0.000000000,100.000000000,99.965857864,0.000000000,-1.000000000,0.000000000
2089,1.044500000,-569.768592979,83.768187523,95.355264562,0.000000000,4.610593302,0.000000000,100.000000000,99.965857864,0.000000000,-1.000000000,0.000000000
2090,1.045000000,-574.768592979,83.482053226,95.397077227,0.000000000,4.568780638,0.000000000,100.000000000,99.965857864,0.000000000,-1.000000000,0.000000000
2091,1.045500000,-579.768592979,83.193418930,95.438746199,0.000000000,4.527111666,0.000000000,100.000000000,99.965857864,0.000000000,-1.000000000,0.000000000
2092,1.046000000,-584.768592979,82.902284633,95.480270229,0.000000000,4.485587635,0.000000000,100.000000000,99.965857864,0.000000000,-1.000000000,0.000000000
2093,1.046500000,-589.768592979,82.608650337,95.521648067,0.000000000,4.444209798,0.000000000,100.000000000,99.965857864,0.000000000,-1.000000000,0.000000000
2094,1.047000000,-594.768592979,82.312516040,95.562878463,0.000000000,4.402979402,0.000000000,100.000000000,99.965857864,0.000000000,-1.000000000,0.000000000
2095,1.047500000,-599.768592979,82.013881744,95.603960166,0.000000000,4.361897698,0.000000000,100.000000000,99.965857864,0.000000000,-1.000000000,0.000000000
2096,1.048000000,-604.768592979,81.712747447,95.644891928,0.000000000,4.320965937,0.000000000,100.000000000,99.965857864,0.000000000,-1.000000000,0.000000000
2097,1.048500000,-609.768592979,81.409113151,95.685672497,0.000000000,4.280185367,0.000000000,100.000000000,99.965857864,0.000000000,-1.000000000,0.000000000
2098,1.049000000,-614.768592979,81.102978854,95.726300624,0.000000000,4.239557240,0.000000000,100.000000000,99.965857864,0.000000000,-1.000000000,0.000000000
2099,1.049500000,-619.768592979,80.794344558,95.766775059,0.000000000,4.199082805,0.000000000,100.000000000,99.965857864,0.000000000,-1.000000000,0.000000000
2100,1.050000000,-624.768592979,80.483210261,95.807094552,0.000000000,4.158763312,0.000000000,100.000000000,99.965857864,0.000000000,-1.000000000,0.000000000
2101,1.050500000,-629.768592979,80.169575965,95.847257853,0.000000000,4.118600012,0.000000000,100.000000000,99.965857864,0.000000000,-1.000000000,0.000000000
2102,1.051000000,-634.768592979,79.853441668,95.887263711,0.000000000,4.078594153,0.000000000,100.000000000,99.965857864,0.000000000,-1.000000000,0.000000000
2103,1.051500000,-639.768592979,79.534807372,95.927110878,0.000000000,4.038746987,0.000000000,100.000000000,99.965857864,0.000000000,-1.000000000,0.000000000
2104,1.052000000,-644.768592979,79.213673075,95.966798102,0.000000000,3.999059762,0.000000000,100.000000000,99.965857864,0.000000000,-1.000000000,0.000000000
2105,1.052500000,-649.768592979,78.890038779,96.006324134,0.000000000,3.959533730,0.000000000,100.000000000,99.965857864,0.000000000,-1.000000000,0.000000000
2106,1.053000000,-654.768592979,78.563904482,96.045687724,0.000000000,3.920170140,0.000000000,100.000000000,99.965857864,0.000000000,-1.000000000,0.000000000
2107,1.053500000,-659.768592979,78.235270186,96.084887622,0.000000000,3.880970242,0.000000000,100.000000000,99.965857864,0.000000000,-1.000000000,0.000000000
2108,1.054000000,-664.768592979,77.904135889,96.123922578,0.000000000,3.841935287,0.000000000,100.000000000,99.965857864,0.000000000,-1.000000000,0.000000000
2109,1.054500000,-669.768592979,77.570501593,96.162791341,0.000000000,3.803066523,0.000000000,100.000000000,99.965857864,0.000000000,-1.000000000,0.000000000
2110,1.055000000,-674.768592979,77.234367296,96.201492663,0.000000000,3.764365202,0.000000000,100.000000000,99.965857864,0.000000000,-1.000000000,0.000000000
2111,1.055500000,-679.768592979,76.895733000,96.240025292,0.000000000,3.725832573,0.000000000,100.000000000,99.965857864,0.000000000,-1.000000000,0.000000000
2112,1.056000000,-684.768592979,76.554598703,96.278387979,0.000000000,3.687469885,0.000000000,100.000000000,99.965857864,0.000000000,-1.000000000,0.000000000
2113,1.056500000,-689.768592979,76.210964407,96.316579474,0.000000000,3.649278391,0.000000000,100.000000000,99.965857864,0.000000000,-1.000000000,0.000000000
2114,1.057000000,-694.768592979,75.864830110,96.354598527,0.000000000,3.611259338,0.000000000,100.000000000,99.965857864,0.000000000,-1.000000000,0.000000000
2115,1.057500000,-699.768592979,75.516195814,96.392443887,0.000000000,3.573413977,0.000000000,100.000000000,99.965857864,0.000000000,-1.000000000,0.000000000
2116,1.058000000,-704.768592979,75.165061517,96.430114306,0.000000000,3.535743559,0.000000000,100.000000000,99.965857864,0.000000000,-1.000000000,0.000000000
2117,1.058500000,-709.768592979,74.811427221,96.467608532,0.000000000,3.498249332,0.000000000,100.000000000,99.965857864,0.000000000,-1.000000000,0.000000000
2118,1.059000000,-714.768592979,74.455292925,96.504925316,0.000000000,3.460932548,0.000000000,100.000000000,99.965857864,0.000000000,-1.000000000,0.000000000
2119,1.059500000,-719.768592979,74.096658628,96.542063408,0.000000000,3.423794456,0.000000000,100.000000000,99.965857864,0.000000000,-1.000000000,0.000000000
2120,1.060000000,-724.768592979,73.735524332,96.579021558,0.000000000,3.386836306,0.000000000,100.000000000,99.965857864,0.000000000,-1.000000000,0.000000000
2121,1.060500000,-729.768592979,73.371890035,96.615798516,0.000000000,3.350059348,0.000000000,100.000000000,99.965857864,0.000000000,-1.000000000,0.000000000
2122,1.061000000,-734.768592979,73.005755739,96.652393032,0.000000000,3.313464833,0.000000000,100.000000000,99.965857864,0.000000000,-1.000000000,0.000000000
2123,1.061500000,-739.768592979,72.637121442,96.688803855,0.000000000,3.277054009,0.000000000,100.000000000,99.965857864,0.000000000,-1.000000000,0.000000000
2124,1.062000000,-744.768592979,72.265987146,96.725029736,0.000000000,3.240828128,0.000000000,100.000000000,99.965857864,0.000000000,-1.000000000,0.000000000
2125,1.062500000,-749.768592979,71.892352849,96.761069426,0.000000000,3.204788439,0.000000000,100.000000000,99.965857864,0.000000000,-1.000000000,0.000000000
2126,1.063000000,-754.768592979,71.516218553,96.796921673,0.000000000,3.168936192,0.000000000,100.000000000,99.965857864,0.000000000,-1.000000000,0.000000000
2127,1.063500000,-759.768592979,71.137584256,96.832585228,0.000000000,3.133272637,0.000000000,100.000000000,99.965857864,0.000000000,-1.000000000,0.000000000
2128,1.064000000,-764.768592979,70.756449960,96.868058840,0.000000000,3.097799024,0.000000000,100.000000000,99.965857864,0.000000000,-1.000000000,0.000000000
2129,1.064500000,-769.768592979,70.372815663,96.903341261,0.000000000,3.062516604,0.000000000,100.000000000,99.965857864,0.000000000,-1.000000000,0.000000000
2130,1.065000000,-774.768592979,69.986681367,96.938431239,0.000000000,3.027426625,0.000000000,100.000000000,99.965857864,0.000000000,-1.000000000,0.000000000
2131,1.065500000,-779.768592979,69.598047070,96.973327526,0.000000000,2.992530339,0.000000000,100.000000000,99.965857864,0.000000000,-1.000000000,0.000000000
2132,1.066000000,-784.768592979,69.206912774,97.008028870,0.000000000,2.957828995,0.000000000,100.000000000,99.965857864,0.000000000,-1.000000000,0.000000000
2133,1.066500000,-789.768592979,68.813278477,97.042534022,0.000000000,2.923323843,0.000000000,100.000000000,99.965857864,0.000000000,-1.000000000,0.000000000
2134,1.067000000,-794.768592979,68.417144181,97.076841731,0.000000000,2.889016133,0.000000000,100.000000000,99.965857864,0.000000000,-1.000000000,0.000000000
2135,1.067500000,-799.768592979,68.018509884,97.110950749,0.000000000,2.854907115,0.000000000,100.000000000,99.965857864,0.000000000,-1.000000000,0.000000000
2136,1.068000000,-804.768592979,67.617375588,97.144859825,0.000000000,2.820998040,0.000000000,100.000000000,99.965857864,0.000000000,-1.000000000,0.000000000
2137,1.068500000,-809.768592979,67.213741291,97.178567708,0.000000000,2.787290156,0.000000000,100.000000000,99.965857864,0.000000000,-1.000000000,0.000000000
2138,1.069000000,-814.768592979,66.807606995,97.212073149,0.000000000,2.753784715,0.000000000,100.000000000,99.965857864,0.000000000,-1.000000000,0.000000000
2139,1.069500000,-819.768592979,66.398972698,97.245374898,0.000000000,2.720482966,0.000000000,100.000000000,99.965857864,0.000000000,-1.000000000,0.000000000
2140,1.070000000,-824.768592979,65.987838402,97.278471705,0.000000000,2.687386159,0.000000000,100.000000000,99.965857864,0.000000000,-1.000000000,0.000000000
2141,1.070500000,-829.768592979,65.574204105,97.311362320,0.000000000,2.654495544,0.000000000,100.000000000,99.965857864,0.000000000,-1.000000000,0.000000000
2142,1.071000000,-834.768592979,65.158069809,97.344045493,0.000000000,2.621812372,0.000000000,100.000000000,99.965857864,0.000000000,-1.000000000,0.000000000
2143,1.071500000,-839.768592979,64.739435512,97.376519973,0.000000000,2.589337891,0.000000000,100.000000000,99.965857864,0.000000000,-1.000000000,0.000000000
2144,1.072000000,-844.768592979,64.318301216,97.408784512,0.000000000,2.557073353,0.000000000,100.000000000,99.965857864,0.000000000,-1.000000000,0.000000000
2145,1.072500000,-849.768592979,63.894666919,97.440837858,0.000000000,2.525020007,0.000000000,100.000000000,99.965857864,0.000000000,-1.000000000,0.000000000
2146,1.073000000,-854.768592979,63.468532623,97.472678762,0.000000000,2.493179103,0.000000000,100.000000000,99.965857864,0.000000000,-1.000000000,0.000000000
2147,1.073500000,-859.768592979,63.039898326,97.504305974,0.000000000,2.461551891,0.000000000,100.000000000,99.965857864,0.000000000,-1.000000000,0.000000000
2148,1.074000000,-864.768592979,62.608764030,97.535718244,0.000000000,2.430139621,0.000000000,100.000000000,99.965857864,0.000000000,-1.000000000,0.000000000
2149,1.074500000,-869.768592979,62.175129733,97.566914321,0.000000000,2.398943543,0.000000000,100.000000000,99.965857864,0.000000000,-1.000000000,0.000000000
2150,1.075000000,-874.768592979,61.738995437,97.597892957,0.000000000,2.367964908,0.000000000,100.000000000,99.965857864,0.000000000,-1.000000000,0.000000000
2151,1.075500000,-879.768592979,61.300361140,97.628652900,0.000000000,2.337204964,0.000000000,100.000000000,99.965857864,0.000000000,-1.000000000,0.000000000
2152,1.076000000,-884.768592979,60.859226844,97.659192901,0.000000000,2.306664963,0.000000000,100.000000000,99.965857864,0.000000000,-1.000000000,0.000000000
2153,1.076500000,-889.768592979,60.415592547,97.689511710,0.000000000,2.276346154,0.000000000,100.000000000,99.965857864,0.000000000,-1.000000000,0.000000000
2154,1.077000000,-894.768592979,59.969458251,97.719608077,0.000000000,2.246249787,0.000000000,100.000000000,99.965857864,0.000000000,-1.000000000,0.000000000
2155,1.077500000,-899.768592979,59.520823954,97.749480752,0.000000000,2.216377113,0.000000000,100.000000000,99.965857864,0.000000000,-1.000000000,0.000000000
2156,1.078000000,-904.768592979,59.069689658,97.779128484,0.000000000,2.186729380,0.000000000,100.000000000,99.965857864,0.000000000,-1.000000000,0.000000000
2157,1.078500000,-909.768592979,58.616055361,97.808550025,0.000000000,2.157307840,0.000000000,100.000000000,99.965857864,0.000000000,-1.000000000,0.000000000
2158,1.079000000,-914.768592979,58.159921065,97.837744123,0.000000000,2.128113741,0.000000000,100.000000000,99.965857864,0.000000000,-1.000000000,0.000000000
2159,1.079500000,-919.768592979,57.701286768,97.866709529,0.000000000,2.099148335,0.000000000,100.000000000,99.965857864,0.000000000,-1.000000000,0.000000000
2160,1.080000000,-924.768592979,57.240152472,97.895444993,0.000000000,2.070412871,0.000000000,100.000000000,99.965857864,0.000000000,-1.000000000,0.000000000
2161,1.080500000,-929.768592979,56.776518175,97.923949265,0.000000000,2.041908600,0.000000000,100.000000000,99.965857864,0.000000000,-1.000000000,0.000000000
2162,1.081000000,-934.768592979,56.310383879,97.952221095,0.000000000,2.013636770,0.000000000,100.000000000,99.965857864,0.000000000,-1.000000000,0.000000000
2163,1.081500000,-939.768592979,55.841749582,97.980259232,0.000000000,1.985598632,0.000000000,100.000000000,99.965857864,0.000000000,-1.000000000,0.000000000
2164,1.082000000,-944.768592979,55.370615286,98.008062427,0.000000000,1.957795437,0.000000000,100.000000000,99.965857864,0.000000000,-1.000000000,0.000000000
2165,1.082500000,-949.768592979,54.896980990,98.035629431,0.000000000,1.930228434,0.000000000,100.000000000,99.965857864,0.000000000,-1.000000000,0.000000000
2166,1.083000000,-954.768592979,54.420846693,98.062958992,0.000000000,1.902898873,0.000000000,100.000000000,99.965857864,0.000000000,-1.000000000,0.000000000
2167,1.083500000,-959.768592979,53.942212397,98.090049861,0.000000000,1.875808004,0.000000000,100.000000000,99.965857864,0.000000000,-1.000000000,0.000000000
2168,1.084000000,-964.768592979,53.461078100,98.116900787,0.000000000,1.848957077,0.000000000,100.000000000,99.965857864,0.000000000,-1.000000000,0.000000000
2169,1.084500000,-969.768592979,52.977443804,98.143510522,0.000000000,1.822347342,0.000000000,100.000000000,99.965857864,0.000000000,-1.000000000,0.000000000
2170,1.085000000,-974.768592979,52.491309507,98.169877815,0.000000000,1.795980050,0.000000000,100.000000000,99.965857864,0.000000000,-1.000000000,0.000000000
2171,1.085500000,-979.768592979,52.002675211,98.196001415,0.000000000,1.769856449,0.000000000,100.000000000,99.965857864,0.000000000,-1.000000000,0.000000000
2172,1.086000000,-984.768592979,51.511540914,98.221880073,0.000000000,1.743977791,0.000000000,100.000000000,99.965857864,0.000000000,-1.000000000,0.000000000
2173,1.086500000,-989.768592979,51.017906618,98.247512539,0.000000000,1.718345325,0.000000000,100.000000000,99.965857864,0.000000000,-1.000000000,0.000000000
2174,1.087000000,-994.768592979,50.521772321,98.272897563,0.000000000,1.692960301,0.000000000,100.000000000,99.965857864,0.000000000,-1.000000000,0.000000000
2175,1.087500000,-999.768592979,50.023138025,98.298033895,0.000000000,1.667823969,0.000000000,100.000000000,99.965857864,0.000000000,-1.000000000,0.000000000
2176,1.088000000,-995.231407021,49.524277676,98.322920646,0.000000000,1.642937218,0.000000000,100.000000000,99.965857864,0.000000000,-1.000000000,0.000000000
2177,1.088500000,-990.231407021,49.027911973,98.347558589,0.000000000,1.618299275,0.000000000,100.000000000,99.965857864,0.000000000,-1.000000000,0.000000000
2178,1.089000000,-985.231407021,48.534046269,98.371948975,0.000000000,1.593908890,0.000000000,100.000000000,99.965857864,0.000000000,-1.000000000,0.000000000
2179,1.089500000,-980.231407021,48.042680565,98.396093052,0.000000000,1.569764812,0.000000000,100.000000000,99.965857864,0.000000000,-1.000000000,0.000000000
2180,1.090000000,-975.231407021,47.553814862,98.419992072,0.000000000,1.545865793,0.000000000,100.000000000,99.965857864,0.000000000,-1.000000000,0.000000000
2181,1.090500000,-970.231407021,47.067449158,98.443647284,0.000000000,1.522210581,0.000000000,100.000000000,99.965857864,0.000000000,-1.000000000,0.000000000
2182,1.091000000,-965.231407021,46.583583455,98.467059938,0.000000000,1.498797927,0.000000000,100.000000000,99.965857864,0.000000000,-1.000000000,0.000000000
2183,1.091500000,-960.231407021,46.102217751,98.490231284,0.000000000,1.475626581,0.000000000,100.000000000,99.965857864,0.000000000,-1.000000000,0.000000000
2184,1.092000000,-955.231407021,45.623352048,98.513162572,0.000000000,1.452695292,0.000000000,100.000000000,99.965857864,0.000000000,-1.000000000,0.000000000
2185,1.092500000,-950.231407021,45.146986344,98.535855052,0.000000000,1.430002812,0.000000000,100.000000000,99.965857864,0.000000000,-1.000000000,0.000000000
2186,1.093000000,-945.231407021,44.673120641,98.558309975,0.000000000,1.407547889,0.000000000,100.000000000,99.965857864,0.000000000,-1.000000000,0.000000000
2187,1.093500000,-940.231407021,44.201754937,98.580528590,0.000000000,1.385329275,0.000000000,100.000000000,99.965857864,0.000000000,-1.000000000,0.000000000
2188,1.094000000,-935.231407021,43.732889234,98.602512147,0.000000000,1.363345718,0.000000000,100.000000000,99.965857864,0.000000000,-1.000000000,0.000000000
2189,1.094500000,-930.231407021,43.266523530,98.624261896,0.000000000,1.341595969,0.000000000,100.000000000,99.965857864,0.000000000,-1.000000000,0.000000000
2190,1.095000000,-925.231407021,42.802657827,98.645779087,0.000000000,1.320078778,0.000000000,100.000000000,99.965857864,0.000000000,-1.000000000,0.000000000
2191,1.095500000,-920.231407021,42.341292123,98.667064970,0.000000000,1.298792894,0.000000000,100.000000000,99.965857864,0.000000000,-1.000000000,0.000000000
2192,1.096000000,-915.231407021,41.882426420,98.688120796,0.000000000,1.277737069,0.000000000,100.000000000,99.965857864,0.000000000,-1.000000000,0.000000000
2193,1.096500000,-910.231407021,41.426060716,98.708947813,0.000000000,1.256910051,0.000000000,100.000000000,99.965857864,0.000000000,-1.000000000,0.000000000
2194,1.097000000,-905.231407021,40.972195013,98.729547273,0.000000000,1.236310591,0.000000000,100.000000000,99.965857864,0.000000000,-1.000000000,0.000000000
2195,1.097500000,-900.231407021,40.520829309,98.749920425,0.000000000,1.215937439,0.000000000,100.000000000,99.965857864,0.000000000,-1.000000000,0.000000000
2196,1.098000000,-895.231407021,40.071963606,98.770068519,0.000000000,1.195789345,0.000000000,100.000000000,99.965857864,0.000000000,-1.000000000,0.000000000
2197,1.098500000,-890.231407021,39.625597902,98.789992805,0.000000000,1.175865059,0.000000000,100.000000000,99.965857864,0.000000000,-1.000000000,0.000000000
2198,1.099000000,-885.231407021,39.181732199,98.809694534,0.000000000,1.156163331,0.000000000,100.000000000,99.965857864,0.000000000,-1.000000000,0.000000000
2199,1.099500000,-880.231407021,38.740366495,98.829174954,0.000000000,1.136682910,0.000000000,100.000000000,99.965857864,0.000000000,-1.000000000,0.000000000
2200,1.100000000,-875.231407021,38.301500792,98.848435317,0.000000000,1.117422548,0.000000000,100.000000000,99.965857864,0.000000000,-1.000000000,0.000000000
2201,1.100500000,-870.231407021,37.865135088,98.867476872,0.000000000,1.098380993,0.000000000,100.000000000,99.965857864,0.000000000,-1.000000000,0.000000000
2202,1.101000000,-865.231407021,37.431269385,98.886300868,0.000000000,1.079556996,0.000000000,100.000000000,99.965857864,0.000000000,-1.000000000,0.000000000
2203,1.101500000,-860.231407021,36.999903681,98.904908558,0.000000000,1.060949307,0.000000000,100.000000000,99.965857864,0.000000000,-1.000000000,0.000000000
2204,1.102000000,-855.231407021,36.571037978,98.923301189,0.000000000,1.042556676,0.000000000,100.000000000,99.965857864,0.000000000,-1.000000000,0.000000000
2205,1.102500000,-850.231407021,36.144672274,98.941480012,0.000000000,1.024377852,0.000000000,100.000000000,99.965857864,0.000000000,-1.000000000,0.000000000
2206,1.103000000,-845.231407021,35.720806571,98.959446278,0.000000000,1.006411587,0.000000000,100.000000000,99.965857864,0.000000000,-1.000000000,0.000000000
2207,1.103500000,-840.231407021,35.299440867,98.977201235,0.000000000,0.988656629,0.000000000,100.000000000,99.965857864,0.000000000,-1.000000000,0.000000000
2208,1.104000000,-835.231407021,34.880575164,98.994746135,0.000000000,0.971111729,0.000000000,100.000000000,99.965857864,0.000000000,-1.000000000,0.000000000
2209,1.104500000,-830.231407021,34.464209460,99.012082227,0.000000000,0.953775637,0.000000000,100.000000000,99.965857864,0.000000000,-1.000000000,0.000000000
2210,1.105000000,-825.231407021,34.050343757,99.029210761,0.000000000,0.936647103,0.000000000,100.000000000,99.965857864,0.000000000,-1.000000000,0.000000000
2211,1.105500000,-820.231407021,33.638978053,99.046132988,0.000000000,0.919724877,0.000000000,100.000000000,99.965857864,0.000000000,-1.000000000,0.000000000
2212,1.106000000,-815.231407021,33.230112350,99.062850156,0.000000000,0.903007708,0.000000000,100.000000000,99.965857864,0.000000000,-1.000000000,0.000000000
2213,1.106500000,-810.231407021,32.823746646,99.079363517,0.000000000,0.886494348,0.000000000,100.000000000,99.965857864,0.000000000,-1.000000000,0.000000000
2214,1.107000000,-805.231407021,32.419880943,99.095674319,0.000000000,0.870183545,0.000000000,100.000000000,99.965857864,0.000000000,-1.000000000,0.000000000
2215,1.107500000,-800.231407021,32.018515239,99.111783814,0.000000000,0.854074050,0.000000000,100.000000000,99.965857864,0.000000000,-1.000000000,0.000000000
2216,1.108000000,-795.231407021,31.619649536,99.127693251,0.000000000,0.838164613,0.000000000,100.000000000,99.965857864,0.000000000,-1.000000000,0.000000000
2217,1.108500000,-790.231407021,31.223283832,99.143403881,0.000000000,0.822453984,0.000000000,100.000000000,99.965857864,0.000000000,-1.000000000,0.000000000
2218,1.109000000,-785.231407021,30.829418129,99.158916952,0.000000000,0.806940912,0.000000000,100.000000000,99.965857864,0.000000000,-1.000000000,0.000000000
2219,1.109500000,-780.231407021,30.438052425,99.174233715,0.000000000,0.791624149,0.000000000,100.000000000,99.965857864,0.000000000,-1.000000000,0.000000000
2220,1.110000000,-775.231407021,30.049186722,99.189355421,0.000000000,0.776502443,0.000000000,100.000000000,99.965857864,0.000000000,-1.000000000,0.000000000
2221,1.110500000,-770.231407021,29.662821018,99.204283319,0.000000000,0.761574546,0.000000000,100.000000000,99.965857864,0.000000000,-1.000000000,0.000000000
2222,1.111000000,-765.231407021,29.278955315,99.219018659,0.000000000,0.746839206,0.000000000,100.000000000,99.965857864,0.000000000,-1.000000000,0.000000000
2223,1.111500000,-760.231407021,28.897589611,99.233562691,0.000000000,0.732295174,0.000000000,100.000000000,99.965857864,0.000000000,-1.000000000,0.000000000
2224,1.112000000,-755.231407021,28.518723908,99.247916665,0.000000000,0.717941199,0.000000000,100.000000000,99.965857864,0.000000000,-1.000000000,0.000000000
2225,1.112500000,-750.231407021,28.142358204,99.262081831,0.000000000,0.703776033,0.000000000,100.000000000,99.965857864,0.000000000,-1.000000000,0.000000000
2226,1.113000000,-745.231407021,27.768492501,99.276059440,0.000000000,0.689798425,0.000000000,100.000000000,99.965857864,0.000000000,-1.000000000,0.000000000
2227,1.113500000,-740.231407021,27.397126797,99.289850740,0.000000000,0.676007124,0.000000000,100.000000000,99.965857864,0.000000000,-1.000000000,0.000000000
2228,1.114000000,-735.231407021,27.028261093,99.303456983,0.000000000,0.662400881,0.000000000,100.000000000,99.965857864,0.000000000,-1.000000000,0.000000000
2229,1.114500000,-730.231407021,26.661895390,99.316879418,0.000000000,0.648978446,0.000000000,100.000000000,99.965857864,0.000000000,-1.000000000,0.000000000
2230,1.115000000,-725.231407021,26.298029686,99.330119295,0.000000000,0.635738569,0.000000000,100.000000000,99.965857864,0.000000000,-1.000000000,0.000000000
2231,1.115500000,-720.231407021,25.936663983,99.343177865,0.000000000,0.622680000,0.000000000,100.000000000,99.965857864,0.000000000,-1.000000000,0.000000000
2232,1.116000000,-715.231407021,25.577798279,99.356056376,0.000000000,0.609801488,0.000000000,100.000000000,99.965857864,0.000000000,-1.000000000,0.000000000
2233,1.116500000,-710.231407021,25.221432576,99.368756080,0.000000000,0.597101785,0.000000000,100.000000000,99.965857864,0.000000000,-1.000000000,0.000000000
2234,1.117000000,-705.231407021,24.867566872,99.381278225,0.000000000,0.584579639,0.000000000,100.000000000,99.965857864,0.000000000,-1.000000000,0.000000000
2235,1.117500000,-700.231407021,24.516201169,99.393624063,0.000000000,0.572233801,0.000000000,100.000000000,99.965857864,0.000000000,-1.000000000,0.000000000
2236,1.118000000,-695.231407021,24.167335465,99.405794843,0.000000000,0.560063021,0.000000000,100.000000000,99.965857864,0.000000000,-1.000000000,0.000000000
2237,1.118500000,-690.231407021,23.820969762,99.417791815,0.000000000,0.548066049,0.000000000,100.000000000,99.965857864,0.000000000,-1.000000000,0.000000000
2238,1.119000000,-685.231407021,23.477104058,99.429616229,0.000000000,0.536241635,0.000000000,100.000000000,99.965857864,0.000000000,-1.000000000,0.000000000
2239,1.119500000,-680.231407021,23.135738355,99.441269336,0.000000000,0.524588528,0.000000000,100.000000000,99.965857864,0.000000000,-1.000000000,0.000000000
2240,1.120000000,-675.231407021,22.796872651,99.452752385,0.000000000,0.513105480,0.000000000,100.000000000,99.965857864,0.000000000,-1.000000000,0.000000000
2241,1.120500000,-670.231407021,22.460506948,99.464066625,0.000000000,0.501791239,0.000000000,100.000000000,99.965857864,0.000000000,-1.000000000,0.000000000
2242,1.121000000,-665.231407021,22.126641244,99.475213308,0.000000000,0.490644556,0.000000000,100.000000000,99.965857864,0.000000000,-1.000000000,0.000000000
2243,1.121500000,-660.231407021,21.795275541,99.486193683,0.000000000,0.479664181,0.000000000,100.000000000,99.965857864,0.000000000,-1.000000000,0.000000000
2244,1.122000000,-655.231407021,21.466409837,99.497009000,0.000000000,0.468848864,0.000000000,100.000000000,99.965857864,0.000000000,-1.000000000,0.000000000
2245,1.122500000,-650.231407021,21.140044134,99.507660510,0.000000000,0.458197355,0.000000000,100.000000000,99.965857864,0.000000000,-1.000000000,0.000000000
2246,1.123000000,-645.231407021,20.816178430,99.518149461,0.000000000,0.447708403,0.000000000,100.000000000,99.965857864,0.000000000,-1.000000000,0.000000000
2247,1.123500000,-640.231407021,20.494812727,99.528477105,0.000000000,0.437380760,0.000000000,100.000000000,99.965857864,0.000000000,-1.000000000,0.000000000
2248,1.124000000,-635.231407021,20.175947023,99.538644691,0.000000000,0.427213174,0.000000000,100.000000000,99.965857864,0.000000000,-1.000000000,0.000000000
2249,1.124500000,-630.231407021,19.859581320,99.548653468,0.000000000,0.417204396,0.000000000,100.000000000,99.965857864,0.000000000,-1.000000000,0.000000000
2250,1.125000000,-625.231407021,19.545715616,99.558504689,0.000000000,0.407353176,0.000000000,100.000000000,99.965857864,0.000000000,-1.000000000,0.000000000
2251,1.125500000,-620.231407021,19.234349913,99.568199601,0.000000000,0.397658264,0.000000000,100.000000000,99.965857864,0.000000000,-1.000000000,0.000000000
2252,1.126000000,-615.231407021,18.925484209,99.577739455,0.000000000,0.388118409,0.000000000,100.000000000,99.965857864,0.000000000,-1.000000000,0.000000000
2253,1.126500000,-610.231407021,18.619118506,99.587125502,0.000000000,0.378732363,0.000000000,100.000000000,99.965857864,0.000000000,-1.000000000,0.000000000
2254,1.127000000,-605.231407021,18.315252802,99.596358990,0.000000000,0.369498874,0.000000000,100.000000000,99.965857864,0.000000000,-1.000000000,0.000000000
2255,1.127500000,-600.231407021,18.013887099,99.605441171,0.000000000,0.360416693,0.000000000,100.000000000,99.965857864,0.000000000,-1.000000000,0.000000000
2256,1.128000000,-595.231407021,17.715021395,99.614373294,0.000000000,0.351484570,0.000000000,100.000000000,99.965857864,0.000000000,-1.000000000,0.000000000
2257,1.128500000,-590.231407021,17.418655692,99.623156609,0.000000000,0.342701255,0.000000000,100.000000000,99.965857864,0.000000000,-1.000000000,0.000000000
2258,1.129000000,-585.231407021,17.124789988,99.631792366,0.000000000,0.334065498,0.000000000,100.000000000,99.965857864,0.000000000,-1.000000000,0.000000000
2259,1.129500000,-580.231407021,16.833424285,99.640281816,0.000000000,0.325576049,0.000000000,100.000000000,99.965857864,0.000000000,-1.000000000,0.000000000
2260,1.130000000,-575.231407021,16.544558581,99.648626207,0.000000000,0.317231657,0.000000000,100.000000000,99.965857864,0.000000000,-1.000000000,0.000000000
2261,1.130500000,-570.231407021,16.258192878,99.656826791,0.000000000,0.309031073,0.000000000,100.000000000,99.965857864,0.000000000,-1.000000000,0.000000000
2262,1.131000000,-565.231407021,15.974327174,99.664884817,0.000000000,0.300973047,0.000000000,100.000000000,99.965857864,0.000000000,-1.000000000,0.000000000
2263,1.131500000,-560.231407021,15.692961471,99.672801535,0.000000000,0.293056330,0.000000000,100.000000000,99.965857864,0.000000000,-1.000000000,0.000000000
2264,1.132000000,-555.231407021,15.414095767,99.680578195,0.000000000,0.285279669,0.000000000,100.000000000,99.965857864,0.000000000,-1.000000000,0.000000000
2265,1.132500000,-550.231407021,15.137730064,99.688216047,0.000000000,0.277641817,0.000000000,100.000000000,99.965857864,0.000000000,-1.000000000,0.000000000
2266,1.133000000,-545.231407021,14.863864360,99.695716342,0.000000000,0.270141523,0.000000000,100.000000000,99.965857864,0.000000000,-1.000000000,0.000000000
2267,1.133500000,-540.231407021,14.592498657,99.703080328,0.000000000,0.262777536,0.000000000,100.000000000,99.965857864,0.000000000,-1.000000000,0.000000000
2268,1.134000000,-535.231407021,14.323632953,99.710309257,0.000000000,0.255548607,0.000000000,100.000000000,99.965857864,0.000000000,-1.000000000,0.000000000
2269,1.134500000,-530.231407021,14.057267250,99.717404378,0.000000000,0.248453486,0.000000000,100.000000000,99.965857864,0.000000000,-1.000000000,0.000000000
2270,1.135000000,-525.231407021,13.793401546,99.724366941,0.000000000,0.241490923,0.000000000,100.000000000,99.965857864,0.000000000,-1.000000000,0.000000000
2271,1.135500000,-520.231407021,13.532035843,99.731198196,0.000000000,0.234659668,0.000000000,100.000000000,99.965857864,0.000000000,-1.000000000,0.000000000
2272,1.136000000,-515.231407021,13.273170139,99.737899393,0.000000000,0.227958471,0.000000000,100.000000000,99.965857864,0.000000000,-1.000000000,0.000000000
2273,1.136500000,-510.231407021,13.016804436,99.744471783,0.000000000,0.221386081,0.000000000,100.000000000,99.965857864,0.000000000,-1.000000000,0.000000000
2274,1.137000000,-505.231407021,12.762938732,99.750916615,0.000000000,0.214941250,0.000000000,100.000000000,99.965857864,0.000000000,-1.000000000,0.000000000
2275,1.137500000,-500.231407021,12.511573028,99.757235138,0.000000000,0.208622726,0.000000000,100.000000000,99.965857864,0.000000000,-1.000000000,0.000000000
2276,1.138000000,-495.231407021,12.262707325,99.763428604,0.000000000,0.202429260,0.000000000,100.000000000,99.965857864,0.000000000,-1.000000000,0.000000000
2277,1.138500000,-490.231407021,12.016341621,99.769498262,0.000000000,0.196359602,0.000000000,100.000000000,99.965857864,0.000000000,-1.000000000,0.000000000
2278,1.139000000,-485.231407021,11.772475918,99.775445363,0.000000000,0.190412502,0.000000000,100.000000000,99.965857864,0.000000000,-1.000000000,0.000000000
2279,1.139500000,-480.231407021,11.531110214,99.781271155,0.000000000,0.184586709,0.000000000,100.000000000,99.965857864,0.000000000,-1.000000000,0.000000000
2280,1.140000000,-475.231407021,11.292244511,99.786976889,0.000000000,0.178880975,0.000000000,100.000000000,99.965857864,0.000000000,-1.000000000,0.000000000
2281,1.140500000,-470.231407021,11.055878807,99.792563816,0.000000000,0.173294048,0.000000000,100.000000000,99.965857864,0.000000000,-1.000000000,0.000000000
2282,1.141000000,-465.231407021,10.822013104,99.798033185,0.000000000,0.167824679,0.000000000,100.000000000,99.965857864,0.000000000,-1.000000000,0.000000000
2283,1.141500000,-460.231407021,10.590647400,99.803386246,0.000000000,0.162471618,0.000000000,100.000000000,99.965857864,0.000000000,-1.000000000,0.000000000
2284,1.142000000,-455.231407021,10.361781697,99.808624249,0.000000000,0.157233615,0.000000000,100.000000000,99.965857864,0.000000000,-1.000000000,0.000000000
2285,1.142500000,-450.231407021,10.135415993,99.813748444,0.000000000,0.152109420,0.000000000,100.000000000,99.965857864,0.000000000,-1.000000000,0.000000000
2286,1.143000000,-445.231407021,9.911550290,99.818760082,0.000000000,0.147097783,0.000000000,100.000000000,99.965857864,0.000000000,-1.000000000,0.000000000
2287,1.143500000,-440.231407021,9.690184586,99.823660411,0.000000000,0.142197453,0.000000000,100.000000000,99.965857864,0.000000000,-1.000000000,0.000000000
2288,1.144000000,-435.231407021,9.471318883,99.828450683,0.000000000,0.137407181,0.000000000,100.000000000,99.965857864,0.000000000,-1.000000000,0.000000000
2289,1.144500000,-430.231407021,9.254953179,99.833132147,0.000000000,0.132725718,0.000000000,100.000000000,99.965857864,0.000000000,-1.000000000,0.000000000
2290,1.145000000,-425.231407021,9.041087476,99.837706053,0.000000000,0.128151812,0.000000000,100.000000000,99.965857864,0.000000000,-1.000000000,0.000000000
2291,1.145500000,-420.231407021,8.829721772,99.842173651,0.000000000,0.123684213,0.000000000,100.000000000,99.965857864,0.000000000,-1.000000000,0.000000000
2292,1.146000000,-415.231407021,8.620856069,99.846536191,0.000000000,0.119321673,0.000000000,100.000000000,99.965857864,0.000000000,-1.000000000,0.000000000
2293,1.146500000,-410.231407021,8.414490365,99.850794924,0.000000000,0.115062941,0.000000000,100.000000000,99.965857864,0.000000000,-1.000000000,0.000000000
2294,1.147000000,-405.231407021,8.210624662,99.854951098,0.000000000,0.110906766,0.000000000,100.000000000,99.965857864,0.000000000,-1.000000000,0.000000000
2295,1.147500000,-400.231407021,8.009258958,99.859005965,0.000000000,0.106851899,0.000000000,100.000000000,99.965857864,0.000000000,-1.000000000,0.000000000
2296,1.148000000,-395.231407021,7.810393255,99.862960774,0.000000000,0.102897091,0.000000000,100.000000000,99.965857864,0.000000000,-1.000000000,0.000000000
2297,1.148500000,-390.231407021,7.614027551,99.866816775,0.000000000,0.099041089,0.000000000,100.000000000,99.965857864,0.000000000,-1.000000000,0.000000000
2298,1.149000000,-385.231407021,7.420161848,99.870575218,0.000000000,0.095282646,0.000000000,100.000000000,99.965857864,0.000000000,-1.000000000,0.000000000
2299,1.149500000,-380.231407021,7.228796144,99.874237353,0.000000000,0.091620511,0.000000000,100.000000000,99.965857864,0.000000000,-1.000000000,0.000000000
2300,1.150000000,-375.231407021,7.039930441,99.877804431,0.000000000,0.088053433,0.000000000,100.000000000,99.965857864,0.000000000,-1.000000000,0.000000000
2301,1.150500000,-370.231407021,6.853564737,99.881277701,0.000000000,0.084580164,0.000000000,100.000000000,99.965857864,0.000000000,-1.000000000,0.000000000
2302,1.151000000,-365.231407021,6.669699034,99.884658412,0.000000000,0.081199452,0.000000000,100.000000000,99.965857864,0.000000000,-1.000000000,0.000000000
2303,1.151500000,-360.231407021,6.488333330,99.887947816,0.000000000,0.077910048,0.000000000,100.000000000,99.965857864,0.000000000,-1.000000000,0.000000000
2304,1.152000000,-355.231407021,6.309467627,99.891147162,0.000000000,0.074710702,0.000000000,100.000000000,99.965857864,0.000000000,-1.000000000,0.000000000
2305,1.152500000,-350.231407021,6.133101923,99.894257701,0.000000000,0.071600164,0.000000000,100.000000000,99.965857864,0.000000000,-1.000000000,0.000000000
2306,1.153000000,-345.231407021,5.959236220,99.897280681,0.000000000,0.068577183,0.000000000,100.000000000,99.965857864,0.000000000,-1.000000000,0.000000000
2307,1.153500000,-340.231407021,5.787870516,99.900217353,0.000000000,0.065640511,0.000000000,100.000000000,99.965857864,0.000000000,-1.000000000,0.000000000
2308,1.154000000,-335.231407021,5.619004813,99.903068968,0.000000000,0.062788896,0.000000000,100.000000000,99.965857864,0.000000000,-1.000000000,0.000000000
2309,1.154500000,-330.231407021,5.452639109,99.905836775,0.000000000,0.060021089,0.000000000,100.000000000,99.965857864,0.000000000,-1.000000000,0.000000000
2310,1.155000000,-325.231407021,5.288773406,99.908522024,0.000000000,0.057335841,0.000000000,100.000000000,99.965857864,0.000000000,-1.000000000,0.000000000
2311,1.155500000,-320.231407021,5.127407702,99.911125965,0.000000000,0.054731899,0.000000000,100.000000000,99.965857864,0.000000000,-1.000000000,0.000000000
2312,1.156000000,-315.231407021,4.968541999,99.913649848,0.000000000,0.052208016,0.000000000,100.000000000,99.965857864,0.000000000,-1.000000000,0.000000000
2313,1.156500000,-310.231407021,4.812176295,99.916094924,0.000000000,0.049762941,0.000000000,100.000000000,99.965857864,0.000000000,-1.000000000,0.000000000
2314,1.157000000,-305.231407021,4.658310592,99.918462441,0.000000000,0.047395423,0.000000000,100.000000000,99.965857864,0.000000000,-1.000000000,0.000000000
2315,1.157500000,-300.231407021,4.506944888,99.920753651,0.000000000,0.045104214,0.000000000,100.000000000,99.965857864,0.000000000,-1.000000000,0.000000000
2316,1.158000000,-295.231407021,4.358079185,99.922969803,0.000000000,0.042888062,0.000000000,100.000000000,99.965857864,0.000000000,-1.000000000,0.000000000
2317,1.158500000,-290.231407021,4.211713481,99.925112147,0.000000000,0.040745718,0.000000000,100.000000000,99.965857864,0.000000000,-1.000000000,0.000000000
2318,1.159000000,-285.231407021,4.067847778,99.927181933,0.000000000,0.038675932,0.000000000,100.000000000,99.965857864,0.000000000,-1.000000000,0.000000000
2319,1.159500000,-280.231407021,3.926482074,99.929180411,0.000000000,0.036677453,0.000000000,100.000000000,99.965857864,0.000000000,-1.000000000,0.000000000
2320,1.160000000,-275.231407021,3.787616371,99.931108832,0.000000000,0.034749033,0.000000000,100.000000000,99.965857864,0.000000000,-1.000000000,0.000000000
2321,1.160500000,-270.231407021,3.651250667,99.932968444,0.000000000,0.032889420,0.000000000,100.000000000,99.965857864,0.000000000,-1.000000000,0.000000000
2322,1.161000000,-265.231407021,3.517384964,99.934760499,0.000000000,0.031097365,0.000000000,100.000000000,99.965857864,0.000000000,-1.000000000,0.000000000
2323,1.161500000,-260.231407021,3.386019260,99.936486246,0.000000000,0.029371619,0.000000000,100.000000000,99.965857864,0.000000000,-1.000000000,0.000000000
2324,1.162000000,-255.231407021,3.257153556,99.938146935,0.000000000,0.027710930,0.000000000,100.000000000,99.965857864,0.000000000,-1.000000000,0.000000000
2325,1.162500000,-250.231407021,3.130787853,99.939743816,0.000000000,0.026114048,0.000000000,100.000000000,99.965857864,0.000000000,-1.000000000,0.000000000
2326,1.163000000,-245.231407021,3.006922149,99.941278139,0.000000000,0.024579725,0.000000000,100.000000000,99.965857864,0.000000000,-1.000000000,0.000000000
2327,1.163500000,-240.231407021,2.885556446,99.942751155,0.000000000,0.023106710,0.000000000,100.000000000,99.965857864,0.000000000,-1.000000000,0.000000000
2328,1.164000000,-235.231407021,2.766690742,99.944164113,0.000000000,0.021693752,0.000000000,100.000000000,99.965857864,0.000000000,-1.000000000,0.000000000
2329,1.164500000,-230.231407021,2.650325039,99.945518262,0.000000000,0.020339602,0.000000000,100.000000000,99.965857864,0.000000000,-1.000000000,0.000000000
2330,1.165000000,-225.231407021,2.536459335,99.946814854,0.000000000,0.019043010,0.000000000,100.000000000,99.965857864,0.000000000,-1.000000000,0.000000000
2331,1.165500000,-220.231407021,2.425093632,99.948055138,0.000000000,0.017802726,0.000000000,100.000000000,99.965857864,0.000000000,-1.000000000,0.000000000
2332,1.166000000,-215.231407021,2.316227928,99.949240365,0.000000000,0.016617500,0.000000000,100.000000000,99.965857864,0.000000000,-1.000000000,0.000000000
2333,1.166500000,-210.231407021,2.209862225,99.950371783,0.000000000,0.015486081,0.000000000,100.000000000,99.965857864,0.000000000,-1.000000000,0.000000000
2334,1.167000000,-205.231407021,2.105996521,99.951450643,0.000000000,0.014407221,0.000000000,100.000000000,99.965857864,0.000000000,-1.000000000,0.000000000
2335,1.167500000,-200.231407021,2.004630818,99.952478196,0.000000000,0.013379668,0.000000000,100.000000000,99.965857864,0.000000000,-1.000000000,0.000000000
2336,1.168000000,-195.231407021,1.905765114,99.953455691,0.000000000,0.012402173,0.000000000,100.000000000,99.965857864,0.000000000,-1.000000000,0.000000000
2337,1.168500000,-190.231407021,1.809399411,99.954384378,0.000000000,0.011473487,0.000000000,100.000000000,99.965857864,0.000000000,-1.000000000,0.000000000
2338,1.169000000,-185.231407021,1.715533707,99.955265507,0.000000000,0.010592357,0.000000000,100.000000000,99.965857864,0.000000000,-1.000000000,0.000000000
2339,1.169500000,-180.231407021,1.624168004,99.956100328,0.000000000,0.009757536,0.000000000,100.000000000,99.965857864,0.000000000,-1.000000000,0.000000000
2340,1.170000000,-175.231407021,1.535302300,99.956890092,0.000000000,0.008967773,0.000000000,100.000000000,99.965857864,0.000000000,-1.000000000,0.000000000
2341,1.170500000,-170.231407021,1.448936597,99.957636047,0.000000000,0.008221817,0.000000000,100.000000000,99.965857864,0.000000000,-1.000000000,0.000000000
2342,1.171000000,-165.231407021,1.365070893,99.958339445,0.000000000,0.007518419,0.000000000,100.000000000,99.965857864,0.000000000,-1.000000000,0.000000000
2343,1.171500000,-160.231407021,1.283705190,99.959001535,0.000000000,0.006856330,0.000000000,100.000000000,99.965857864,0.000000000,-1.000000000,0.000000000
2344,1.172000000,-155.231407021,1.204839486,99.959623567,0.000000000,0.006234298,0.000000000,100.000000000,99.965857864,0.000000000,-1.000000000,0.000000000
2345,1.172500000,-150.231407021,1.128473783,99.960206791,0.000000000,0.005651073,0.000000000,100.000000000,99.965857864,0.000000000,-1.000000000,0.000000000
2346,1.173000000,-145.231407021,1.054608079,99.960752457,0.000000000,0.005105407,0.000000000,100.000000000,99.965857864,0.000000000,-1.000000000,0.000000000
2347,1.173500000,-140.231407021,0.983242376,99.961261816,0.000000000,0.004596049,0.000000000,100.000000000,99.965857864,0.000000000,-1.000000000,0.000000000
2348,1.174000000,-135.231407021,0.914376672,99.961736116,0.000000000,0.004121748,0.000000000,100.000000000,99.965857864,0.000000000,-1.000000000,0.000000000
2349,1.174500000,-130.231407021,0.848010969,99.962176609,0.000000000,0.003681255,0.000000000,100.000000000,99.965857864,0.000000000,-1.000000000,0.000000000
2350,1.175000000,-125.231407021,0.784145265,99.962584544,0.000000000,0.003273320,0.000000000,100.000000000,99.965857864,0.000000000,-1.000000000,0.000000000
2351,1.175500000,-120.231407021,0.722779562,99.962961171,0.000000000,0.002896693,0.000000000,100.000000000,99.965857864,0.000000000,-1.000000000,0.000000000
2352,1.176000000,-115.231407021,0.663913858,99.963307740,0.000000000,0.002550124,0.000000000,100.000000000,99.965857864,0.000000000,-1.000000000,0.000000000
2353,1.176500000,-110.231407021,0.607548155,99.963625501,0.000000000,0.002232363,0.000000000,100.000000000,99.965857864,0.000000000,-1.000000000,0.000000000
2354,1.177000000,-105.231407021,0.553682451,99.963915705,0.000000000,0.001942159,0.000000000,100.000000000,99.965857864,0.000000000,-1.000000000,0.000000000
2355,1.177500000,-100.231407021,0.502316748,99.964179601,0.000000000,0.001678264,0.000000000,100.000000000,99.965857864,0.000000000,-1.000000000,0.000000000
2356,1.178000000,-95.231407021,0.453451044,99.964418438,0.000000000,0.001439426,0.000000000,100.000000000,99.965857864,0.000000000,-1.000000000,0.000000000
2357,1.178500000,-90.231407021,0.407085341,99.964633468,0.000000000,0.001224396,0.000000000,100.000000000,99.965857864,0.000000000,-1.000000000,0.000000000
2358,1.179000000,-85.231407021,0.363219637,99.964825940,0.000000000,0.001031924,0.000000000,100.000000000,99.965857864,0.000000000,-1.000000000,0.000000000
2359,1.179500000,-80.231407021,0.321853934,99.964997105,0.000000000,0.000860760,0.000000000,100.000000000,99.965857864,0.000000000,-1.000000000,0.000000000
2360,1.180000000,-75.231407021,0.282988230,99.965148211,0.000000000,0.000709653,0.000000000,100.000000000,99.965857864,0.000000000,-1.000000000,0.000000000
2361,1.180500000,-70.231407021,0.246622527,99.965280509,0.000000000,0.000577355,0.000000000,100.000000000,99.965857864,0.000000000,-1.000000000,0.000000000
2362,1.181000000,-65.231407021,0.212756823,99.965395250,0.000000000,0.000462614,0.000000000,100.000000000,99.965857864,0.000000000,-1.000000000,0.000000000
2363,1.181500000,-60.231407021,0.181391120,99.965493683,0.000000000,0.000364181,0.000000000,100.000000000,99.965857864,0.000000000,-1.000000000,0.000000000
2364,1.182000000,-55.231407021,0.152525416,99.965577058,0.000000000,0.000280806,0.000000000,100.000000000,99.965857864,0.000000000,-1.000000000,0.000000000
2365,1.182500000,-50.231407021,0.126159713,99.965646625,0.000000000,0.000211239,0.000000000,100.000000000,99.965857864,0.000000000,-1.000000000,0.000000000
2366,1.183000000,-45.231407021,0.102294009,99.965703634,0.000000000,0.000154230,0.000000000,100.000000000,99.965857864,0.000000000,-1.000000000,0.000000000
2367,1.183500000,-40.231407021,0.080928306,99.965749336,0.000000000,0.000108529,0.000000000,100.000000000,99.965857864,0.000000000,-1.000000000,0.000000000
2368,1.184000000,-35.231407021,0.062062602,99.965784979,0.000000000,0.000072885,0.000000000,100.000000000,99.965857864,0.000000000,-1.000000000,0.000000000
2369,1.184500000,-30.231407021,0.045696899,99.965811815,0.000000000,0.000046049,0.000000000,100.000000000,99.965857864,0.000000000,-1.000000000,0.000000000
2370,1.185000000,-25.231407021,0.031831195,99.965831093,0.000000000,0.000026772,0.000000000,100.000000000,99.965857864,0.000000000,-1.000000000,0.000000000
2371,1.185500000,-20.231407021,0.020465492,99.965844063,0.000000000,0.000013802,0.000000000,100.000000000,99.965857864,0.000000000,-1.000000000,0.000000000
2372,1.186000000,-15.231407021,0.011599788,99.965851975,0.000000000,0.000005889,0.000000000,100.000000000,99.965857864,0.000000000,-1.000000000,0.000000000
2373,1.186500000,-10.231407021,0.005234084,99.965856079,0.000000000,0.000001785,0.000000000,100.000000000,99.965857864,0.000000000,-1.000000000,0.000000000
2374,1.187000000,-5.231407021,0.001368381,99.965857626,0.000000000,0.000000239,0.000000000,100.000000000,99.965857864,0.000000000,-1.000000000,0.000000000
2375,1.187500000,0.000000000,0.000000000,99.965857864,0.000000000,0.000000000,0.000000000,100.000000000,99.965857864,0.000000000,-1.000000000,0.000000000
