index,time_s,acc,vel,s,X,Y,Z,L_raw,L_trim,ux,uy,uz
0,0.000000000,0.000000000,16.209300531,0.000000000,99.945584469,100.000000000,0.000000000,100.000000000,99.911442334,-1.000000000,0.000000000,0.000000000
1,0.000500000,5.000000000,16.210550531,0.008104859,99.937479611,100.000000000,0.000000000,100.000000000,99.911442334,-1.000000000,0.000000000,0.000000000
2,0.001000000,10.000000000,16.214300531,0.016210967,99.929373502,100.000000000,0.000000000,100.000000000,99.911442334,-1.000000000,0.000000000,0.000000000
3,0.001500000,15.000000000,16.220550531,0.024319576,99.921264894,100.000000000,0.000000000,100.000000000,99.911442334,-1.000000000,0.000000000,0.000000000
4,0.002000000,20.000000000,16.229300531,0.032431934,99.913152535,100.000000000,0.000000000,100.000000000,99.911442334,-1.000000000,0.000000000,0.000000000
5,0.002500000,25.000000000,16.240550531,0.040549293,99.905035176,100.000000000,0.000000000,100.000000000,99.911442334,-1.000000000,0.000000000,0.000000000
6,0.003000000,30.000000000,16.254300531,0.048672902,99.896911568,100.000000000,0.000000000,100.000000000,99.911442334,-1.000000000,0.000000000,0.000000000
7,0.003500000,35.000000000,16.270550531,0.056804010,99.888780459,100.000000000,0.000000000,100.000000000,99.911442334,-1.000000000,0.000000000,0.000000000
8,0.004000000,40.000000000,16.289300531,0.064943869,99.880640601,100.000000000,0.000000000,100.000000000,99.911442334,-1.000000000,0.000000000,0.000000000
9,0.004500000,45.000000000,16.310550531,0.073093727,99.872490742,100.000000000,0.000000000,100.000000000,99.911442334,-1.000000000,0.000000000,0.000000000
10,0.005000000,50.000000000,16.334300531,0.081254836,99.864329633,100.000000000,0.000000000,100.000000000,99.911442334,-1.000000000,0.000000000,0.000000000
11,0.005500000,55.000000000,16.360550531,0.089428445,99.856156025,100.000000000,0.000000000,100.000000000,99.911442334,-1.000000000,0.000000000,0.000000000
12,0.006000000,60.000000000,16.389300531,0.097615803,99.847968666,100.000000000,0.000000000,100.000000000,99.911442334,-1.000000000,0.000000000,0.000000000
13,0.006500000,65.000000000,16.420550531,0.105818162,99.839766308,100.000000000,0.000000000,100.000000000,99.911442334,-1.000000000,0.000000000,0.000000000
14,0.007000000,70.000000000,16.454300531,0.114036770,99.831547699,100.000000000,0.000000000,100.000000000,99.911442334,-1.000000000,0.000000000,0.000000000
15,0.007500000,75.000000000,16.490550531,0.122272879,99.823311590,100.000000000,0.000000000,100.000000000,99.911442334,-1.000000000,0.000000000,0.000000000
16,0.008000000,80.000000000,16.529300531,0.130527738,99.815056732,100.000000000,0.000000000,100.000000000,99.911442334,-1.000000000,0.000000000,0.000000000
17,0.008500000,85.000000000,16.570550531,0.138802596,99.806781873,100.000000000,0.000000000,100.000000000,99.911442334,-1.000000000,0.000000000,0.000000000
18,0.009000000,90.000000000,16.614300531,0.147098705,99.798485765,100.000000000,0.000000000,100.000000000,99.911442334,-1.000000000,0.000000000,0.000000000
19,0.009500000,95.000000000,16.660550531,0.155417313,99.790167156,100.000000000,0.000000000,100.000000000,99.911442334,-1.000000000,0.000000000,0.000000000
20,0.010000000,100.000000000,16.709300531,0.163759672,99.781824797,100.000000000,0.000000000,100.000000000,99.911442334,-1.000000000,0.000000000,0.000000000
21,0.010500000,105.000000000,16.760550531,0.172127031,99.773457439,100.000000000,0.000000000,100.000000000,99.911442334,-1.000000000,0.000000000,0.000000000
22,0.011000000,110.000000000,16.814300531,0.180520639,99.765063830,100.000000000,0.000000000,100.000000000,99.911442334,-1.000000000,0.000000000,0.000000000
23,0.011500000,115.000000000,16.870550531,0.188941748,99.756642722,100.000000000,0.000000000,100.000000000,99.911442334,-1.000000000,0.000000000,0.000000000
24,0.012000000,120.000000000,16.929300531,0.197391606,99.748192863,100.000000000,0.000000000,100.000000000,99.911442334,-1.000000000,0.000000000,0.000000000
25,0.012500000,125.000000000,16.990550531,0.205871465,99.739713004,100.000000000,0.000000000,100.000000000,99.911442334,-1.000000000,0.000000000,0.000000000
26,0.013000000,130.000000000,17.054300531,0.214382574,99.731201896,100.000000000,0.000000000,100.000000000,99.911442334,-1.000000000,0.000000000,0.000000000
27,0.013500000,135.000000000,17.120550531,0.222926182,99.722658287,100.000000000,0.000000000,100.000000000,99.911442334,-1.000000000,0.000000000,0.000000000
28,0.014000000,140.000000000,17.189300531,0.231503541,99.714080929,100.000000000,0.000000000,100.000000000,99.911442334,-1.000000000,0.000000000,0.000000000
29,0.014500000,145.000000000,17.260550531,0.240115899,99.705468570,100.000000000,0.000000000,100.000000000,99.911442334,-1.000000000,0.000000000,0.000000000
30,0.015000000,150.000000000,17.334300531,0.248764508,99.696819961,100.000000000,0.000000000,100.000000000,99.911442334,-1.000000000,0.000000000,0.000000000
31,0.015500000,155.000000000,17.410550531,0.257450617,99.688133853,100.000000000,0.000000000,100.000000000,99.911442334,-1.000000000,0.000000000,0.000000000
32,0.016000000,160.000000000,17.489300531,0.266175475,99.679408994,100.000000000,0.000000000,100.000000000,99.911442334,-1.000000000,0.000000000,0.000000000
33,0.016500000,165.000000000,17.570550531,0.274940334,99.670644136,100.000000000,0.000000000,100.000000000,99.911442334,-1.000000000,0.000000000,0.000000000
34,0.017000000,170.000000000,17.654300531,0.283746442,99.661838027,100.000000000,0.000000000,100.000000000,99.911442334,-1.000000000,0.000000000,0.000000000
35,0.017500000,175.000000000,17.740550531,0.292595051,99.652989419,100.000000000,0.000000000,100.000000000,99.911442334,-1.000000000,0.000000000,0.000000000
36,0.018000000,180.000000000,17.829300531,0.301487410,99.644097060,100.000000000,0.000000000,100.000000000,99.911442334,-1.000000000,0.000000000,0.000000000
37,0.018500000,185.000000000,17.920550531,0.310424768,99.635159701,100.000000000,0.000000000,100.000000000,99.911442334,-1.000000000,0.000000000,0.000000000
38,0.019000000,190.000000000,18.014300531,0.319408377,99.626176093,100.000000000,0.000000000,100.000000000,99.911442334,-1.000000000,0.000000000,0.000000000
39,0.019500000,195.000000000,18.110550531,0.328439485,99.617144984,100.000000000,0.000000000,100.000000000,99.911442334,-1.000000000,0.000000000,0.000000000
40,0.020000000,200.000000000,18.209300531,0.337519344,99.608065126,100.000000000,0.000000000,100.000000000,99.911442334,-1.000000000,0.000000000,0.000000000
41,0.020500000,205.000000000,18.310550531,0.346649203,99.598935267,100.000000000,0.000000000,100.000000000,99.911442334,-1.000000000,0.000000000,0.000000000
42,0.021000000,210.000000000,18.414300531,0.355830311,99.589754158,100.000000000,0.000000000,100.000000000,99.911442334,-1.000000000,0.000000000,0.000000000
43,0.021500000,215.000000000,18.520550531,0.365063920,99.580520550,100.000000000,0.000000000,100.000000000,99.911442334,-1.000000000,0.000000000,0.000000000
44,0.022000000,220.000000000,18.629300531,0.374351278,99.571233191,100.000000000,0.000000000,100.000000000,99.911442334,-1.000000000,0.000000000,0.000000000
45,0.022500000,225.000000000,18.740550531,0.383693637,99.561890833,100.000000000,0.000000000,100.000000000,99.911442334,-1.000000000,0.000000000,0.000000000
46,0.023000000,230.000000000,18.854300531,0.393092246,99.552492224,100.000000000,0.000000000,100.000000000,99.911442334,-1.000000000,0.000000000,0.000000000
47,0.023500000,235.000000000,18.970550531,0.402548354,99.543036115,100.000000000,0.000000000,100.000000000,99.911442334,-1.000000000,0.000000000,0.000000000
48,0.024000000,240.000000000,19.089300531,0.412063213,99.533521257,100.000000000,0.000000000,100.000000000,99.911442334,-1.000000000,0.000000000,0.000000000
49,0.024500000,245.000000000,19.210550531,0.421638071,99.523946398,100.000000000,0.000000000,100.000000000,99.911442334,-1.000000000,0.000000000,0.000000000
50,0.025000000,250.000000000,19.334300531,0.431274180,99.514310290,100.000000000,0.000000000,100.000000000,99.911442334,-1.000000000,0.000000000,0.000000000
51,0.025500000,255.000000000,19.460550531,0.440972789,99.504611681,100.000000000,0.000000000,100.000000000,99.911442334,-1.000000000,0.000000000,0.000000000
52,0.026000000,260.000000000,19.589300531,0.450735147,99.494849322,100.000000000,0.000000000,100.000000000,99.911442334,-1.000000000,0.000000000,0.000000000
53,0.026500000,265.000000000,19.720550531,0.460562506,99.485021964,100.000000000,0.000000000,100.000000000,99.911442334,-1.000000000,0.000000000,0.000000000
54,0.027000000,270.000000000,19.854300531,0.470456114,99.475128355,100.000000000,0.000000000,100.000000000,99.911442334,-1.000000000,0.000000000,0.000000000
55,0.027500000,275.000000000,19.990550531,0.480417223,99.465167247,100.000000000,0.000000000,100.000000000,99.911442334,-1.000000000,0.000000000,0.000000000
56,0.028000000,280.000000000,20.129300531,0.490447082,99.455137388,100.000000000,0.000000000,100.000000000,99.911442334,-1.000000000,0.000000000,0.000000000
57,0.028500000,285.000000000,20.270550531,0.500546940,99.445037529,100.000000000,0.000000000,100.000000000,99.911442334,-1.000000000,0.000000000,0.000000000
58,0.029000000,290.000000000,20.414300531,0.510718049,99.434866421,100.000000000,0.000000000,100.000000000,99.911442334,-1.000000000,0.000000000,0.000000000
59,0.029500000,295.000000000,20.560550531,0.520961657,99.424622812,100.000000000,0.000000000,100.000000000,99.911442334,-1.000000000,0.000000000,0.000000000
60,0.030000000,300.000000000,20.709300531,0.531279016,99.414305454,100.000000000,0.000000000,100.000000000,99.911442334,-1.000000000,0.000000000,0.000000000
61,0.030500000,305.000000000,20.860550531,0.541671375,99.403913095,100.000000000,0.000000000,100.000000000,99.911442334,-1.000000000,0.000000000,0.000000000
62,0.031000000,310.000000000,21.014300531,0.552139983,99.393444486,100.000000000,0.000000000,100.000000000,99.911442334,-1.000000000,0.000000000,0.000000000
63,0.031500000,315.000000000,21.170550531,0.562686092,99.382898378,100.000000000,0.000000000,100.000000000,99.911442334,-1.000000000,0.000000000,0.000000000
64,0.032000000,320.000000000,21.329300531,0.573310950,99.372273519,100.000000000,0.000000000,100.000000000,99.911442334,-1.000000000,0.000000000,0.000000000
65,0.032500000,325.000000000,21.490550531,0.584015809,99.361568661,100.000000000,0.000000000,100.000000000,99.911442334,-1.000000000,0.000000000,0.000000000
66,0.033000000,330.000000000,21.654300531,0.594801918,99.350782552,100.000000000,0.000000000,100.000000000,99.911442334,-1.000000000,0.000000000,0.000000000
67,0.033500000,335.000000000,21.820550531,0.605670526,99.339913943,100.000000000,0.000000000,100.000000000,99.911442334,-1.000000000,0.000000000,0.000000000
68,0.034000000,340.000000000,21.989300531,0.616622885,99.328961585,100.000000000,0.000000000,100.000000000,99.911442334,-1.000000000,0.000000000,0.000000000
69,0.034500000,345.000000000,22.160550531,0.627660243,99.317924226,100.000000000,0.000000000,100.000000000,99.911442334,-1.000000000,0.000000000,0.000000000
70,0.035000000,350.000000000,22.334300531,0.638783852,99.306800618,100.000000000,0.000000000,100.000000000,99.911442334,-1.000000000,0.000000000,0.000000000
71,0.035500000,355.000000000,22.510550531,0.649994961,99.295589509,100.000000000,0.000000000,100.000000000,99.911442334,-1.000000000,0.000000000,0.000000000
72,0.036000000,360.000000000,22.689300531,0.661294819,99.284289650,100.000000000,0.000000000,100.000000000,99.911442334,-1.000000000,0.000000000,0.000000000
73,0.036500000,365.000000000,22.870550531,0.672684678,99.272899792,100.000000000,0.000000000,100.000000000,99.911442334,-1.000000000,0.000000000,0.000000000
74,0.037000000,370.000000000,23.054300531,0.684165786,99.261418683,100.000000000,0.000000000,100.000000000,99.911442334,-1.000000000,0.000000000,0.000000000
75,0.037500000,375.000000000,23.240550531,0.695739395,99.249845075,100.000000000,0.000000000,100.000000000,99.911442334,-1.000000000,0.000000000,0.000000000
76,0.038000000,380.000000000,23.429300531,0.707406753,99.238177716,100.000000000,0.000000000,100.000000000,99.911442334,-1.000000000,0.000000000,0.000000000
77,0.038500000,385.000000000,23.620550531,0.719169112,99.226415357,100.000000000,0.000000000,100.000000000,99.911442334,-1.000000000,0.000000000,0.000000000
78,0.039000000,390.000000000,23.814300531,0.731027721,99.214556749,100.000000000,0.000000000,100.000000000,99.911442334,-1.000000000,0.000000000,0.000000000
79,0.039500000,395.000000000,24.010550531,0.742983829,99.202600640,100.000000000,0.000000000,100.000000000,99.911442334,-1.000000000,0.000000000,0.000000000
80,0.040000000,400.000000000,24.209300531,0.755038688,99.190545782,100.000000000,0.000000000,100.000000000,99.911442334,-1.000000000,0.000000000,0.000000000
81,0.040500000,405.000000000,24.410550531,0.767193546,99.178390923,100.000000000,0.000000000,100.000000000,99.911442334,-1.000000000,0.000000000,0.000000000
82,0.041000000,410.000000000,24.614300531,0.779449655,99.166134814,100.000000000,0.000000000,100.000000000,99.911442334,-1.000000000,0.000000000,0.000000000
83,0.041500000,415.000000000,24.820550531,0.791808264,99.153776206,100.000000000,0.000000000,100.000000000,99.911442334,-1.000000000,0.000000000,0.000000000
84,0.042000000,420.000000000,25.029300531,0.804270622,99.141313847,100.000000000,0.000000000,100.000000000,99.911442334,-1.000000000,0.000000000,0.000000000
85,0.042500000,425.000000000,25.240550531,0.816837981,99.128746489,100.000000000,0.000000000,100.000000000,99.911442334,-1.000000000,0.000000000,0.000000000
86,0.043000000,430.000000000,25.454300531,0.829511589,99.116072880,100.000000000,0.000000000,100.000000000,99.911442334,-1.000000000,0.000000000,0.000000000
87,0.043500000,435.000000000,25.670550531,0.842292698,99.103291771,100.000000000,0.000000000,100.000000000,99.911442334,-1.000000000,0.000000000,0.000000000
88,0.044000000,440.000000000,25.889300531,0.855182557,99.090401913,100.000000000,0.000000000,100.000000000,99.911442334,-1.000000000,0.000000000,0.000000000
89,0.044500000,445.000000000,26.110550531,0.868182415,99.077402054,100.000000000,0.000000000,100.000000000,99.911442334,-1.000000000,0.000000000,0.000000000
90,0.045000000,450.000000000,26.334300531,0.881293524,99.064290946,100.000000000,0.000000000,100.000000000,99.911442334,-1.000000000,0.000000000,0.000000000
91,0.045500000,455.000000000,26.560550531,0.894517132,99.051067337,100.000000000,0.000000000,100.000000000,99.911442334,-1.000000000,0.000000000,0.000000000
92,0.046000000,460.000000000,26.789300531,0.907854491,99.037729978,100.000000000,0.000000000,100.000000000,99.911442334,-1.000000000,0.000000000,0.000000000
93,0.046500000,465.000000000,27.020550531,0.921306850,99.024277620,100.000000000,0.000000000,100.000000000,99.911442334,-1.000000000,0.000000000,0.000000000
94,0.047000000,470.000000000,27.254300531,0.934875458,99.010709011,100.000000000,0.000000000,100.000000000,99.911442334,-1.000000000,0.000000000,0.000000000
95,0.047500000,475.000000000,27.490550531,0.948561567,98.997022903,100.000000000,0.000000000,100.000000000,99.911442334,-1.000000000,0.000000000,0.000000000
96,0.048000000,480.000000000,27.729300531,0.962366425,98.983218044,100.000000000,0.000000000,100.000000000,99.911442334,-1.000000000,0.000000000,0.000000000
97,0.048500000,485.000000000,27.970550531,0.976291284,98.969293185,100.000000000,0.000000000,100.000000000,99.911442334,-1.000000000,0.000000000,0.000000000
98,0.049000000,490.000000000,28.214300531,0.990337393,98.955247077,100.000000000,0.000000000,100.000000000,99.911442334,-1.000000000,0.000000000,0.000000000
99,0.049500000,495.000000000,28.460550531,1.004506001,98.941078468,100.000000000,0.000000000,100.000000000,99.911442334,-1.000000000,0.000000000,0.000000000
100,0.050000000,500.000000000,28.709300531,1.018798360,98.926786110,100.000000000,0.000000000,100.000000000,99.911442334,-1.000000000,0.000000000,0.000000000
101,0.050500000,505.000000000,28.960550531,1.033215718,98.912368751,100.000000000,0.000000000,100.000000000,99.911442334,-1.000000000,0.000000000,0.000000000
102,0.051000000,510.000000000,29.214300531,1.047759327,98.897825142,100.000000000,0.000000000,100.000000000,99.911442334,-1.000000000,0.000000000,0.000000000
103,0.051500000,515.000000000,29.470550531,1.062430436,98.883154034,100.000000000,0.000000000,100.000000000,99.911442334,-1.000000000,0.000000000,0.000000000
104,0.052000000,520.000000000,29.729300531,1.077230294,98.868354175,100.000000000,0.000000000,100.000000000,99.911442334,-1.000000000,0.000000000,0.000000000
105,0.052500000,525.000000000,29.990550531,1.092160153,98.853424317,100.000000000,0.000000000,100.000000000,99.911442334,-1.000000000,0.000000000,0.000000000
106,0.053000000,530.000000000,30.254300531,1.107221261,98.838363208,100.000000000,0.000000000,100.000000000,99.911442334,-1.000000000,0.000000000,0.000000000
107,0.053500000,535.000000000,30.520550531,1.122414870,98.823169599,100.000000000,0.000000000,100.000000000,99.911442334,-1.000000000,0.000000000,0.000000000
108,0.054000000,540.000000000,30.789300531,1.137742229,98.807842241,100.000000000,0.000000000,100.000000000,99.911442334,-1.000000000,0.000000000,0.000000000
109,0.054500000,545.000000000,31.060550531,1.153204587,98.792379882,100.000000000,0.000000000,100.000000000,99.911442334,-1.000000000,0.000000000,0.000000000
110,0.055000000,550.000000000,31.334300531,1.168803196,98.776781274,100.000000000,0.000000000,100.000000000,99.911442334,-1.000000000,0.000000000,0.000000000
111,0.055500000,555.000000000,31.610550531,1.184539304,98.761045165,100.000000000,0.000000000,100.000000000,99.911442334,-1.000000000,0.000000000,0.000000000
112,0.056000000,560.000000000,31.889300531,1.200414163,98.745170306,100.000000000,0.000000000,100.000000000,99.911442334,-1.000000000,0.000000000,0.000000000
113,0.056500000,565.000000000,32.170550531,1.216429022,98.729155448,100.000000000,0.000000000,100.000000000,99.911442334,-1.000000000,0.000000000,0.000000000
114,0.057000000,570.000000000,32.454300531,1.232585130,98.712999339,100.000000000,0.000000000,100.000000000,99.911442334,-1.000000000,0.000000000,0.000000000
115,0.057500000,575.000000000,32.740550531,1.248883739,98.696700731,100.000000000,0.000000000,100.000000000,99.911442334,-1.000000000,0.000000000,0.000000000
116,0.058000000,580.000000000,33.029300531,1.265326097,98.680258372,100.000000000,0.000000000,100.000000000,99.911442334,-1.000000000,0.000000000,0.000000000
117,0.058500000,585.000000000,33.320550531,1.281913456,98.663671013,100.000000000,0.000000000,100.000000000,99.911442334,-1.000000000,0.000000000,0.000000000
118,0.059000000,590.000000000,33.614300531,1.298647065,98.646937405,100.000000000,0.000000000,100.000000000,99.911442334,-1.000000000,0.000000000,0.000000000
119,0.059500000,595.000000000,33.910550531,1.315528173,98.630056296,100.000000000,0.000000000,100.000000000,99.911442334,-1.000000000,0.000000000,0.000000000
120,0.060000000,600.000000000,34.209300531,1.332558032,98.613026438,100.000000000,0.000000000,100.000000000,99.911442334,-1.000000000,0.000000000,0.000000000
121,0.060500000,605.000000000,34.510550531,1.349737890,98.595846579,100.000000000,0.000000000,100.000000000,99.911442334,-1.000000000,0.000000000,0.000000000
122,0.061000000,610.000000000,34.814300531,1.367068999,98.578515470,100.000000000,0.000000000,100.000000000,99.911442334,-1.000000000,0.000000000,0.000000000
123,0.061500000,615.000000000,35.120550531,1.384552608,98.561031862,100.000000000,0.000000000,100.000000000,99.911442334,-1.000000000,0.000000000,0.000000000
124,0.062000000,620.000000000,35.429300531,1.402189966,98.543394503,100.000000000,0.000000000,100.000000000,99.911442334,-1.000000000,0.000000000,0.000000000
125,0.062500000,625.000000000,35.740550531,1.419982325,98.525602145,100.000000000,0.000000000,100.000000000,99.911442334,-1.000000000,0.000000000,0.000000000
126,0.063000000,630.000000000,36.054300531,1.437930933,98.507653536,100.000000000,0.000000000,100.000000000,99.911442334,-1.000000000,0.000000000,0.000000000
127,0.063500000,635.000000000,36.370550531,1.456037042,98.489547427,100.000000000,0.000000000,100.000000000,99.911442334,-1.000000000,0.000000000,0.000000000
128,0.064000000,640.000000000,36.689300531,1.474301901,98.471282569,100.000000000,0.000000000,100.000000000,99.911442334,-1.000000000,0.000000000,0.000000000
129,0.064500000,645.000000000,37.010550531,1.492726759,98.452857710,100.000000000,0.000000000,100.000000000,99.911442334,-1.000000000,0.000000000,0.000000000
130,0.065000000,650.000000000,37.334300531,1.511312868,98.434271602,100.000000000,0.000000000,100.000000000,99.911442334,-1.000000000,0.000000000,0.000000000
131,0.065500000,655.000000000,37.660550531,1.530061476,98.415522993,100.000000000,0.000000000,100.000000000,99.911442334,-1.000000000,0.000000000,0.000000000
132,0.066000000,660.000000000,37.989300531,1.548973835,98.396610634,100.000000000,0.000000000,100.000000000,99.911442334,-1.000000000,0.000000000,0.000000000
133,0.066500000,665.000000000,38.320550531,1.568051194,98.377533276,100.000000000,0.000000000,100.000000000,99.911442334,-1.000000000,0.000000000,0.000000000
134,0.067000000,670.000000000,38.654300531,1.587294802,98.358289667,100.000000000,0.000000000,100.000000000,99.911442334,-1.000000000,0.000000000,0.000000000
135,0.067500000,675.000000000,38.990550531,1.606705911,98.338878559,100.000000000,0.000000000,100.000000000,99.911442334,-1.000000000,0.000000000,0.000000000
136,0.068000000,680.000000000,39.329300531,1.626285769,98.319298700,100.000000000,0.000000000,100.000000000,99.911442334,-1.000000000,0.000000000,0.000000000
137,0.068500000,685.000000000,39.670550531,1.646035628,98.299548841,100.000000000,0.000000000,100.000000000,99.911442334,-1.000000000,0.000000000,0.000000000
138,0.069000000,690.000000000,40.014300531,1.665956737,98.279627733,100.000000000,0.000000000,100.000000000,99.911442334,-1.000000000,0.000000000,0.000000000
139,0.069500000,695.000000000,40.360550531,1.686050345,98.259534124,100.000000000,0.000000000,100.000000000,99.911442334,-1.000000000,0.000000000,0.000000000
140,0.070000000,700.000000000,40.709300531,1.706317704,98.239266766,100.000000000,0.000000000,100.000000000,99.911442334,-1.000000000,0.000000000,0.000000000
141,0.070500000,705.000000000,41.060550531,1.726760062,98.218824407,100.000000000,0.000000000,100.000000000,99.911442334,-1.000000000,0.000000000,0.000000000
142,0.071000000,710.000000000,41.414300531,1.747378671,98.198205798,100.000000000,0.000000000,100.000000000,99.911442334,-1.000000000,0.000000000,0.000000000
143,0.071500000,715.000000000,41.770550531,1.768174780,98.177409690,100.000000000,0.000000000,100.000000000,99.911442334,-1.000000000,0.000000000,0.000000000
144,0.072000000,720.000000000,42.129300531,1.789149638,98.156434831,100.000000000,0.000000000,100.000000000,99.911442334,-1.000000000,0.000000000,0.000000000
145,0.072500000,725.000000000,42.490550531,1.810304497,98.135279973,100.000000000,0.000000000,100.000000000,99.911442334,-1.000000000,0.000000000,0.000000000
146,0.073000000,730.000000000,42.854300531,1.831640605,98.113943864,100.000000000,0.000000000,100.000000000,99.911442334,-1.000000000,0.000000000,0.000000000
147,0.073500000,735.000000000,43.220550531,1.853159214,98.092425255,100.000000000,0.000000000,100.000000000,99.911442334,-1.000000000,0.000000000,0.000000000
148,0.074000000,740.000000000,43.589300531,1.874861573,98.070722897,100.000000000,0.000000000,100.000000000,99.911442334,-1.000000000,0.000000000,0.000000000
149,0.074500000,745.000000000,43.960550531,1.896748931,98.048835538,100.000000000,0.000000000,100.000000000,99.911442334,-1.000000000,0.000000000,0.000000000
150,0.075000000,750.000000000,44.334300531,1.918822540,98.026761930,100.000000000,0.000000000,100.000000000,99.911442334,-1.000000000,0.000000000,0.000000000
151,0.075500000,755.000000000,44.710550531,1.941083648,98.004500821,100.000000000,0.000000000,100.000000000,99.911442334,-1.000000000,0.000000000,0.000000000
152,0.076000000,760.000000000,45.089300531,1.963533507,97.982050962,100.000000000,0.000000000,100.000000000,99.911442334,-1.000000000,0.000000000,0.000000000
153,0.076500000,765.000000000,45.470550531,1.986173366,97.959411104,100.000000000,0.000000000,100.000000000,99.911442334,-1.000000000,0.000000000,0.000000000
154,0.077000000,770.000000000,45.854300531,2.009004474,97.936579995,100.000000000,0.000000000,100.000000000,99.911442334,-1.000000000,0.000000000,0.000000000
155,0.077500000,775.000000000,46.240550531,2.032028083,97.913556387,100.000000000,0.000000000,100.000000000,99.911442334,-1.000000000,0.000000000,0.000000000
156,0.078000000,780.000000000,46.629300531,2.055245441,97.890339028,100.000000000,0.000000000,100.000000000,99.911442334,-1.000000000,0.000000000,0.000000000
157,0.078500000,785.000000000,47.020550531,2.078657800,97.866926669,100.000000000,0.000000000,100.000000000,99.911442334,-1.000000000,0.000000000,0.000000000
158,0.079000000,790.000000000,47.414300531,2.102266409,97.843318061,100.000000000,0.000000000,100.000000000,99.911442334,-1.000000000,0.000000000,0.000000000
159,0.079500000,795.000000000,47.810550531,2.126072517,97.819511952,100.000000000,0.000000000,100.000000000,99.911442334,-1.000000000,0.000000000,0.000000000
160,0.080000000,800.000000000,48.209300531,2.150077376,97.795507094,100.000000000,0.000000000,100.000000000,99.911442334,-1.000000000,0.000000000,0.000000000
161,0.080500000,805.000000000,48.610550531,2.174282234,97.771302235,100.000000000,0.000000000,100.000000000,99.911442334,-1.000000000,0.000000000,0.000000000
162,0.081000000,810.000000000,49.014300531,2.198688343,97.746896126,100.000000000,0.000000000,100.000000000,99.911442334,-1.000000000,0.000000000,0.000000000
163,0.081500000,815.000000000,49.420550531,2.223296952,97.722287518,100.000000000,0.000000000,100.000000000,99.911442334,-1.000000000,0.000000000,0.000000000
164,0.082000000,820.000000000,49.829300531,2.248109310,97.697475159,100.000000000,0.000000000,100.000000000,99.911442334,-1.000000000,0.000000000,0.000000000
165,0.082500000,825.000000000,50.240550531,2.273126669,97.672457801,100.000000000,0.000000000,100.000000000,99.911442334,-1.000000000,0.000000000,0.000000000
166,0.083000000,830.000000000,50.654300531,2.298350277,97.647234192,100.000000000,0.000000000,100.000000000,99.911442334,-1.000000000,0.000000000,0.000000000
167,0.083500000,835.000000000,51.070550531,2.323781386,97.621803083,100.000000000,0.000000000,100.000000000,99.911442334,-1.000000000,0.000000000,0.000000000
168,0.084000000,840.000000000,51.489300531,2.349421245,97.596163225,100.000000000,0.000000000,100.000000000,99.911442334,-1.000000000,0.000000000,0.000000000
169,0.084500000,845.000000000,51.910550531,2.375271103,97.570313366,100.000000000,0.000000000,100.000000000,99.911442334,-1.000000000,0.000000000,0.000000000
170,0.085000000,850.000000000,52.334300531,2.401332212,97.544252258,100.000000000,0.000000000,100.000000000,99.911442334,-1.000000000,0.000000000,0.000000000
171,0.085500000,855.000000000,52.760550531,2.427605820,97.517978649,100.000000000,0.000000000,100.000000000,99.911442334,-1.000000000,0.000000000,0.000000000
172,0.086000000,860.000000000,53.189300531,2.454093179,97.491491290,100.000000000,0.000000000,100.000000000,99.911442334,-1.000000000,0.000000000,0.000000000
173,0.086500000,865.000000000,53.620550531,2.480795538,97.464788932,100.000000000,0.000000000,100.000000000,99.911442334,-1.000000000,0.000000000,0.000000000
174,0.087000000,870.000000000,54.054300531,2.507714146,97.437870323,100.000000000,0.000000000,100.000000000,99.911442334,-1.000000000,0.000000000,0.000000000
175,0.087500000,875.000000000,54.490550531,2.534850255,97.410734215,100.000000000,0.000000000,100.000000000,99.911442334,-1.000000000,0.000000000,0.000000000
176,0.088000000,880.000000000,54.929300531,2.562205113,97.383379356,100.000000000,0.000000000,100.000000000,99.911442334,-1.000000000,0.000000000,0.000000000
177,0.088500000,885.000000000,55.370550531,2.589779972,97.355804497,100.000000000,0.000000000,100.000000000,99.911442334,-1.000000000,0.000000000,0.000000000
178,0.089000000,890.000000000,55.814300531,2.617576081,97.328008389,100.000000000,0.000000000,100.000000000,99.911442334,-1.000000000,0.000000000,0.000000000
179,0.089500000,895.000000000,56.260550531,2.645594689,97.299989780,100.000000000,0.000000000,100.000000000,99.911442334,-1.000000000,0.000000000,0.000000000
180,0.090000000,900.000000000,56.709300531,2.673837048,97.271747422,100.000000000,0.000000000,100.000000000,99.911442334,-1.000000000,0.000000000,0.000000000
181,0.090500000,905.000000000,57.160550531,2.702304406,97.243280063,100.000000000,0.000000000,100.000000000,99.911442334,-1.000000000,0.000000000,0.000000000
182,0.091000000,910.000000000,57.614300531,2.730998015,97.214586455,100.000000000,0.000000000,100.000000000,99.911442334,-1.000000000,0.000000000,0.000000000
183,0.091500000,915.000000000,58.070550531,2.759919124,97.185665346,100.000000000,0.000000000,100.000000000,99.911442334,-1.000000000,0.000000000,0.000000000
184,0.092000000,910.745197666,58.527159246,2.789068652,97.156515818,100.000000000,0.000000000,100.000000000,99.911442334,-1.000000000,0.000000000,0.000000000
185,0.092500000,905.745197666,58.981281845,2.818445866,97.127138603,100.000000000,0.000000000,100.000000000,99.911442334,-1.000000000,0.000000000,0.000000000
186,0.093000000,900.745197666,59.432904444,2.848049517,97.097534952,100.000000000,0.000000000,100.000000000,99.911442334,-1.000000000,0.000000000,0.000000000
187,0.093500000,895.745197666,59.882027043,2.877878354,97.067706115,100.000000000,0.000000000,100.000000000,99.911442334,-1.000000000,0.000000000,0.000000000
188,0.094000000,890.745197666,60.328649642,2.907931127,97.037653342,100.000000000,0.000000000,100.000000000,99.911442334,-1.000000000,0.000000000,0.000000000
189,0.094500000,885.745197666,60.772772241,2.938206587,97.007377882,100.000000000,0.000000000,100.000000000,99.911442334,-1.000000000,0.000000000,0.000000000
190,0.095000000,880.745197666,61.214394839,2.968703483,96.976880986,100.000000000,0.000000000,100.000000000,99.911442334,-1.000000000,0.000000000,0.000000000
191,0.095500000,875.745197666,61.653517438,2.999420565,96.946163904,100.000000000,0.000000000,100.000000000,99.911442334,-1.000000000,0.000000000,0.000000000
192,0.096000000,870.745197666,62.090140037,3.030356584,96.915227886,100.000000000,0.000000000,100.000000000,99.911442334,-1.000000000,0.000000000,0.000000000
193,0.096500000,865.745197666,62.524262636,3.061510289,96.884074181,100.000000000,0.000000000,100.000000000,99.911442334,-1.000000000,0.000000000,0.000000000
194,0.097000000,860.745197666,62.955885235,3.092880430,96.852704040,100.000000000,0.000000000,100.000000000,99.911442334,-1.000000000,0.000000000,0.000000000
195,0.097500000,855.745197666,63.385007834,3.124465757,96.821118712,100.000000000,0.000000000,100.000000000,99.911442334,-1.000000000,0.000000000,0.000000000
196,0.098000000,850.745197666,63.811630432,3.156265021,96.789319449,100.000000000,0.000000000,100.000000000,99.911442334,-1.000000000,0.000000000,0.000000000
197,0.098500000,845.745197666,64.235753031,3.188276971,96.757307499,100.000000000,0.000000000,100.000000000,99.911442334,-1.000000000,0.000000000,0.000000000
198,0.099000000,840.745197666,64.657375630,3.220500357,96.725084112,100.000000000,0.000000000,100.000000000,99.911442334,-1.000000000,0.000000000,0.000000000
199,0.099500000,835.745197666,65.076498229,3.252933930,96.692650540,100.000000000,0.000000000,100.000000000,99.911442334,-1.000000000,0.000000000,0.000000000
200,0.100000000,830.745197666,65.493120828,3.285576439,96.660008031,100.000000000,0.000000000,100.000000000,99.911442334,-1.000000000,0.000000000,0.000000000
201,0.100500000,825.745197666,65.907243427,3.318426634,96.627157835,100.000000000,0.000000000,100.000000000,99.911442334,-1.000000000,0.000000000,0.000000000
202,0.101000000,820.745197666,66.318866025,3.351483266,96.594101204,100.000000000,0.000000000,100.000000000,99.911442334,-1.000000000,0.000000000,0.000000000
203,0.101500000,815.745197666,66.727988624,3.384745083,96.560839386,100.000000000,0.000000000,100.000000000,99.911442334,-1.000000000,0.000000000,0.000000000
204,0.102000000,810.745197666,67.134611223,3.418210838,96.527373632,100.000000000,0.000000000,100.000000000,99.911442334,-1.000000000,0.000000000,0.000000000
205,0.102500000,805.745197666,67.538733822,3.451879278,96.493705191,100.000000000,0.000000000,100.000000000,99.911442334,-1.000000000,0.000000000,0.000000000
206,0.103000000,800.745197666,67.940356421,3.485749155,96.459835315,100.000000000,0.000000000,100.000000000,99.911442334,-1.000000000,0.000000000,0.000000000
207,0.103500000,795.745197666,68.339479020,3.519819218,96.425765252,100.000000000,0.000000000,100.000000000,99.911442334,-1.000000000,0.000000000,0.000000000
208,0.104000000,790.745197666,68.736101618,3.554088217,96.391496252,100.000000000,0.000000000,100.000000000,99.911442334,-1.000000000,0.000000000,0.000000000
209,0.104500000,785.745197666,69.130224217,3.588554903,96.357029567,100.000000000,0.000000000,100.000000000,99.911442334,-1.000000000,0.000000000,0.000000000
210,0.105000000,780.745197666,69.521846816,3.623218025,96.322366445,100.000000000,0.000000000,100.000000000,99.911442334,-1.000000000,0.000000000,0.000000000
211,0.105500000,775.745197666,69.910969415,3.658076333,96.287508137,100.000000000,0.000000000,100.000000000,99.911442334,-1.000000000,0.000000000,0.000000000
212,0.106000000,770.745197666,70.297592014,3.693128577,96.252455892,100.000000000,0.000000000,100.000000000,99.911442334,-1.000000000,0.000000000,0.000000000
213,0.106500000,765.745197666,70.681714613,3.728373508,96.217210961,100.000000000,0.000000000,100.000000000,99.911442334,-1.000000000,0.000000000,0.000000000
214,0.107000000,760.745197666,71.063337211,3.763809875,96.181774594,100.000000000,0.000000000,100.000000000,99.911442334,-1.000000000,0.000000000,0.000000000
215,0.107500000,755.745197666,71.442459810,3.799436429,96.146148041,100.000000000,0.000000000,100.000000000,99.911442334,-1.000000000,0.000000000,0.000000000
216,0.108000000,750.745197666,71.819082409,3.835251918,96.110332551,100.000000000,0.000000000,100.000000000,99.911442334,-1.000000000,0.000000000,0.000000000
217,0.108500000,745.745197666,72.193205008,3.871255094,96.074329375,100.000000000,0.000000000,100.000000000,99.911442334,-1.000000000,0.000000000,0.000000000
218,0.109000000,740.745197666,72.564827607,3.907444707,96.038139763,100.000000000,0.000000000,100.000000000,99.911442334,-1.000000000,0.000000000,0.000000000
219,0.109500000,735.745197666,72.933950206,3.943819505,96.001764964,100.000000000,0.000000000,100.000000000,99.911442334,-1.000000000,0.000000000,0.000000000
220,0.110000000,730.745197666,73.300572804,3.980378240,95.965206229,100.000000000,0.000000000,100.000000000,99.911442334,-1.000000000,0.000000000,0.000000000
221,0.110500000,725.745197666,73.664695403,4.017119662,95.928464808,100.000000000,0.000000000,100.000000000,99.911442334,-1.000000000,0.000000000,0.000000000
222,0.111000000,720.745197666,74.026318002,4.054042519,95.891541950,100.000000000,0.000000000,100.000000000,99.911442334,-1.000000000,0.000000000,0.000000000
223,0.111500000,715.745197666,74.385440601,4.091145563,95.854438907,100.000000000,0.000000000,100.000000000,99.911442334,-1.000000000,0.000000000,0.000000000
224,0.112000000,710.745197666,74.742063200,4.128427543,95.817156926,100.000000000,0.000000000,100.000000000,99.911442334,-1.000000000,0.000000000,0.000000000
225,0.112500000,705.745197666,75.096185799,4.165887209,95.779697260,100.000000000,0.000000000,100.000000000,99.911442334,-1.000000000,0.000000000,0.000000000
226,0.113000000,700.745197666,75.447808397,4.203523312,95.742061157,100.000000000,0.000000000,100.000000000,99.911442334,-1.000000000,0.000000000,0.000000000
227,0.113500000,695.745197666,75.796930996,4.241334601,95.704249868,100.000000000,0.000000000,100.000000000,99.911442334,-1.000000000,0.000000000,0.000000000
228,0.114000000,690.745197666,76.143553595,4.279319826,95.666264643,100.000000000,0.000000000,100.000000000,99.911442334,-1.000000000,0.000000000,0.000000000
229,0.114500000,685.745197666,76.487676194,4.317477738,95.628106731,100.000000000,0.000000000,100.000000000,99.911442334,-1.000000000,0.000000000,0.000000000
230,0.115000000,680.745197666,76.829298793,4.355807086,95.589777383,100.000000000,0.000000000,100.000000000,99.911442334,-1.000000000,0.000000000,0.000000000
231,0.115500000,675.745197666,77.168421392,4.394306620,95.551277849,100.000000000,0.000000000,100.000000000,99.911442334,-1.000000000,0.000000000,0.000000000
232,0.116000000,670.745197666,77.505043990,4.432975091,95.512609379,100.000000000,0.000000000,100.000000000,99.911442334,-1.000000000,0.000000000,0.000000000
233,0.116500000,665.745197666,77.839166589,4.471811248,95.473773222,100.000000000,0.000000000,100.000000000,99.911442334,-1.000000000,0.000000000,0.000000000
234,0.117000000,660.745197666,78.170789188,4.510813841,95.434770629,100.000000000,0.000000000,100.000000000,99.911442334,-1.000000000,0.000000000,0.000000000
235,0.117500000,655.745197666,78.499911787,4.549981620,95.395602849,100.000000000,0.000000000,100.000000000,99.911442334,-1.000000000,0.000000000,0.000000000
236,0.118000000,650.745197666,78.826534386,4.589313336,95.356271134,100.000000000,0.000000000,100.000000000,99.911442334,-1.000000000,0.000000000,0.000000000
237,0.118500000,645.745197666,79.150656985,4.628807738,95.316776732,100.000000000,0.000000000,100.000000000,99.911442334,-1.000000000,0.000000000,0.000000000
238,0.119000000,640.745197666,79.472279583,4.668463576,95.277120893,100.000000000,0.000000000,100.000000000,99.911442334,-1.000000000,0.000000000,0.000000000
239,0.119500000,635.745197666,79.791402182,4.708279601,95.237304869,100.000000000,0.000000000,100.000000000,99.911442334,-1.000000000,0.000000000,0.000000000
240,0.120000000,630.745197666,80.108024781,4.748254562,95.197329908,100.000000000,0.000000000,100.000000000,99.911442334,-1.000000000,0.000000000,0.000000000
241,0.120500000,625.745197666,80.422147380,4.788387209,95.157197261,100.000000000,0.000000000,100.000000000,99.911442334,-1.000000000,0.000000000,0.000000000
242,0.121000000,620.745197666,80.733769979,4.828676292,95.116908177,100.000000000,0.000000000,100.000000000,99.911442334,-1.000000000,0.000000000,0.000000000
243,0.121500000,615.745197666,81.042892578,4.869120562,95.076463907,100.000000000,0.000000000,100.000000000,99.911442334,-1.000000000,0.000000000,0.000000000
244,0.122000000,610.745197666,81.349515176,4.909718768,95.035865701,100.000000000,0.000000000,100.000000000,99.911442334,-1.000000000,0.000000000,0.000000000
245,0.122500000,605.745197666,81.653637775,4.950469661,94.995114809,100.000000000,0.000000000,100.000000000,99.911442334,-1.000000000,0.000000000,0.000000000
246,0.123000000,600.745197666,81.955260374,4.991371989,94.954212480,100.000000000,0.000000000,100.000000000,99.911442334,-1.000000000,0.000000000,0.000000000
247,0.123500000,595.745197666,82.254382973,5.032424504,94.913159965,100.000000000,0.000000000,100.000000000,99.911442334,-1.000000000,0.000000000,0.000000000
248,0.124000000,590.745197666,82.551005572,5.073625956,94.871958514,100.000000000,0.000000000,100.000000000,99.911442334,-1.000000000,0.000000000,0.000000000
249,0.124500000,585.745197666,82.845128171,5.114975093,94.830609376,100.000000000,0.000000000,100.000000000,99.911442334,-1.000000000,0.000000000,0.000000000
250,0.125000000,580.745197666,83.136750769,5.156470667,94.789113802,100.000000000,0.000000000,100.000000000,99.911442334,-1.000000000,0.000000000,0.000000000
251,0.125500000,575.745197666,83.425873368,5.198111427,94.747473042,100.000000000,0.000000000,100.000000000,99.911442334,-1.000000000,0.000000000,0.000000000
252,0.126000000,570.745197666,83.712495967,5.239896124,94.705688346,100.000000000,0.000000000,100.000000000,99.911442334,-1.000000000,0.000000000,0.000000000
253,0.126500000,565.745197666,83.996618566,5.281823507,94.663760963,100.000000000,0.000000000,100.000000000,99.911442334,-1.000000000,0.000000000,0.000000000
254,0.127000000,560.745197666,84.278241165,5.323892326,94.621692144,100.000000000,0.000000000,100.000000000,99.911442334,-1.000000000,0.000000000,0.000000000
255,0.127500000,555.745197666,84.557363764,5.366101331,94.579483138,100.000000000,0.000000000,100.000000000,99.911442334,-1.000000000,0.000000000,0.000000000
256,0.128000000,550.745197666,84.833986362,5.408449273,94.537135197,100.000000000,0.000000000,100.000000000,99.911442334,-1.000000000,0.000000000,0.000000000
257,0.128500000,545.745197666,85.108108961,5.450934901,94.494649569,100.000000000,0.000000000,100.000000000,99.911442334,-1.000000000,0.000000000,0.000000000
258,0.129000000,540.745197666,85.379731560,5.493556965,94.452027504,100.000000000,0.000000000,100.000000000,99.911442334,-1.000000000,0.000000000,0.000000000
259,0.129500000,535.745197666,85.648854159,5.536314216,94.409270254,100.000000000,0.000000000,100.000000000,99.911442334,-1.000000000,0.000000000,0.000000000
260,0.130000000,530.745197666,85.915476758,5.579205403,94.366379067,100.000000000,0.000000000,100.000000000,99.911442334,-1.000000000,0.000000000,0.000000000
261,0.130500000,525.745197666,86.179599357,5.622229276,94.323355194,100.000000000,0.000000000,100.000000000,99.911442334,-1.000000000,0.000000000,0.000000000
262,0.131000000,520.745197666,86.441221955,5.665384585,94.280199884,100.000000000,0.000000000,100.000000000,99.911442334,-1.000000000,0.000000000,0.000000000
263,0.131500000,515.745197666,86.700344554,5.708670081,94.236914388,100.000000000,0.000000000,100.000000000,99.911442334,-1.000000000,0.000000000,0.000000000
264,0.132000000,510.745197666,86.956967153,5.752084513,94.193499956,100.000000000,0.000000000,100.000000000,99.911442334,-1.000000000,0.000000000,0.000000000
265,0.132500000,505.745197666,87.211089752,5.795626632,94.149957838,100.000000000,0.000000000,100.000000000,99.911442334,-1.000000000,0.000000000,0.000000000
266,0.133000000,500.745197666,87.462712351,5.839295186,94.106289283,100.000000000,0.000000000,100.000000000,99.911442334,-1.000000000,0.000000000,0.000000000
267,0.133500000,495.745197666,87.711834950,5.883088927,94.062495542,100.000000000,0.000000000,100.000000000,99.911442334,-1.000000000,0.000000000,0.000000000
268,0.134000000,490.745197666,87.958457548,5.927006605,94.018577865,100.000000000,0.000000000,100.000000000,99.911442334,-1.000000000,0.000000000,0.000000000
269,0.134500000,485.745197666,88.202580147,5.971046968,93.974537501,100.000000000,0.000000000,100.000000000,99.911442334,-1.000000000,0.000000000,0.000000000
270,0.135000000,480.745197666,88.444202746,6.015208768,93.930375701,100.000000000,0.000000000,100.000000000,99.911442334,-1.000000000,0.000000000,0.000000000
271,0.135500000,475.745197666,88.683325345,6.059490754,93.886093715,100.000000000,0.000000000,100.000000000,99.911442334,-1.000000000,0.000000000,0.000000000
272,0.136000000,470.745197666,88.919947944,6.103891677,93.841692793,100.000000000,0.000000000,100.000000000,99.911442334,-1.000000000,0.000000000,0.000000000
273,0.136500000,465.745197666,89.154070543,6.148410285,93.797174184,100.000000000,0.000000000,100.000000000,99.911442334,-1.000000000,0.000000000,0.000000000
274,0.137000000,460.745197666,89.385693141,6.193045331,93.752539139,100.000000000,0.000000000,100.000000000,99.911442334,-1.000000000,0.000000000,0.000000000
275,0.137500000,455.745197666,89.614815740,6.237795562,93.707788907,100.000000000,0.000000000,100.000000000,99.911442334,-1.000000000,0.000000000,0.000000000
276,0.138000000,450.745197666,89.841438339,6.282659730,93.662924740,100.000000000,0.000000000,100.000000000,99.911442334,-1.000000000,0.000000000,0.000000000
277,0.138500000,445.745197666,90.065560938,6.327636584,93.617947886,100.000000000,0.000000000,100.000000000,99.911442334,-1.000000000,0.000000000,0.000000000
278,0.139000000,440.745197666,90.287183537,6.372724874,93.572859596,100.000000000,0.000000000,100.000000000,99.911442334,-1.000000000,0.000000000,0.000000000
279,0.139500000,435.745197666,90.506306136,6.417923351,93.527661119,100.000000000,0.000000000,100.000000000,99.911442334,-1.000000000,0.000000000,0.000000000
280,0.140000000,430.745197666,90.722928734,6.463230763,93.482353706,100.000000000,0.000000000,100.000000000,99.911442334,-1.000000000,0.000000000,0.000000000
281,0.140500000,425.745197666,90.937051333,6.508645863,93.436938607,100.000000000,0.000000000,100.000000000,99.911442334,-1.000000000,0.000000000,0.000000000
282,0.141000000,420.745197666,91.148673932,6.554167398,93.391417071,100.000000000,0.000000000,100.000000000,99.911442334,-1.000000000,0.000000000,0.000000000
283,0.141500000,415.745197666,91.357796531,6.599794120,93.345790350,100.000000000,0.000000000,100.000000000,99.911442334,-1.000000000,0.000000000,0.000000000
284,0.142000000,410.745197666,91.564419130,6.645524778,93.300059692,100.000000000,0.000000000,100.000000000,99.911442334,-1.000000000,0.000000000,0.000000000
285,0.142500000,405.745197666,91.768541729,6.691358122,93.254226347,100.000000000,0.000000000,100.000000000,99.911442334,-1.000000000,0.000000000,0.000000000
286,0.143000000,400.745197666,91.970164327,6.737292903,93.208291566,100.000000000,0.000000000,100.000000000,99.911442334,-1.000000000,0.000000000,0.000000000
287,0.143500000,395.745197666,92.169286926,6.783327870,93.162256599,100.000000000,0.000000000,100.000000000,99.911442334,-1.000000000,0.000000000,0.000000000
288,0.144000000,390.745197666,92.365909525,6.829461773,93.116122696,100.000000000,0.000000000,100.000000000,99.911442334,-1.000000000,0.000000000,0.000000000
289,0.144500000,385.745197666,92.560032124,6.875693363,93.069891107,100.000000000,0.000000000,100.000000000,99.911442334,-1.000000000,0.000000000,0.000000000
290,0.145000000,380.745197666,92.751654723,6.922021389,93.023563081,100.000000000,0.000000000,100.000000000,99.911442334,-1.000000000,0.000000000,0.000000000
291,0.145500000,375.745197666,92.940777322,6.968444601,92.977139869,100.000000000,0.000000000,100.000000000,99.911442334,-1.000000000,0.000000000,0.000000000
292,0.146000000,370.745197666,93.127399920,7.014961749,92.930622720,100.000000000,0.000000000,100.000000000,99.911442334,-1.000000000,0.000000000,0.000000000
293,0.146500000,365.745197666,93.311522519,7.061571584,92.884012885,100.000000000,0.000000000,100.000000000,99.911442334,-1.000000000,0.000000000,0.000000000
294,0.147000000,360.745197666,93.493145118,7.108272855,92.837311614,100.000000000,0.000000000,100.000000000,99.911442334,-1.000000000,0.000000000,0.000000000
295,0.147500000,355.745197666,93.672267717,7.155064313,92.790520157,100.000000000,0.000000000,100.000000000,99.911442334,-1.000000000,0.000000000,0.000000000
296,0.148000000,350.745197666,93.848890316,7.201944706,92.743639763,100.000000000,0.000000000,100.000000000,99.911442334,-1.000000000,0.000000000,0.000000000
297,0.148500000,345.745197666,94.023012915,7.248912786,92.696671683,100.000000000,0.000000000,100.000000000,99.911442334,-1.000000000,0.000000000,0.000000000
298,0.149000000,340.745197666,94.194635513,7.295967303,92.649617167,100.000000000,0.000000000,100.000000000,99.911442334,-1.000000000,0.000000000,0.000000000
299,0.149500000,335.745197666,94.363758112,7.343107005,92.602477464,100.000000000,0.000000000,100.000000000,99.911442334,-1.000000000,0.000000000,0.000000000
300,0.150000000,330.745197666,94.530380711,7.390330644,92.555253825,100.000000000,0.000000000,100.000000000,99.911442334,-1.000000000,0.000000000,0.000000000
301,0.150500000,325.745197666,94.694503310,7.437636969,92.507947500,100.000000000,0.000000000,100.000000000,99.911442334,-1.000000000,0.000000000,0.000000000
302,0.151000000,320.745197666,94.856125909,7.485024731,92.460559739,100.000000000,0.000000000,100.000000000,99.911442334,-1.000000000,0.000000000,0.000000000
303,0.151500000,315.745197666,95.015248508,7.532492678,92.413091791,100.000000000,0.000000000,100.000000000,99.911442334,-1.000000000,0.000000000,0.000000000
304,0.152000000,310.745197666,95.171871106,7.580039562,92.365544907,100.000000000,0.000000000,100.000000000,99.911442334,-1.000000000,0.000000000,0.000000000
305,0.152500000,305.745197666,95.325993705,7.627664133,92.317920337,100.000000000,0.000000000,100.000000000,99.911442334,-1.000000000,0.000000000,0.000000000
306,0.153000000,300.745197666,95.477616304,7.675365139,92.270219330,100.000000000,0.000000000,100.000000000,99.911442334,-1.000000000,0.000000000,0.000000000
307,0.153500000,295.745197666,95.626738903,7.723141332,92.222443137,100.000000000,0.000000000,100.000000000,99.911442334,-1.000000000,0.000000000,0.000000000
308,0.154000000,290.745197666,95.773361502,7.770991462,92.174593008,100.000000000,0.000000000,100.000000000,99.911442334,-1.000000000,0.000000000,0.000000000
309,0.154500000,285.745197666,95.917484101,7.818914277,92.126670192,100.000000000,0.000000000,100.000000000,99.911442334,-1.000000000,0.000000000,0.000000000
310,0.155000000,280.745197666,96.059106699,7.866908529,92.078675940,100.000000000,0.000000000,100.000000000,99.911442334,-1.000000000,0.000000000,0.000000000
311,0.155500000,275.745197666,96.198229298,7.914972967,92.030611502,100.000000000,0.000000000,100.000000000,99.911442334,-1.000000000,0.000000000,0.000000000
312,0.156000000,270.745197666,96.334851897,7.963106342,91.982478128,100.000000000,0.000000000,100.000000000,99.911442334,-1.000000000,0.000000000,0.000000000
313,0.156500000,265.745197666,96.468974496,8.011307403,91.934277067,100.000000000,0.000000000,100.000000000,99.911442334,-1.000000000,0.000000000,0.000000000
314,0.157000000,260.745197666,96.600597095,8.059574900,91.886009570,100.000000000,0.000000000,100.000000000,99.911442334,-1.000000000,0.000000000,0.000000000
315,0.157500000,255.745197666,96.729719694,8.107907583,91.837676886,100.000000000,0.000000000,100.000000000,99.911442334,-1.000000000,0.000000000,0.000000000
316,0.158000000,250.745197666,96.856342292,8.156304203,91.789280267,100.000000000,0.000000000,100.000000000,99.911442334,-1.000000000,0.000000000,0.000000000
317,0.158500000,245.745197666,96.980464891,8.204763509,91.740820961,100.000000000,0.000000000,100.000000000,99.911442334,-1.000000000,0.000000000,0.000000000
318,0.159000000,240.745197666,97.102087490,8.253284251,91.692300219,100.000000000,0.000000000,100.000000000,99.911442334,-1.000000000,0.000000000,0.000000000
319,0.159500000,235.745197666,97.221210089,8.301865179,91.643719290,100.000000000,0.000000000,100.000000000,99.911442334,-1.000000000,0.000000000,0.000000000
320,0.160000000,230.745197666,97.337832688,8.350505044,91.595079425,100.000000000,0.000000000,100.000000000,99.911442334,-1.000000000,0.000000000,0.000000000
321,0.160500000,225.745197666,97.451955287,8.399202595,91.546381874,100.000000000,0.000000000,100.000000000,99.911442334,-1.000000000,0.000000000,0.000000000
322,0.161000000,220.745197666,97.563577885,8.447956583,91.497627887,100.000000000,0.000000000,100.000000000,99.911442334,-1.000000000,0.000000000,0.000000000
323,0.161500000,215.745197666,97.672700484,8.496765757,91.448818713,100.000000000,0.000000000,100.000000000,99.911442334,-1.000000000,0.000000000,0.000000000
324,0.162000000,210.745197666,97.779323083,8.545628867,91.399955603,100.000000000,0.000000000,100.000000000,99.911442334,-1.000000000,0.000000000,0.000000000
325,0.162500000,205.745197666,97.883445682,8.594544663,91.351039806,100.000000000,0.000000000,100.000000000,99.911442334,-1.000000000,0.000000000,0.000000000
326,0.163000000,200.745197666,97.985068281,8.643511896,91.302072574,100.000000000,0.000000000,100.000000000,99.911442334,-1.000000000,0.000000000,0.000000000
327,0.163500000,195.745197666,98.084190880,8.692529315,91.253055155,100.000000000,0.000000000,100.000000000,99.911442334,-1.000000000,0.000000000,0.000000000
328,0.164000000,190.745197666,98.180813478,8.741595670,91.203988800,100.000000000,0.000000000,100.000000000,99.911442334,-1.000000000,0.000000000,0.000000000
329,0.164500000,185.745197666,98.274936077,8.790709712,91.154874758,100.000000000,0.000000000,100.000000000,99.911442334,-1.000000000,0.000000000,0.000000000
330,0.165000000,180.745197666,98.366558676,8.839870189,91.105714280,100.000000000,0.000000000,100.000000000,99.911442334,-1.000000000,0.000000000,0.000000000
331,0.165500000,175.745197666,98.455681275,8.889075854,91.056508616,100.000000000,0.000000000,100.000000000,99.911442334,-1.000000000,0.000000000,0.000000000
332,0.166000000,170.745197666,98.542303874,8.938325454,91.007259015,100.000000000,0.000000000,100.000000000,99.911442334,-1.000000000,0.000000000,0.000000000
333,0.166500000,165.745197666,98.626426473,8.987617741,90.957966729,100.000000000,0.000000000,100.000000000,99.911442334,-1.000000000,0.000000000,0.000000000
334,0.167000000,160.745197666,98.708049071,9.036951464,90.908633006,100.000000000,0.000000000,100.000000000,99.911442334,-1.000000000,0.000000000,0.000000000
335,0.167500000,155.745197666,98.787171670,9.086325373,90.859259096,100.000000000,0.000000000,100.000000000,99.911442334,-1.000000000,0.000000000,0.000000000
336,0.168000000,150.745197666,98.863794269,9.135738219,90.809846251,100.000000000,0.000000000,100.000000000,99.911442334,-1.000000000,0.000000000,0.000000000
337,0.168500000,145.745197666,98.937916868,9.185188751,90.760395719,100.000000000,0.000000000,100.000000000,99.911442334,-1.000000000,0.000000000,0.000000000
338,0.169000000,140.745197666,99.009539467,9.234675719,90.710908750,100.000000000,0.000000000,100.000000000,99.911442334,-1.000000000,0.000000000,0.000000000
339,0.169500000,135.745197666,99.078662066,9.284197874,90.661386596,100.000000000,0.000000000,100.000000000,99.911442334,-1.000000000,0.000000000,0.000000000
340,0.170000000,130.745197666,99.145284664,9.333753964,90.611830505,100.000000000,0.000000000,100.000000000,99.911442334,-1.000000000,0.000000000,0.000000000
341,0.170500000,125.745197666,99.209407263,9.383342742,90.562241728,100.000000000,0.000000000,100.000000000,99.911442334,-1.000000000,0.000000000,0.000000000
342,0.171000000,120.745197666,99.271029862,9.432962955,90.512621514,100.000000000,0.000000000,100.000000000,99.911442334,-1.000000000,0.000000000,0.000000000
343,0.171500000,115.745197666,99.330152461,9.482613355,90.462971115,100.000000000,0.000000000,100.000000000,99.911442334,-1.000000000,0.000000000,0.000000000
344,0.172000000,110.745197666,99.386775060,9.532292691,90.413291779,100.000000000,0.000000000,100.000000000,99.911442334,-1.000000000,0.000000000,0.000000000
345,0.172500000,105.745197666,99.440897659,9.581999713,90.363584756,100.000000000,0.000000000,100.000000000,99.911442334,-1.000000000,0.000000000,0.000000000
346,0.173000000,100.745197666,99.492520257,9.631733172,90.313851298,100.000000000,0.000000000,100.000000000,99.911442334,-1.000000000,0.000000000,0.000000000
347,0.173500000,95.745197666,99.541642856,9.681491817,90.264092653,100.000000000,0.000000000,100.000000000,99.911442334,-1.000000000,0.000000000,0.000000000
348,0.174000000,90.745197666,99.588265455,9.731274398,90.214310072,100.000000000,0.000000000,100.000000000,99.911442334,-1.000000000,0.000000000,0.000000000
349,0.174500000,85.745197666,99.632388054,9.781079665,90.164504804,100.000000000,0.000000000,100.000000000,99.911442334,-1.000000000,0.000000000,0.000000000
350,0.175000000,80.745197666,99.674010653,9.830906369,90.114678100,100.000000000,0.000000000,100.000000000,99.911442334,-1.000000000,0.000000000,0.000000000
351,0.175500000,75.745197666,99.713133252,9.880753259,90.064831210,100.000000000,0.000000000,100.000000000,99.911442334,-1.000000000,0.000000000,0.000000000
352,0.176000000,70.745197666,99.749755850,9.930619086,90.014965384,100.000000000,0.000000000,100.000000000,99.911442334,-1.000000000,0.000000000,0.000000000
353,0.176500000,65.745197666,99.783878449,9.980502599,89.965081871,100.000000000,0.000000000,100.000000000,99.911442334,-1.000000000,0.000000000,0.000000000
354,0.177000000,60.745197666,99.815501048,10.030402548,89.915181922,100.000000000,0.000000000,100.000000000,99.911442334,-1.000000000,0.000000000,0.000000000
355,0.177500000,55.745197666,99.844623647,10.080317683,89.865266786,100.000000000,0.000000000,100.000000000,99.911442334,-1.000000000,0.000000000,0.000000000
356,0.178000000,50.745197666,99.871246246,10.130246755,89.815337715,100.000000000,0.000000000,100.000000000,99.911442334,-1.000000000,0.000000000,0.000000000
357,0.178500000,45.745197666,99.895368845,10.180188513,89.765395957,100.000000000,0.000000000,100.000000000,99.911442334,-1.000000000,0.000000000,0.000000000
358,0.179000000,40.745197666,99.916991443,10.230141707,89.715442763,100.000000000,0.000000000,100.000000000,99.911442334,-1.000000000,0.000000000,0.000000000
359,0.179500000,35.745197666,99.936114042,10.280105087,89.665479382,100.000000000,0.000000000,100.000000000,99.911442334,-1.000000000,0.000000000,0.000000000
360,0.180000000,30.745197666,99.952736641,10.330077404,89.615507065,100.000000000,0.000000000,100.000000000,99.911442334,-1.000000000,0.000000000,0.000000000
361,0.180500000,25.745197666,99.966859240,10.380057407,89.565527062,100.000000000,0.000000000,100.000000000,99.911442334,-1.000000000,0.000000000,0.000000000
362,0.181000000,20.745197666,99.978481839,10.430043847,89.515540623,100.000000000,0.000000000,100.000000000,99.911442334,-1.000000000,0.000000000,0.000000000
363,0.181500000,15.745197666,99.987604438,10.480035473,89.465548997,100.000000000,0.000000000,100.000000000,99.911442334,-1.000000000,0.000000000,0.000000000
364,0.182000000,10.745197666,99.994227036,10.530031035,89.415553435,100.000000000,0.000000000,100.000000000,99.911442334,-1.000000000,0.000000000,0.000000000
365,0.182500000,5.745197666,99.998349635,10.580029283,89.365555187,100.000000000,0.000000000,100.000000000,99.911442334,-1.000000000,0.000000000,0.000000000
366,0.183000000,0.745197666,99.999972234,10.630028968,89.315555502,100.000000000,0.000000000,100.000000000,99.911442334,-1.000000000,0.000000000,0.000000000
367,0.183500000,0.000000000,100.000000000,10.680028967,89.265555503,100.000000000,0.000000000,100.000000000,99.911442334,-1.000000000,0.000000000,0.000000000
368,0.184000000,0.000000000,100.000000000,10.730028967,89.215555503,100.000000000,0.000000000,100.000000000,99.911442334,-1.000000000,0.000000000,0.000000000
369,0.184500000,0.000000000,100.000000000,10.780028967,89.165555503,100.000000000,0.000000000,100.000000000,99.911442334,-1.000000000,0.000000000,0.000000000
370,0.185000000,0.000000000,100.000000000,10.830028967,89.115555503,100.000000000,0.000000000,100.000000000,99.911442334,-1.000000000,0.000000000,0.000000000
371,0.185500000,0.000000000,100.000000000,10.880028967,89.065555503,100.000000000,0.000000000,100.000000000,99.911442334,-1.000000000,0.000000000,0.000000000
372,0.186000000,0.000000000,100.000000000,10.930028967,89.015555503,100.000000000,0.000000000,100.000000000,99.911442334,-1.000000000,0.000000000,0.000000000
373,0.186500000,0.000000000,100.000000000,10.980028967,88.965555503,100.000000000,0.000000000,100.000000000,99.911442334,-1.000000000,0.000000000,0.000000000
374,0.187000000,0.000000000,100.000000000,11.030028967,88.915555503,100.000000000,0.000000000,100.000000000,99.911442334,-1.000000000,0.000000000,0.000000000
375,0.187500000,0.000000000,100.000000000,11.080028967,88.865555503,100.000000000,0.000000000,100.000000000,99.911442334,-1.000000000,0.000000000,0.000000000
376,0.188000000,0.000000000,100.000000000,11.130028967,88.815555503,100.000000000,0.000000000,100.000000000,99.911442334,-1.000000000,0.000000000,0.000000000
377,0.188500000,0.000000000,100.000000000,11.180028967,88.765555503,100.000000000,0.000000000,100.000000000,99.911442334,-1.000000000,0.000000000,0.000000000
378,0.189000000,0.000000000,100.000000000,11.230028967,88.715555503,100.000000000,0.000000000,100.000000000,99.911442334,-1.000000000,0.000000000,0.000000000
379,0.189500000,0.000000000,100.000000000,11.280028967,88.665555503,100.000000000,0.000000000,100.000000000,99.911442334,-1.000000000,0.000000000,0.000000000
380,0.190000000,0.000000000,100.000000000,11.330028967,88.615555503,100.000000000,0.000000000,100.000000000,99.911442334,-1.000000000,0.000000000,0.000000000
381,0.190500000,0.000000000,100.000000000,11.380028967,88.565555503,100.000000000,0.000000000,100.000000000,99.911442334,-1.000000000,0.000000000,0.000000000
382,0.191000000,0.000000000,100.000000000,11.430028967,88.515555503,100.000000000,0.000000000,100.000000000,99.911442334,-1.000000000,0.000000000,0.000000000
383,0.191500000,0.000000000,100.000000000,11.480028967,88.465555503,100.000000000,0.000000000,100.000000000,99.911442334,-1.000000000,0.000000000,0.000000000
384,0.192000000,0.000000000,100.000000000,11.530028967,88.415555503,100.000000000,0.000000000,100.000000000,99.911442334,-1.000000000,0.000000000,0.000000000
385,0.192500000,0.000000000,100.000000000,11.580028967,88.365555503,100.000000000,0.000000000,100.000000000,99.911442334,-1.000000000,0.000000000,0.000000000
386,0.193000000,0.000000000,100.000000000,11.630028967,88.315555503,100.000000000,0.000000000,100.000000000,99.911442334,-1.000000000,0.000000000,0.000000000
387,0.193500000,0.000000000,100.000000000,11.680028967,88.265555503,100.000000000,0.000000000,100.000000000,99.911442334,-1.000000000,0.000000000,0.000000000
388,0.194000000,0.000000000,100.000000000,11.730028967,88.215555503,100.000000000,0.000000000,100.000000000,99.911442334,-1.000000000,0.000000000,0.000000000
389,0.194500000,0.000000000,100.000000000,11.780028967,88.165555503,100.000000000,0.000000000,100.000000000,99.911442334,-1.000000000,0.000000000,0.000000000
390,0.195000000,0.000000000,100.000000000,11.830028967,88.115555503,100.000000000,0.000000000,100.000000000,99.911442334,-1.000000000,0.000000000,0.000000000
391,0.195500000,0.000000000,100.000000000,11.880028967,88.065555503,100.000000000,0.000000000,100.000000000,99.911442334,-1.000000000,0.000000000,0.000000000
392,0.196000000,0.000000000,100.000000000,11.930028967,88.015555503,100.000000000,0.000000000,100.000000000,99.911442334,-1.000000000,0.000000000,0.000000000
393,0.196500000,0.000000000,100.000000000,11.980028967,87.965555503,100.000000000,0.000000000,100.000000000,99.911442334,-1.000000000,0.000000000,0.000000000
394,0.197000000,0.000000000,100.000000000,12.030028967,87.915555503,100.000000000,0.000000000,100.000000000,99.911442334,-1.000000000,0.000000000,0.000000000
395,0.197500000,0.000000000,100.000000000,12.080028967,87.865555503,100.000000000,0.000000000,100.000000000,99.911442334,-1.000000000,0.000000000,0.000000000
396,0.198000000,0.000000000,100.000000000,12.130028967,87.815555503,100.000000000,0.000000000,100.000000000,99.911442334,-1.000000000,0.000000000,0.000000000
397,0.198500000,0.000000000,100.000000000,12.180028967,87.765555503,100.000000000,0.000000000,100.000000000,99.911442334,-1.000000000,0.000000000,0.000000000
398,0.199000000,0.000000000,100.000000000,12.230028967,87.715555503,100.000000000,0.000000000,100.000000000,99.911442334,-1.000000000,0.000000000,0.000000000
399,0.199500000,0.000000000,100.000000000,12.280028967,87.665555503,100.000000000,0.000000000,100.000000000,99.911442334,-1.000000000,0.000000000,0.000000000
400,0.200000000,0.000000000,100.000000000,12.330028967,87.615555503,100.000000000,0.000000000,100.000000000,99.911442334,-1.000000000,0.000000000,0.000000000
401,0.200500000,0.000000000,100.000000000,12.380028967,87.565555503,100.000000000,0.000000000,100.000000000,99.911442334,-1.000000000,0.000000000,0.000000000
402,0.201000000,0.000000000,100.000000000,12.430028967,87.515555503,100.000000000,0.000000000,100.000000000,99.911442334,-1.000000000,0.000000000,0.000000000
403,0.201500000,0.000000000,100.000000000,12.480028967,87.465555503,100.000000000,0.000000000,100.000000000,99.911442334,-1.000000000,0.000000000,0.000000000
404,0.202000000,0.000000000,100.000000000,12.530028967,87.415555503,100.000000000,0.000000000,100.000000000,99.911442334,-1.000000000,0.000000000,0.000000000
405,0.202500000,0.000000000,100.000000000,12.580028967,87.365555503,100.000000000,0.000000000,100.000000000,99.911442334,-1.000000000,0.000000000,0.000000000
406,0.203000000,0.000000000,100.000000000,12.630028967,87.315555503,100.000000000,0.000000000,100.000000000,99.911442334,-1.000000000,0.000000000,0.000000000
407,0.203500000,0.000000000,100.000000000,12.680028967,87.265555503,100.000000000,0.000000000,100.000000000,99.911442334,-1.000000000,0.000000000,0.000000000
408,0.204000000,0.000000000,100.000000000,12.730028967,87.215555503,100.000000000,0.000000000,100.000000000,99.911442334,-1.000000000,0.000000000,0.000000000
409,0.204500000,0.000000000,100.000000000,12.780028967,87.165555503,100.000000000,0.000000000,100.000000000,99.911442334,-1.000000000,0.000000000,0.000000000
410,0.205000000,0.000000000,100.000000000,12.830028967,87.115555503,100.000000000,0.000000000,100.000000000,99.911442334,-1.000000000,0.000000000,0.000000000
411,0.205500000,0.000000000,100.000000000,12.880028967,87.065555503,100.000000000,0.000000000,100.000000000,99.911442334,-1.000000000,0.000000000,0.000000000
412,0.206000000,0.000000000,100.000000000,12.930028967,87.015555503,100.000000000,0.000000000,100.000000000,99.911442334,-1.000000000,0.000000000,0.000000000
413,0.206500000,0.000000000,100.000000000,12.980028967,86.965555503,100.000000000,0.000000000,100.000000000,99.911442334,-1.000000000,0.000000000,0.000000000
414,0.207000000,0.000000000,100.000000000,13.030028967,86.915555503,100.000000000,0.000000000,100.000000000,99.911442334,-1.000000000,0.000000000,0.000000000
415,0.207500000,0.000000000,100.000000000,13.080028967,86.865555503,100.000000000,0.000000000,100.000000000,99.911442334,-1.000000000,0.000000000,0.000000000
416,0.208000000,0.000000000,100.000000000,13.130028967,86.815555503,100.000000000,0.000000000,100.000000000,99.911442334,-1.000000000,0.000000000,0.000000000
417,0.208500000,0.000000000,100.000000000,13.180028967,86.765555503,100.000000000,0.000000000,100.000000000,99.911442334,-1.000000000,0.000000000,0.000000000
418,0.209000000,0.000000000,100.000000000,13.230028967,86.715555503,100.000000000,0.000000000,100.000000000,99.911442334,-1.000000000,0.000000000,0.000000000
419,0.209500000,0.000000000,100.000000000,13.280028967,86.665555503,100.000000000,0.000000000,100.000000000,99.911442334,-1.000000000,0.000000000,0.000000000
420,0.210000000,0.000000000,100.000000000,13.330028967,86.615555503,100.000000000,0.000000000,100.000000000,99.911442334,-1.000000000,0.000000000,0.000000000
421,0.210500000,0.000000000,100.000000000,13.380028967,86.565555503,100.000000000,0.000000000,100.000000000,99.911442334,-1.000000000,0.000000000,0.000000000
422,0.211000000,0.000000000,100.000000000,13.430028967,86.515555503,100.000000000,0.000000000,100.000000000,99.911442334,-1.000000000,0.000000000,0.000000000
423,0.211500000,0.000000000,100.000000000,13.480028967,86.465555503,100.000000000,0.000000000,100.000000000,99.911442334,-1.000000000,0.000000000,0.000000000
424,0.212000000,0.000000000,100.000000000,13.530028967,86.415555503,100.000000000,0.000000000,100.000000000,99.911442334,-1.000000000,0.000000000,0.000000000
425,0.212500000,0.000000000,100.000000000,13.580028967,86.365555503,100.000000000,0.000000000,100.000000000,99.911442334,-1.000000000,0.000000000,0.000000000
426,0.213000000,0.000000000,100.000000000,13.630028967,86.315555503,100.000000000,0.000000000,100.000000000,99.911442334,-1.000000000,0.000000000,0.000000000
427,0.213500000,0.000000000,100.000000000,13.680028967,86.265555503,100.000000000,0.000000000,100.000000000,99.911442334,-1.000000000,0.000000000,0.000000000
428,0.214000000,0.000000000,100.000000000,13.730028967,86.215555503,100.000000000,0.000000000,100.000000000,99.911442334,-1.000000000,0.000000000,0.000000000
429,0.214500000,0.000000000,100.000000000,13.780028967,86.165555503,100.000000000,0.000000000,100.000000000,99.911442334,-1.000000000,0.000000000,0.000000000
430,0.215000000,0.000000000,100.000000000,13.830028967,86.115555503,100.000000000,0.000000000,100.000000000,99.911442334,-1.000000000,0.000000000,0.000000000
431,0.215500000,0.000000000,100.000000000,13.880028967,86.065555503,100.000000000,0.000000000,100.000000000,99.911442334,-1.000000000,0.000000000,0.000000000
432,0.216000000,0.000000000,100.000000000,13.930028967,86.015555503,100.000000000,0.000000000,100.000000000,99.911442334,-1.000000000,0.000000000,0.000000000
433,0.216500000,0.000000000,100.000000000,13.980028967,85.965555503,100.000000000,0.000000000,100.000000000,99.911442334,-1.000000000,0.000000000,0.000000000
434,0.217000000,0.000000000,100.000000000,14.030028967,85.915555503,100.000000000,0.000000000,100.000000000,99.911442334,-1.000000000,0.000000000,0.000000000
435,0.217500000,0.000000000,100.000000000,14.080028967,85.865555503,100.000000000,0.000000000,100.000000000,99.911442334,-1.000000000,0.000000000,0.000000000
436,0.218000000,0.000000000,100.000000000,14.130028967,85.815555503,100.000000000,0.000000000,100.000000000,99.911442334,-1.000000000,0.000000000,0.000000000
437,0.218500000,0.000000000,100.000000000,14.180028967,85.765555503,100.000000000,0.000000000,100.000000000,99.911442334,-1.000000000,0.000000000,0.000000000
438,0.219000000,0.000000000,100.000000000,14.230028967,85.715555503,100.000000000,0.000000000,100.000000000,99.911442334,-1.000000000,0.000000000,0.000000000
439,0.219500000,0.000000000,100.000000000,14.280028967,85.665555503,100.000000000,0.000000000,100.000000000,99.911442334,-1.000000000,0.000000000,0.000000000
440,0.220000000,0.000000000,100.000000000,14.330028967,85.615555503,100.000000000,0.000000000,100.000000000,99.911442334,-1.000000000,0.000000000,0.000000000
441,0.220500000,0.000000000,100.000000000,14.380028967,85.565555503,100.000000000,0.000000000,100.000000000,99.911442334,-1.000000000,0.000000000,0.000000000
442,0.221000000,0.000000000,100.000000000,14.430028967,85.515555503,100.000000000,0.000000000,100.000000000,99.911442334,-1.000000000,0.000000000,0.000000000
443,0.221500000,0.000000000,100.000000000,14.480028967,85.465555503,100.000000000,0.000000000,100.000000000,99.911442334,-1.000000000,0.000000000,0.000000000
444,0.222000000,0.000000000,100.000000000,14.530028967,85.415555503,100.000000000,0.000000000,100.000000000,99.911442334,-1.000000000,0.000000000,0.000000000
445,0.222500000,0.000000000,100.000000000,14.580028967,85.365555503,100.000000000,0.000000000,100.000000000,99.911442334,-1.000000000,0.000000000,0.000000000
446,0.223000000,0.000000000,100.000000000,14.630028967,85.315555503,100.000000000,0.000000000,100.000000000,99.911442334,-1.000000000,0.000000000,0.000000000
447,0.223500000,0.000000000,100.000000000,14.680028967,85.265555503,100.000000000,0.000000000,100.000000000,99.911442334,-1.000000000,0.000000000,0.000000000
448,0.224000000,0.000000000,100.000000000,14.730028967,85.215555503,100.000000000,0.000000000,100.000000000,99.911442334,-1.000000000,0.000000000,0.000000000
449,0.224500000,0.000000000,100.000000000,14.780028967,85.165555503,100.000000000,0.000000000,100.000000000,99.911442334,-1.000000000,0.000000000,0.000000000
450,0.225000000,0.000000000,100.000000000,14.830028967,85.115555503,100.000000000,0.000000000,100.000000000,99.911442334,-1.000000000,0.000000000,0.000000000
451,0.225500000,0.000000000,100.000000000,14.880028967,85.065555503,100.000000000,0.000000000,100.000000000,99.911442334,-1.000000000,0.000000000,0.000000000
452,0.226000000,0.000000000,100.000000000,14.930028967,85.015555503,100.000000000,0.000000000,100.000000000,99.911442334,-1.000000000,0.000000000,0.000000000
453,0.226500000,0.000000000,100.000000000,14.980028967,84.965555503,100.000000000,0.000000000,100.000000000,99.911442334,-1.000000000,0.000000000,0.000000000
454,0.227000000,0.000000000,100.000000000,15.030028967,84.915555503,100.000000000,0.000000000,100.000000000,99.911442334,-1.000000000,0.000000000,0.000000000
455,0.227500000,0.000000000,100.000000000,15.080028967,84.865555503,100.000000000,0.000000000,100.000000000,99.911442334,-1.000000000,0.000000000,0.000000000
456,0.228000000,0.000000000,100.000000000,15.130028967,84.815555503,100.000000000,0.000000000,100.000000000,99.911442334,-1.000000000,0.000000000,0.000000000
457,0.228500000,0.000000000,100.000000000,15.180028967,84.765555503,100.000000000,0.000000000,100.000000000,99.911442334,-1.000000000,0.000000000,0.000000000
458,0.229000000,0.000000000,100.000000000,15.230028967,84.715555503,100.000000000,0.000000000,100.000000000,99.911442334,-1.000000000,0.000000000,0.000000000
459,0.229500000,0.000000000,100.000000000,15.280028967,84.665555503,100.000000000,0.000000000,100.000000000,99.911442334,-1.000000000,0.000000000,0.000000000
460,0.230000000,0.000000000,100.000000000,15.330028967,84.615555503,100.000000000,0.000000000,100.000000000,99.911442334,-1.000000000,0.000000000,0.000000000
461,0.230500000,0.000000000,100.000000000,15.380028967,84.565555503,100.000000000,0.000000000,100.000000000,99.911442334,-1.000000000,0.000000000,0.000000000
462,0.231000000,0.000000000,100.000000000,15.430028967,84.515555503,100.000000000,0.000000000,100.000000000,99.911442334,-1.000000000,0.000000000,0.000000000
463,0.231500000,0.000000000,100.000000000,15.480028967,84.465555503,100.000000000,0.000000000,100.000000000,99.911442334,-1.000000000,0.000000000,0.000000000
464,0.232000000,0.000000000,100.000000000,15.530028967,84.415555503,100.000000000,0.000000000,100.000000000,99.911442334,-1.000000000,0.000000000,0.000000000
465,0.232500000,0.000000000,100.000000000,15.580028967,84.365555503,100.000000000,0.000000000,100.000000000,99.911442334,-1.000000000,0.000000000,0.000000000
466,0.233000000,0.000000000,100.000000000,15.630028967,84.315555503,100.000000000,0.000000000,100.000000000,99.911442334,-1.000000000,0.000000000,0.000000000
467,0.233500000,0.000000000,100.000000000,15.680028967,84.265555503,100.000000000,0.000000000,100.000000000,99.911442334,-1.000000000,0.000000000,0.000000000
468,0.234000000,0.000000000,100.000000000,15.730028967,84.215555503,100.000000000,0.000000000,100.000000000,99.911442334,-1.000000000,0.000000000,0.000000000
469,0.234500000,0.000000000,100.000000000,15.780028967,84.165555503,100.000000000,0.000000000,100.000000000,99.911442334,-1.000000000,0.000000000,0.000000000
470,0.235000000,0.000000000,100.000000000,15.830028967,84.115555503,100.000000000,0.000000000,100.000000000,99.911442334,-1.000000000,0.000000000,0.000000000
471,0.235500000,0.000000000,100.000000000,15.880028967,84.065555503,100.000000000,0.000000000,100.000000000,99.911442334,-1.000000000,0.000000000,0.000000000
472,0.236000000,0.000000000,100.000000000,15.930028967,84.015555503,100.000000000,0.000000000,100.000000000,99.911442334,-1.000000000,0.000000000,0.000000000
473,0.236500000,0.000000000,100.000000000,15.980028967,83.965555503,100.000000000,0.000000000,100.000000000,99.911442334,-1.000000000,0.000000000,0.000000000
474,0.237000000,0.000000000,100.000000000,16.030028967,83.915555503,100.000000000,0.000000000,100.000000000,99.911442334,-1.000000000,0.000000000,0.000000000
475,0.237500000,0.000000000,100.000000000,16.080028967,83.865555503,100.000000000,0.000000000,100.000000000,99.911442334,-1.000000000,0.000000000,0.000000000
476,0.238000000,0.000000000,100.000000000,16.130028967,83.815555503,100.000000000,0.000000000,100.000000000,99.911442334,-1.000000000,0.000000000,0.000000000
477,0.238500000,0.000000000,100.000000000,16.180028967,83.765555503,100.000000000,0.000000000,100.000000000,99.911442334,-1.000000000,0.000000000,0.000000000
478,0.239000000,0.000000000,100.000000000,16.230028967,83.715555503,100.000000000,0.000000000,100.000000000,99.911442334,-1.000000000,0.000000000,0.000000000
479,0.239500000,0.000000000,100.000000000,16.280028967,83.665555503,100.000000000,0.000000000,100.000000000,99.911442334,-1.000000000,0.000000000,0.000000000
480,0.240000000,0.000000000,100.000000000,16.330028967,83.615555503,100.000000000,0.000000000,100.000000000,99.911442334,-1.000000000,0.000000000,0.000000000
481,0.240500000,0.000000000,100.000000000,16.380028967,83.565555503,100.000000000,0.000000000,100.000000000,99.911442334,-1.000000000,0.000000000,0.000000000
482,0.241000000,0.000000000,100.000000000,16.430028967,83.515555503,100.000000000,0.000000000,100.000000000,99.911442334,-1.000000000,0.000000000,0.000000000
483,0.241500000,0.000000000,100.000000000,16.480028967,83.465555503,100.000000000,0.000000000,100.000000000,99.911442334,-1.000000000,0.000000000,0.000000000
484,0.242000000,0.000000000,100.000000000,16.530028967,83.415555503,100.000000000,0.000000000,100.000000000,99.911442334,-1.000000000,0.000000000,0.000000000
485,0.242500000,0.000000000,100.000000000,16.580028967,83.365555503,100.000000000,0.000000000,100.000000000,99.911442334,-1.000000000,0.000000000,0.000000000
486,0.243000000,0.000000000,100.000000000,16.630028967,83.315555503,100.000000000,0.000000000,100.000000000,99.911442334,-1.000000000,0.000000000,0.000000000
487,0.243500000,0.000000000,100.000000000,16.680028967,83.265555503,100.000000000,0.000000000,100.000000000,99.911442334,-1.000000000,0.000000000,0.000000000
488,0.244000000,0.000000000,100.000000000,16.730028967,83.215555503,100.000000000,0.000000000,100.000000000,99.911442334,-1.000000000,0.000000000,0.000000000
489,0.244500000,0.000000000,100.000000000,16.780028967,83.165555503,100.000000000,0.000000000,100.000000000,99.911442334,-1.000000000,0.000000000,0.000000000
490,0.245000000,0.000000000,100.000000000,16.830028967,83.115555503,100.000000000,0.000000000,100.000000000,99.911442334,-1.000000000,0.000000000,0.000000000
491,0.245500000,0.000000000,100.000000000,16.880028967,83.065555503,100.000000000,0.000000000,100.000000000,99.911442334,-1.000000000,0.000000000,0.000000000
492,0.246000000,0.000000000,100.000000000,16.930028967,83.015555503,100.000000000,0.000000000,100.000000000,99.911442334,-1.000000000,0.000000000,0.000000000
493,0.246500000,0.000000000,100.000000000,16.980028967,82.965555503,100.000000000,0.000000000,100.000000000,99.911442334,-1.000000000,0.000000000,0.000000000
494,0.247000000,0.000000000,100.000000000,17.030028967,82.915555503,100.000000000,0.000000000,100.000000000,99.911442334,-1.000000000,0.000000000,0.000000000
495,0.247500000,0.000000000,100.000000000,17.080028967,82.865555503,100.000000000,0.000000000,100.000000000,99.911442334,-1.000000000,0.000000000,0.000000000
496,0.248000000,0.000000000,100.000000000,17.130028967,82.815555503,100.000000000,0.000000000,100.000000000,99.911442334,-1.000000000,0.000000000,0.000000000
497,0.248500000,0.000000000,100.000000000,17.180028967,82.765555503,100.000000000,0.000000000,100.000000000,99.911442334,-1.000000000,0.000000000,0.000000000
498,0.249000000,0.000000000,100.000000000,17.230028967,82.715555503,100.000000000,0.000000000,100.000000000,99.911442334,-1.000000000,0.000000000,0.000000000
499,0.249500000,0.000000000,100.000000000,17.280028967,82.665555503,100.000000000,0.000000000,100.000000000,99.911442334,-1.000000000,0.000000000,0.000000000
500,0.250000000,0.000000000,100.000000000,17.330028967,82.615555503,100.000000000,0.000000000,100.000000000,99.911442334,-1.000000000,0.000000000,0.000000000
501,0.250500000,0.000000000,100.000000000,17.380028967,82.565555503,100.000000000,0.000000000,100.000000000,99.911442334,-1.000000000,0.000000000,0.000000000
502,0.251000000,0.000000000,100.000000000,17.430028967,82.515555503,100.000000000,0.000000000,100.000000000,99.911442334,-1.000000000,0.000000000,0.000000000
503,0.251500000,0.000000000,100.000000000,17.480028967,82.465555503,100.000000000,0.000000000,100.000000000,99.911442334,-1.000000000,0.000000000,0.000000000
504,0.252000000,0.000000000,100.000000000,17.530028967,82.415555503,100.000000000,0.000000000,100.000000000,99.911442334,-1.000000000,0.000000000,0.000000000
505,0.252500000,0.000000000,100.000000000,17.580028967,82.365555503,100.000000000,0.000000000,100.000000000,99.911442334,-1.000000000,0.000000000,0.000000000
506,0.253000000,0.000000000,100.000000000,17.630028967,82.315555503,100.000000000,0.000000000,100.000000000,99.911442334,-1.000000000,0.000000000,0.000000000
507,0.253500000,0.000000000,100.000000000,17.680028967,82.265555503,100.000000000,0.000000000,100.000000000,99.911442334,-1.000000000,0.000000000,0.000000000
508,0.254000000,0.000000000,100.000000000,17.730028967,82.215555503,100.000000000,0.000000000,100.000000000,99.911442334,-1.000000000,0.000000000,0.000000000
509,0.254500000,0.000000000,100.000000000,17.780028967,82.165555503,100.000000000,0.000000000,100.000000000,99.911442334,-1.000000000,0.000000000,0.000000000
510,0.255000000,0.000000000,100.000000000,17.830028967,82.115555503,100.000000000,0.000000000,100.000000000,99.911442334,-1.000000000,0.000000000,0.000000000
511,0.255500000,0.000000000,100.000000000,17.880028967,82.065555503,100.000000000,0.000000000,100.000000000,99.911442334,-1.000000000,0.000000000,0.000000000
512,0.256000000,0.000000000,100.000000000,17.930028967,82.015555503,100.000000000,0.000000000,100.000000000,99.911442334,-1.000000000,0.000000000,0.000000000
513,0.256500000,0.000000000,100.000000000,17.980028967,81.965555503,100.000000000,0.000000000,100.000000000,99.911442334,-1.000000000,0.000000000,0.000000000
514,0.257000000,0.000000000,100.000000000,18.030028967,81.915555503,100.000000000,0.000000000,100.000000000,99.911442334,-1.000000000,0.000000000,0.000000000
515,0.257500000,0.000000000,100.000000000,18.080028967,81.865555503,100.000000000,0.000000000,100.000000000,99.911442334,-1.000000000,0.000000000,0.000000000
516,0.258000000,0.000000000,100.000000000,18.130028967,81.815555503,100.000000000,0.000000000,100.000000000,99.911442334,-1.000000000,0.000000000,0.000000000
517,0.258500000,0.000000000,100.000000000,18.180028967,81.765555503,100.000000000,0.000000000,100.000000000,99.911442334,-1.000000000,0.000000000,0.000000000
518,0.259000000,0.000000000,100.000000000,18.230028967,81.715555503,100.000000000,0.000000000,100.000000000,99.911442334,-1.000000000,0.000000000,0.000000000
519,0.259500000,0.000000000,100.000000000,18.280028967,81.665555503,100.000000000,0.000000000,100.000000000,99.911442334,-1.000000000,0.000000000,0.000000000
520,0.260000000,0.000000000,100.000000000,18.330028967,81.615555503,100.000000000,0.000000000,100.000000000,99.911442334,-1.000000000,0.000000000,0.000000000
521,0.260500000,0.000000000,100.000000000,18.380028967,81.565555503,100.000000000,0.000000000,100.000000000,99.911442334,-1.000000000,0.000000000,0.000000000
522,0.261000000,0.000000000,100.000000000,18.430028967,81.515555503,100.000000000,0.000000000,100.000000000,99.911442334,-1.000000000,0.000000000,0.000000000
523,0.261500000,0.000000000,100.000000000,18.480028967,81.465555503,100.000000000,0.000000000,100.000000000,99.911442334,-1.000000000,0.000000000,0.000000000
524,0.262000000,0.000000000,100.000000000,18.530028967,81.415555503,100.000000000,0.000000000,100.000000000,99.911442334,-1.000000000,0.000000000,0.000000000
525,0.262500000,0.000000000,100.000000000,18.580028967,81.365555503,100.000000000,0.000000000,100.000000000,99.911442334,-1.000000000,0.000000000,0.000000000
526,0.263000000,0.000000000,100.000000000,18.630028967,81.315555503,100.000000000,0.000000000,100.000000000,99.911442334,-1.000000000,0.000000000,0.000000000
527,0.263500000,0.000000000,100.000000000,18.680028967,81.265555503,100.000000000,0.000000000,100.000000000,99.911442334,-1.000000000,0.000000000,0.000000000
528,0.264000000,0.000000000,100.000000000,18.730028967,81.215555503,100.000000000,0.000000000,100.000000000,99.911442334,-1.000000000,0.000000000,0.000000000
529,0.264500000,0.000000000,100.000000000,18.780028967,81.165555503,100.000000000,0.000000000,100.000000000,99.911442334,-1.000000000,0.000000000,0.000000000
530,0.265000000,0.000000000,100.000000000,18.830028967,81.115555503,100.000000000,0.000000000,100.000000000,99.911442334,-1.000000000,0.000000000,0.000000000
531,0.265500000,0.000000000,100.000000000,18.880028967,81.065555503,100.000000000,0.000000000,100.000000000,99.911442334,-1.000000000,0.000000000,0.000000000
532,0.266000000,0.000000000,100.000000000,18.930028967,81.015555503,100.000000000,0.000000000,100.000000000,99.911442334,-1.000000000,0.000000000,0.000000000
533,0.266500000,0.000000000,100.000000000,18.980028967,80.965555503,100.000000000,0.000000000,100.000000000,99.911442334,-1.000000000,0.000000000,0.000000000
534,0.267000000,0.000000000,100.000000000,19.030028967,80.915555503,100.000000000,0.000000000,100.000000000,99.911442334,-1.000000000,0.000000000,0.000000000
535,0.267500000,0.000000000,100.000000000,19.080028967,80.865555503,100.000000000,0.000000000,100.000000000,99.911442334,-1.000000000,0.000000000,0.000000000
536,0.268000000,0.000000000,100.000000000,19.130028967,80.815555503,100.000000000,0.000000000,100.000000000,99.911442334,-1.000000000,0.000000000,0.000000000
537,0.268500000,0.000000000,100.000000000,19.180028967,80.765555503,100.000000000,0.000000000,100.000000000,99.911442334,-1.000000000,0.000000000,0.000000000
538,0.269000000,0.000000000,100.000000000,19.230028967,80.715555503,100.000000000,0.000000000,100.000000000,99.911442334,-1.000000000,0.000000000,0.000000000
539,0.269500000,0.000000000,100.000000000,19.280028967,80.665555503,100.000000000,0.000000000,100.000000000,99.911442334,-1.000000000,0.000000000,0.000000000
540,0.270000000,0.000000000,100.000000000,19.330028967,80.615555503,100.000000000,0.000000000,100.000000000,99.911442334,-1.000000000,0.000000000,0.000000000
541,0.270500000,0.000000000,100.000000000,19.380028967,80.565555503,100.000000000,0.000000000,100.000000000,99.911442334,-1.000000000,0.000000000,0.000000000
542,0.271000000,0.000000000,100.000000000,19.430028967,80.515555503,100.000000000,0.000000000,100.000000000,99.911442334,-1.000000000,0.000000000,0.000000000
543,0.271500000,0.000000000,100.000000000,19.480028967,80.465555503,100.000000000,0.000000000,100.000000000,99.911442334,-1.000000000,0.000000000,0.000000000
544,0.272000000,0.000000000,100.000000000,19.530028967,80.415555503,100.000000000,0.000000000,100.000000000,99.911442334,-1.000000000,0.000000000,0.000000000
545,0.272500000,0.000000000,100.000000000,19.580028967,80.365555503,100.000000000,0.000000000,100.000000000,99.911442334,-1.000000000,0.000000000,0.000000000
546,0.273000000,0.000000000,100.000000000,19.630028967,80.315555503,100.000000000,0.000000000,100.000000000,99.911442334,-1.000000000,0.000000000,0.000000000
547,0.273500000,0.000000000,100.000000000,19.680028967,80.265555503,100.000000000,0.000000000,100.000000000,99.911442334,-1.000000000,0.000000000,0.000000000
548,0.274000000,0.000000000,100.000000000,19.730028967,80.215555503,100.000000000,0.000000000,100.000000000,99.911442334,-1.000000000,0.000000000,0.000000000
549,0.274500000,0.000000000,100.000000000,19.780028967,80.165555503,100.000000000,0.000000000,100.000000000,99.911442334,-1.000000000,0.000000000,0.000000000
550,0.275000000,0.000000000,100.000000000,19.830028967,80.115555503,100.000000000,0.000000000,100.000000000,99.911442334,-1.000000000,0.000000000,0.000000000
551,0.275500000,0.000000000,100.000000000,19.880028967,80.065555503,100.000000000,0.000000000,100.000000000,99.911442334,-1.000000000,0.000000000,0.000000000
552,0.276000000,0.000000000,100.000000000,19.930028967,80.015555503,100.000000000,0.000000000,100.000000000,99.911442334,-1.000000000,0.000000000,0.000000000
553,0.276500000,0.000000000,100.000000000,19.980028967,79.965555503,100.000000000,0.000000000,100.000000000,99.911442334,-1.000000000,0.000000000,0.000000000
554,0.277000000,0.000000000,100.000000000,20.030028967,79.915555503,100.000000000,0.000000000,100.000000000,99.911442334,-1.000000000,0.000000000,0.000000000
555,0.277500000,0.000000000,100.000000000,20.080028967,79.865555503,100.000000000,0.000000000,100.000000000,99.911442334,-1.000000000,0.000000000,0.000000000
556,0.278000000,0.000000000,100.000000000,20.130028967,79.815555503,100.000000000,0.000000000,100.000000000,99.911442334,-1.000000000,0.000000000,0.000000000
557,0.278500000,0.000000000,100.000000000,20.180028967,79.765555503,100.000000000,0.000000000,100.000000000,99.911442334,-1.000000000,0.000000000,0.000000000
558,0.279000000,0.000000000,100.000000000,20.230028967,79.715555503,100.000000000,0.000000000,100.000000000,99.911442334,-1.000000000,0.000000000,0.000000000
559,0.279500000,0.000000000,100.000000000,20.280028967,79.665555503,100.000000000,0.000000000,100.000000000,99.911442334,-1.000000000,0.000000000,0.000000000
560,0.280000000,0.000000000,100.000000000,20.330028967,79.615555503,100.000000000,0.000000000,100.000000000,99.911442334,-1.000000000,0.000000000,0.000000000
561,0.280500000,0.000000000,100.000000000,20.380028967,79.565555503,100.000000000,0.000000000,100.000000000,99.911442334,-1.000000000,0.000000000,0.000000000
562,0.281000000,0.000000000,100.000000000,20.430028967,79.515555503,100.000000000,0.000000000,100.000000000,99.911442334,-1.000000000,0.000000000,0.000000000
563,0.281500000,0.000000000,100.000000000,20.480028967,79.465555503,100.000000000,0.000000000,100.000000000,99.911442334,-1.000000000,0.000000000,0.000000000
564,0.282000000,0.000000000,100.000000000,20.530028967,79.415555503,100.000000000,0.000000000,100.000000000,99.911442334,-1.000000000,0.000000000,0.000000000
565,0.282500000,0.000000000,100.000000000,20.580028967,79.365555503,100.000000000,0.000000000,100.000000000,99.911442334,-1.000000000,0.000000000,0.000000000
566,0.283000000,0.000000000,100.000000000,20.630028967,79.315555503,100.000000000,0.000000000,100.000000000,99.911442334,-1.000000000,0.000000000,0.000000000
567,0.283500000,0.000000000,100.000000000,20.680028967,79.265555503,100.000000000,0.000000000,100.000000000,99.911442334,-1.000000000,0.000000000,0.000000000
568,0.284000000,0.000000000,100.000000000,20.730028967,79.215555503,100.000000000,0.000000000,100.000000000,99.911442334,-1.000000000,0.000000000,0.000000000
569,0.284500000,0.000000000,100.000000000,20.780028967,79.165555503,100.000000000,0.000000000,100.000000000,99.911442334,-1.000000000,0.000000000,0.000000000
570,0.285000000,0.000000000,100.000000000,20.830028967,79.115555503,100.000000000,0.000000000,100.000000000,99.911442334,-1.000000000,0.000000000,0.000000000
571,0.285500000,0.000000000,100.000000000,20.880028967,79.065555503,100.000000000,0.000000000,100.000000000,99.911442334,-1.000000000,0.000000000,0.000000000
572,0.286000000,0.000000000,100.000000000,20.930028967,79.015555503,100.000000000,0.000000000,100.000000000,99.911442334,-1.000000000,0.000000000,0.000000000
573,0.286500000,0.000000000,100.000000000,20.980028967,78.965555503,100.000000000,0.000000000,100.000000000,99.911442334,-1.000000000,0.000000000,0.000000000
574,0.287000000,0.000000000,100.000000000,21.030028967,78.915555503,100.000000000,0.000000000,100.000000000,99.911442334,-1.000000000,0.000000000,0.000000000
575,0.287500000,0.000000000,100.000000000,21.080028967,78.865555503,100.000000000,0.000000000,100.000000000,99.911442334,-1.000000000,0.000000000,0.000000000
576,0.288000000,0.000000000,100.000000000,21.130028967,78.815555503,100.000000000,0.000000000,100.000000000,99.911442334,-1.000000000,0.000000000,0.000000000
577,0.288500000,0.000000000,100.000000000,21.180028967,78.765555503,100.000000000,0.000000000,100.000000000,99.911442334,-1.000000000,0.000000000,0.000000000
578,0.289000000,0.000000000,100.000000000,21.230028967,78.715555503,100.000000000,0.000000000,100.000000000,99.911442334,-1.000000000,0.000000000,0.000000000
579,0.289500000,0.000000000,100.000000000,21.280028967,78.665555503,100.000000000,0.000000000,100.000000000,99.911442334,-1.000000000,0.000000000,0.000000000
580,0.290000000,0.000000000,100.000000000,21.330028967,78.615555503,100.000000000,0.000000000,100.000000000,99.911442334,-1.000000000,0.000000000,0.000000000
581,0.290500000,0.000000000,100.000000000,21.380028967,78.565555503,100.000000000,0.000000000,100.000000000,99.911442334,-1.000000000,0.000000000,0.000000000
582,0.291000000,0.000000000,100.000000000,21.430028967,78.515555503,100.000000000,0.000000000,100.000000000,99.911442334,-1.000000000,0.000000000,0.000000000
583,0.291500000,0.000000000,100.000000000,21.480028967,78.465555503,100.000000000,0.000000000,100.000000000,99.911442334,-1.000000000,0.000000000,0.000000000
584,0.292000000,0.000000000,100.000000000,21.530028967,78.415555503,100.000000000,0.000000000,100.000000000,99.911442334,-1.000000000,0.000000000,0.000000000
585,0.292500000,0.000000000,100.000000000,21.580028967,78.365555503,100.000000000,0.000000000,100.000000000,99.911442334,-1.000000000,0.000000000,0.000000000
586,0.293000000,0.000000000,100.000000000,21.630028967,78.315555503,100.000000000,0.000000000,100.000000000,99.911442334,-1.000000000,0.000000000,0.000000000
587,0.293500000,0.000000000,100.000000000,21.680028967,78.265555503,100.000000000,0.000000000,100.000000000,99.911442334,-1.000000000,0.000000000,0.000000000
588,0.294000000,0.000000000,100.000000000,21.730028967,78.215555503,100.000000000,0.000000000,100.000000000,99.911442334,-1.000000000,0.000000000,0.000000000
589,0.294500000,0.000000000,100.000000000,21.780028967,78.165555503,100.000000000,0.000000000,100.000000000,99.911442334,-1.000000000,0.000000000,0.000000000
590,0.295000000,0.000000000,100.000000000,21.830028967,78.115555503,100.000000000,0.000000000,100.000000000,99.911442334,-1.000000000,0.000000000,0.000000000
591,0.295500000,0.000000000,100.000000000,21.880028967,78.065555503,100.000000000,0.000000000,100.000000000,99.911442334,-1.000000000,0.000000000,0.000000000
592,0.296000000,0.000000000,100.000000000,21.930028967,78.015555503,100.000000000,0.000000000,100.000000000,99.911442334,-1.000000000,0.000000000,0.000000000
593,0.296500000,0.000000000,100.000000000,21.980028967,77.965555503,100.000000000,0.000000000,100.000000000,99.911442334,-1.000000000,0.000000000,0.000000000
594,0.297000000,0.000000000,100.000000000,22.030028967,77.915555503,100.000000000,0.000000000,100.000000000,99.911442334,-1.000000000,0.000000000,0.000000000
595,0.297500000,0.000000000,100.000000000,22.080028967,77.865555503,100.000000000,0.000000000,100.000000000,99.911442334,-1.000000000,0.000000000,0.000000000
596,0.298000000,0.000000000,100.000000000,22.130028967,77.815555503,100.000000000,0.000000000,100.000000000,99.911442334,-1.000000000,0.000000000,0.000000000
597,0.298500000,0.000000000,100.000000000,22.180028967,77.765555503,100.000000000,0.000000000,100.000000000,99.911442334,-1.000000000,0.000000000,0.000000000
598,0.299000000,0.000000000,100.000000000,22.230028967,77.715555503,100.000000000,0.000000000,100.000000000,99.911442334,-1.000000000,0.000000000,0.000000000
599,0.299500000,0.000000000,100.000000000,22.280028967,77.665555503,100.000000000,0.000000000,100.000000000,99.911442334,-1.000000000,0.000000000,0.000000000
600,0.300000000,0.000000000,100.000000000,22.330028967,77.615555503,100.000000000,0.000000000,100.000000000,99.911442334,-1.000000000,0.000000000,0.000000000
601,0.300500000,0.000000000,100.000000000,22.380028967,77.565555503,100.000000000,0.000000000,100.000000000,99.911442334,-1.000000000,0.000000000,0.000000000
602,0.301000000,0.000000000,100.000000000,22.430028967,77.515555503,100.000000000,0.000000000,100.000000000,99.911442334,-1.000000000,0.000000000,0.000000000
603,0.301500000,0.000000000,100.000000000,22.480028967,77.465555503,100.000000000,0.000000000,100.000000000,99.911442334,-1.000000000,0.000000000,0.000000000
604,0.302000000,0.000000000,100.000000000,22.530028967,77.415555503,100.000000000,0.000000000,100.000000000,99.911442334,-1.000000000,0.000000000,0.000000000
605,0.302500000,0.000000000,100.000000000,22.580028967,77.365555503,100.000000000,0.000000000,100.000000000,99.911442334,-1.000000000,0.000000000,0.000000000
606,0.303000000,0.000000000,100.000000000,22.630028967,77.315555503,100.000000000,0.000000000,100.000000000,99.911442334,-1.000000000,0.000000000,0.000000000
607,0.303500000,0.000000000,100.000000000,22.680028967,77.265555503,100.000000000,0.000000000,100.000000000,99.911442334,-1.000000000,0.000000000,0.000000000
608,0.304000000,0.000000000,100.000000000,22.730028967,77.215555503,100.000000000,0.000000000,100.000000000,99.911442334,-1.000000000,0.000000000,0.000000000
609,0.304500000,0.000000000,100.000000000,22.780028967,77.165555503,100.000000000,0.000000000,100.000000000,99.911442334,-1.000000000,0.000000000,0.000000000
610,0.305000000,0.000000000,100.000000000,22.830028967,77.115555503,100.000000000,0.000000000,100.000000000,99.911442334,-1.000000000,0.000000000,0.000000000
611,0.305500000,0.000000000,100.000000000,22.880028967,77.065555503,100.000000000,0.000000000,100.000000000,99.911442334,-1.000000000,0.000000000,0.000000000
612,0.306000000,0.000000000,100.000000000,22.930028967,77.015555503,100.000000000,0.000000000,100.000000000,99.911442334,-1.000000000,0.000000000,0.000000000
613,0.306500000,0.000000000,100.000000000,22.980028967,76.965555503,100.000000000,0.000000000,100.000000000,99.911442334,-1.000000000,0.000000000,0.000000000
614,0.307000000,0.000000000,100.000000000,23.030028967,76.915555503,100.000000000,0.000000000,100.000000000,99.911442334,-1.000000000,0.000000000,0.000000000
615,0.307500000,0.000000000,100.000000000,23.080028967,76.865555503,100.000000000,0.000000000,100.000000000,99.911442334,-1.000000000,0.000000000,0.000000000
616,0.308000000,0.000000000,100.000000000,23.130028967,76.815555503,100.000000000,0.000000000,100.000000000,99.911442334,-1.000000000,0.000000000,0.000000000
617,0.308500000,0.000000000,100.000000000,23.180028967,76.765555503,100.000000000,0.000000000,100.000000000,99.911442334,-1.000000000,0.000000000,0.000000000
618,0.309000000,0.000000000,100.000000000,23.230028967,76.715555503,100.000000000,0.000000000,100.000000000,99.911442334,-1.000000000,0.000000000,0.000000000
619,0.309500000,0.000000000,100.000000000,23.280028967,76.665555503,100.000000000,0.000000000,100.000000000,99.911442334,-1.000000000,0.000000000,0.000000000
620,0.310000000,0.000000000,100.000000000,23.330028967,76.615555503,100.000000000,0.000000000,100.000000000,99.911442334,-1.000000000,0.000000000,0.000000000
621,0.310500000,0.000000000,100.000000000,23.380028967,76.565555503,100.000000000,0.000000000,100.000000000,99.911442334,-1.000000000,0.000000000,0.000000000
622,0.311000000,0.000000000,100.000000000,23.430028967,76.515555503,100.000000000,0.000000000,100.000000000,99.911442334,-1.000000000,0.000000000,0.000000000
623,0.311500000,0.000000000,100.000000000,23.480028967,76.465555503,100.000000000,0.000000000,100.000000000,99.911442334,-1.000000000,0.000000000,0.000000000
624,0.312000000,0.000000000,100.000000000,23.530028967,76.415555503,100.000000000,0.000000000,100.000000000,99.911442334,-1.000000000,0.000000000,0.000000000
625,0.312500000,0.000000000,100.000000000,23.580028967,76.365555503,100.000000000,0.000000000,100.000000000,99.911442334,-1.000000000,0.000000000,0.000000000
626,0.313000000,0.000000000,100.000000000,23.630028967,76.315555503,100.000000000,0.000000000,100.000000000,99.911442334,-1.000000000,0.000000000,0.000000000
627,0.313500000,0.000000000,100.000000000,23.680028967,76.265555503,100.000000000,0.000000000,100.000000000,99.911442334,-1.000000000,0.000000000,0.000000000
628,0.314000000,0.000000000,100.000000000,23.730028967,76.215555503,100.000000000,0.000000000,100.000000000,99.911442334,-1.000000000,0.000000000,0.000000000
629,0.314500000,0.000000000,100.000000000,23.780028967,76.165555503,100.000000000,0.000000000,100.000000000,99.911442334,-1.000000000,0.000000000,0.000000000
630,0.315000000,0.000000000,100.000000000,23.830028967,76.115555503,100.000000000,0.000000000,100.000000000,99.911442334,-1.000000000,0.000000000,0.000000000
631,0.315500000,0.000000000,100.000000000,23.880028967,76.065555503,100.000000000,0.000000000,100.000000000,99.911442334,-1.000000000,0.000000000,0.000000000
632,0.316000000,0.000000000,100.000000000,23.930028967,76.015555503,100.000000000,0.000000000,100.000000000,99.911442334,-1.000000000,0.000000000,0.000000000
633,0.316500000,0.000000000,100.000000000,23.980028967,75.965555503,100.000000000,0.000000000,100.000000000,99.911442334,-1.000000000,0.000000000,0.000000000
634,0.317000000,0.000000000,100.000000000,24.030028967,75.915555503,100.000000000,0.000000000,100.000000000,99.911442334,-1.000000000,0.000000000,0.000000000
635,0.317500000,0.000000000,100.000000000,24.080028967,75.865555503,100.000000000,0.000000000,100.000000000,99.911442334,-1.000000000,0.000000000,0.000000000
636,0.318000000,0.000000000,100.000000000,24.130028967,75.815555503,100.000000000,0.000000000,100.000000000,99.911442334,-1.000000000,0.000000000,0.000000000
637,0.318500000,0.000000000,100.000000000,24.180028967,75.765555503,100.000000000,0.000000000,100.000000000,99.911442334,-1.000000000,0.000000000,0.000000000
638,0.319000000,0.000000000,100.000000000,24.230028967,75.715555503,100.000000000,0.000000000,100.000000000,99.911442334,-1.000000000,0.000000000,0.000000000
639,0.319500000,0.000000000,100.000000000,24.280028967,75.665555503,100.000000000,0.000000000,100.000000000,99.911442334,-1.000000000,0.000000000,0.000000000
640,0.320000000,0.000000000,100.000000000,24.330028967,75.615555503,100.000000000,0.000000000,100.000000000,99.911442334,-1.000000000,0.000000000,0.000000000
641,0.320500000,0.000000000,100.000000000,24.380028967,75.565555503,100.000000000,0.000000000,100.000000000,99.911442334,-1.000000000,0.000000000,0.000000000
642,0.321000000,0.000000000,100.000000000,24.430028967,75.515555503,100.000000000,0.000000000,100.000000000,99.911442334,-1.000000000,0.000000000,0.000000000
643,0.321500000,0.000000000,100.000000000,24.480028967,75.465555503,100.000000000,0.000000000,100.000000000,99.911442334,-1.000000000,0.000000000,0.000000000
644,0.322000000,0.000000000,100.000000000,24.530028967,75.415555503,100.000000000,0.000000000,100.000000000,99.911442334,-1.000000000,0.000000000,0.000000000
645,0.322500000,0.000000000,100.000000000,24.580028967,75.365555503,100.000000000,0.000000000,100.000000000,99.911442334,-1.000000000,0.000000000,0.000000000
646,0.323000000,0.000000000,100.000000000,24.630028967,75.315555503,100.000000000,0.000000000,100.000000000,99.911442334,-1.000000000,0.000000000,0.000000000
647,0.323500000,0.000000000,100.000000000,24.680028967,75.265555503,100.000000000,0.000000000,100.000000000,99.911442334,-1.000000000,0.000000000,0.000000000
648,0.324000000,0.000000000,100.000000000,24.730028967,75.215555503,100.000000000,0.000000000,100.000000000,99.911442334,-1.000000000,0.000000000,0.000000000
649,0.324500000,0.000000000,100.000000000,24.780028967,75.165555503,100.000000000,0.000000000,100.000000000,99.911442334,-1.000000000,0.000000000,0.000000000
650,0.325000000,0.000000000,100.000000000,24.830028967,75.115555503,100.000000000,0.000000000,100.000000000,99.911442334,-1.000000000,0.000000000,0.000000000
651,0.325500000,0.000000000,100.000000000,24.880028967,75.065555503,100.000000000,0.000000000,100.000000000,99.911442334,-1.000000000,0.000000000,0.000000000
652,0.326000000,0.000000000,100.000000000,24.930028967,75.015555503,100.000000000,0.000000000,100.000000000,99.911442334,-1.000000000,0.000000000,0.000000000
653,0.326500000,0.000000000,100.000000000,24.980028967,74.965555503,100.000000000,0.000000000,100.000000000,99.911442334,-1.000000000,0.000000000,0.000000000
654,0.327000000,0.000000000,100.000000000,25.030028967,74.915555503,100.000000000,0.000000000,100.000000000,99.911442334,-1.000000000,0.000000000,0.000000000
655,0.327500000,0.000000000,100.000000000,25.080028967,74.865555503,100.000000000,0.000000000,100.000000000,99.911442334,-1.000000000,0.000000000,0.000000000
656,0.328000000,0.000000000,100.000000000,25.130028967,74.815555503,100.000000000,0.000000000,100.000000000,99.911442334,-1.000000000,0.000000000,0.000000000
657,0.328500000,0.000000000,100.000000000,25.180028967,74.765555503,100.000000000,0.000000000,100.000000000,99.911442334,-1.000000000,0.000000000,0.000000000
658,0.329000000,0.000000000,100.000000000,25.230028967,74.715555503,100.000000000,0.000000000,100.000000000,99.911442334,-1.000000000,0.000000000,0.000000000
659,0.329500000,0.000000000,100.000000000,25.280028967,74.665555503,100.000000000,0.000000000,100.000000000,99.911442334,-1.000000000,0.000000000,0.000000000
660,0.330000000,0.000000000,100.000000000,25.330028967,74.615555503,100.000000000,0.000000000,100.000000000,99.911442334,-1.000000000,0.000000000,0.000000000
661,0.330500000,0.000000000,100.000000000,25.380028967,74.565555503,100.000000000,0.000000000,100.000000000,99.911442334,-1.000000000,0.000000000,0.000000000
662,0.331000000,0.000000000,100.000000000,25.430028967,74.515555503,100.000000000,0.000000000,100.000000000,99.911442334,-1.000000000,0.000000000,0.000000000
663,0.331500000,0.000000000,100.000000000,25.480028967,74.465555503,100.000000000,0.000000000,100.000000000,99.911442334,-1.000000000,0.000000000,0.000000000
664,0.332000000,0.000000000,100.000000000,25.530028967,74.415555503,100.000000000,0.000000000,100.000000000,99.911442334,-1.000000000,0.000000000,0.000000000
665,0.332500000,0.000000000,100.000000000,25.580028967,74.365555503,100.000000000,0.000000000,100.000000000,99.911442334,-1.000000000,0.000000000,0.000000000
666,0.333000000,0.000000000,100.000000000,25.630028967,74.315555503,100.000000000,0.000000000,100.000000000,99.911442334,-1.000000000,0.000000000,0.000000000
667,0.333500000,0.000000000,100.000000000,25.680028967,74.265555503,100.000000000,0.000000000,100.000000000,99.911442334,-1.000000000,0.000000000,0.000000000
668,0.334000000,0.000000000,100.000000000,25.730028967,74.215555503,100.000000000,0.000000000,100.000000000,99.911442334,-1.000000000,0.000000000,0.000000000
669,0.334500000,0.000000000,100.000000000,25.780028967,74.165555503,100.000000000,0.000000000,100.000000000,99.911442334,-1.000000000,0.000000000,0.000000000
670,0.335000000,0.000000000,100.000000000,25.830028967,74.115555503,100.000000000,0.000000000,100.000000000,99.911442334,-1.000000000,0.000000000,0.000000000
671,0.335500000,0.000000000,100.000000000,25.880028967,74.065555503,100.000000000,0.000000000,100.000000000,99.911442334,-1.000000000,0.000000000,0.000000000
672,0.336000000,0.000000000,100.000000000,25.930028967,74.015555503,100.000000000,0.000000000,100.000000000,99.911442334,-1.000000000,0.000000000,0.000000000
673,0.336500000,0.000000000,100.000000000,25.980028967,73.965555503,100.000000000,0.000000000,100.000000000,99.911442334,-1.000000000,0.000000000,0.000000000
674,0.337000000,0.000000000,100.000000000,26.030028967,73.915555503,100.000000000,0.000000000,100.000000000,99.911442334,-1.000000000,0.000000000,0.000000000
675,0.337500000,0.000000000,100.000000000,26.080028967,73.865555503,100.000000000,0.000000000,100.000000000,99.911442334,-1.000000000,0.000000000,0.000000000
676,0.338000000,0.000000000,100.000000000,26.130028967,73.815555503,100.000000000,0.000000000,100.000000000,99.911442334,-1.000000000,0.000000000,0.000000000
677,0.338500000,0.000000000,100.000000000,26.180028967,73.765555503,100.000000000,0.000000000,100.000000000,99.911442334,-1.000000000,0.000000000,0.000000000
678,0.339000000,0.000000000,100.000000000,26.230028967,73.715555503,100.000000000,0.000000000,100.000000000,99.911442334,-1.000000000,0.000000000,0.000000000
679,0.339500000,0.000000000,100.000000000,26.280028967,73.665555503,100.000000000,0.000000000,100.000000000,99.911442334,-1.000000000,0.000000000,0.000000000
680,0.340000000,0.000000000,100.000000000,26.330028967,73.615555503,100.000000000,0.000000000,100.000000000,99.911442334,-1.000000000,0.000000000,0.000000000
681,0.340500000,0.000000000,100.000000000,26.380028967,73.565555503,100.000000000,0.000000000,100.000000000,99.911442334,-1.000000000,0.000000000,0.000000000
682,0.341000000,0.000000000,100.000000000,26.430028967,73.515555503,100.000000000,0.000000000,100.000000000,99.911442334,-1.000000000,0.000000000,0.000000000
683,0.341500000,0.000000000,100.000000000,26.480028967,73.465555503,100.000000000,0.000000000,100.000000000,99.911442334,-1.000000000,0.000000000,0.000000000
684,0.342000000,0.000000000,100.000000000,26.530028967,73.415555503,100.000000000,0.000000000,100.000000000,99.911442334,-1.000000000,0.000000000,0.000000000
685,0.342500000,0.000000000,100.000000000,26.580028967,73.365555503,100.000000000,0.000000000,100.000000000,99.911442334,-1.000000000,0.000000000,0.000000000
686,0.343000000,0.000000000,100.000000000,26.630028967,73.315555503,100.000000000,0.000000000,100.000000000,99.911442334,-1.000000000,0.000000000,0.000000000
687,0.343500000,0.000000000,100.000000000,26.680028967,73.265555503,100.000000000,0.000000000,100.000000000,99.911442334,-1.000000000,0.000000000,0.000000000
688,0.344000000,0.000000000,100.000000000,26.730028967,73.215555503,100.000000000,0.000000000,100.000000000,99.911442334,-1.000000000,0.000000000,0.000000000
689,0.344500000,0.000000000,100.000000000,26.780028967,73.165555503,100.000000000,0.000000000,100.000000000,99.911442334,-1.000000000,0.000000000,0.000000000
690,0.345000000,0.000000000,100.000000000,26.830028967,73.115555503,100.000000000,0.000000000,100.000000000,99.911442334,-1.000000000,0.000000000,0.000000000
691,0.345500000,0.000000000,100.000000000,26.880028967,73.065555503,100.000000000,0.000000000,100.000000000,99.911442334,-1.000000000,0.000000000,0.000000000
692,0.346000000,0.000000000,100.000000000,26.930028967,73.015555503,100.000000000,0.000000000,100.000000000,99.911442334,-1.000000000,0.000000000,0.000000000
693,0.346500000,0.000000000,100.000000000,26.980028967,72.965555503,100.000000000,0.000000000,100.000000000,99.911442334,-1.000000000,0.000000000,0.000000000
694,0.347000000,0.000000000,100.000000000,27.030028967,72.915555503,100.000000000,0.000000000,100.000000000,99.911442334,-1.000000000,0.000000000,0.000000000
695,0.347500000,0.000000000,100.000000000,27.080028967,72.865555503,100.000000000,0.000000000,100.000000000,99.911442334,-1.000000000,0.000000000,0.000000000
696,0.348000000,0.000000000,100.000000000,27.130028967,72.815555503,100.000000000,0.000000000,100.000000000,99.911442334,-1.000000000,0.000000000,0.000000000
697,0.348500000,0.000000000,100.000000000,27.180028967,72.765555503,100.000000000,0.000000000,100.000000000,99.911442334,-1.000000000,0.000000000,0.000000000
698,0.349000000,0.000000000,100.000000000,27.230028967,72.715555503,100.000000000,0.000000000,100.000000000,99.911442334,-1.000000000,0.000000000,0.000000000
699,0.349500000,0.000000000,100.000000000,27.280028967,72.665555503,100.000000000,0.000000000,100.000000000,99.911442334,-1.000000000,0.000000000,0.000000000
700,0.350000000,0.000000000,100.000000000,27.330028967,72.615555503,100.000000000,0.000000000,100.000000000,99.911442334,-1.000000000,0.000000000,0.000000000
701,0.350500000,0.000000000,100.000000000,27.380028967,72.565555503,100.000000000,0.000000000,100.000000000,99.911442334,-1.000000000,0.000000000,0.000000000
702,0.351000000,0.000000000,100.000000000,27.430028967,72.515555503,100.000000000,0.000000000,100.000000000,99.911442334,-1.000000000,0.000000000,0.000000000
703,0.351500000,0.000000000,100.000000000,27.480028967,72.465555503,100.000000000,0.000000000,100.000000000,99.911442334,-1.000000000,0.000000000,0.000000000
704,0.352000000,0.000000000,100.000000000,27.530028967,72.415555503,100.000000000,0.000000000,100.000000000,99.911442334,-1.000000000,0.000000000,0.000000000
705,0.352500000,0.000000000,100.000000000,27.580028967,72.365555503,100.000000000,0.000000000,100.000000000,99.911442334,-1.000000000,0.000000000,0.000000000
706,0.353000000,0.000000000,100.000000000,27.630028967,72.315555503,100.000000000,0.000000000,100.000000000,99.911442334,-1.000000000,0.000000000,0.000000000
707,0.353500000,0.000000000,100.000000000,27.680028967,72.265555503,100.000000000,0.000000000,100.000000000,99.911442334,-1.000000000,0.000000000,0.000000000
708,0.354000000,0.000000000,100.000000000,27.730028967,72.215555503,100.000000000,0.000000000,100.000000000,99.911442334,-1.000000000,0.000000000,0.000000000
709,0.354500000,0.000000000,100.000000000,27.780028967,72.165555503,100.000000000,0.000000000,100.000000000,99.911442334,-1.000000000,0.000000000,0.000000000
710,0.355000000,0.000000000,100.000000000,27.830028967,72.115555503,100.000000000,0.000000000,100.000000000,99.911442334,-1.000000000,0.000000000,0.000000000
711,0.355500000,0.000000000,100.000000000,27.880028967,72.065555503,100.000000000,0.000000000,100.000000000,99.911442334,-1.000000000,0.000000000,0.000000000
712,0.356000000,0.000000000,100.000000000,27.930028967,72.015555503,100.000000000,0.000000000,100.000000000,99.911442334,-1.000000000,0.000000000,0.000000000
713,0.356500000,0.000000000,100.000000000,27.980028967,71.965555503,100.000000000,0.000000000,100.000000000,99.911442334,-1.000000000,0.000000000,0.000000000
714,0.357000000,0.000000000,100.000000000,28.030028967,71.915555503,100.000000000,0.000000000,100.000000000,99.911442334,-1.000000000,0.000000000,0.000000000
715,0.357500000,0.000000000,100.000000000,28.080028967,71.865555503,100.000000000,0.000000000,100.000000000,99.911442334,-1.000000000,0.000000000,0.000000000
716,0.358000000,0.000000000,100.000000000,28.130028967,71.815555503,100.000000000,0.000000000,100.000000000,99.911442334,-1.000000000,0.000000000,0.000000000
717,0.358500000,0.000000000,100.000000000,28.180028967,71.765555503,100.000000000,0.000000000,100.000000000,99.911442334,-1.000000000,0.000000000,0.000000000
718,0.359000000,0.000000000,100.000000000,28.230028967,71.715555503,100.000000000,0.000000000,100.000000000,99.911442334,-1.000000000,0.000000000,0.000000000
719,0.359500000,0.000000000,100.000000000,28.280028967,71.665555503,100.000000000,0.000000000,100.000000000,99.911442334,-1.000000000,0.000000000,0.000000000
720,0.360000000,0.000000000,100.000000000,28.330028967,71.615555503,100.000000000,0.000000000,100.000000000,99.911442334,-1.000000000,0.000000000,0.000000000
721,0.360500000,0.000000000,100.000000000,28.380028967,71.565555503,100.000000000,0.000000000,100.000000000,99.911442334,-1.000000000,0.000000000,0.000000000
722,0.361000000,0.000000000,100.000000000,28.430028967,71.515555503,100.000000000,0.000000000,100.000000000,99.911442334,-1.000000000,0.000000000,0.000000000
723,0.361500000,0.000000000,100.000000000,28.480028967,71.465555503,100.000000000,0.000000000,100.000000000,99.911442334,-1.000000000,0.000000000,0.000000000
724,0.362000000,0.000000000,100.000000000,28.530028967,71.415555503,100.000000000,0.000000000,100.000000000,99.911442334,-1.000000000,0.000000000,0.000000000
725,0.362500000,0.000000000,100.000000000,28.580028967,71.365555503,100.000000000,0.000000000,100.000000000,99.911442334,-1.000000000,0.000000000,0.000000000
726,0.363000000,0.000000000,100.000000000,28.630028967,71.315555503,100.000000000,0.000000000,100.000000000,99.911442334,-1.000000000,0.000000000,0.000000000
727,0.363500000,0.000000000,100.000000000,28.680028967,71.265555503,100.000000000,0.000000000,100.000000000,99.911442334,-1.000000000,0.000000000,0.000000000
728,0.364000000,0.000000000,100.000000000,28.730028967,71.215555503,100.000000000,0.000000000,100.000000000,99.911442334,-1.000000000,0.000000000,0.000000000
729,0.364500000,0.000000000,100.000000000,28.780028967,71.165555503,100.000000000,0.000000000,100.000000000,99.911442334,-1.000000000,0.000000000,0.000000000
730,0.365000000,0.000000000,100.000000000,28.830028967,71.115555503,100.000000000,0.000000000,100.000000000,99.911442334,-1.000000000,0.000000000,0.000000000
731,0.365500000,0.000000000,100.000000000,28.880028967,71.065555503,100.000000000,0.000000000,100.000000000,99.911442334,-1.000000000,0.000000000,0.000000000
732,0.366000000,0.000000000,100.000000000,28.930028967,71.015555503,100.000000000,0.000000000,100.000000000,99.911442334,-1.000000000,0.000000000,0.000000000
733,0.366500000,0.000000000,100.000000000,28.980028967,70.965555503,100.000000000,0.000000000,100.000000000,99.911442334,-1.000000000,0.000000000,0.000000000
734,0.367000000,0.000000000,100.000000000,29.030028967,70.915555503,100.000000000,0.000000000,100.000000000,99.911442334,-1.000000000,0.000000000,0.000000000
735,0.367500000,0.000000000,100.000000000,29.080028967,70.865555503,100.000000000,0.000000000,100.000000000,99.911442334,-1.000000000,0.000000000,0.000000000
736,0.368000000,0.000000000,100.000000000,29.130028967,70.815555503,100.000000000,0.000000000,100.000000000,99.911442334,-1.000000000,0.000000000,0.000000000
737,0.368500000,0.000000000,100.000000000,29.180028967,70.765555503,100.000000000,0.000000000,100.000000000,99.911442334,-1.000000000,0.000000000,0.000000000
738,0.369000000,0.000000000,100.000000000,29.230028967,70.715555503,100.000000000,0.000000000,100.000000000,99.911442334,-1.000000000,0.000000000,0.000000000
739,0.369500000,0.000000000,100.000000000,29.280028967,70.665555503,100.000000000,0.000000000,100.000000000,99.911442334,-1.000000000,0.000000000,0.000000000
740,0.370000000,0.000000000,100.000000000,29.330028967,70.615555503,100.000000000,0.000000000,100.000000000,99.911442334,-1.000000000,0.000000000,0.000000000
741,0.370500000,0.000000000,100.000000000,29.380028967,70.565555503,100.000000000,0.000000000,100.000000000,99.911442334,-1.000000000,0.000000000,0.000000000
742,0.371000000,0.000000000,100.000000000,29.430028967,70.515555503,100.000000000,0.000000000,100.000000000,99.911442334,-1.000000000,0.000000000,0.000000000
743,0.371500000,0.000000000,100.000000000,29.480028967,70.465555503,100.000000000,0.000000000,100.000000000,99.911442334,-1.000000000,0.000000000,0.000000000
744,0.372000000,0.000000000,100.000000000,29.530028967,70.415555503,100.000000000,0.000000000,100.000000000,99.911442334,-1.000000000,0.000000000,0.000000000
745,0.372500000,0.000000000,100.000000000,29.580028967,70.365555503,100.000000000,0.000000000,100.000000000,99.911442334,-1.000000000,0.000000000,0.000000000
746,0.373000000,0.000000000,100.000000000,29.630028967,70.315555503,100.000000000,0.000000000,100.000000000,99.911442334,-1.000000000,0.000000000,0.000000000
747,0.373500000,0.000000000,100.000000000,29.680028967,70.265555503,100.000000000,0.000000000,100.000000000,99.911442334,-1.000000000,0.000000000,0.000000000
748,0.374000000,0.000000000,100.000000000,29.730028967,70.215555503,100.000000000,0.000000000,100.000000000,99.911442334,-1.000000000,0.000000000,0.000000000
749,0.374500000,0.000000000,100.000000000,29.780028967,70.165555503,100.000000000,0.000000000,100.000000000,99.911442334,-1.000000000,0.000000000,0.000000000
750,0.375000000,0.000000000,100.000000000,29.830028967,70.115555503,100.000000000,0.000000000,100.000000000,99.911442334,-1.000000000,0.000000000,0.000000000
751,0.375500000,0.000000000,100.000000000,29.880028967,70.065555503,100.000000000,0.000000000,100.000000000,99.911442334,-1.000000000,0.000000000,0.000000000
752,0.376000000,0.000000000,100.000000000,29.930028967,70.015555503,100.000000000,0.000000000,100.000000000,99.911442334,-1.000000000,0.000000000,0.000000000
753,0.376500000,0.000000000,100.000000000,29.980028967,69.965555503,100.000000000,0.000000000,100.000000000,99.911442334,-1.000000000,0.000000000,0.000000000
754,0.377000000,0.000000000,100.000000000,30.030028967,69.915555503,100.000000000,0.000000000,100.000000000,99.911442334,-1.000000000,0.000000000,0.000000000
755,0.377500000,0.000000000,100.000000000,30.080028967,69.865555503,100.000000000,0.000000000,100.000000000,99.911442334,-1.000000000,0.000000000,0.000000000
756,0.378000000,0.000000000,100.000000000,30.130028967,69.815555503,100.000000000,0.000000000,100.000000000,99.911442334,-1.000000000,0.000000000,0.000000000
757,0.378500000,0.000000000,100.000000000,30.180028967,69.765555503,100.000000000,0.000000000,100.000000000,99.911442334,-1.000000000,0.000000000,0.000000000
758,0.379000000,0.000000000,100.000000000,30.230028967,69.715555503,100.000000000,0.000000000,100.000000000,99.911442334,-1.000000000,0.000000000,0.000000000
759,0.379500000,0.000000000,100.000000000,30.280028967,69.665555503,100.000000000,0.000000000,100.000000000,99.911442334,-1.000000000,0.000000000,0.000000000
760,0.380000000,0.000000000,100.000000000,30.330028967,69.615555503,100.000000000,0.000000000,100.000000000,99.911442334,-1.000000000,0.000000000,0.000000000
761,0.380500000,0.000000000,100.000000000,30.380028967,69.565555503,100.000000000,0.000000000,100.000000000,99.911442334,-1.000000000,0.000000000,0.000000000
762,0.381000000,0.000000000,100.000000000,30.430028967,69.515555503,100.000000000,0.000000000,100.000000000,99.911442334,-1.000000000,0.000000000,0.000000000
763,0.381500000,0.000000000,100.000000000,30.480028967,69.465555503,100.000000000,0.000000000,100.000000000,99.911442334,-1.000000000,0.000000000,0.000000000
764,0.382000000,0.000000000,100.000000000,30.530028967,69.415555503,100.000000000,0.000000000,100.000000000,99.911442334,-1.000000000,0.000000000,0.000000000
765,0.382500000,0.000000000,100.000000000,30.580028967,69.365555503,100.000000000,0.000000000,100.000000000,99.911442334,-1.000000000,0.000000000,0.000000000
766,0.383000000,0.000000000,100.000000000,30.630028967,69.315555503,100.000000000,0.000000000,100.000000000,99.911442334,-1.000000000,0.000000000,0.000000000
767,0.383500000,0.000000000,100.000000000,30.680028967,69.265555503,100.000000000,0.000000000,100.000000000,99.911442334,-1.000000000,0.000000000,0.000000000
768,0.384000000,0.000000000,100.000000000,30.730028967,69.215555503,100.000000000,0.000000000,100.000000000,99.911442334,-1.000000000,0.000000000,0.000000000
769,0.384500000,0.000000000,100.000000000,30.780028967,69.165555503,100.000000000,0.000000000,100.000000000,99.911442334,-1.000000000,0.000000000,0.000000000
770,0.385000000,0.000000000,100.000000000,30.830028967,69.115555503,100.000000000,0.000000000,100.000000000,99.911442334,-1.000000000,0.000000000,0.000000000
771,0.385500000,0.000000000,100.000000000,30.880028967,69.065555503,100.000000000,0.000000000,100.000000000,99.911442334,-1.000000000,0.000000000,0.000000000
772,0.386000000,0.000000000,100.000000000,30.930028967,69.015555503,100.000000000,0.000000000,100.000000000,99.911442334,-1.000000000,0.000000000,0.000000000
773,0.386500000,0.000000000,100.000000000,30.980028967,68.965555503,100.000000000,0.000000000,100.000000000,99.911442334,-1.000000000,0.000000000,0.000000000
774,0.387000000,0.000000000,100.000000000,31.030028967,68.915555503,100.000000000,0.000000000,100.000000000,99.911442334,-1.000000000,0.000000000,0.000000000
775,0.387500000,0.000000000,100.000000000,31.080028967,68.865555503,100.000000000,0.000000000,100.000000000,99.911442334,-1.000000000,0.000000000,0.000000000
776,0.388000000,0.000000000,100.000000000,31.130028967,68.815555503,100.000000000,0.000000000,100.000000000,99.911442334,-1.000000000,0.000000000,0.000000000
777,0.388500000,0.000000000,100.000000000,31.180028967,68.765555503,100.000000000,0.000000000,100.000000000,99.911442334,-1.000000000,0.000000000,0.000000000
778,0.389000000,0.000000000,100.000000000,31.230028967,68.715555503,100.000000000,0.000000000,100.000000000,99.911442334,-1.000000000,0.000000000,0.000000000
779,0.389500000,0.000000000,100.000000000,31.280028967,68.665555503,100.000000000,0.000000000,100.000000000,99.911442334,-1.000000000,0.000000000,0.000000000
780,0.390000000,0.000000000,100.000000000,31.330028967,68.615555503,100.000000000,0.000000000,100.000000000,99.911442334,-1.000000000,0.000000000,0.000000000
781,0.390500000,0.000000000,100.000000000,31.380028967,68.565555503,100.000000000,0.000000000,100.000000000,99.911442334,-1.000000000,0.000000000,0.000000000
782,0.391000000,0.000000000,100.000000000,31.430028967,68.515555503,100.000000000,0.000000000,100.000000000,99.911442334,-1.000000000,0.000000000,0.000000000
783,0.391500000,0.000000000,100.000000000,31.480028967,68.465555503,100.000000000,0.000000000,100.000000000,99.911442334,-1.000000000,0.000000000,0.000000000
784,0.392000000,0.000000000,100.000000000,31.530028967,68.415555503,100.000000000,0.000000000,100.000000000,99.911442334,-1.000000000,0.000000000,0.000000000
785,0.392500000,0.000000000,100.000000000,31.580028967,68.365555503,100.000000000,0.000000000,100.000000000,99.911442334,-1.000000000,0.000000000,0.000000000
786,0.393000000,0.000000000,100.000000000,31.630028967,68.315555503,100.000000000,0.000000000,100.000000000,99.911442334,-1.000000000,0.000000000,0.000000000
787,0.393500000,0.000000000,100.000000000,31.680028967,68.265555503,100.000000000,0.000000000,100.000000000,99.911442334,-1.000000000,0.000000000,0.000000000
788,0.394000000,0.000000000,100.000000000,31.730028967,68.215555503,100.000000000,0.000000000,100.000000000,99.911442334,-1.000000000,0.000000000,0.000000000
789,0.394500000,0.000000000,100.000000000,31.780028967,68.165555503,100.000000000,0.000000000,100.000000000,99.911442334,-1.000000000,0.000000000,0.000000000
790,0.395000000,0.000000000,100.000000000,31.830028967,68.115555503,100.000000000,0.000000000,100.000000000,99.911442334,-1.000000000,0.000000000,0.000000000
791,0.395500000,0.000000000,100.000000000,31.880028967,68.065555503,100.000000000,0.000000000,100.000000000,99.911442334,-1.000000000,0.000000000,0.000000000
792,0.396000000,0.000000000,100.000000000,31.930028967,68.015555503,100.000000000,0.000000000,100.000000000,99.911442334,-1.000000000,0.000000000,0.000000000
793,0.396500000,0.000000000,100.000000000,31.980028967,67.965555503,100.000000000,0.000000000,100.000000000,99.911442334,-1.000000000,0.000000000,0.000000000
794,0.397000000,0.000000000,100.000000000,32.030028967,67.915555503,100.000000000,0.000000000,100.000000000,99.911442334,-1.000000000,0.000000000,0.000000000
795,0.397500000,0.000000000,100.000000000,32.080028967,67.865555503,100.000000000,0.000000000,100.000000000,99.911442334,-1.000000000,0.000000000,0.000000000
796,0.398000000,0.000000000,100.000000000,32.130028967,67.815555503,100.000000000,0.000000000,100.000000000,99.911442334,-1.000000000,0.000000000,0.000000000
797,0.398500000,0.000000000,100.000000000,32.180028967,67.765555503,100.000000000,0.000000000,100.000000000,99.911442334,-1.000000000,0.000000000,0.000000000
798,0.399000000,0.000000000,100.000000000,32.230028967,67.715555503,100.000000000,0.000000000,100.000000000,99.911442334,-1.000000000,0.000000000,0.000000000
799,0.399500000,0.000000000,100.000000000,32.280028967,67.665555503,100.000000000,0.000000000,100.000000000,99.911442334,-1.000000000,0.000000000,0.000000000
800,0.400000000,0.000000000,100.000000000,32.330028967,67.615555503,100.000000000,0.000000000,100.000000000,99.911442334,-1.000000000,0.000000000,0.000000000
801,0.400500000,0.000000000,100.000000000,32.380028967,67.565555503,100.000000000,0.000000000,100.000000000,99.911442334,-1.000000000,0.000000000,0.000000000
802,0.401000000,0.000000000,100.000000000,32.430028967,67.515555503,100.000000000,0.000000000,100.000000000,99.911442334,-1.000000000,0.000000000,0.000000000
803,0.401500000,0.000000000,100.000000000,32.480028967,67.465555503,100.000000000,0.000000000,100.000000000,99.911442334,-1.000000000,0.000000000,0.000000000
804,0.402000000,0.000000000,100.000000000,32.530028967,67.415555503,100.000000000,0.000000000,100.000000000,99.911442334,-1.000000000,0.000000000,0.000000000
805,0.402500000,0.000000000,100.000000000,32.580028967,67.365555503,100.000000000,0.000000000,100.000000000,99.911442334,-1.000000000,0.000000000,0.000000000
806,0.403000000,0.000000000,100.000000000,32.630028967,67.315555503,100.000000000,0.000000000,100.000000000,99.911442334,-1.000000000,0.000000000,0.000000000
807,0.403500000,0.000000000,100.000000000,32.680028967,67.265555503,100.000000000,0.000000000,100.000000000,99.911442334,-1.000000000,0.000000000,0.000000000
808,0.404000000,0.000000000,100.000000000,32.730028967,67.215555503,100.000000000,0.000000000,100.000000000,99.911442334,-1.000000000,0.000000000,0.000000000
809,0.404500000,0.000000000,100.000000000,32.780028967,67.165555503,100.000000000,0.000000000,100.000000000,99.911442334,-1.000000000,0.000000000,0.000000000
810,0.405000000,0.000000000,100.000000000,32.830028967,67.115555503,100.000000000,0.000000000,100.000000000,99.911442334,-1.000000000,0.000000000,0.000000000
811,0.405500000,0.000000000,100.000000000,32.880028967,67.065555503,100.000000000,0.000000000,100.000000000,99.911442334,-1.000000000,0.000000000,0.000000000
812,0.406000000,0.000000000,100.000000000,32.930028967,67.015555503,100.000000000,0.000000000,100.000000000,99.911442334,-1.000000000,0.000000000,0.000000000
813,0.406500000,0.000000000,100.000000000,32.980028967,66.965555503,100.000000000,0.000000000,100.000000000,99.911442334,-1.000000000,0.000000000,0.000000000
814,0.407000000,0.000000000,100.000000000,33.030028967,66.915555503,100.000000000,0.000000000,100.000000000,99.911442334,-1.000000000,0.000000000,0.000000000
815,0.407500000,0.000000000,100.000000000,33.080028967,66.865555503,100.000000000,0.000000000,100.000000000,99.911442334,-1.000000000,0.000000000,0.000000000
816,0.408000000,0.000000000,100.000000000,33.130028967,66.815555503,100.000000000,0.000000000,100.000000000,99.911442334,-1.000000000,0.000000000,0.000000000
817,0.408500000,0.000000000,100.000000000,33.180028967,66.765555503,100.000000000,0.000000000,100.000000000,99.911442334,-1.000000000,0.000000000,0.000000000
818,0.409000000,0.000000000,100.000000000,33.230028967,66.715555503,100.000000000,0.000000000,100.000000000,99.911442334,-1.000000000,0.000000000,0.000000000
819,0.409500000,0.000000000,100.000000000,33.280028967,66.665555503,100.000000000,0.000000000,100.000000000,99.911442334,-1.000000000,0.000000000,0.000000000
820,0.410000000,0.000000000,100.000000000,33.330028967,66.615555503,100.000000000,0.000000000,100.000000000,99.911442334,-1.000000000,0.000000000,0.000000000
821,0.410500000,0.000000000,100.000000000,33.380028967,66.565555503,100.000000000,0.000000000,100.000000000,99.911442334,-1.000000000,0.000000000,0.000000000
822,0.411000000,0.000000000,100.000000000,33.430028967,66.515555503,100.000000000,0.000000000,100.000000000,99.911442334,-1.000000000,0.000000000,0.000000000
823,0.411500000,0.000000000,100.000000000,33.480028967,66.465555503,100.000000000,0.000000000,100.000000000,99.911442334,-1.000000000,0.000000000,0.000000000
824,0.412000000,0.000000000,100.000000000,33.530028967,66.415555503,100.000000000,0.000000000,100.000000000,99.911442334,-1.000000000,0.000000000,0.000000000
825,0.412500000,0.000000000,100.000000000,33.580028967,66.365555503,100.000000000,0.000000000,100.000000000,99.911442334,-1.000000000,0.000000000,0.000000000
826,0.413000000,0.000000000,100.000000000,33.630028967,66.315555503,100.000000000,0.000000000,100.000000000,99.911442334,-1.000000000,0.000000000,0.000000000
827,0.413500000,0.000000000,100.000000000,33.680028967,66.265555503,100.000000000,0.000000000,100.000000000,99.911442334,-1.000000000,0.000000000,0.000000000
828,0.414000000,0.000000000,100.000000000,33.730028967,66.215555503,100.000000000,0.000000000,100.000000000,99.911442334,-1.000000000,0.000000000,0.000000000
829,0.414500000,0.000000000,100.000000000,33.780028967,66.165555503,100.000000000,0.000000000,100.000000000,99.911442334,-1.000000000,0.000000000,0.000000000
830,0.415000000,0.000000000,100.000000000,33.830028967,66.115555503,100.000000000,0.000000000,100.000000000,99.911442334,-1.000000000,0.000000000,0.000000000
831,0.415500000,0.000000000,100.000000000,33.880028967,66.065555503,100.000000000,0.000000000,100.000000000,99.911442334,-1.000000000,0.000000000,0.000000000
832,0.416000000,0.000000000,100.000000000,33.930028967,66.015555503,100.000000000,0.000000000,100.000000000,99.911442334,-1.000000000,0.000000000,0.000000000
833,0.416500000,0.000000000,100.000000000,33.980028967,65.965555503,100.000000000,0.000000000,100.000000000,99.911442334,-1.000000000,0.000000000,0.000000000
834,0.417000000,0.000000000,100.000000000,34.030028967,65.915555503,100.000000000,0.000000000,100.000000000,99.911442334,-1.000000000,0.000000000,0.000000000
835,0.417500000,0.000000000,100.000000000,34.080028967,65.865555503,100.000000000,0.000000000,100.000000000,99.911442334,-1.000000000,0.000000000,0.000000000
836,0.418000000,0.000000000,100.000000000,34.130028967,65.815555503,100.000000000,0.000000000,100.000000000,99.911442334,-1.000000000,0.000000000,0.000000000
837,0.418500000,0.000000000,100.000000000,34.180028967,65.765555503,100.000000000,0.000000000,100.000000000,99.911442334,-1.000000000,0.000000000,0.000000000
838,0.419000000,0.000000000,100.000000000,34.230028967,65.715555503,100.000000000,0.000000000,100.000000000,99.911442334,-1.000000000,0.000000000,0.000000000
839,0.419500000,0.000000000,100.000000000,34.280028967,65.665555503,100.000000000,0.000000000,100.000000000,99.911442334,-1.000000000,0.000000000,0.000000000
840,0.420000000,0.000000000,100.000000000,34.330028967,65.615555503,100.000000000,0.000000000,100.000000000,99.911442334,-1.000000000,0.000000000,0.000000000
841,0.420500000,0.000000000,100.000000000,34.380028967,65.565555503,100.000000000,0.000000000,100.000000000,99.911442334,-1.000000000,0.000000000,0.000000000
842,0.421000000,0.000000000,100.000000000,34.430028967,65.515555503,100.000000000,0.000000000,100.000000000,99.911442334,-1.000000000,0.000000000,0.000000000
843,0.421500000,0.000000000,100.000000000,34.480028967,65.465555503,100.000000000,0.000000000,100.000000000,99.911442334,-1.000000000,0.000000000,0.000000000
844,0.422000000,0.000000000,100.000000000,34.530028967,65.415555503,100.000000000,0.000000000,100.000000000,99.911442334,-1.000000000,0.000000000,0.000000000
845,0.422500000,0.000000000,100.000000000,34.580028967,65.365555503,100.000000000,0.000000000,100.000000000,99.911442334,-1.000000000,0.000000000,0.000000000
846,0.423000000,0.000000000,100.000000000,34.630028967,65.315555503,100.000000000,0.000000000,100.000000000,99.911442334,-1.000000000,0.000000000,0.000000000
847,0.423500000,0.000000000,100.000000000,34.680028967,65.265555503,100.000000000,0.000000000,100.000000000,99.911442334,-1.000000000,0.000000000,0.000000000
848,0.424000000,0.000000000,100.000000000,34.730028967,65.215555503,100.000000000,0.000000000,100.000000000,99.911442334,-1.000000000,0.000000000,0.000000000
849,0.424500000,0.000000000,100.000000000,34.780028967,65.165555503,100.000000000,0.000000000,100.000000000,99.911442334,-1.000000000,0.000000000,0.000000000
850,0.425000000,0.000000000,100.000000000,34.830028967,65.115555503,100.000000000,0.000000000,100.000000000,99.911442334,-1.000000000,0.000000000,0.000000000
851,0.425500000,0.000000000,100.000000000,34.880028967,65.065555503,100.000000000,0.000000000,100.000000000,99.911442334,-1.000000000,0.000000000,0.000000000
852,0.426000000,0.000000000,100.000000000,34.930028967,65.015555503,100.000000000,0.000000000,100.000000000,99.911442334,-1.000000000,0.000000000,0.000000000
853,0.426500000,0.000000000,100.000000000,34.980028967,64.965555503,100.000000000,0.000000000,100.000000000,99.911442334,-1.000000000,0.000000000,0.000000000
854,0.427000000,0.000000000,100.000000000,35.030028967,64.915555503,100.000000000,0.000000000,100.000000000,99.911442334,-1.000000000,0.000000000,0.000000000
855,0.427500000,0.000000000,100.000000000,35.080028967,64.865555503,100.000000000,0.000000000,100.000000000,99.911442334,-1.000000000,0.000000000,0.000000000
856,0.428000000,0.000000000,100.000000000,35.130028967,64.815555503,100.000000000,0.000000000,100.000000000,99.911442334,-1.000000000,0.000000000,0.000000000
857,0.428500000,0.000000000,100.000000000,35.180028967,64.765555503,100.000000000,0.000000000,100.000000000,99.911442334,-1.000000000,0.000000000,0.000000000
858,0.429000000,0.000000000,100.000000000,35.230028967,64.715555503,100.000000000,0.000000000,100.000000000,99.911442334,-1.000000000,0.000000000,0.000000000
859,0.429500000,0.000000000,100.000000000,35.280028967,64.665555503,100.000000000,0.000000000,100.000000000,99.911442334,-1.000000000,0.000000000,0.000000000
860,0.430000000,0.000000000,100.000000000,35.330028967,64.615555503,100.000000000,0.000000000,100.000000000,99.911442334,-1.000000000,0.000000000,0.000000000
861,0.430500000,0.000000000,100.000000000,35.380028967,64.565555503,100.000000000,0.000000000,100.000000000,99.911442334,-1.000000000,0.000000000,0.000000000
862,0.431000000,0.000000000,100.000000000,35.430028967,64.515555503,100.000000000,0.000000000,100.000000000,99.911442334,-1.000000000,0.000000000,0.000000000
863,0.431500000,0.000000000,100.000000000,35.480028967,64.465555503,100.000000000,0.000000000,100.000000000,99.911442334,-1.000000000,0.000000000,0.000000000
864,0.432000000,0.000000000,100.000000000,35.530028967,64.415555503,100.000000000,0.000000000,100.000000000,99.911442334,-1.000000000,0.000000000,0.000000000
865,0.432500000,0.000000000,100.000000000,35.580028967,64.365555503,100.000000000,0.000000000,100.000000000,99.911442334,-1.000000000,0.000000000,0.000000000
866,0.433000000,0.000000000,100.000000000,35.630028967,64.315555503,100.000000000,0.000000000,100.000000000,99.911442334,-1.000000000,0.000000000,0.000000000
867,0.433500000,0.000000000,100.000000000,35.680028967,64.265555503,100.000000000,0.000000000,100.000000000,99.911442334,-1.000000000,0.000000000,0.000000000
868,0.434000000,0.000000000,100.000000000,35.730028967,64.215555503,100.000000000,0.000000000,100.000000000,99.911442334,-1.000000000,0.000000000,0.000000000
869,0.434500000,0.000000000,100.000000000,35.780028967,64.165555503,100.000000000,0.000000000,100.000000000,99.911442334,-1.000000000,0.000000000,0.000000000
870,0.435000000,0.000000000,100.000000000,35.830028967,64.115555503,100.000000000,0.000000000,100.000000000,99.911442334,-1.000000000,0.000000000,0.000000000
871,0.435500000,0.000000000,100.000000000,35.880028967,64.065555503,100.000000000,0.000000000,100.000000000,99.911442334,-1.000000000,0.000000000,0.000000000
872,0.436000000,0.000000000,100.000000000,35.930028967,64.015555503,100.000000000,0.000000000,100.000000000,99.911442334,-1.000000000,0.000000000,0.000000000
873,0.436500000,0.000000000,100.000000000,35.980028967,63.965555503,100.000000000,0.000000000,100.000000000,99.911442334,-1.000000000,0.000000000,0.000000000
874,0.437000000,0.000000000,100.000000000,36.030028967,63.915555503,100.000000000,0.000000000,100.000000000,99.911442334,-1.000000000,0.000000000,0.000000000
875,0.437500000,0.000000000,100.000000000,36.080028967,63.865555503,100.000000000,0.000000000,100.000000000,99.911442334,-1.000000000,0.000000000,0.000000000
876,0.438000000,0.000000000,100.000000000,36.130028967,63.815555503,100.000000000,0.000000000,100.000000000,99.911442334,-1.000000000,0.000000000,0.000000000
877,0.438500000,0.000000000,100.000000000,36.180028967,63.765555503,100.000000000,0.000000000,100.000000000,99.911442334,-1.000000000,0.000000000,0.000000000
878,0.439000000,0.000000000,100.000000000,36.230028967,63.715555503,100.000000000,0.000000000,100.000000000,99.911442334,-1.000000000,0.000000000,0.000000000
879,0.439500000,0.000000000,100.000000000,36.280028967,63.665555503,100.000000000,0.000000000,100.000000000,99.911442334,-1.000000000,0.000000000,0.000000000
880,0.440000000,0.000000000,100.000000000,36.330028967,63.615555503,100.000000000,0.000000000,100.000000000,99.911442334,-1.000000000,0.000000000,0.000000000
881,0.440500000,0.000000000,100.000000000,36.380028967,63.565555503,100.000000000,0.000000000,100.000000000,99.911442334,-1.000000000,0.000000000,0.000000000
882,0.441000000,0.000000000,100.000000000,36.430028967,63.515555503,100.000000000,0.000000000,100.000000000,99.911442334,-1.000000000,0.000000000,0.000000000
883,0.441500000,0.000000000,100.000000000,36.480028967,63.465555503,100.000000000,0.000000000,100.000000000,99.911442334,-1.000000000,0.000000000,0.000000000
884,0.442000000,0.000000000,100.000000000,36.530028967,63.415555503,100.000000000,0.000000000,100.000000000,99.911442334,-1.000000000,0.000000000,0.000000000
885,0.442500000,0.000000000,100.000000000,36.580028967,63.365555503,100.000000000,0.000000000,100.000000000,99.911442334,-1.000000000,0.000000000,0.000000000
886,0.443000000,0.000000000,100.000000000,36.630028967,63.315555503,100.000000000,0.000000000,100.000000000,99.911442334,-1.000000000,0.000000000,0.000000000
887,0.443500000,0.000000000,100.000000000,36.680028967,63.265555503,100.000000000,0.000000000,100.000000000,99.911442334,-1.000000000,0.000000000,0.000000000
888,0.444000000,0.000000000,100.000000000,36.730028967,63.215555503,100.000000000,0.000000000,100.000000000,99.911442334,-1.000000000,0.000000000,0.000000000
889,0.444500000,0.000000000,100.000000000,36.780028967,63.165555503,100.000000000,0.000000000,100.000000000,99.911442334,-1.000000000,0.000000000,0.000000000
890,0.445000000,0.000000000,100.000000000,36.830028967,63.115555503,100.000000000,0.000000000,100.000000000,99.911442334,-1.000000000,0.000000000,0.000000000
891,0.445500000,0.000000000,100.000000000,36.880028967,63.065555503,100.000000000,0.000000000,100.000000000,99.911442334,-1.000000000,0.000000000,0.000000000
892,0.446000000,0.000000000,100.000000000,36.930028967,63.015555503,100.000000000,0.000000000,100.000000000,99.911442334,-1.000000000,0.000000000,0.000000000
893,0.446500000,0.000000000,100.000000000,36.980028967,62.965555503,100.000000000,0.000000000,100.000000000,99.911442334,-1.000000000,0.000000000,0.000000000
894,0.447000000,0.000000000,100.000000000,37.030028967,62.915555503,100.000000000,0.000000000,100.000000000,99.911442334,-1.000000000,0.000000000,0.000000000
895,0.447500000,0.000000000,100.000000000,37.080028967,62.865555503,100.000000000,0.000000000,100.000000000,99.911442334,-1.000000000,0.000000000,0.000000000
896,0.448000000,0.000000000,100.000000000,37.130028967,62.815555503,100.000000000,0.000000000,100.000000000,99.911442334,-1.000000000,0.000000000,0.000000000
897,0.448500000,0.000000000,100.000000000,37.180028967,62.765555503,100.000000000,0.000000000,100.000000000,99.911442334,-1.000000000,0.000000000,0.000000000
898,0.449000000,0.000000000,100.000000000,37.230028967,62.715555503,100.000000000,0.000000000,100.000000000,99.911442334,-1.000000000,0.000000000,0.000000000
899,0.449500000,0.000000000,100.000000000,37.280028967,62.665555503,100.000000000,0.000000000,100.000000000,99.911442334,-1.000000000,0.000000000,0.000000000
900,0.450000000,0.000000000,100.000000000,37.330028967,62.615555503,100.000000000,0.000000000,100.000000000,99.911442334,-1.000000000,0.000000000,0.000000000
901,0.450500000,0.000000000,100.000000000,37.380028967,62.565555503,100.000000000,0.000000000,100.000000000,99.911442334,-1.000000000,0.000000000,0.000000000
902,0.451000000,0.000000000,100.000000000,37.430028967,62.515555503,100.000000000,0.000000000,100.000000000,99.911442334,-1.000000000,0.000000000,0.000000000
903,0.451500000,0.000000000,100.000000000,37.480028967,62.465555503,100.000000000,0.000000000,100.000000000,99.911442334,-1.000000000,0.000000000,0.000000000
904,0.452000000,0.000000000,100.000000000,37.530028967,62.415555503,100.000000000,0.000000000,100.000000000,99.911442334,-1.000000000,0.000000000,0.000000000
905,0.452500000,0.000000000,100.000000000,37.580028967,62.365555503,100.000000000,0.000000000,100.000000000,99.911442334,-1.000000000,0.000000000,0.000000000
906,0.453000000,0.000000000,100.000000000,37.630028967,62.315555503,100.000000000,0.000000000,100.000000000,99.911442334,-1.000000000,0.000000000,0.000000000
907,0.453500000,0.000000000,100.000000000,37.680028967,62.265555503,100.000000000,0.000000000,100.000000000,99.911442334,-1.000000000,0.000000000,0.000000000
908,0.454000000,0.000000000,100.000000000,37.730028967,62.215555503,100.000000000,0.000000000,100.000000000,99.911442334,-1.000000000,0.000000000,0.000000000
909,0.454500000,0.000000000,100.000000000,37.780028967,62.165555503,100.000000000,0.000000000,100.000000000,99.911442334,-1.000000000,0.000000000,0.000000000
910,0.455000000,0.000000000,100.000000000,37.830028967,62.115555503,100.000000000,0.000000000,100.000000000,99.911442334,-1.000000000,0.000000000,0.000000000
911,0.455500000,0.000000000,100.000000000,37.880028967,62.065555503,100.000000000,0.000000000,100.000000000,99.911442334,-1.000000000,0.000000000,0.000000000
912,0.456000000,0.000000000,100.000000000,37.930028967,62.015555503,100.000000000,0.000000000,100.000000000,99.911442334,-1.000000000,0.000000000,0.000000000
913,0.456500000,0.000000000,100.000000000,37.980028967,61.965555503,100.000000000,0.000000000,100.000000000,99.911442334,-1.000000000,0.000000000,0.000000000
914,0.457000000,0.000000000,100.000000000,38.030028967,61.915555503,100.000000000,0.000000000,100.000000000,99.911442334,-1.000000000,0.000000000,0.000000000
915,0.457500000,0.000000000,100.000000000,38.080028967,61.865555503,100.000000000,0.000000000,100.000000000,99.911442334,-1.000000000,0.000000000,0.000000000
916,0.458000000,0.000000000,100.000000000,38.130028967,61.815555503,100.000000000,0.000000000,100.000000000,99.911442334,-1.000000000,0.000000000,0.000000000
917,0.458500000,0.000000000,100.000000000,38.180028967,61.765555503,100.000000000,0.000000000,100.000000000,99.911442334,-1.000000000,0.000000000,0.000000000
918,0.459000000,0.000000000,100.000000000,38.230028967,61.715555503,100.000000000,0.000000000,100.000000000,99.911442334,-1.000000000,0.000000000,0.000000000
919,0.459500000,0.000000000,100.000000000,38.280028967,61.665555503,100.000000000,0.000000000,100.000000000,99.911442334,-1.000000000,0.000000000,0.000000000
920,0.460000000,0.000000000,100.000000000,38.330028967,61.615555503,100.000000000,0.000000000,100.000000000,99.911442334,-1.000000000,0.000000000,0.000000000
921,0.460500000,0.000000000,100.000000000,38.380028967,61.565555503,100.000000000,0.000000000,100.000000000,99.911442334,-1.000000000,0.000000000,0.000000000
922,0.461000000,0.000000000,100.000000000,38.430028967,61.515555503,100.000000000,0.000000000,100.000000000,99.911442334,-1.000000000,0.000000000,0.000000000
923,0.461500000,0.000000000,100.000000000,38.480028967,61.465555503,100.000000000,0.000000000,100.000000000,99.911442334,-1.000000000,0.000000000,0.000000000
924,0.462000000,0.000000000,100.000000000,38.530028967,61.415555503,100.000000000,0.000000000,100.000000000,99.911442334,-1.000000000,0.000000000,0.000000000
925,0.462500000,0.000000000,100.000000000,38.580028967,61.365555503,100.000000000,0.000000000,100.000000000,99.911442334,-1.000000000,0.000000000,0.000000000
926,0.463000000,0.000000000,100.000000000,38.630028967,61.315555503,100.000000000,0.000000000,100.000000000,99.911442334,-1.000000000,0.000000000,0.000000000
927,0.463500000,0.000000000,100.000000000,38.680028967,61.265555503,100.000000000,0.000000000,100.000000000,99.911442334,-1.000000000,0.000000000,0.000000000
928,0.464000000,0.000000000,100.000000000,38.730028967,61.215555503,100.000000000,0.000000000,100.000000000,99.911442334,-1.000000000,0.000000000,0.000000000
929,0.464500000,0.000000000,100.000000000,38.780028967,61.165555503,100.000000000,0.000000000,100.000000000,99.911442334,-1.000000000,0.000000000,0.000000000
930,0.465000000,0.000000000,100.000000000,38.830028967,61.115555503,100.000000000,0.000000000,100.000000000,99.911442334,-1.000000000,0.000000000,0.000000000
931,0.465500000,0.000000000,100.000000000,38.880028967,61.065555503,100.000000000,0.000000000,100.000000000,99.911442334,-1.000000000,0.000000000,0.000000000
932,0.466000000,0.000000000,100.000000000,38.930028967,61.015555503,100.000000000,0.000000000,100.000000000,99.911442334,-1.000000000,0.000000000,0.000000000
933,0.466500000,0.000000000,100.000000000,38.980028967,60.965555503,100.000000000,0.000000000,100.000000000,99.911442334,-1.000000000,0.000000000,0.000000000
934,0.467000000,0.000000000,100.000000000,39.030028967,60.915555503,100.000000000,0.000000000,100.000000000,99.911442334,-1.000000000,0.000000000,0.000000000
935,0.467500000,0.000000000,100.000000000,39.080028967,60.865555503,100.000000000,0.000000000,100.000000000,99.911442334,-1.000000000,0.000000000,0.000000000
936,0.468000000,0.000000000,100.000000000,39.130028967,60.815555503,100.000000000,0.000000000,100.000000000,99.911442334,-1.000000000,0.000000000,0.000000000
937,0.468500000,0.000000000,100.000000000,39.180028967,60.765555503,100.000000000,0.000000000,100.000000000,99.911442334,-1.000000000,0.000000000,0.000000000
938,0.469000000,0.000000000,100.000000000,39.230028967,60.715555503,100.000000000,0.000000000,100.000000000,99.911442334,-1.000000000,0.000000000,0.000000000
939,0.469500000,0.000000000,100.000000000,39.280028967,60.665555503,100.000000000,0.000000000,100.000000000,99.911442334,-1.000000000,0.000000000,0.000000000
940,0.470000000,0.000000000,100.000000000,39.330028967,60.615555503,100.000000000,0.000000000,100.000000000,99.911442334,-1.000000000,0.000000000,0.000000000
941,0.470500000,0.000000000,100.000000000,39.380028967,60.565555503,100.000000000,0.000000000,100.000000000,99.911442334,-1.000000000,0.000000000,0.000000000
942,0.471000000,0.000000000,100.000000000,39.430028967,60.515555503,100.000000000,0.000000000,100.000000000,99.911442334,-1.000000000,0.000000000,0.000000000
943,0.471500000,0.000000000,100.000000000,39.480028967,60.465555503,100.000000000,0.000000000,100.000000000,99.911442334,-1.000000000,0.000000000,0.000000000
944,0.472000000,0.000000000,100.000000000,39.530028967,60.415555503,100.000000000,0.000000000,100.000000000,99.911442334,-1.000000000,0.000000000,0.000000000
945,0.472500000,0.000000000,100.000000000,39.580028967,60.365555503,100.000000000,0.000000000,100.000000000,99.911442334,-1.000000000,0.000000000,0.000000000
946,0.473000000,0.000000000,100.000000000,39.630028967,60.315555503,100.000000000,0.000000000,100.000000000,99.911442334,-1.000000000,0.000000000,0.000000000
947,0.473500000,0.000000000,100.000000000,39.680028967,60.265555503,100.000000000,0.000000000,100.000000000,99.911442334,-1.000000000,0.000000000,0.000000000
948,0.474000000,0.000000000,100.000000000,39.730028967,60.215555503,100.000000000,0.000000000,100.000000000,99.911442334,-1.000000000,0.000000000,0.000000000
949,0.474500000,0.000000000,100.000000000,39.780028967,60.165555503,100.000000000,0.000000000,100.000000000,99.911442334,-1.000000000,0.000000000,0.000000000
950,0.475000000,0.000000000,100.000000000,39.830028967,60.115555503,100.000000000,0.000000000,100.000000000,99.911442334,-1.000000000,0.000000000,0.000000000
951,0.475500000,0.000000000,100.000000000,39.880028967,60.065555503,100.000000000,0.000000000,100.000000000,99.911442334,-1.000000000,0.000000000,0.000000000
952,0.476000000,0.000000000,100.000000000,39.930028967,60.015555503,100.000000000,0.000000000,100.000000000,99.911442334,-1.000000000,0.000000000,0.000000000
953,0.476500000,0.000000000,100.000000000,39.980028967,59.965555503,100.000000000,0.000000000,100.000000000,99.911442334,-1.000000000,0.000000000,0.000000000
954,0.477000000,0.000000000,100.000000000,40.030028967,59.915555503,100.000000000,0.000000000,100.000000000,99.911442334,-1.000000000,0.000000000,0.000000000
955,0.477500000,0.000000000,100.000000000,40.080028967,59.865555503,100.000000000,0.000000000,100.000000000,99.911442334,-1.000000000,0.000000000,0.000000000
956,0.478000000,0.000000000,100.000000000,40.130028967,59.815555503,100.000000000,0.000000000,100.000000000,99.911442334,-1.000000000,0.000000000,0.000000000
957,0.478500000,0.000000000,100.000000000,40.180028967,59.765555503,100.000000000,0.000000000,100.000000000,99.911442334,-1.000000000,0.000000000,0.000000000
958,0.479000000,0.000000000,100.000000000,40.230028967,59.715555503,100.000000000,0.000000000,100.000000000,99.911442334,-1.000000000,0.000000000,0.000000000
959,0.479500000,0.000000000,100.000000000,40.280028967,59.665555503,100.000000000,0.000000000,100.000000000,99.911442334,-1.000000000,0.000000000,0.000000000
960,0.480000000,0.000000000,100.000000000,40.330028967,59.615555503,100.000000000,0.000000000,100.000000000,99.911442334,-1.000000000,0.000000000,0.000000000
961,0.480500000,0.000000000,100.000000000,40.380028967,59.565555503,100.000000000,0.000000000,100.000000000,99.911442334,-1.000000000,0.000000000,0.000000000
962,0.481000000,0.000000000,100.000000000,40.430028967,59.515555503,100.000000000,0.000000000,100.000000000,99.911442334,-1.000000000,0.000000000,0.000000000
963,0.481500000,0.000000000,100.000000000,40.480028967,59.465555503,100.000000000,0.000000000,100.000000000,99.911442334,-1.000000000,0.000000000,0.000000000
964,0.482000000,0.000000000,100.000000000,40.530028967,59.415555503,100.000000000,0.000000000,100.000000000,99.911442334,-1.000000000,0.000000000,0.000000000
965,0.482500000,0.000000000,100.000000000,40.580028967,59.365555503,100.000000000,0.000000000,100.000000000,99.911442334,-1.000000000,0.000000000,0.000000000
966,0.483000000,0.000000000,100.000000000,40.630028967,59.315555503,100.000000000,0.000000000,100.000000000,99.911442334,-1.000000000,0.000000000,0.000000000
967,0.483500000,0.000000000,100.000000000,40.680028967,59.265555503,100.000000000,0.000000000,100.000000000,99.911442334,-1.000000000,0.000000000,0.000000000
968,0.484000000,0.000000000,100.000000000,40.730028967,59.215555503,100.000000000,0.000000000,100.000000000,99.911442334,-1.000000000,0.000000000,0.000000000
969,0.484500000,0.000000000,100.000000000,40.780028967,59.165555503,100.000000000,0.000000000,100.000000000,99.911442334,-1.000000000,0.000000000,0.000000000
970,0.485000000,0.000000000,100.000000000,40.830028967,59.115555503,100.000000000,0.000000000,100.000000000,99.911442334,-1.000000000,0.000000000,0.000000000
971,0.485500000,0.000000000,100.000000000,40.880028967,59.065555503,100.000000000,0.000000000,100.000000000,99.911442334,-1.000000000,0.000000000,0.000000000
972,0.486000000,0.000000000,100.000000000,40.930028967,59.015555503,100.000000000,0.000000000,100.000000000,99.911442334,-1.000000000,0.000000000,0.000000000
973,0.486500000,0.000000000,100.000000000,40.980028967,58.965555503,100.000000000,0.000000000,100.000000000,99.911442334,-1.000000000,0.000000000,0.000000000
974,0.487000000,0.000000000,100.000000000,41.030028967,58.915555503,100.000000000,0.000000000,100.000000000,99.911442334,-1.000000000,0.000000000,0.000000000
975,0.487500000,0.000000000,100.000000000,41.080028967,58.865555503,100.000000000,0.000000000,100.000000000,99.911442334,-1.000000000,0.000000000,0.000000000
976,0.488000000,0.000000000,100.000000000,41.130028967,58.815555503,100.000000000,0.000000000,100.000000000,99.911442334,-1.000000000,0.000000000,0.000000000
977,0.488500000,0.000000000,100.000000000,41.180028967,58.765555503,100.000000000,0.000000000,100.000000000,99.911442334,-1.000000000,0.000000000,0.000000000
978,0.489000000,0.000000000,100.000000000,41.230028967,58.715555503,100.000000000,0.000000000,100.000000000,99.911442334,-1.000000000,0.000000000,0.000000000
979,0.489500000,0.000000000,100.000000000,41.280028967,58.665555503,100.000000000,0.000000000,100.000000000,99.911442334,-1.000000000,0.000000000,0.000000000
980,0.490000000,0.000000000,100.000000000,41.330028967,58.615555503,100.000000000,0.000000000,100.000000000,99.911442334,-1.000000000,0.000000000,0.000000000
981,0.490500000,0.000000000,100.000000000,41.380028967,58.565555503,100.000000000,0.000000000,100.000000000,99.911442334,-1.000000000,0.000000000,0.000000000
982,0.491000000,0.000000000,100.000000000,41.430028967,58.515555503,100.000000000,0.000000000,100.000000000,99.911442334,-1.000000000,0.000000000,0.000000000
983,0.491500000,0.000000000,100.000000000,41.480028967,58.465555503,100.000000000,0.000000000,100.000000000,99.911442334,-1.000000000,0.000000000,0.000000000
984,0.492000000,0.000000000,100.000000000,41.530028967,58.415555503,100.000000000,0.000000000,100.000000000,99.911442334,-1.000000000,0.000000000,0.000000000
985,0.492500000,0.000000000,100.000000000,41.580028967,58.365555503,100.000000000,0.000000000,100.000000000,99.911442334,-1.000000000,0.000000000,0.000000000
986,0.493000000,0.000000000,100.000000000,41.630028967,58.315555503,100.000000000,0.000000000,100.000000000,99.911442334,-1.000000000,0.000000000,0.000000000
987,0.493500000,0.000000000,100.000000000,41.680028967,58.265555503,100.000000000,0.000000000,100.000000000,99.911442334,-1.000000000,0.000000000,0.000000000
988,0.494000000,0.000000000,100.000000000,41.730028967,58.215555503,100.000000000,0.000000000,100.000000000,99.911442334,-1.000000000,0.000000000,0.000000000
989,0.494500000,0.000000000,100.000000000,41.780028967,58.165555503,100.000000000,0.000000000,100.000000000,99.911442334,-1.000000000,0.000000000,0.000000000
990,0.495000000,0.000000000,100.000000000,41.830028967,58.115555503,100.000000000,0.000000000,100.000000000,99.911442334,-1.000000000,0.000000000,0.000000000
991,0.495500000,0.000000000,100.000000000,41.880028967,58.065555503,100.000000000,0.000000000,100.000000000,99.911442334,-1.000000000,0.000000000,0.000000000
992,0.496000000,0.000000000,100.000000000,41.930028967,58.015555503,100.000000000,0.000000000,100.000000000,99.911442334,-1.000000000,0.000000000,0.000000000
993,0.496500000,0.000000000,100.000000000,41.980028967,57.965555503,100.000000000,0.000000000,100.000000000,99.911442334,-1.000000000,0.000000000,0.000000000
994,0.497000000,0.000000000,100.000000000,42.030028967,57.915555503,100.000000000,0.000000000,100.000000000,99.911442334,-1.000000000,0.000000000,0.000000000
995,0.497500000,0.000000000,100.000000000,42.080028967,57.865555503,100.000000000,0.000000000,100.000000000,99.911442334,-1.000000000,0.000000000,0.000000000
996,0.498000000,0.000000000,100.000000000,42.130028967,57.815555503,100.000000000,0.000000000,100.000000000,99.911442334,-1.000000000,0.000000000,0.000000000
997,0.498500000,0.000000000,100.000000000,42.180028967,57.765555503,100.000000000,0.000000000,100.000000000,99.911442334,-1.000000000,0.000000000,0.000000000
998,0.499000000,0.000000000,100.000000000,42.230028967,57.715555503,100.000000000,0.000000000,100.000000000,99.911442334,-1.000000000,0.000000000,0.000000000
999,0.499500000,0.000000000,100.000000000,42.280028967,57.665555503,100.000000000,0.000000000,100.000000000,99.911442334,-1.000000000,0.000000000,0.000000000
1000,0.500000000,0.000000000,100.000000000,42.330028967,57.615555503,100.000000000,0.000000000,100.000000000,99.911442334,-1.000000000,0.000000000,0.000000000
1001,0.500500000,0.000000000,100.000000000,42.380028967,57.565555503,100.000000000,0.000000000,100.000000000,99.911442334,-1.000000000,0.000000000,0.000000000
1002,0.501000000,0.000000000,100.000000000,42.430028967,57.515555503,100.000000000,0.000000000,100.000000000,99.911442334,-1.000000000,0.000000000,0.000000000
1003,0.501500000,0.000000000,100.000000000,42.480028967,57.465555503,100.000000000,0.000000000,100.000000000,99.911442334,-1.000000000,0.000000000,0.000000000
1004,0.502000000,0.000000000,100.000000000,42.530028967,57.415555503,100.000000000,0.000000000,100.000000000,99.911442334,-1.000000000,0.000000000,0.000000000
1005,0.502500000,0.000000000,100.000000000,42.580028967,57.365555503,100.000000000,0.000000000,100.000000000,99.911442334,-1.000000000,0.000000000,0.000000000
1006,0.503000000,0.000000000,100.000000000,42.630028967,57.315555503,100.000000000,0.000000000,100.000000000,99.911442334,-1.000000000,0.000000000,0.000000000
1007,0.503500000,0.000000000,100.000000000,42.680028967,57.265555503,100.000000000,0.000000000,100.000000000,99.911442334,-1.000000000,0.000000000,0.000000000
1008,0.504000000,0.000000000,100.000000000,42.730028967,57.215555503,100.000000000,0.000000000,100.000000000,99.911442334,-1.000000000,0.000000000,0.000000000
1009,0.504500000,0.000000000,100.000000000,42.780028967,57.165555503,100.000000000,0.000000000,100.000000000,99.911442334,-1.000000000,0.000000000,0.000000000
1010,0.505000000,0.000000000,100.000000000,42.830028967,57.115555503,100.000000000,0.000000000,100.000000000,99.911442334,-1.000000000,0.000000000,0.000000000
1011,0.505500000,0.000000000,100.000000000,42.880028967,57.065555503,100.000000000,0.000000000,100.000000000,99.911442334,-1.000000000,0.000000000,0.000000000
1012,0.506000000,0.000000000,100.000000000,42.930028967,57.015555503,100.000000000,0.000000000,100.000000000,99.911442334,-1.000000000,0.000000000,0.000000000
1013,0.506500000,0.000000000,100.000000000,42.980028967,56.965555503,100.000000000,0.000000000,100.000000000,99.911442334,-1.000000000,0.000000000,0.000000000
1014,0.507000000,0.000000000,100.000000000,43.030028967,56.915555503,100.000000000,0.000000000,100.000000000,99.911442334,-1.000000000,0.000000000,0.000000000
1015,0.507500000,0.000000000,100.000000000,43.080028967,56.865555503,100.000000000,0.000000000,100.000000000,99.911442334,-1.000000000,0.000000000,0.000000000
1016,0.508000000,0.000000000,100.000000000,43.130028967,56.815555503,100.000000000,0.000000000,100.000000000,99.911442334,-1.000000000,0.000000000,0.000000000
1017,0.508500000,0.000000000,100.000000000,43.180028967,56.765555503,100.000000000,0.000000000,100.000000000,99.911442334,-1.000000000,0.000000000,0.000000000
1018,0.509000000,0.000000000,100.000000000,43.230028967,56.715555503,100.000000000,0.000000000,100.000000000,99.911442334,-1.000000000,0.000000000,0.000000000
1019,0.509500000,0.000000000,100.000000000,43.280028967,56.665555503,100.000000000,0.000000000,100.000000000,99.911442334,-1.000000000,0.000000000,0.000000000
1020,0.510000000,0.000000000,100.000000000,43.330028967,56.615555503,100.000000000,0.000000000,100.000000000,99.911442334,-1.000000000,0.000000000,0.000000000
1021,0.510500000,0.000000000,100.000000000,43.380028967,56.565555503,100.000000000,0.000000000,100.000000000,99.911442334,-1.000000000,0.000000000,0.000000000
1022,0.511000000,0.000000000,100.000000000,43.430028967,56.515555503,100.000000000,0.000000000,100.000000000,99.911442334,-1.000000000,0.000000000,0.000000000
1023,0.511500000,0.000000000,100.000000000,43.480028967,56.465555503,100.000000000,0.000000000,100.000000000,99.911442334,-1.000000000,0.000000000,0.000000000
1024,0.512000000,0.000000000,100.000000000,43.530028967,56.415555503,100.000000000,0.000000000,100.000000000,99.911442334,-1.000000000,0.000000000,0.000000000
1025,0.512500000,0.000000000,100.000000000,43.580028967,56.365555503,100.000000000,0.000000000,100.000000000,99.911442334,-1.000000000,0.000000000,0.000000000
1026,0.513000000,0.000000000,100.000000000,43.630028967,56.315555503,100.000000000,0.000000000,100.000000000,99.911442334,-1.000000000,0.000000000,0.000000000
1027,0.513500000,0.000000000,100.000000000,43.680028967,56.265555503,100.000000000,0.000000000,100.000000000,99.911442334,-1.000000000,0.000000000,0.000000000
1028,0.514000000,0.000000000,100.000000000,43.730028967,56.215555503,100.000000000,0.000000000,100.000000000,99.911442334,-1.000000000,0.000000000,0.000000000
1029,0.514500000,0.000000000,100.000000000,43.780028967,56.165555503,100.000000000,0.000000000,100.000000000,99.911442334,-1.000000000,0.000000000,0.000000000
1030,0.515000000,0.000000000,100.000000000,43.830028967,56.115555503,100.000000000,0.000000000,100.000000000,99.911442334,-1.000000000,0.000000000,0.000000000
1031,0.515500000,0.000000000,100.000000000,43.880028967,56.065555503,100.000000000,0.000000000,100.000000000,99.911442334,-1.000000000,0.000000000,0.000000000
1032,0.516000000,0.000000000,100.000000000,43.930028967,56.015555503,100.000000000,0.000000000,100.000000000,99.911442334,-1.000000000,0.000000000,0.000000000
1033,0.516500000,0.000000000,100.000000000,43.980028967,55.965555503,100.000000000,0.000000000,100.000000000,99.911442334,-1.000000000,0.000000000,0.000000000
1034,0.517000000,0.000000000,100.000000000,44.030028967,55.915555503,100.000000000,0.000000000,100.000000000,99.911442334,-1.000000000,0.000000000,0.000000000
1035,0.517500000,0.000000000,100.000000000,44.080028967,55.865555503,100.000000000,0.000000000,100.000000000,99.911442334,-1.000000000,0.000000000,0.000000000
1036,0.518000000,0.000000000,100.000000000,44.130028967,55.815555503,100.000000000,0.000000000,100.000000000,99.911442334,-1.000000000,0.000000000,0.000000000
1037,0.518500000,0.000000000,100.000000000,44.180028967,55.765555503,100.000000000,0.000000000,100.000000000,99.911442334,-1.000000000,0.000000000,0.000000000
1038,0.519000000,0.000000000,100.000000000,44.230028967,55.715555503,100.000000000,0.000000000,100.000000000,99.911442334,-1.000000000,0.000000000,0.000000000
1039,0.519500000,0.000000000,100.000000000,44.280028967,55.665555503,100.000000000,0.000000000,100.000000000,99.911442334,-1.000000000,0.000000000,0.000000000
1040,0.520000000,0.000000000,100.000000000,44.330028967,55.615555503,100.000000000,0.000000000,100.000000000,99.911442334,-1.000000000,0.000000000,0.000000000
1041,0.520500000,0.000000000,100.000000000,44.380028967,55.565555503,100.000000000,0.000000000,100.000000000,99.911442334,-1.000000000,0.000000000,0.000000000
1042,0.521000000,0.000000000,100.000000000,44.430028967,55.515555503,100.000000000,0.000000000,100.000000000,99.911442334,-1.000000000,0.000000000,0.000000000
1043,0.521500000,0.000000000,100.000000000,44.480028967,55.465555503,100.000000000,0.000000000,100.000000000,99.911442334,-1.000000000,0.000000000,0.000000000
1044,0.522000000,0.000000000,100.000000000,44.530028967,55.415555503,100.000000000,0.000000000,100.000000000,99.911442334,-1.000000000,0.000000000,0.000000000
1045,0.522500000,0.000000000,100.000000000,44.580028967,55.365555503,100.000000000,0.000000000,100.000000000,99.911442334,-1.000000000,0.000000000,0.000000000
1046,0.523000000,0.000000000,100.000000000,44.630028967,55.315555503,100.000000000,0.000000000,100.000000000,99.911442334,-1.000000000,0.000000000,0.000000000
1047,0.523500000,0.000000000,100.000000000,44.680028967,55.265555503,100.000000000,0.000000000,100.000000000,99.911442334,-1.000000000,0.000000000,0.000000000
1048,0.524000000,0.000000000,100.000000000,44.730028967,55.215555503,100.000000000,0.000000000,100.000000000,99.911442334,-1.000000000,0.000000000,0.000000000
1049,0.524500000,0.000000000,100.000000000,44.780028967,55.165555503,100.000000000,0.000000000,100.000000000,99.911442334,-1.000000000,0.000000000,0.000000000
1050,0.525000000,0.000000000,100.000000000,44.830028967,55.115555503,100.000000000,0.000000000,100.000000000,99.911442334,-1.000000000,0.000000000,0.000000000
1051,0.525500000,0.000000000,100.000000000,44.880028967,55.065555503,100.000000000,0.000000000,100.000000000,99.911442334,-1.000000000,0.000000000,0.000000000
1052,0.526000000,0.000000000,100.000000000,44.930028967,55.015555503,100.000000000,0.000000000,100.000000000,99.911442334,-1.000000000,0.000000000,0.000000000
1053,0.526500000,0.000000000,100.000000000,44.980028967,54.965555503,100.000000000,0.000000000,100.000000000,99.911442334,-1.000000000,0.000000000,0.000000000
1054,0.527000000,0.000000000,100.000000000,45.030028967,54.915555503,100.000000000,0.000000000,100.000000000,99.911442334,-1.000000000,0.000000000,0.000000000
1055,0.527500000,0.000000000,100.000000000,45.080028967,54.865555503,100.000000000,0.000000000,100.000000000,99.911442334,-1.000000000,0.000000000,0.000000000
1056,0.528000000,0.000000000,100.000000000,45.130028967,54.815555503,100.000000000,0.000000000,100.000000000,99.911442334,-1.000000000,0.000000000,0.000000000
1057,0.528500000,0.000000000,100.000000000,45.180028967,54.765555503,100.000000000,0.000000000,100.000000000,99.911442334,-1.000000000,0.000000000,0.000000000
1058,0.529000000,0.000000000,100.000000000,45.230028967,54.715555503,100.000000000,0.000000000,100.000000000,99.911442334,-1.000000000,0.000000000,0.000000000
1059,0.529500000,0.000000000,100.000000000,45.280028967,54.665555503,100.000000000,0.000000000,100.000000000,99.911442334,-1.000000000,0.000000000,0.000000000
1060,0.530000000,0.000000000,100.000000000,45.330028967,54.615555503,100.000000000,0.000000000,100.000000000,99.911442334,-1.000000000,0.000000000,0.000000000
1061,0.530500000,0.000000000,100.000000000,45.380028967,54.565555503,100.000000000,0.000000000,100.000000000,99.911442334,-1.000000000,0.000000000,0.000000000
1062,0.531000000,0.000000000,100.000000000,45.430028967,54.515555503,100.000000000,0.000000000,100.000000000,99.911442334,-1.000000000,0.000000000,0.000000000
1063,0.531500000,0.000000000,100.000000000,45.480028967,54.465555503,100.000000000,0.000000000,100.000000000,99.911442334,-1.000000000,0.000000000,0.000000000
1064,0.532000000,0.000000000,100.000000000,45.530028967,54.415555503,100.000000000,0.000000000,100.000000000,99.911442334,-1.000000000,0.000000000,0.000000000
1065,0.532500000,0.000000000,100.000000000,45.580028967,54.365555503,100.000000000,0.000000000,100.000000000,99.911442334,-1.000000000,0.000000000,0.000000000
1066,0.533000000,0.000000000,100.000000000,45.630028967,54.315555503,100.000000000,0.000000000,100.000000000,99.911442334,-1.000000000,0.000000000,0.000000000
1067,0.533500000,0.000000000,100.000000000,45.680028967,54.265555503,100.000000000,0.000000000,100.000000000,99.911442334,-1.000000000,0.000000000,0.000000000
1068,0.534000000,0.000000000,100.000000000,45.730028967,54.215555503,100.000000000,0.000000000,100.000000000,99.911442334,-1.000000000,0.000000000,0.000000000
1069,0.534500000,0.000000000,100.000000000,45.780028967,54.165555503,100.000000000,0.000000000,100.000000000,99.911442334,-1.000000000,0.000000000,0.000000000
1070,0.535000000,0.000000000,100.000000000,45.830028967,54.115555503,100.000000000,0.000000000,100.000000000,99.911442334,-1.000000000,0.000000000,0.000000000
1071,0.535500000,0.000000000,100.000000000,45.880028967,54.065555503,100.000000000,0.000000000,100.000000000,99.911442334,-1.000000000,0.000000000,0.000000000
1072,0.536000000,0.000000000,100.000000000,45.930028967,54.015555503,100.000000000,0.000000000,100.000000000,99.911442334,-1.000000000,0.000000000,0.000000000
1073,0.536500000,0.000000000,100.000000000,45.980028967,53.965555503,100.000000000,0.000000000,100.000000000,99.911442334,-1.000000000,0.000000000,0.000000000
1074,0.537000000,0.000000000,100.000000000,46.030028967,53.915555503,100.000000000,0.000000000,100.000000000,99.911442334,-1.000000000,0.000000000,0.000000000
1075,0.537500000,0.000000000,100.000000000,46.080028967,53.865555503,100.000000000,0.000000000,100.000000000,99.911442334,-1.000000000,0.000000000,0.000000000
1076,0.538000000,0.000000000,100.000000000,46.130028967,53.815555503,100.000000000,0.000000000,100.000000000,99.911442334,-1.000000000,0.000000000,0.000000000
1077,0.538500000,0.000000000,100.000000000,46.180028967,53.765555503,100.000000000,0.000000000,100.000000000,99.911442334,-1.000000000,0.000000000,0.000000000
1078,0.539000000,0.000000000,100.000000000,46.230028967,53.715555503,100.000000000,0.000000000,100.000000000,99.911442334,-1.000000000,0.000000000,0.000000000
1079,0.539500000,0.000000000,100.000000000,46.280028967,53.665555503,100.000000000,0.000000000,100.000000000,99.911442334,-1.000000000,0.000000000,0.000000000
1080,0.540000000,0.000000000,100.000000000,46.330028967,53.615555503,100.000000000,0.000000000,100.000000000,99.911442334,-1.000000000,0.000000000,0.000000000
1081,0.540500000,0.000000000,100.000000000,46.380028967,53.565555503,100.000000000,0.000000000,100.000000000,99.911442334,-1.000000000,0.000000000,0.000000000
1082,0.541000000,0.000000000,100.000000000,46.430028967,53.515555503,100.000000000,0.000000000,100.000000000,99.911442334,-1.000000000,0.000000000,0.000000000
1083,0.541500000,0.000000000,100.000000000,46.480028967,53.465555503,100.000000000,0.000000000,100.000000000,99.911442334,-1.000000000,0.000000000,0.000000000
1084,0.542000000,0.000000000,100.000000000,46.530028967,53.415555503,100.000000000,0.000000000,100.000000000,99.911442334,-1.000000000,0.000000000,0.000000000
1085,0.542500000,0.000000000,100.000000000,46.580028967,53.365555503,100.000000000,0.000000000,100.000000000,99.911442334,-1.000000000,0.000000000,0.000000000
1086,0.543000000,0.000000000,100.000000000,46.630028967,53.315555503,100.000000000,0.000000000,100.000000000,99.911442334,-1.000000000,0.000000000,0.000000000
1087,0.543500000,0.000000000,100.000000000,46.680028967,53.265555503,100.000000000,0.000000000,100.000000000,99.911442334,-1.000000000,0.000000000,0.000000000
1088,0.544000000,0.000000000,100.000000000,46.730028967,53.215555503,100.000000000,0.000000000,100.000000000,99.911442334,-1.000000000,0.000000000,0.000000000
1089,0.544500000,0.000000000,100.000000000,46.780028967,53.165555503,100.000000000,0.000000000,100.000000000,99.911442334,-1.000000000,0.000000000,0.000000000
1090,0.545000000,0.000000000,100.000000000,46.830028967,53.115555503,100.000000000,0.000000000,100.000000000,99.911442334,-1.000000000,0.000000000,0.000000000
1091,0.545500000,0.000000000,100.000000000,46.880028967,53.065555503,100.000000000,0.000000000,100.000000000,99.911442334,-1.000000000,0.000000000,0.000000000
1092,0.546000000,0.000000000,100.000000000,46.930028967,53.015555503,100.000000000,0.000000000,100.000000000,99.911442334,-1.000000000,0.000000000,0.000000000
1093,0.546500000,0.000000000,100.000000000,46.980028967,52.965555503,100.000000000,0.000000000,100.000000000,99.911442334,-1.000000000,0.000000000,0.000000000
1094,0.547000000,0.000000000,100.000000000,47.030028967,52.915555503,100.000000000,0.000000000,100.000000000,99.911442334,-1.000000000,0.000000000,0.000000000
1095,0.547500000,0.000000000,100.000000000,47.080028967,52.865555503,100.000000000,0.000000000,100.000000000,99.911442334,-1.000000000,0.000000000,0.000000000
1096,0.548000000,0.000000000,100.000000000,47.130028967,52.815555503,100.000000000,0.000000000,100.000000000,99.911442334,-1.000000000,0.000000000,0.000000000
1097,0.548500000,0.000000000,100.000000000,47.180028967,52.765555503,100.000000000,0.000000000,100.000000000,99.911442334,-1.000000000,0.000000000,0.000000000
1098,0.549000000,0.000000000,100.000000000,47.230028967,52.715555503,100.000000000,0.000000000,100.000000000,99.911442334,-1.000000000,0.000000000,0.000000000
1099,0.549500000,0.000000000,100.000000000,47.280028967,52.665555503,100.000000000,0.000000000,100.000000000,99.911442334,-1.000000000,0.000000000,0.000000000
1100,0.550000000,0.000000000,100.000000000,47.330028967,52.615555503,100.000000000,0.000000000,100.000000000,99.911442334,-1.000000000,0.000000000,0.000000000
1101,0.550500000,0.000000000,100.000000000,47.380028967,52.565555503,100.000000000,0.000000000,100.000000000,99.911442334,-1.000000000,0.000000000,0.000000000
1102,0.551000000,0.000000000,100.000000000,47.430028967,52.515555503,100.000000000,0.000000000,100.000000000,99.911442334,-1.000000000,0.000000000,0.000000000
1103,0.551500000,0.000000000,100.000000000,47.480028967,52.465555503,100.000000000,0.000000000,100.000000000,99.911442334,-1.000000000,0.000000000,0.000000000
1104,0.552000000,0.000000000,100.000000000,47.530028967,52.415555503,100.000000000,0.000000000,100.000000000,99.911442334,-1.000000000,0.000000000,0.000000000
1105,0.552500000,0.000000000,100.000000000,47.580028967,52.365555503,100.000000000,0.000000000,100.000000000,99.911442334,-1.000000000,0.000000000,0.000000000
1106,0.553000000,0.000000000,100.000000000,47.630028967,52.315555503,100.000000000,0.000000000,100.000000000,99.911442334,-1.000000000,0.000000000,0.000000000
1107,0.553500000,0.000000000,100.000000000,47.680028967,52.265555503,100.000000000,0.000000000,100.000000000,99.911442334,-1.000000000,0.000000000,0.000000000
1108,0.554000000,0.000000000,100.000000000,47.730028967,52.215555503,100.000000000,0.000000000,100.000000000,99.911442334,-1.000000000,0.000000000,0.000000000
1109,0.554500000,0.000000000,100.000000000,47.780028967,52.165555503,100.000000000,0.000000000,100.000000000,99.911442334,-1.000000000,0.000000000,0.000000000
1110,0.555000000,0.000000000,100.000000000,47.830028967,52.115555503,100.000000000,0.000000000,100.000000000,99.911442334,-1.000000000,0.000000000,0.000000000
1111,0.555500000,0.000000000,100.000000000,47.880028967,52.065555503,100.000000000,0.000000000,100.000000000,99.911442334,-1.000000000,0.000000000,0.000000000
1112,0.556000000,0.000000000,100.000000000,47.930028967,52.015555503,100.000000000,0.000000000,100.000000000,99.911442334,-1.000000000,0.000000000,0.000000000
1113,0.556500000,0.000000000,100.000000000,47.980028967,51.965555503,100.000000000,0.000000000,100.000000000,99.911442334,-1.000000000,0.000000000,0.000000000
1114,0.557000000,0.000000000,100.000000000,48.030028967,51.915555503,100.000000000,0.000000000,100.000000000,99.911442334,-1.000000000,0.000000000,0.000000000
1115,0.557500000,0.000000000,100.000000000,48.080028967,51.865555503,100.000000000,0.000000000,100.000000000,99.911442334,-1.000000000,0.000000000,0.000000000
1116,0.558000000,0.000000000,100.000000000,48.130028967,51.815555503,100.000000000,0.000000000,100.000000000,99.911442334,-1.000000000,0.000000000,0.000000000
1117,0.558500000,0.000000000,100.000000000,48.180028967,51.765555503,100.000000000,0.000000000,100.000000000,99.911442334,-1.000000000,0.000000000,0.000000000
1118,0.559000000,0.000000000,100.000000000,48.230028967,51.715555503,100.000000000,0.000000000,100.000000000,99.911442334,-1.000000000,0.000000000,0.000000000
1119,0.559500000,0.000000000,100.000000000,48.280028967,51.665555503,100.000000000,0.000000000,100.000000000,99.911442334,-1.000000000,0.000000000,0.000000000
1120,0.560000000,0.000000000,100.000000000,48.330028967,51.615555503,100.000000000,0.000000000,100.000000000,99.911442334,-1.000000000,0.000000000,0.000000000
1121,0.560500000,0.000000000,100.000000000,48.380028967,51.565555503,100.000000000,0.000000000,100.000000000,99.911442334,-1.000000000,0.000000000,0.000000000
1122,0.561000000,0.000000000,100.000000000,48.430028967,51.515555503,100.000000000,0.000000000,100.000000000,99.911442334,-1.000000000,0.000000000,0.000000000
1123,0.561500000,0.000000000,100.000000000,48.480028967,51.465555503,100.000000000,0.000000000,100.000000000,99.911442334,-1.000000000,0.000000000,0.000000000
1124,0.562000000,0.000000000,100.000000000,48.530028967,51.415555503,100.000000000,0.000000000,100.000000000,99.911442334,-1.000000000,0.000000000,0.000000000
1125,0.562500000,0.000000000,100.000000000,48.580028967,51.365555503,100.000000000,0.000000000,100.000000000,99.911442334,-1.000000000,0.000000000,0.000000000
1126,0.563000000,0.000000000,100.000000000,48.630028967,51.315555503,100.000000000,0.000000000,100.000000000,99.911442334,-1.000000000,0.000000000,0.000000000
1127,0.563500000,0.000000000,100.000000000,48.680028967,51.265555503,100.000000000,0.000000000,100.000000000,99.911442334,-1.000000000,0.000000000,0.000000000
1128,0.564000000,0.000000000,100.000000000,48.730028967,51.215555503,100.000000000,0.000000000,100.000000000,99.911442334,-1.000000000,0.000000000,0.000000000
1129,0.564500000,0.000000000,100.000000000,48.780028967,51.165555503,100.000000000,0.000000000,100.000000000,99.911442334,-1.000000000,0.000000000,0.000000000
1130,0.565000000,0.000000000,100.000000000,48.830028967,51.115555503,100.000000000,0.000000000,100.000000000,99.911442334,-1.000000000,0.000000000,0.000000000
1131,0.565500000,0.000000000,100.000000000,48.880028967,51.065555503,100.000000000,0.000000000,100.000000000,99.911442334,-1.000000000,0.000000000,0.000000000
1132,0.566000000,0.000000000,100.000000000,48.930028967,51.015555503,100.000000000,0.000000000,100.000000000,99.911442334,-1.000000000,0.000000000,0.000000000
1133,0.566500000,0.000000000,100.000000000,48.980028967,50.965555503,100.000000000,0.000000000,100.000000000,99.911442334,-1.000000000,0.000000000,0.000000000
1134,0.567000000,0.000000000,100.000000000,49.030028967,50.915555503,100.000000000,0.000000000,100.000000000,99.911442334,-1.000000000,0.000000000,0.000000000
1135,0.567500000,0.000000000,100.000000000,49.080028967,50.865555503,100.000000000,0.000000000,100.000000000,99.911442334,-1.000000000,0.000000000,0.000000000
1136,0.568000000,0.000000000,100.000000000,49.130028967,50.815555503,100.000000000,0.000000000,100.000000000,99.911442334,-1.000000000,0.000000000,0.000000000
1137,0.568500000,0.000000000,100.000000000,49.180028967,50.765555503,100.000000000,0.000000000,100.000000000,99.911442334,-1.000000000,0.000000000,0.000000000
1138,0.569000000,0.000000000,100.000000000,49.230028967,50.715555503,100.000000000,0.000000000,100.000000000,99.911442334,-1.000000000,0.000000000,0.000000000
1139,0.569500000,0.000000000,100.000000000,49.280028967,50.665555503,100.000000000,0.000000000,100.000000000,99.911442334,-1.000000000,0.000000000,0.000000000
1140,0.570000000,0.000000000,100.000000000,49.330028967,50.615555503,100.000000000,0.000000000,100.000000000,99.911442334,-1.000000000,0.000000000,0.000000000
1141,0.570500000,0.000000000,100.000000000,49.380028967,50.565555503,100.000000000,0.000000000,100.000000000,99.911442334,-1.000000000,0.000000000,0.000000000
1142,0.571000000,0.000000000,100.000000000,49.430028967,50.515555503,100.000000000,0.000000000,100.000000000,99.911442334,-1.000000000,0.000000000,0.000000000
1143,0.571500000,0.000000000,100.000000000,49.480028967,50.465555503,100.000000000,0.000000000,100.000000000,99.911442334,-1.000000000,0.000000000,0.000000000
1144,0.572000000,0.000000000,100.000000000,49.530028967,50.415555503,100.000000000,0.000000000,100.000000000,99.911442334,-1.000000000,0.000000000,0.000000000
1145,0.572500000,0.000000000,100.000000000,49.580028967,50.365555503,100.000000000,0.000000000,100.000000000,99.911442334,-1.000000000,0.000000000,0.000000000
1146,0.573000000,0.000000000,100.000000000,49.630028967,50.315555503,100.000000000,0.000000000,100.000000000,99.911442334,-1.000000000,0.000000000,0.000000000
1147,0.573500000,0.000000000,100.000000000,49.680028967,50.265555503,100.000000000,0.000000000,100.000000000,99.911442334,-1.000000000,0.000000000,0.000000000
1148,0.574000000,0.000000000,100.000000000,49.730028967,50.215555503,100.000000000,0.000000000,100.000000000,99.911442334,-1.000000000,0.000000000,0.000000000
1149,0.574500000,0.000000000,100.000000000,49.780028967,50.165555503,100.000000000,0.000000000,100.000000000,99.911442334,-1.000000000,0.000000000,0.000000000
1150,0.575000000,0.000000000,100.000000000,49.830028967,50.115555503,100.000000000,0.000000000,100.000000000,99.911442334,-1.000000000,0.000000000,0.000000000
1151,0.575500000,0.000000000,100.000000000,49.880028967,50.065555503,100.000000000,0.000000000,100.000000000,99.911442334,-1.000000000,0.000000000,0.000000000
1152,0.576000000,0.000000000,100.000000000,49.930028967,50.015555503,100.000000000,0.000000000,100.000000000,99.911442334,-1.000000000,0.000000000,0.000000000
1153,0.576500000,0.000000000,100.000000000,49.980028967,49.965555503,100.000000000,0.000000000,100.000000000,99.911442334,-1.000000000,0.000000000,0.000000000
1154,0.577000000,0.000000000,100.000000000,50.030028967,49.915555503,100.000000000,0.000000000,100.000000000,99.911442334,-1.000000000,0.000000000,0.000000000
1155,0.577500000,0.000000000,100.000000000,50.080028967,49.865555503,100.000000000,0.000000000,100.000000000,99.911442334,-1.000000000,0.000000000,0.000000000
1156,0.578000000,0.000000000,100.000000000,50.130028967,49.815555503,100.000000000,0.000000000,100.000000000,99.911442334,-1.000000000,0.000000000,0.000000000
1157,0.578500000,0.000000000,100.000000000,50.180028967,49.765555503,100.000000000,0.000000000,100.000000000,99.911442334,-1.000000000,0.000000000,0.000000000
1158,0.579000000,0.000000000,100.000000000,50.230028967,49.715555503,100.000000000,0.000000000,100.000000000,99.911442334,-1.000000000,0.000000000,0.000000000
1159,0.579500000,0.000000000,100.000000000,50.280028967,49.665555503,100.000000000,0.000000000,100.000000000,99.911442334,-1.000000000,0.000000000,0.000000000
1160,0.580000000,0.000000000,100.000000000,50.330028967,49.615555503,100.000000000,0.000000000,100.000000000,99.911442334,-1.000000000,0.000000000,0.000000000
1161,0.580500000,0.000000000,100.000000000,50.380028967,49.565555503,100.000000000,0.000000000,100.000000000,99.911442334,-1.000000000,0.000000000,0.000000000
1162,0.581000000,0.000000000,100.000000000,50.430028967,49.515555503,100.000000000,0.000000000,100.000000000,99.911442334,-1.000000000,0.000000000,0.000000000
1163,0.581500000,0.000000000,100.000000000,50.480028967,49.465555503,100.000000000,0.000000000,100.000000000,99.911442334,-1.000000000,0.000000000,0.000000000
1164,0.582000000,0.000000000,100.000000000,50.530028967,49.415555503,100.000000000,0.000000000,100.000000000,99.911442334,-1.000000000,0.000000000,0.000000000
1165,0.582500000,0.000000000,100.000000000,50.580028967,49.365555503,100.000000000,0.000000000,100.000000000,99.911442334,-1.000000000,0.000000000,0.000000000
1166,0.583000000,0.000000000,100.000000000,50.630028967,49.315555503,100.000000000,0.000000000,100.000000000,99.911442334,-1.000000000,0.000000000,0.000000000
1167,0.583500000,0.000000000,100.000000000,50.680028967,49.265555503,100.000000000,0.000000000,100.000000000,99.911442334,-1.000000000,0.000000000,0.000000000
1168,0.584000000,0.000000000,100.000000000,50.730028967,49.215555503,100.000000000,0.000000000,100.000000000,99.911442334,-1.000000000,0.000000000,0.000000000
1169,0.584500000,0.000000000,100.000000000,50.780028967,49.165555503,100.000000000,0.000000000,100.000000000,99.911442334,-1.000000000,0.000000000,0.000000000
1170,0.585000000,0.000000000,100.000000000,50.830028967,49.115555503,100.000000000,0.000000000,100.000000000,99.911442334,-1.000000000,0.000000000,0.000000000
1171,0.585500000,0.000000000,100.000000000,50.880028967,49.065555503,100.000000000,0.000000000,100.000000000,99.911442334,-1.000000000,0.000000000,0.000000000
1172,0.586000000,0.000000000,100.000000000,50.930028967,49.015555503,100.000000000,0.000000000,100.000000000,99.911442334,-1.000000000,0.000000000,0.000000000
1173,0.586500000,0.000000000,100.000000000,50.980028967,48.965555503,100.000000000,0.000000000,100.000000000,99.911442334,-1.000000000,0.000000000,0.000000000
1174,0.587000000,0.000000000,100.000000000,51.030028967,48.915555503,100.000000000,0.000000000,100.000000000,99.911442334,-1.000000000,0.000000000,0.000000000
1175,0.587500000,0.000000000,100.000000000,51.080028967,48.865555503,100.000000000,0.000000000,100.000000000,99.911442334,-1.000000000,0.000000000,0.000000000
1176,0.588000000,0.000000000,100.000000000,51.130028967,48.815555503,100.000000000,0.000000000,100.000000000,99.911442334,-1.000000000,0.000000000,0.000000000
1177,0.588500000,0.000000000,100.000000000,51.180028967,48.765555503,100.000000000,0.000000000,100.000000000,99.911442334,-1.000000000,0.000000000,0.000000000
1178,0.589000000,0.000000000,100.000000000,51.230028967,48.715555503,100.000000000,0.000000000,100.000000000,99.911442334,-1.000000000,0.000000000,0.000000000
1179,0.589500000,0.000000000,100.000000000,51.280028967,48.665555503,100.000000000,0.000000000,100.000000000,99.911442334,-1.000000000,0.000000000,0.000000000
1180,0.590000000,0.000000000,100.000000000,51.330028967,48.615555503,100.000000000,0.000000000,100.000000000,99.911442334,-1.000000000,0.000000000,0.000000000
1181,0.590500000,0.000000000,100.000000000,51.380028967,48.565555503,100.000000000,0.000000000,100.000000000,99.911442334,-1.000000000,0.000000000,0.000000000
1182,0.591000000,0.000000000,100.000000000,51.430028967,48.515555503,100.000000000,0.000000000,100.000000000,99.911442334,-1.000000000,0.000000000,0.000000000
1183,0.591500000,0.000000000,100.000000000,51.480028967,48.465555503,100.000000000,0.000000000,100.000000000,99.911442334,-1.000000000,0.000000000,0.000000000
1184,0.592000000,0.000000000,100.000000000,51.530028967,48.415555503,100.000000000,0.000000000,100.000000000,99.911442334,-1.000000000,0.000000000,0.000000000
1185,0.592500000,0.000000000,100.000000000,51.580028967,48.365555503,100.000000000,0.000000000,100.000000000,99.911442334,-1.000000000,0.000000000,0.000000000
1186,0.593000000,0.000000000,100.000000000,51.630028967,48.315555503,100.000000000,0.000000000,100.000000000,99.911442334,-1.000000000,0.000000000,0.000000000
1187,0.593500000,0.000000000,100.000000000,51.680028967,48.265555503,100.000000000,0.000000000,100.000000000,99.911442334,-1.000000000,0.000000000,0.000000000
1188,0.594000000,0.000000000,100.000000000,51.730028967,48.215555503,100.000000000,0.000000000,100.000000000,99.911442334,-1.000000000,0.000000000,0.000000000
1189,0.594500000,0.000000000,100.000000000,51.780028967,48.165555503,100.000000000,0.000000000,100.000000000,99.911442334,-1.000000000,0.000000000,0.000000000
1190,0.595000000,0.000000000,100.000000000,51.830028967,48.115555503,100.000000000,0.000000000,100.000000000,99.911442334,-1.000000000,0.000000000,0.000000000
1191,0.595500000,0.000000000,100.000000000,51.880028967,48.065555503,100.000000000,0.000000000,100.000000000,99.911442334,-1.000000000,0.000000000,0.000000000
1192,0.596000000,0.000000000,100.000000000,51.930028967,48.015555503,100.000000000,0.000000000,100.000000000,99.911442334,-1.000000000,0.000000000,0.000000000
1193,0.596500000,0.000000000,100.000000000,51.980028967,47.965555503,100.000000000,0.000000000,100.000000000,99.911442334,-1.000000000,0.000000000,0.000000000
1194,0.597000000,0.000000000,100.000000000,52.030028967,47.915555503,100.000000000,0.000000000,100.000000000,99.911442334,-1.000000000,0.000000000,0.000000000
1195,0.597500000,0.000000000,100.000000000,52.080028967,47.865555503,100.000000000,0.000000000,100.000000000,99.911442334,-1.000000000,0.000000000,0.000000000
1196,0.598000000,0.000000000,100.000000000,52.130028967,47.815555503,100.000000000,0.000000000,100.000000000,99.911442334,-1.000000000,0.000000000,0.000000000
1197,0.598500000,0.000000000,100.000000000,52.180028967,47.765555503,100.000000000,0.000000000,100.000000000,99.911442334,-1.000000000,0.000000000,0.000000000
1198,0.599000000,0.000000000,100.000000000,52.230028967,47.715555503,100.000000000,0.000000000,100.000000000,99.911442334,-1.000000000,0.000000000,0.000000000
1199,0.599500000,0.000000000,100.000000000,52.280028967,47.665555503,100.000000000,0.000000000,100.000000000,99.911442334,-1.000000000,0.000000000,0.000000000
1200,0.600000000,0.000000000,100.000000000,52.330028967,47.615555503,100.000000000,0.000000000,100.000000000,99.911442334,-1.000000000,0.000000000,0.000000000
1201,0.600500000,0.000000000,100.000000000,52.380028967,47.565555503,100.000000000,0.000000000,100.000000000,99.911442334,-1.000000000,0.000000000,0.000000000
1202,0.601000000,0.000000000,100.000000000,52.430028967,47.515555503,100.000000000,0.000000000,100.000000000,99.911442334,-1.000000000,0.000000000,0.000000000
1203,0.601500000,0.000000000,100.000000000,52.480028967,47.465555503,100.000000000,0.000000000,100.000000000,99.911442334,-1.000000000,0.000000000,0.000000000
1204,0.602000000,0.000000000,100.000000000,52.530028967,47.415555503,100.000000000,0.000000000,100.000000000,99.911442334,-1.000000000,0.000000000,0.000000000
1205,0.602500000,0.000000000,100.000000000,52.580028967,47.365555503,100.000000000,0.000000000,100.000000000,99.911442334,-1.000000000,0.000000000,0.000000000
1206,0.603000000,0.000000000,100.000000000,52.630028967,47.315555503,100.000000000,0.000000000,100.000000000,99.911442334,-1.000000000,0.000000000,0.000000000
1207,0.603500000,0.000000000,100.000000000,52.680028967,47.265555503,100.000000000,0.000000000,100.000000000,99.911442334,-1.000000000,0.000000000,0.000000000
1208,0.604000000,0.000000000,100.000000000,52.730028967,47.215555503,100.000000000,0.000000000,100.000000000,99.911442334,-1.000000000,0.000000000,0.000000000
1209,0.604500000,0.000000000,100.000000000,52.780028967,47.165555503,100.000000000,0.000000000,100.000000000,99.911442334,-1.000000000,0.000000000,0.000000000
1210,0.605000000,0.000000000,100.000000000,52.830028967,47.115555503,100.000000000,0.000000000,100.000000000,99.911442334,-1.000000000,0.000000000,0.000000000
1211,0.605500000,0.000000000,100.000000000,52.880028967,47.065555503,100.000000000,0.000000000,100.000000000,99.911442334,-1.000000000,0.000000000,0.000000000
1212,0.606000000,0.000000000,100.000000000,52.930028967,47.015555503,100.000000000,0.000000000,100.000000000,99.911442334,-1.000000000,0.000000000,0.000000000
1213,0.606500000,0.000000000,100.000000000,52.980028967,46.965555503,100.000000000,0.000000000,100.000000000,99.911442334,-1.000000000,0.000000000,0.000000000
1214,0.607000000,0.000000000,100.000000000,53.030028967,46.915555503,100.000000000,0.000000000,100.000000000,99.911442334,-1.000000000,0.000000000,0.000000000
1215,0.607500000,0.000000000,100.000000000,53.080028967,46.865555503,100.000000000,0.000000000,100.000000000,99.911442334,-1.000000000,0.000000000,0.000000000
1216,0.608000000,0.000000000,100.000000000,53.130028967,46.815555503,100.000000000,0.000000000,100.000000000,99.911442334,-1.000000000,0.000000000,0.000000000
1217,0.608500000,0.000000000,100.000000000,53.180028967,46.765555503,100.000000000,0.000000000,100.000000000,99.911442334,-1.000000000,0.000000000,0.000000000
1218,0.609000000,0.000000000,100.000000000,53.230028967,46.715555503,100.000000000,0.000000000,100.000000000,99.911442334,-1.000000000,0.000000000,0.000000000
1219,0.609500000,0.000000000,100.000000000,53.280028967,46.665555503,100.000000000,0.000000000,100.000000000,99.911442334,-1.000000000,0.000000000,0.000000000
1220,0.610000000,0.000000000,100.000000000,53.330028967,46.615555503,100.000000000,0.000000000,100.000000000,99.911442334,-1.000000000,0.000000000,0.000000000
1221,0.610500000,0.000000000,100.000000000,53.380028967,46.565555503,100.000000000,0.000000000,100.000000000,99.911442334,-1.000000000,0.000000000,0.000000000
1222,0.611000000,0.000000000,100.000000000,53.430028967,46.515555503,100.000000000,0.000000000,100.000000000,99.911442334,-1.000000000,0.000000000,0.000000000
1223,0.611500000,0.000000000,100.000000000,53.480028967,46.465555503,100.000000000,0.000000000,100.000000000,99.911442334,-1.000000000,0.000000000,0.000000000
1224,0.612000000,0.000000000,100.000000000,53.530028967,46.415555503,100.000000000,0.000000000,100.000000000,99.911442334,-1.000000000,0.000000000,0.000000000
1225,0.612500000,0.000000000,100.000000000,53.580028967,46.365555503,100.000000000,0.000000000,100.000000000,99.911442334,-1.000000000,0.000000000,0.000000000
1226,0.613000000,0.000000000,100.000000000,53.630028967,46.315555503,100.000000000,0.000000000,100.000000000,99.911442334,-1.000000000,0.000000000,0.000000000
1227,0.613500000,0.000000000,100.000000000,53.680028967,46.265555503,100.000000000,0.000000000,100.000000000,99.911442334,-1.000000000,0.000000000,0.000000000
1228,0.614000000,0.000000000,100.000000000,53.730028967,46.215555503,100.000000000,0.000000000,100.000000000,99.911442334,-1.000000000,0.000000000,0.000000000
1229,0.614500000,0.000000000,100.000000000,53.780028967,46.165555503,100.000000000,0.000000000,100.000000000,99.911442334,-1.000000000,0.000000000,0.000000000
1230,0.615000000,0.000000000,100.000000000,53.830028967,46.115555503,100.000000000,0.000000000,100.000000000,99.911442334,-1.000000000,0.000000000,0.000000000
1231,0.615500000,0.000000000,100.000000000,53.880028967,46.065555503,100.000000000,0.000000000,100.000000000,99.911442334,-1.000000000,0.000000000,0.000000000
1232,0.616000000,0.000000000,100.000000000,53.930028967,46.015555503,100.000000000,0.000000000,100.000000000,99.911442334,-1.000000000,0.000000000,0.000000000
1233,0.616500000,0.000000000,100.000000000,53.980028967,45.965555503,100.000000000,0.000000000,100.000000000,99.911442334,-1.000000000,0.000000000,0.000000000
1234,0.617000000,0.000000000,100.000000000,54.030028967,45.915555503,100.000000000,0.000000000,100.000000000,99.911442334,-1.000000000,0.000000000,0.000000000
1235,0.617500000,0.000000000,100.000000000,54.080028967,45.865555503,100.000000000,0.000000000,100.000000000,99.911442334,-1.000000000,0.000000000,0.000000000
1236,0.618000000,0.000000000,100.000000000,54.130028967,45.815555503,100.000000000,0.000000000,100.000000000,99.911442334,-1.000000000,0.000000000,0.000000000
1237,0.618500000,0.000000000,100.000000000,54.180028967,45.765555503,100.000000000,0.000000000,100.000000000,99.911442334,-1.000000000,0.000000000,0.000000000
1238,0.619000000,0.000000000,100.000000000,54.230028967,45.715555503,100.000000000,0.000000000,100.000000000,99.911442334,-1.000000000,0.000000000,0.000000000
1239,0.619500000,0.000000000,100.000000000,54.280028967,45.665555503,100.000000000,0.000000000,100.000000000,99.911442334,-1.000000000,0.000000000,0.000000000
1240,0.620000000,0.000000000,100.000000000,54.330028967,45.615555503,100.000000000,0.000000000,100.000000000,99.911442334,-1.000000000,0.000000000,0.000000000
1241,0.620500000,0.000000000,100.000000000,54.380028967,45.565555503,100.000000000,0.000000000,100.000000000,99.911442334,-1.000000000,0.000000000,0.000000000
1242,0.621000000,0.000000000,100.000000000,54.430028967,45.515555503,100.000000000,0.000000000,100.000000000,99.911442334,-1.000000000,0.000000000,0.000000000
1243,0.621500000,0.000000000,100.000000000,54.480028967,45.465555503,100.000000000,0.000000000,100.000000000,99.911442334,-1.000000000,0.000000000,0.000000000
1244,0.622000000,0.000000000,100.000000000,54.530028967,45.415555503,100.000000000,0.000000000,100.000000000,99.911442334,-1.000000000,0.000000000,0.000000000
1245,0.622500000,0.000000000,100.000000000,54.580028967,45.365555503,100.000000000,0.000000000,100.000000000,99.911442334,-1.000000000,0.000000000,0.000000000
1246,0.623000000,0.000000000,100.000000000,54.630028967,45.315555503,100.000000000,0.000000000,100.000000000,99.911442334,-1.000000000,0.000000000,0.000000000
1247,0.623500000,0.000000000,100.000000000,54.680028967,45.265555503,100.000000000,0.000000000,100.000000000,99.911442334,-1.000000000,0.000000000,0.000000000
1248,0.624000000,0.000000000,100.000000000,54.730028967,45.215555503,100.000000000,0.000000000,100.000000000,99.911442334,-1.000000000,0.000000000,0.000000000
1249,0.624500000,0.000000000,100.000000000,54.780028967,45.165555503,100.000000000,0.000000000,100.000000000,99.911442334,-1.000000000,0.000000000,0.000000000
1250,0.625000000,0.000000000,100.000000000,54.830028967,45.115555503,100.000000000,0.000000000,100.000000000,99.911442334,-1.000000000,0.000000000,0.000000000
1251,0.625500000,0.000000000,100.000000000,54.880028967,45.065555503,100.000000000,0.000000000,100.000000000,99.911442334,-1.000000000,0.000000000,0.000000000
1252,0.626000000,0.000000000,100.000000000,54.930028967,45.015555503,100.000000000,0.000000000,100.000000000,99.911442334,-1.000000000,0.000000000,0.000000000
1253,0.626500000,0.000000000,100.000000000,54.980028967,44.965555503,100.000000000,0.000000000,100.000000000,99.911442334,-1.000000000,0.000000000,0.000000000
1254,0.627000000,0.000000000,100.000000000,55.030028967,44.915555503,100.000000000,0.000000000,100.000000000,99.911442334,-1.000000000,0.000000000,0.000000000
1255,0.627500000,0.000000000,100.000000000,55.080028967,44.865555503,100.000000000,0.000000000,100.000000000,99.911442334,-1.000000000,0.000000000,0.000000000
1256,0.628000000,0.000000000,100.000000000,55.130028967,44.815555503,100.000000000,0.000000000,100.000000000,99.911442334,-1.000000000,0.000000000,0.000000000
1257,0.628500000,0.000000000,100.000000000,55.180028967,44.765555503,100.000000000,0.000000000,100.000000000,99.911442334,-1.000000000,0.000000000,0.000000000
1258,0.629000000,0.000000000,100.000000000,55.230028967,44.715555503,100.000000000,0.000000000,100.000000000,99.911442334,-1.000000000,0.000000000,0.000000000
1259,0.629500000,0.000000000,100.000000000,55.280028967,44.665555503,100.000000000,0.000000000,100.000000000,99.911442334,-1.000000000,0.000000000,0.000000000
1260,0.630000000,0.000000000,100.000000000,55.330028967,44.615555503,100.000000000,0.000000000,100.000000000,99.911442334,-1.000000000,0.000000000,0.000000000
1261,0.630500000,0.000000000,100.000000000,55.380028967,44.565555503,100.000000000,0.000000000,100.000000000,99.911442334,-1.000000000,0.000000000,0.000000000
1262,0.631000000,0.000000000,100.000000000,55.430028967,44.515555503,100.000000000,0.000000000,100.000000000,99.911442334,-1.000000000,0.000000000,0.000000000
1263,0.631500000,0.000000000,100.000000000,55.480028967,44.465555503,100.000000000,0.000000000,100.000000000,99.911442334,-1.000000000,0.000000000,0.000000000
1264,0.632000000,0.000000000,100.000000000,55.530028967,44.415555503,100.000000000,0.000000000,100.000000000,99.911442334,-1.000000000,0.000000000,0.000000000
1265,0.632500000,0.000000000,100.000000000,55.580028967,44.365555503,100.000000000,0.000000000,100.000000000,99.911442334,-1.000000000,0.000000000,0.000000000
1266,0.633000000,0.000000000,100.000000000,55.630028967,44.315555503,100.000000000,0.000000000,100.000000000,99.911442334,-1.000000000,0.000000000,0.000000000
1267,0.633500000,0.000000000,100.000000000,55.680028967,44.265555503,100.000000000,0.000000000,100.000000000,99.911442334,-1.000000000,0.000000000,0.000000000
1268,0.634000000,0.000000000,100.000000000,55.730028967,44.215555503,100.000000000,0.000000000,100.000000000,99.911442334,-1.000000000,0.000000000,0.000000000
1269,0.634500000,0.000000000,100.000000000,55.780028967,44.165555503,100.000000000,0.000000000,100.000000000,99.911442334,-1.000000000,0.000000000,0.000000000
1270,0.635000000,0.000000000,100.000000000,55.830028967,44.115555503,100.000000000,0.000000000,100.000000000,99.911442334,-1.000000000,0.000000000,0.000000000
1271,0.635500000,0.000000000,100.000000000,55.880028967,44.065555503,100.000000000,0.000000000,100.000000000,99.911442334,-1.000000000,0.000000000,0.000000000
1272,0.636000000,0.000000000,100.000000000,55.930028967,44.015555503,100.000000000,0.000000000,100.000000000,99.911442334,-1.000000000,0.000000000,0.000000000
1273,0.636500000,0.000000000,100.000000000,55.980028967,43.965555503,100.000000000,0.000000000,100.000000000,99.911442334,-1.000000000,0.000000000,0.000000000
1274,0.637000000,0.000000000,100.000000000,56.030028967,43.915555503,100.000000000,0.000000000,100.000000000,99.911442334,-1.000000000,0.000000000,0.000000000
1275,0.637500000,0.000000000,100.000000000,56.080028967,43.865555503,100.000000000,0.000000000,100.000000000,99.911442334,-1.000000000,0.000000000,0.000000000
1276,0.638000000,0.000000000,100.000000000,56.130028967,43.815555503,100.000000000,0.000000000,100.000000000,99.911442334,-1.000000000,0.000000000,0.000000000
1277,0.638500000,0.000000000,100.000000000,56.180028967,43.765555503,100.000000000,0.000000000,100.000000000,99.911442334,-1.000000000,0.000000000,0.000000000
1278,0.639000000,0.000000000,100.000000000,56.230028967,43.715555503,100.000000000,0.000000000,100.000000000,99.911442334,-1.000000000,0.000000000,0.000000000
1279,0.639500000,0.000000000,100.000000000,56.280028967,43.665555503,100.000000000,0.000000000,100.000000000,99.911442334,-1.000000000,0.000000000,0.000000000
1280,0.640000000,0.000000000,100.000000000,56.330028967,43.615555503,100.000000000,0.000000000,100.000000000,99.911442334,-1.000000000,0.000000000,0.000000000
1281,0.640500000,0.000000000,100.000000000,56.380028967,43.565555503,100.000000000,0.000000000,100.000000000,99.911442334,-1.000000000,0.000000000,0.000000000
1282,0.641000000,0.000000000,100.000000000,56.430028967,43.515555503,100.000000000,0.000000000,100.000000000,99.911442334,-1.000000000,0.000000000,0.000000000
1283,0.641500000,0.000000000,100.000000000,56.480028967,43.465555503,100.000000000,0.000000000,100.000000000,99.911442334,-1.000000000,0.000000000,0.000000000
1284,0.642000000,0.000000000,100.000000000,56.530028967,43.415555503,100.000000000,0.000000000,100.000000000,99.911442334,-1.000000000,0.000000000,0.000000000
1285,0.642500000,0.000000000,100.000000000,56.580028967,43.365555503,100.000000000,0.000000000,100.000000000,99.911442334,-1.000000000,0.000000000,0.000000000
1286,0.643000000,0.000000000,100.000000000,56.630028967,43.315555503,100.000000000,0.000000000,100.000000000,99.911442334,-1.000000000,0.000000000,0.000000000
1287,0.643500000,0.000000000,100.000000000,56.680028967,43.265555503,100.000000000,0.000000000,100.000000000,99.911442334,-1.000000000,0.000000000,0.000000000
1288,0.644000000,0.000000000,100.000000000,56.730028967,43.215555503,100.000000000,0.000000000,100.000000000,99.911442334,-1.000000000,0.000000000,0.000000000
1289,0.644500000,0.000000000,100.000000000,56.780028967,43.165555503,100.000000000,0.000000000,100.000000000,99.911442334,-1.000000000,0.000000000,0.000000000
1290,0.645000000,0.000000000,100.000000000,56.830028967,43.115555503,100.000000000,0.000000000,100.000000000,99.911442334,-1.000000000,0.000000000,0.000000000
1291,0.645500000,0.000000000,100.000000000,56.880028967,43.065555503,100.000000000,0.000000000,100.000000000,99.911442334,-1.000000000,0.000000000,0.000000000
1292,0.646000000,0.000000000,100.000000000,56.930028967,43.015555503,100.000000000,0.000000000,100.000000000,99.911442334,-1.000000000,0.000000000,0.000000000
1293,0.646500000,0.000000000,100.000000000,56.980028967,42.965555503,100.000000000,0.000000000,100.000000000,99.911442334,-1.000000000,0.000000000,0.000000000
1294,0.647000000,0.000000000,100.000000000,57.030028967,42.915555503,100.000000000,0.000000000,100.000000000,99.911442334,-1.000000000,0.000000000,0.000000000
1295,0.647500000,0.000000000,100.000000000,57.080028967,42.865555503,100.000000000,0.000000000,100.000000000,99.911442334,-1.000000000,0.000000000,0.000000000
1296,0.648000000,0.000000000,100.000000000,57.130028967,42.815555503,100.000000000,0.000000000,100.000000000,99.911442334,-1.000000000,0.000000000,0.000000000
1297,0.648500000,0.000000000,100.000000000,57.180028967,42.765555503,100.000000000,0.000000000,100.000000000,99.911442334,-1.000000000,0.000000000,0.000000000
1298,0.649000000,0.000000000,100.000000000,57.230028967,42.715555503,100.000000000,0.000000000,100.000000000,99.911442334,-1.000000000,0.000000000,0.000000000
1299,0.649500000,0.000000000,100.000000000,57.280028967,42.665555503,100.000000000,0.000000000,100.000000000,99.911442334,-1.000000000,0.000000000,0.000000000
1300,0.650000000,0.000000000,100.000000000,57.330028967,42.615555503,100.000000000,0.000000000,100.000000000,99.911442334,-1.000000000,0.000000000,0.000000000
1301,0.650500000,0.000000000,100.000000000,57.380028967,42.565555503,100.000000000,0.000000000,100.000000000,99.911442334,-1.000000000,0.000000000,0.000000000
1302,0.651000000,0.000000000,100.000000000,57.430028967,42.515555503,100.000000000,0.000000000,100.000000000,99.911442334,-1.000000000,0.000000000,0.000000000
1303,0.651500000,0.000000000,100.000000000,57.480028967,42.465555503,100.000000000,0.000000000,100.000000000,99.911442334,-1.000000000,0.000000000,0.000000000
1304,0.652000000,0.000000000,100.000000000,57.530028967,42.415555503,100.000000000,0.000000000,100.000000000,99.911442334,-1.000000000,0.000000000,0.000000000
1305,0.652500000,0.000000000,100.000000000,57.580028967,42.365555503,100.000000000,0.000000000,100.000000000,99.911442334,-1.000000000,0.000000000,0.000000000
1306,0.653000000,0.000000000,100.000000000,57.630028967,42.315555503,100.000000000,0.000000000,100.000000000,99.911442334,-1.000000000,0.000000000,0.000000000
1307,0.653500000,0.000000000,100.000000000,57.680028967,42.265555503,100.000000000,0.000000000,100.000000000,99.911442334,-1.000000000,0.000000000,0.000000000
1308,0.654000000,0.000000000,100.000000000,57.730028967,42.215555503,100.000000000,0.000000000,100.000000000,99.911442334,-1.000000000,0.000000000,0.000000000
1309,0.654500000,0.000000000,100.000000000,57.780028967,42.165555503,100.000000000,0.000000000,100.000000000,99.911442334,-1.000000000,0.000000000,0.000000000
1310,0.655000000,0.000000000,100.000000000,57.830028967,42.115555503,100.000000000,0.000000000,100.000000000,99.911442334,-1.000000000,0.000000000,0.000000000
1311,0.655500000,0.000000000,100.000000000,57.880028967,42.065555503,100.000000000,0.000000000,100.000000000,99.911442334,-1.000000000,0.000000000,0.000000000
1312,0.656000000,0.000000000,100.000000000,57.930028967,42.015555503,100.000000000,0.000000000,100.000000000,99.911442334,-1.000000000,0.000000000,0.000000000
1313,0.656500000,0.000000000,100.000000000,57.980028967,41.965555503,100.000000000,0.000000000,100.000000000,99.911442334,-1.000000000,0.000000000,0.000000000
1314,0.657000000,0.000000000,100.000000000,58.030028967,41.915555503,100.000000000,0.000000000,100.000000000,99.911442334,-1.000000000,0.000000000,0.000000000
1315,0.657500000,0.000000000,100.000000000,58.080028967,41.865555503,100.000000000,0.000000000,100.000000000,99.911442334,-1.000000000,0.000000000,0.000000000
1316,0.658000000,0.000000000,100.000000000,58.130028967,41.815555503,100.000000000,0.000000000,100.000000000,99.911442334,-1.000000000,0.000000000,0.000000000
1317,0.658500000,0.000000000,100.000000000,58.180028967,41.765555503,100.000000000,0.000000000,100.000000000,99.911442334,-1.000000000,0.000000000,0.000000000
1318,0.659000000,0.000000000,100.000000000,58.230028967,41.715555503,100.000000000,0.000000000,100.000000000,99.911442334,-1.000000000,0.000000000,0.000000000
1319,0.659500000,0.000000000,100.000000000,58.280028967,41.665555503,100.000000000,0.000000000,100.000000000,99.911442334,-1.000000000,0.000000000,0.000000000
1320,0.660000000,0.000000000,100.000000000,58.330028967,41.615555503,100.000000000,0.000000000,100.000000000,99.911442334,-1.000000000,0.000000000,0.000000000
1321,0.660500000,0.000000000,100.000000000,58.380028967,41.565555503,100.000000000,0.000000000,100.000000000,99.911442334,-1.000000000,0.000000000,0.000000000
1322,0.661000000,0.000000000,100.000000000,58.430028967,41.515555503,100.000000000,0.000000000,100.000000000,99.911442334,-1.000000000,0.000000000,0.000000000
1323,0.661500000,0.000000000,100.000000000,58.480028967,41.465555503,100.000000000,0.000000000,100.000000000,99.911442334,-1.000000000,0.000000000,0.000000000
1324,0.662000000,0.000000000,100.000000000,58.530028967,41.415555503,100.000000000,0.000000000,100.000000000,99.911442334,-1.000000000,0.000000000,0.000000000
1325,0.662500000,0.000000000,100.000000000,58.580028967,41.365555503,100.000000000,0.000000000,100.000000000,99.911442334,-1.000000000,0.000000000,0.000000000
1326,0.663000000,0.000000000,100.000000000,58.630028967,41.315555503,100.000000000,0.000000000,100.000000000,99.911442334,-1.000000000,0.000000000,0.000000000
1327,0.663500000,0.000000000,100.000000000,58.680028967,41.265555503,100.000000000,0.000000000,100.000000000,99.911442334,-1.000000000,0.000000000,0.000000000
1328,0.664000000,0.000000000,100.000000000,58.730028967,41.215555503,100.000000000,0.000000000,100.000000000,99.911442334,-1.000000000,0.000000000,0.000000000
1329,0.664500000,0.000000000,100.000000000,58.780028967,41.165555503,100.000000000,0.000000000,100.000000000,99.911442334,-1.000000000,0.000000000,0.000000000
1330,0.665000000,0.000000000,100.000000000,58.830028967,41.115555503,100.000000000,0.000000000,100.000000000,99.911442334,-1.000000000,0.000000000,0.000000000
1331,0.665500000,0.000000000,100.000000000,58.880028967,41.065555503,100.000000000,0.000000000,100.000000000,99.911442334,-1.000000000,0.000000000,0.000000000
1332,0.666000000,0.000000000,100.000000000,58.930028967,41.015555503,100.000000000,0.000000000,100.000000000,99.911442334,-1.000000000,0.000000000,0.000000000
1333,0.666500000,0.000000000,100.000000000,58.980028967,40.965555503,100.000000000,0.000000000,100.000000000,99.911442334,-1.000000000,0.000000000,0.000000000
1334,0.667000000,0.000000000,100.000000000,59.030028967,40.915555503,100.000000000,0.000000000,100.000000000,99.911442334,-1.000000000,0.000000000,0.000000000
1335,0.667500000,0.000000000,100.000000000,59.080028967,40.865555503,100.000000000,0.000000000,100.000000000,99.911442334,-1.000000000,0.000000000,0.000000000
1336,0.668000000,0.000000000,100.000000000,59.130028967,40.815555503,100.000000000,0.000000000,100.000000000,99.911442334,-1.000000000,0.000000000,0.000000000
1337,0.668500000,0.000000000,100.000000000,59.180028967,40.765555503,100.000000000,0.000000000,100.000000000,99.911442334,-1.000000000,0.000000000,0.000000000
1338,0.669000000,0.000000000,100.000000000,59.230028967,40.715555503,100.000000000,0.000000000,100.000000000,99.911442334,-1.000000000,0.000000000,0.000000000
1339,0.669500000,0.000000000,100.000000000,59.280028967,40.665555503,100.000000000,0.000000000,100.000000000,99.911442334,-1.000000000,0.000000000,0.000000000
1340,0.670000000,0.000000000,100.000000000,59.330028967,40.615555503,100.000000000,0.000000000,100.000000000,99.911442334,-1.000000000,0.000000000,0.000000000
1341,0.670500000,0.000000000,100.000000000,59.380028967,40.565555503,100.000000000,0.000000000,100.000000000,99.911442334,-1.000000000,0.000000000,0.000000000
1342,0.671000000,0.000000000,100.000000000,59.430028967,40.515555503,100.000000000,0.000000000,100.000000000,99.911442334,-1.000000000,0.000000000,0.000000000
1343,0.671500000,0.000000000,100.000000000,59.480028967,40.465555503,100.000000000,0.000000000,100.000000000,99.911442334,-1.000000000,0.000000000,0.000000000
1344,0.672000000,0.000000000,100.000000000,59.530028967,40.415555503,100.000000000,0.000000000,100.000000000,99.911442334,-1.000000000,0.000000000,0.000000000
1345,0.672500000,0.000000000,100.000000000,59.580028967,40.365555503,100.000000000,0.000000000,100.000000000,99.911442334,-1.000000000,0.000000000,0.000000000
1346,0.673000000,0.000000000,100.000000000,59.630028967,40.315555503,100.000000000,0.000000000,100.000000000,99.911442334,-1.000000000,0.000000000,0.000000000
1347,0.673500000,0.000000000,100.000000000,59.680028967,40.265555503,100.000000000,0.000000000,100.000000000,99.911442334,-1.000000000,0.000000000,0.000000000
1348,0.674000000,0.000000000,100.000000000,59.730028967,40.215555503,100.000000000,0.000000000,100.000000000,99.911442334,-1.000000000,0.000000000,0.000000000
1349,0.674500000,0.000000000,100.000000000,59.780028967,40.165555503,100.000000000,0.000000000,100.000000000,99.911442334,-1.000000000,0.000000000,0.000000000
1350,0.675000000,0.000000000,100.000000000,59.830028967,40.115555503,100.000000000,0.000000000,100.000000000,99.911442334,-1.000000000,0.000000000,0.000000000
1351,0.675500000,0.000000000,100.000000000,59.880028967,40.065555503,100.000000000,0.000000000,100.000000000,99.911442334,-1.000000000,0.000000000,0.000000000
1352,0.676000000,0.000000000,100.000000000,59.930028967,40.015555503,100.000000000,0.000000000,100.000000000,99.911442334,-1.000000000,0.000000000,0.000000000
1353,0.676500000,0.000000000,100.000000000,59.980028967,39.965555503,100.000000000,0.000000000,100.000000000,99.911442334,-1.000000000,0.000000000,0.000000000
1354,0.677000000,0.000000000,100.000000000,60.030028967,39.915555503,100.000000000,0.000000000,100.000000000,99.911442334,-1.000000000,0.000000000,0.000000000
1355,0.677500000,0.000000000,100.000000000,60.080028967,39.865555503,100.000000000,0.000000000,100.000000000,99.911442334,-1.000000000,0.000000000,0.000000000
1356,0.678000000,0.000000000,100.000000000,60.130028967,39.815555503,100.000000000,0.000000000,100.000000000,99.911442334,-1.000000000,0.000000000,0.000000000
1357,0.678500000,0.000000000,100.000000000,60.180028967,39.765555503,100.000000000,0.000000000,100.000000000,99.911442334,-1.000000000,0.000000000,0.000000000
1358,0.679000000,0.000000000,100.000000000,60.230028967,39.715555503,100.000000000,0.000000000,100.000000000,99.911442334,-1.000000000,0.000000000,0.000000000
1359,0.679500000,0.000000000,100.000000000,60.280028967,39.665555503,100.000000000,0.000000000,100.000000000,99.911442334,-1.000000000,0.000000000,0.000000000
1360,0.680000000,0.000000000,100.000000000,60.330028967,39.615555503,100.000000000,0.000000000,100.000000000,99.911442334,-1.000000000,0.000000000,0.000000000
1361,0.680500000,0.000000000,100.000000000,60.380028967,39.565555503,100.000000000,0.000000000,100.000000000,99.911442334,-1.000000000,0.000000000,0.000000000
1362,0.681000000,0.000000000,100.000000000,60.430028967,39.515555503,100.000000000,0.000000000,100.000000000,99.911442334,-1.000000000,0.000000000,0.000000000
1363,0.681500000,0.000000000,100.000000000,60.480028967,39.465555503,100.000000000,0.000000000,100.000000000,99.911442334,-1.000000000,0.000000000,0.000000000
1364,0.682000000,0.000000000,100.000000000,60.530028967,39.415555503,100.000000000,0.000000000,100.000000000,99.911442334,-1.000000000,0.000000000,0.000000000
1365,0.682500000,0.000000000,100.000000000,60.580028967,39.365555503,100.000000000,0.000000000,100.000000000,99.911442334,-1.000000000,0.000000000,0.000000000
1366,0.683000000,0.000000000,100.000000000,60.630028967,39.315555503,100.000000000,0.000000000,100.000000000,99.911442334,-1.000000000,0.000000000,0.000000000
1367,0.683500000,0.000000000,100.000000000,60.680028967,39.265555503,100.000000000,0.000000000,100.000000000,99.911442334,-1.000000000,0.000000000,0.000000000
1368,0.684000000,0.000000000,100.000000000,60.730028967,39.215555503,100.000000000,0.000000000,100.000000000,99.911442334,-1.000000000,0.000000000,0.000000000
1369,0.684500000,0.000000000,100.000000000,60.780028967,39.165555503,100.000000000,0.000000000,100.000000000,99.911442334,-1.000000000,0.000000000,0.000000000
1370,0.685000000,0.000000000,100.000000000,60.830028967,39.115555503,100.000000000,0.000000000,100.000000000,99.911442334,-1.000000000,0.000000000,0.000000000
1371,0.685500000,0.000000000,100.000000000,60.880028967,39.065555503,100.000000000,0.000000000,100.000000000,99.911442334,-1.000000000,0.000000000,0.000000000
1372,0.686000000,0.000000000,100.000000000,60.930028967,39.015555503,100.000000000,0.000000000,100.000000000,99.911442334,-1.000000000,0.000000000,0.000000000
1373,0.686500000,0.000000000,100.000000000,60.980028967,38.965555503,100.000000000,0.000000000,100.000000000,99.911442334,-1.000000000,0.000000000,0.000000000
1374,0.687000000,0.000000000,100.000000000,61.030028967,38.915555503,100.000000000,0.000000000,100.000000000,99.911442334,-1.000000000,0.000000000,0.000000000
1375,0.687500000,0.000000000,100.000000000,61.080028967,38.865555503,100.000000000,0.000000000,100.000000000,99.911442334,-1.000000000,0.000000000,0.000000000
1376,0.688000000,0.000000000,100.000000000,61.130028967,38.815555503,100.000000000,0.000000000,100.000000000,99.911442334,-1.000000000,0.000000000,0.000000000
1377,0.688500000,0.000000000,100.000000000,61.180028967,38.765555503,100.000000000,0.000000000,100.000000000,99.911442334,-1.000000000,0.000000000,0.000000000
1378,0.689000000,0.000000000,100.000000000,61.230028967,38.715555503,100.000000000,0.000000000,100.000000000,99.911442334,-1.000000000,0.000000000,0.000000000
1379,0.689500000,0.000000000,100.000000000,61.280028967,38.665555503,100.000000000,0.000000000,100.000000000,99.911442334,-1.000000000,0.000000000,0.000000000
1380,0.690000000,0.000000000,100.000000000,61.330028967,38.615555503,100.000000000,0.000000000,100.000000000,99.911442334,-1.000000000,0.000000000,0.000000000
1381,0.690500000,0.000000000,100.000000000,61.380028967,38.565555503,100.000000000,0.000000000,100.000000000,99.911442334,-1.000000000,0.000000000,0.000000000
1382,0.691000000,0.000000000,100.000000000,61.430028967,38.515555503,100.000000000,0.000000000,100.000000000,99.911442334,-1.000000000,0.000000000,0.000000000
1383,0.691500000,0.000000000,100.000000000,61.480028967,38.465555503,100.000000000,0.000000000,100.000000000,99.911442334,-1.000000000,0.000000000,0.000000000
1384,0.692000000,0.000000000,100.000000000,61.530028967,38.415555503,100.000000000,0.000000000,100.000000000,99.911442334,-1.000000000,0.000000000,0.000000000
1385,0.692500000,0.000000000,100.000000000,61.580028967,38.365555503,100.000000000,0.000000000,100.000000000,99.911442334,-1.000000000,0.000000000,0.000000000
1386,0.693000000,0.000000000,100.000000000,61.630028967,38.315555503,100.000000000,0.000000000,100.000000000,99.911442334,-1.000000000,0.000000000,0.000000000
1387,0.693500000,0.000000000,100.000000000,61.680028967,38.265555503,100.000000000,0.000000000,100.000000000,99.911442334,-1.000000000,0.000000000,0.000000000
1388,0.694000000,0.000000000,100.000000000,61.730028967,38.215555503,100.000000000,0.000000000,100.000000000,99.911442334,-1.000000000,0.000000000,0.000000000
1389,0.694500000,0.000000000,100.000000000,61.780028967,38.165555503,100.000000000,0.000000000,100.000000000,99.911442334,-1.000000000,0.000000000,0.000000000
1390,0.695000000,0.000000000,100.000000000,61.830028967,38.115555503,100.000000000,0.000000000,100.000000000,99.911442334,-1.000000000,0.000000000,0.000000000
1391,0.695500000,0.000000000,100.000000000,61.880028967,38.065555503,100.000000000,0.000000000,100.000000000,99.911442334,-1.000000000,0.000000000,0.000000000
1392,0.696000000,0.000000000,100.000000000,61.930028967,38.015555503,100.000000000,0.000000000,100.000000000,99.911442334,-1.000000000,0.000000000,0.000000000
1393,0.696500000,0.000000000,100.000000000,61.980028967,37.965555503,100.000000000,0.000000000,100.000000000,99.911442334,-1.000000000,0.000000000,0.000000000
1394,0.697000000,0.000000000,100.000000000,62.030028967,37.915555503,100.000000000,0.000000000,100.000000000,99.911442334,-1.000000000,0.000000000,0.000000000
1395,0.697500000,0.000000000,100.000000000,62.080028967,37.865555503,100.000000000,0.000000000,100.000000000,99.911442334,-1.000000000,0.000000000,0.000000000
1396,0.698000000,0.000000000,100.000000000,62.130028967,37.815555503,100.000000000,0.000000000,100.000000000,99.911442334,-1.000000000,0.000000000,0.000000000
1397,0.698500000,0.000000000,100.000000000,62.180028967,37.765555503,100.000000000,0.000000000,100.000000000,99.911442334,-1.000000000,0.000000000,0.000000000
1398,0.699000000,0.000000000,100.000000000,62.230028967,37.715555503,100.000000000,0.000000000,100.000000000,99.911442334,-1.000000000,0.000000000,0.000000000
1399,0.699500000,0.000000000,100.000000000,62.280028967,37.665555503,100.000000000,0.000000000,100.000000000,99.911442334,-1.000000000,0.000000000,0.000000000
1400,0.700000000,0.000000000,100.000000000,62.330028967,37.615555503,100.000000000,0.000000000,100.000000000,99.911442334,-1.000000000,0.000000000,0.000000000
1401,0.700500000,0.000000000,100.000000000,62.380028967,37.565555503,100.000000000,0.000000000,100.000000000,99.911442334,-1.000000000,0.000000000,0.000000000
1402,0.701000000,0.000000000,100.000000000,62.430028967,37.515555503,100.000000000,0.000000000,100.000000000,99.911442334,-1.000000000,0.000000000,0.000000000
1403,0.701500000,0.000000000,100.000000000,62.480028967,37.465555503,100.000000000,0.000000000,100.000000000,99.911442334,-1.000000000,0.000000000,0.000000000
1404,0.702000000,0.000000000,100.000000000,62.530028967,37.415555503,100.000000000,0.000000000,100.000000000,99.911442334,-1.000000000,0.000000000,0.000000000
1405,0.702500000,0.000000000,100.000000000,62.580028967,37.365555503,100.000000000,0.000000000,100.000000000,99.911442334,-1.000000000,0.000000000,0.000000000
1406,0.703000000,0.000000000,100.000000000,62.630028967,37.315555503,100.000000000,0.000000000,100.000000000,99.911442334,-1.000000000,0.000000000,0.000000000
1407,0.703500000,0.000000000,100.000000000,62.680028967,37.265555503,100.000000000,0.000000000,100.000000000,99.911442334,-1.000000000,0.000000000,0.000000000
1408,0.704000000,0.000000000,100.000000000,62.730028967,37.215555503,100.000000000,0.000000000,100.000000000,99.911442334,-1.000000000,0.000000000,0.000000000
1409,0.704500000,0.000000000,100.000000000,62.780028967,37.165555503,100.000000000,0.000000000,100.000000000,99.911442334,-1.000000000,0.000000000,0.000000000
1410,0.705000000,0.000000000,100.000000000,62.830028967,37.115555503,100.000000000,0.000000000,100.000000000,99.911442334,-1.000000000,0.000000000,0.000000000
1411,0.705500000,0.000000000,100.000000000,62.880028967,37.065555503,100.000000000,0.000000000,100.000000000,99.911442334,-1.000000000,0.000000000,0.000000000
1412,0.706000000,0.000000000,100.000000000,62.930028967,37.015555503,100.000000000,0.000000000,100.000000000,99.911442334,-1.000000000,0.000000000,0.000000000
1413,0.706500000,0.000000000,100.000000000,62.980028967,36.965555503,100.000000000,0.000000000,100.000000000,99.911442334,-1.000000000,0.000000000,0.000000000
1414,0.707000000,0.000000000,100.000000000,63.030028967,36.915555503,100.000000000,0.000000000,100.000000000,99.911442334,-1.000000000,0.000000000,0.000000000
1415,0.707500000,0.000000000,100.000000000,63.080028967,36.865555503,100.000000000,0.000000000,100.000000000,99.911442334,-1.000000000,0.000000000,0.000000000
1416,0.708000000,0.000000000,100.000000000,63.130028967,36.815555503,100.000000000,0.000000000,100.000000000,99.911442334,-1.000000000,0.000000000,0.000000000
1417,0.708500000,0.000000000,100.000000000,63.180028967,36.765555503,100.000000000,0.000000000,100.000000000,99.911442334,-1.000000000,0.000000000,0.000000000
1418,0.709000000,0.000000000,100.000000000,63.230028967,36.715555503,100.000000000,0.000000000,100.000000000,99.911442334,-1.000000000,0.000000000,0.000000000
1419,0.709500000,0.000000000,100.000000000,63.280028967,36.665555503,100.000000000,0.000000000,100.000000000,99.911442334,-1.000000000,0.000000000,0.000000000
1420,0.710000000,0.000000000,100.000000000,63.330028967,36.615555503,100.000000000,0.000000000,100.000000000,99.911442334,-1.000000000,0.000000000,0.000000000
1421,0.710500000,0.000000000,100.000000000,63.380028967,36.565555503,100.000000000,0.000000000,100.000000000,99.911442334,-1.000000000,0.000000000,0.000000000
1422,0.711000000,0.000000000,100.000000000,63.430028967,36.515555503,100.000000000,0.000000000,100.000000000,99.911442334,-1.000000000,0.000000000,0.000000000
1423,0.711500000,0.000000000,100.000000000,63.480028967,36.465555503,100.000000000,0.000000000,100.000000000,99.911442334,-1.000000000,0.000000000,0.000000000
1424,0.712000000,0.000000000,100.000000000,63.530028967,36.415555503,100.000000000,0.000000000,100.000000000,99.911442334,-1.000000000,0.000000000,0.000000000
1425,0.712500000,0.000000000,100.000000000,63.580028967,36.365555503,100.000000000,0.000000000,100.000000000,99.911442334,-1.000000000,0.000000000,0.000000000
1426,0.713000000,0.000000000,100.000000000,63.630028967,36.315555503,100.000000000,0.000000000,100.000000000,99.911442334,-1.000000000,0.000000000,0.000000000
1427,0.713500000,0.000000000,100.000000000,63.680028967,36.265555503,100.000000000,0.000000000,100.000000000,99.911442334,-1.000000000,0.000000000,0.000000000
1428,0.714000000,0.000000000,100.000000000,63.730028967,36.215555503,100.000000000,0.000000000,100.000000000,99.911442334,-1.000000000,0.000000000,0.000000000
1429,0.714500000,0.000000000,100.000000000,63.780028967,36.165555503,100.000000000,0.000000000,100.000000000,99.911442334,-1.000000000,0.000000000,0.000000000
1430,0.715000000,0.000000000,100.000000000,63.830028967,36.115555503,100.000000000,0.000000000,100.000000000,99.911442334,-1.000000000,0.000000000,0.000000000
1431,0.715500000,0.000000000,100.000000000,63.880028967,36.065555503,100.000000000,0.000000000,100.000000000,99.911442334,-1.000000000,0.000000000,0.000000000
1432,0.716000000,0.000000000,100.000000000,63.930028967,36.015555503,100.000000000,0.000000000,100.000000000,99.911442334,-1.000000000,0.000000000,0.000000000
1433,0.716500000,0.000000000,100.000000000,63.980028967,35.965555503,100.000000000,0.000000000,100.000000000,99.911442334,-1.000000000,0.000000000,0.000000000
1434,0.717000000,0.000000000,100.000000000,64.030028967,35.915555503,100.000000000,0.000000000,100.000000000,99.911442334,-1.000000000,0.000000000,0.000000000
1435,0.717500000,0.000000000,100.000000000,64.080028967,35.865555503,100.000000000,0.000000000,100.000000000,99.911442334,-1.000000000,0.000000000,0.000000000
1436,0.718000000,0.000000000,100.000000000,64.130028967,35.815555503,100.000000000,0.000000000,100.000000000,99.911442334,-1.000000000,0.000000000,0.000000000
1437,0.718500000,0.000000000,100.000000000,64.180028967,35.765555503,100.000000000,0.000000000,100.000000000,99.911442334,-1.000000000,0.000000000,0.000000000
1438,0.719000000,0.000000000,100.000000000,64.230028967,35.715555503,100.000000000,0.000000000,100.000000000,99.911442334,-1.000000000,0.000000000,0.000000000
1439,0.719500000,0.000000000,100.000000000,64.280028967,35.665555503,100.000000000,0.000000000,100.000000000,99.911442334,-1.000000000,0.000000000,0.000000000
1440,0.720000000,0.000000000,100.000000000,64.330028967,35.615555503,100.000000000,0.000000000,100.000000000,99.911442334,-1.000000000,0.000000000,0.000000000
1441,0.720500000,0.000000000,100.000000000,64.380028967,35.565555503,100.000000000,0.000000000,100.000000000,99.911442334,-1.000000000,0.000000000,0.000000000
1442,0.721000000,0.000000000,100.000000000,64.430028967,35.515555503,100.000000000,0.000000000,100.000000000,99.911442334,-1.000000000,0.000000000,0.000000000
1443,0.721500000,0.000000000,100.000000000,64.480028967,35.465555503,100.000000000,0.000000000,100.000000000,99.911442334,-1.000000000,0.000000000,0.000000000
1444,0.722000000,0.000000000,100.000000000,64.530028967,35.415555503,100.000000000,0.000000000,100.000000000,99.911442334,-1.000000000,0.000000000,0.000000000
1445,0.722500000,0.000000000,100.000000000,64.580028967,35.365555503,100.000000000,0.000000000,100.000000000,99.911442334,-1.000000000,0.000000000,0.000000000
1446,0.723000000,0.000000000,100.000000000,64.630028967,35.315555503,100.000000000,0.000000000,100.000000000,99.911442334,-1.000000000,0.000000000,0.000000000
1447,0.723500000,0.000000000,100.000000000,64.680028967,35.265555503,100.000000000,0.000000000,100.000000000,99.911442334,-1.000000000,0.000000000,0.000000000
1448,0.724000000,0.000000000,100.000000000,64.730028967,35.215555503,100.000000000,0.000000000,100.000000000,99.911442334,-1.000000000,0.000000000,0.000000000
1449,0.724500000,0.000000000,100.000000000,64.780028967,35.165555503,100.000000000,0.000000000,100.000000000,99.911442334,-1.000000000,0.000000000,0.000000000
1450,0.725000000,0.000000000,100.000000000,64.830028967,35.115555503,100.000000000,0.000000000,100.000000000,99.911442334,-1.000000000,0.000000000,0.000000000
1451,0.725500000,0.000000000,100.000000000,64.880028967,35.065555503,100.000000000,0.000000000,100.000000000,99.911442334,-1.000000000,0.000000000,0.000000000
1452,0.726000000,0.000000000,100.000000000,64.930028967,35.015555503,100.000000000,0.000000000,100.000000000,99.911442334,-1.000000000,0.000000000,0.000000000
1453,0.726500000,0.000000000,100.000000000,64.980028967,34.965555503,100.000000000,0.000000000,100.000000000,99.911442334,-1.000000000,0.000000000,0.000000000
1454,0.727000000,0.000000000,100.000000000,65.030028967,34.915555503,100.000000000,0.000000000,100.000000000,99.911442334,-1.000000000,0.000000000,0.000000000
1455,0.727500000,0.000000000,100.000000000,65.080028967,34.865555503,100.000000000,0.000000000,100.000000000,99.911442334,-1.000000000,0.000000000,0.000000000
1456,0.728000000,0.000000000,100.000000000,65.130028967,34.815555503,100.000000000,0.000000000,100.000000000,99.911442334,-1.000000000,0.000000000,0.000000000
1457,0.728500000,0.000000000,100.000000000,65.180028967,34.765555503,100.000000000,0.000000000,100.000000000,99.911442334,-1.000000000,0.000000000,0.000000000
1458,0.729000000,0.000000000,100.000000000,65.230028967,34.715555503,100.000000000,0.000000000,100.000000000,99.911442334,-1.000000000,0.000000000,0.000000000
1459,0.729500000,0.000000000,100.000000000,65.280028967,34.665555503,100.000000000,0.000000000,100.000000000,99.911442334,-1.000000000,0.000000000,0.000000000
1460,0.730000000,0.000000000,100.000000000,65.330028967,34.615555503,100.000000000,0.000000000,100.000000000,99.911442334,-1.000000000,0.000000000,0.000000000
1461,0.730500000,0.000000000,100.000000000,65.380028967,34.565555503,100.000000000,0.000000000,100.000000000,99.911442334,-1.000000000,0.000000000,0.000000000
1462,0.731000000,0.000000000,100.000000000,65.430028967,34.515555503,100.000000000,0.000000000,100.000000000,99.911442334,-1.000000000,0.000000000,0.000000000
1463,0.731500000,0.000000000,100.000000000,65.480028967,34.465555503,100.000000000,0.000000000,100.000000000,99.911442334,-1.000000000,0.000000000,0.000000000
1464,0.732000000,0.000000000,100.000000000,65.530028967,34.415555503,100.000000000,0.000000000,100.000000000,99.911442334,-1.000000000,0.000000000,0.000000000
1465,0.732500000,0.000000000,100.000000000,65.580028967,34.365555503,100.000000000,0.000000000,100.000000000,99.911442334,-1.000000000,0.000000000,0.000000000
1466,0.733000000,0.000000000,100.000000000,65.630028967,34.315555503,100.000000000,0.000000000,100.000000000,99.911442334,-1.000000000,0.000000000,0.000000000
1467,0.733500000,0.000000000,100.000000000,65.680028967,34.265555503,100.000000000,0.000000000,100.000000000,99.911442334,-1.000000000,0.000000000,0.000000000
1468,0.734000000,0.000000000,100.000000000,65.730028967,34.215555503,100.000000000,0.000000000,100.000000000,99.911442334,-1.000000000,0.000000000,0.000000000
1469,0.734500000,0.000000000,100.000000000,65.780028967,34.165555503,100.000000000,0.000000000,100.000000000,99.911442334,-1.000000000,0.000000000,0.000000000
1470,0.735000000,0.000000000,100.000000000,65.830028967,34.115555503,100.000000000,0.000000000,100.000000000,99.911442334,-1.000000000,0.000000000,0.000000000
1471,0.735500000,0.000000000,100.000000000,65.880028967,34.065555503,100.000000000,0.000000000,100.000000000,99.911442334,-1.000000000,0.000000000,0.000000000
1472,0.736000000,0.000000000,100.000000000,65.930028967,34.015555503,100.000000000,0.000000000,100.000000000,99.911442334,-1.000000000,0.000000000,0.000000000
1473,0.736500000,0.000000000,100.000000000,65.980028967,33.965555503,100.000000000,0.000000000,100.000000000,99.911442334,-1.000000000,0.000000000,0.000000000
1474,0.737000000,0.000000000,100.000000000,66.030028967,33.915555503,100.000000000,0.000000000,100.000000000,99.911442334,-1.000000000,0.000000000,0.000000000
1475,0.737500000,0.000000000,100.000000000,66.080028967,33.865555503,100.000000000,0.000000000,100.000000000,99.911442334,-1.000000000,0.000000000,0.000000000
1476,0.738000000,0.000000000,100.000000000,66.130028967,33.815555503,100.000000000,0.000000000,100.000000000,99.911442334,-1.000000000,0.000000000,0.000000000
1477,0.738500000,0.000000000,100.000000000,66.180028967,33.765555503,100.000000000,0.000000000,100.000000000,99.911442334,-1.000000000,0.000000000,0.000000000
1478,0.739000000,0.000000000,100.000000000,66.230028967,33.715555503,100.000000000,0.000000000,100.000000000,99.911442334,-1.000000000,0.000000000,0.000000000
1479,0.739500000,0.000000000,100.000000000,66.280028967,33.665555503,100.000000000,0.000000000,100.000000000,99.911442334,-1.000000000,0.000000000,0.000000000
1480,0.740000000,0.000000000,100.000000000,66.330028967,33.615555503,100.000000000,0.000000000,100.000000000,99.911442334,-1.000000000,0.000000000,0.000000000
1481,0.740500000,0.000000000,100.000000000,66.380028967,33.565555503,100.000000000,0.000000000,100.000000000,99.911442334,-1.000000000,0.000000000,0.000000000
1482,0.741000000,0.000000000,100.000000000,66.430028967,33.515555503,100.000000000,0.000000000,100.000000000,99.911442334,-1.000000000,0.000000000,0.000000000
1483,0.741500000,0.000000000,100.000000000,66.480028967,33.465555503,100.000000000,0.000000000,100.000000000,99.911442334,-1.000000000,0.000000000,0.000000000
1484,0.742000000,0.000000000,100.000000000,66.530028967,33.415555503,100.000000000,0.000000000,100.000000000,99.911442334,-1.000000000,0.000000000,0.000000000
1485,0.742500000,0.000000000,100.000000000,66.580028967,33.365555503,100.000000000,0.000000000,100.000000000,99.911442334,-1.000000000,0.000000000,0.000000000
1486,0.743000000,0.000000000,100.000000000,66.630028967,33.315555503,100.000000000,0.000000000,100.000000000,99.911442334,-1.000000000,0.000000000,0.000000000
1487,0.743500000,0.000000000,100.000000000,66.680028967,33.265555503,100.000000000,0.000000000,100.000000000,99.911442334,-1.000000000,0.000000000,0.000000000
1488,0.744000000,0.000000000,100.000000000,66.730028967,33.215555503,100.000000000,0.000000000,100.000000000,99.911442334,-1.000000000,0.000000000,0.000000000
1489,0.744500000,0.000000000,100.000000000,66.780028967,33.165555503,100.000000000,0.000000000,100.000000000,99.911442334,-1.000000000,0.000000000,0.000000000
1490,0.745000000,0.000000000,100.000000000,66.830028967,33.115555503,100.000000000,0.000000000,100.000000000,99.911442334,-1.000000000,0.000000000,0.000000000
1491,0.745500000,0.000000000,100.000000000,66.880028967,33.065555503,100.000000000,0.000000000,100.000000000,99.911442334,-1.000000000,0.000000000,0.000000000
1492,0.746000000,0.000000000,100.000000000,66.930028967,33.015555503,100.000000000,0.000000000,100.000000000,99.911442334,-1.000000000,0.000000000,0.000000000
1493,0.746500000,0.000000000,100.000000000,66.980028967,32.965555503,100.000000000,0.000000000,100.000000000,99.911442334,-1.000000000,0.000000000,0.000000000
1494,0.747000000,0.000000000,100.000000000,67.030028967,32.915555503,100.000000000,0.000000000,100.000000000,99.911442334,-1.000000000,0.000000000,0.000000000
1495,0.747500000,0.000000000,100.000000000,67.080028967,32.865555503,100.000000000,0.000000000,100.000000000,99.911442334,-1.000000000,0.000000000,0.000000000
1496,0.748000000,0.000000000,100.000000000,67.130028967,32.815555503,100.000000000,0.000000000,100.000000000,99.911442334,-1.000000000,0.000000000,0.000000000
1497,0.748500000,0.000000000,100.000000000,67.180028967,32.765555503,100.000000000,0.000000000,100.000000000,99.911442334,-1.000000000,0.000000000,0.000000000
1498,0.749000000,0.000000000,100.000000000,67.230028967,32.715555503,100.000000000,0.000000000,100.000000000,99.911442334,-1.000000000,0.000000000,0.000000000
1499,0.749500000,0.000000000,100.000000000,67.280028967,32.665555503,100.000000000,0.000000000,100.000000000,99.911442334,-1.000000000,0.000000000,0.000000000
1500,0.750000000,0.000000000,100.000000000,67.330028967,32.615555503,100.000000000,0.000000000,100.000000000,99.911442334,-1.000000000,0.000000000,0.000000000
1501,0.750500000,0.000000000,100.000000000,67.380028967,32.565555503,100.000000000,0.000000000,100.000000000,99.911442334,-1.000000000,0.000000000,0.000000000
1502,0.751000000,0.000000000,100.000000000,67.430028967,32.515555503,100.000000000,0.000000000,100.000000000,99.911442334,-1.000000000,0.000000000,0.000000000
1503,0.751500000,0.000000000,100.000000000,67.480028967,32.465555503,100.000000000,0.000000000,100.000000000,99.911442334,-1.000000000,0.000000000,0.000000000
1504,0.752000000,0.000000000,100.000000000,67.530028967,32.415555503,100.000000000,0.000000000,100.000000000,99.911442334,-1.000000000,0.000000000,0.000000000
1505,0.752500000,0.000000000,100.000000000,67.580028967,32.365555503,100.000000000,0.000000000,100.000000000,99.911442334,-1.000000000,0.000000000,0.000000000
1506,0.753000000,0.000000000,100.000000000,67.630028967,32.315555503,100.000000000,0.000000000,100.000000000,99.911442334,-1.000000000,0.000000000,0.000000000
1507,0.753500000,0.000000000,100.000000000,67.680028967,32.265555503,100.000000000,0.000000000,100.000000000,99.911442334,-1.000000000,0.000000000,0.000000000
1508,0.754000000,0.000000000,100.000000000,67.730028967,32.215555503,100.000000000,0.000000000,100.000000000,99.911442334,-1.000000000,0.000000000,0.000000000
1509,0.754500000,0.000000000,100.000000000,67.780028967,32.165555503,100.000000000,0.000000000,100.000000000,99.911442334,-1.000000000,0.000000000,0.000000000
1510,0.755000000,0.000000000,100.000000000,67.830028967,32.115555503,100.000000000,0.000000000,100.000000000,99.911442334,-1.000000000,0.000000000,0.000000000
1511,0.755500000,0.000000000,100.000000000,67.880028967,32.065555503,100.000000000,0.000000000,100.000000000,99.911442334,-1.000000000,0.000000000,0.000000000
1512,0.756000000,0.000000000,100.000000000,67.930028967,32.015555503,100.000000000,0.000000000,100.000000000,99.911442334,-1.000000000,0.000000000,0.000000000
1513,0.756500000,0.000000000,100.000000000,67.980028967,31.965555503,100.000000000,0.000000000,100.000000000,99.911442334,-1.000000000,0.000000000,0.000000000
1514,0.757000000,0.000000000,100.000000000,68.030028967,31.915555503,100.000000000,0.000000000,100.000000000,99.911442334,-1.000000000,0.000000000,0.000000000
1515,0.757500000,0.000000000,100.000000000,68.080028967,31.865555503,100.000000000,0.000000000,100.000000000,99.911442334,-1.000000000,0.000000000,0.000000000
1516,0.758000000,0.000000000,100.000000000,68.130028967,31.815555503,100.000000000,0.000000000,100.000000000,99.911442334,-1.000000000,0.000000000,0.000000000
1517,0.758500000,0.000000000,100.000000000,68.180028967,31.765555503,100.000000000,0.000000000,100.000000000,99.911442334,-1.000000000,0.000000000,0.000000000
1518,0.759000000,0.000000000,100.000000000,68.230028967,31.715555503,100.000000000,0.000000000,100.000000000,99.911442334,-1.000000000,0.000000000,0.000000000
1519,0.759500000,0.000000000,100.000000000,68.280028967,31.665555503,100.000000000,0.000000000,100.000000000,99.911442334,-1.000000000,0.000000000,0.000000000
1520,0.760000000,0.000000000,100.000000000,68.330028967,31.615555503,100.000000000,0.000000000,100.000000000,99.911442334,-1.000000000,0.000000000,0.000000000
1521,0.760500000,0.000000000,100.000000000,68.380028967,31.565555503,100.000000000,0.000000000,100.000000000,99.911442334,-1.000000000,0.000000000,0.000000000
1522,0.761000000,0.000000000,100.000000000,68.430028967,31.515555503,100.000000000,0.000000000,100.000000000,99.911442334,-1.000000000,0.000000000,0.000000000
1523,0.761500000,0.000000000,100.000000000,68.480028967,31.465555503,100.000000000,0.000000000,100.000000000,99.911442334,-1.000000000,0.000000000,0.000000000
1524,0.762000000,0.000000000,100.000000000,68.530028967,31.415555503,100.000000000,0.000000000,100.000000000,99.911442334,-1.000000000,0.000000000,0.000000000
1525,0.762500000,0.000000000,100.000000000,68.580028967,31.365555503,100.000000000,0.000000000,100.000000000,99.911442334,-1.000000000,0.000000000,0.000000000
1526,0.763000000,0.000000000,100.000000000,68.630028967,31.315555503,100.000000000,0.000000000,100.000000000,99.911442334,-1.000000000,0.000000000,0.000000000
1527,0.763500000,0.000000000,100.000000000,68.680028967,31.265555503,100.000000000,0.000000000,100.000000000,99.911442334,-1.000000000,0.000000000,0.000000000
1528,0.764000000,0.000000000,100.000000000,68.730028967,31.215555503,100.000000000,0.000000000,100.000000000,99.911442334,-1.000000000,0.000000000,0.000000000
1529,0.764500000,0.000000000,100.000000000,68.780028967,31.165555503,100.000000000,0.000000000,100.000000000,99.911442334,-1.000000000,0.000000000,0.000000000
1530,0.765000000,0.000000000,100.000000000,68.830028967,31.115555503,100.000000000,0.000000000,100.000000000,99.911442334,-1.000000000,0.000000000,0.000000000
1531,0.765500000,0.000000000,100.000000000,68.880028967,31.065555503,100.000000000,0.000000000,100.000000000,99.911442334,-1.000000000,0.000000000,0.000000000
1532,0.766000000,0.000000000,100.000000000,68.930028967,31.015555503,100.000000000,0.000000000,100.000000000,99.911442334,-1.000000000,0.000000000,0.000000000
1533,0.766500000,0.000000000,100.000000000,68.980028967,30.965555503,100.000000000,0.000000000,100.000000000,99.911442334,-1.000000000,0.000000000,0.000000000
1534,0.767000000,0.000000000,100.000000000,69.030028967,30.915555503,100.000000000,0.000000000,100.000000000,99.911442334,-1.000000000,0.000000000,0.000000000
1535,0.767500000,0.000000000,100.000000000,69.080028967,30.865555503,100.000000000,0.000000000,100.000000000,99.911442334,-1.000000000,0.000000000,0.000000000
1536,0.768000000,0.000000000,100.000000000,69.130028967,30.815555503,100.000000000,0.000000000,100.000000000,99.911442334,-1.000000000,0.000000000,0.000000000
1537,0.768500000,0.000000000,100.000000000,69.180028967,30.765555503,100.000000000,0.000000000,100.000000000,99.911442334,-1.000000000,0.000000000,0.000000000
1538,0.769000000,0.000000000,100.000000000,69.230028967,30.715555503,100.000000000,0.000000000,100.000000000,99.911442334,-1.000000000,0.000000000,0.000000000
1539,0.769500000,0.000000000,100.000000000,69.280028967,30.665555503,100.000000000,0.000000000,100.000000000,99.911442334,-1.000000000,0.000000000,0.000000000
1540,0.770000000,0.000000000,100.000000000,69.330028967,30.615555503,100.000000000,0.000000000,100.000000000,99.911442334,-1.000000000,0.000000000,0.000000000
1541,0.770500000,0.000000000,100.000000000,69.380028967,30.565555503,100.000000000,0.000000000,100.000000000,99.911442334,-1.000000000,0.000000000,0.000000000
1542,0.771000000,0.000000000,100.000000000,69.430028967,30.515555503,100.000000000,0.000000000,100.000000000,99.911442334,-1.000000000,0.000000000,0.000000000
1543,0.771500000,0.000000000,100.000000000,69.480028967,30.465555503,100.000000000,0.000000000,100.000000000,99.911442334,-1.000000000,0.000000000,0.000000000
1544,0.772000000,0.000000000,100.000000000,69.530028967,30.415555503,100.000000000,0.000000000,100.000000000,99.911442334,-1.000000000,0.000000000,0.000000000
1545,0.772500000,0.000000000,100.000000000,69.580028967,30.365555503,100.000000000,0.000000000,100.000000000,99.911442334,-1.000000000,0.000000000,0.000000000
1546,0.773000000,0.000000000,100.000000000,69.630028967,30.315555503,100.000000000,0.000000000,100.000000000,99.911442334,-1.000000000,0.000000000,0.000000000
1547,0.773500000,0.000000000,100.000000000,69.680028967,30.265555503,100.000000000,0.000000000,100.000000000,99.911442334,-1.000000000,0.000000000,0.000000000
1548,0.774000000,0.000000000,100.000000000,69.730028967,30.215555503,100.000000000,0.000000000,100.000000000,99.911442334,-1.000000000,0.000000000,0.000000000
1549,0.774500000,0.000000000,100.000000000,69.780028967,30.165555503,100.000000000,0.000000000,100.000000000,99.911442334,-1.000000000,0.000000000,0.000000000
1550,0.775000000,0.000000000,100.000000000,69.830028967,30.115555503,100.000000000,0.000000000,100.000000000,99.911442334,-1.000000000,0.000000000,0.000000000
1551,0.775500000,0.000000000,100.000000000,69.880028967,30.065555503,100.000000000,0.000000000,100.000000000,99.911442334,-1.000000000,0.000000000,0.000000000
1552,0.776000000,0.000000000,100.000000000,69.930028967,30.015555503,100.000000000,0.000000000,100.000000000,99.911442334,-1.000000000,0.000000000,0.000000000
1553,0.776500000,0.000000000,100.000000000,69.980028967,29.965555503,100.000000000,0.000000000,100.000000000,99.911442334,-1.000000000,0.000000000,0.000000000
1554,0.777000000,0.000000000,100.000000000,70.030028967,29.915555503,100.000000000,0.000000000,100.000000000,99.911442334,-1.000000000,0.000000000,0.000000000
1555,0.777500000,0.000000000,100.000000000,70.080028967,29.865555503,100.000000000,0.000000000,100.000000000,99.911442334,-1.000000000,0.000000000,0.000000000
1556,0.778000000,0.000000000,100.000000000,70.130028967,29.815555503,100.000000000,0.000000000,100.000000000,99.911442334,-1.000000000,0.000000000,0.000000000
1557,0.778500000,0.000000000,100.000000000,70.180028967,29.765555503,100.000000000,0.000000000,100.000000000,99.911442334,-1.000000000,0.000000000,0.000000000
1558,0.779000000,0.000000000,100.000000000,70.230028967,29.715555503,100.000000000,0.000000000,100.000000000,99.911442334,-1.000000000,0.000000000,0.000000000
1559,0.779500000,0.000000000,100.000000000,70.280028967,29.665555503,100.000000000,0.000000000,100.000000000,99.911442334,-1.000000000,0.000000000,0.000000000
1560,0.780000000,0.000000000,100.000000000,70.330028967,29.615555503,100.000000000,0.000000000,100.000000000,99.911442334,-1.000000000,0.000000000,0.000000000
1561,0.780500000,0.000000000,100.000000000,70.380028967,29.565555503,100.000000000,0.000000000,100.000000000,99.911442334,-1.000000000,0.000000000,0.000000000
1562,0.781000000,0.000000000,100.000000000,70.430028967,29.515555503,100.000000000,0.000000000,100.000000000,99.911442334,-1.000000000,0.000000000,0.000000000
1563,0.781500000,0.000000000,100.000000000,70.480028967,29.465555503,100.000000000,0.000000000,100.000000000,99.911442334,-1.000000000,0.000000000,0.000000000
1564,0.782000000,0.000000000,100.000000000,70.530028967,29.415555503,100.000000000,0.000000000,100.000000000,99.911442334,-1.000000000,0.000000000,0.000000000
1565,0.782500000,0.000000000,100.000000000,70.580028967,29.365555503,100.000000000,0.000000000,100.000000000,99.911442334,-1.000000000,0.000000000,0.000000000
1566,0.783000000,0.000000000,100.000000000,70.630028967,29.315555503,100.000000000,0.000000000,100.000000000,99.911442334,-1.000000000,0.000000000,0.000000000
1567,0.783500000,0.000000000,100.000000000,70.680028967,29.265555503,100.000000000,0.000000000,100.000000000,99.911442334,-1.000000000,0.000000000,0.000000000
1568,0.784000000,0.000000000,100.000000000,70.730028967,29.215555503,100.000000000,0.000000000,100.000000000,99.911442334,-1.000000000,0.000000000,0.000000000
1569,0.784500000,0.000000000,100.000000000,70.780028967,29.165555503,100.000000000,0.000000000,100.000000000,99.911442334,-1.000000000,0.000000000,0.000000000
1570,0.785000000,0.000000000,100.000000000,70.830028967,29.115555503,100.000000000,0.000000000,100.000000000,99.911442334,-1.000000000,0.000000000,0.000000000
1571,0.785500000,0.000000000,100.000000000,70.880028967,29.065555503,100.000000000,0.000000000,100.000000000,99.911442334,-1.000000000,0.000000000,0.000000000
1572,0.786000000,0.000000000,100.000000000,70.930028967,29.015555503,100.000000000,0.000000000,100.000000000,99.911442334,-1.000000000,0.000000000,0.000000000
1573,0.786500000,0.000000000,100.000000000,70.980028967,28.965555503,100.000000000,0.000000000,100.000000000,99.911442334,-1.000000000,0.000000000,0.000000000
1574,0.787000000,0.000000000,100.000000000,71.030028967,28.915555503,100.000000000,0.000000000,100.000000000,99.911442334,-1.000000000,0.000000000,0.000000000
1575,0.787500000,0.000000000,100.000000000,71.080028967,28.865555503,100.000000000,0.000000000,100.000000000,99.911442334,-1.000000000,0.000000000,0.000000000
1576,0.788000000,0.000000000,100.000000000,71.130028967,28.815555503,100.000000000,0.000000000,100.000000000,99.911442334,-1.000000000,0.000000000,0.000000000
1577,0.788500000,0.000000000,100.000000000,71.180028967,28.765555503,100.000000000,0.000000000,100.000000000,99.911442334,-1.000000000,0.000000000,0.000000000
1578,0.789000000,0.000000000,100.000000000,71.230028967,28.715555503,100.000000000,0.000000000,100.000000000,99.911442334,-1.000000000,0.000000000,0.000000000
1579,0.789500000,0.000000000,100.000000000,71.280028967,28.665555503,100.000000000,0.000000000,100.000000000,99.911442334,-1.000000000,0.000000000,0.000000000
1580,0.790000000,0.000000000,100.000000000,71.330028967,28.615555503,100.000000000,0.000000000,100.000000000,99.911442334,-1.000000000,0.000000000,0.000000000
1581,0.790500000,0.000000000,100.000000000,71.380028967,28.565555503,100.000000000,0.000000000,100.000000000,99.911442334,-1.000000000,0.000000000,0.000000000
1582,0.791000000,0.000000000,100.000000000,71.430028967,28.515555503,100.000000000,0.000000000,100.000000000,99.911442334,-1.000000000,0.000000000,0.000000000
1583,0.791500000,0.000000000,100.000000000,71.480028967,28.465555503,100.000000000,0.000000000,100.000000000,99.911442334,-1.000000000,0.000000000,0.000000000
1584,0.792000000,0.000000000,100.000000000,71.530028967,28.415555503,100.000000000,0.000000000,100.000000000,99.911442334,-1.000000000,0.000000000,0.000000000
1585,0.792500000,0.000000000,100.000000000,71.580028967,28.365555503,100.000000000,0.000000000,100.000000000,99.911442334,-1.000000000,0.000000000,0.000000000
1586,0.793000000,0.000000000,100.000000000,71.630028967,28.315555503,100.000000000,0.000000000,100.000000000,99.911442334,-1.000000000,0.000000000,0.000000000
1587,0.793500000,0.000000000,100.000000000,71.680028967,28.265555503,100.000000000,0.000000000,100.000000000,99.911442334,-1.000000000,0.000000000,0.000000000
1588,0.794000000,0.000000000,100.000000000,71.730028967,28.215555503,100.000000000,0.000000000,100.000000000,99.911442334,-1.000000000,0.000000000,0.000000000
1589,0.794500000,0.000000000,100.000000000,71.780028967,28.165555503,100.000000000,0.000000000,100.000000000,99.911442334,-1.000000000,0.000000000,0.000000000
1590,0.795000000,0.000000000,100.000000000,71.830028967,28.115555503,100.000000000,0.000000000,100.000000000,99.911442334,-1.000000000,0.000000000,0.000000000
1591,0.795500000,0.000000000,100.000000000,71.880028967,28.065555503,100.000000000,0.000000000,100.000000000,99.911442334,-1.000000000,0.000000000,0.000000000
1592,0.796000000,0.000000000,100.000000000,71.930028967,28.015555503,100.000000000,0.000000000,100.000000000,99.911442334,-1.000000000,0.000000000,0.000000000
1593,0.796500000,0.000000000,100.000000000,71.980028967,27.965555503,100.000000000,0.000000000,100.000000000,99.911442334,-1.000000000,0.000000000,0.000000000
1594,0.797000000,0.000000000,100.000000000,72.030028967,27.915555503,100.000000000,0.000000000,100.000000000,99.911442334,-1.000000000,0.000000000,0.000000000
1595,0.797500000,0.000000000,100.000000000,72.080028967,27.865555503,100.000000000,0.000000000,100.000000000,99.911442334,-1.000000000,0.000000000,0.000000000
1596,0.798000000,0.000000000,100.000000000,72.130028967,27.815555503,100.000000000,0.000000000,100.000000000,99.911442334,-1.000000000,0.000000000,0.000000000
1597,0.798500000,0.000000000,100.000000000,72.180028967,27.765555503,100.000000000,0.000000000,100.000000000,99.911442334,-1.000000000,0.000000000,0.000000000
1598,0.799000000,0.000000000,100.000000000,72.230028967,27.715555503,100.000000000,0.000000000,100.000000000,99.911442334,-1.000000000,0.000000000,0.000000000
1599,0.799500000,0.000000000,100.000000000,72.280028967,27.665555503,100.000000000,0.000000000,100.000000000,99.911442334,-1.000000000,0.000000000,0.000000000
1600,0.800000000,0.000000000,100.000000000,72.330028967,27.615555503,100.000000000,0.000000000,100.000000000,99.911442334,-1.000000000,0.000000000,0.000000000
1601,0.800500000,0.000000000,100.000000000,72.380028967,27.565555503,100.000000000,0.000000000,100.000000000,99.911442334,-1.000000000,0.000000000,0.000000000
1602,0.801000000,0.000000000,100.000000000,72.430028967,27.515555503,100.000000000,0.000000000,100.000000000,99.911442334,-1.000000000,0.000000000,0.000000000
1603,0.801500000,0.000000000,100.000000000,72.480028967,27.465555503,100.000000000,0.000000000,100.000000000,99.911442334,-1.000000000,0.000000000,0.000000000
1604,0.802000000,0.000000000,100.000000000,72.530028967,27.415555503,100.000000000,0.000000000,100.000000000,99.911442334,-1.000000000,0.000000000,0.000000000
1605,0.802500000,0.000000000,100.000000000,72.580028967,27.365555503,100.000000000,0.000000000,100.000000000,99.911442334,-1.000000000,0.000000000,0.000000000
1606,0.803000000,0.000000000,100.000000000,72.630028967,27.315555503,100.000000000,0.000000000,100.000000000,99.911442334,-1.000000000,0.000000000,0.000000000
1607,0.803500000,0.000000000,100.000000000,72.680028967,27.265555503,100.000000000,0.000000000,100.000000000,99.911442334,-1.000000000,0.000000000,0.000000000
1608,0.804000000,0.000000000,100.000000000,72.730028967,27.215555503,100.000000000,0.000000000,100.000000000,99.911442334,-1.000000000,0.000000000,0.000000000
1609,0.804500000,0.000000000,100.000000000,72.780028967,27.165555503,100.000000000,0.000000000,100.000000000,99.911442334,-1.000000000,0.000000000,0.000000000
1610,0.805000000,0.000000000,100.000000000,72.830028967,27.115555503,100.000000000,0.000000000,100.000000000,99.911442334,-1.000000000,0.000000000,0.000000000
1611,0.805500000,0.000000000,100.000000000,72.880028967,27.065555503,100.000000000,0.000000000,100.000000000,99.911442334,-1.000000000,0.000000000,0.000000000
1612,0.806000000,0.000000000,100.000000000,72.930028967,27.015555503,100.000000000,0.000000000,100.000000000,99.911442334,-1.000000000,0.000000000,0.000000000
1613,0.806500000,0.000000000,100.000000000,72.980028967,26.965555503,100.000000000,0.000000000,100.000000000,99.911442334,-1.000000000,0.000000000,0.000000000
1614,0.807000000,0.000000000,100.000000000,73.030028967,26.915555503,100.000000000,0.000000000,100.000000000,99.911442334,-1.000000000,0.000000000,0.000000000
1615,0.807500000,0.000000000,100.000000000,73.080028967,26.865555503,100.000000000,0.000000000,100.000000000,99.911442334,-1.000000000,0.000000000,0.000000000
1616,0.808000000,0.000000000,100.000000000,73.130028967,26.815555503,100.000000000,0.000000000,100.000000000,99.911442334,-1.000000000,0.000000000,0.000000000
1617,0.808500000,0.000000000,100.000000000,73.180028967,26.765555503,100.000000000,0.000000000,100.000000000,99.911442334,-1.000000000,0.000000000,0.000000000
1618,0.809000000,0.000000000,100.000000000,73.230028967,26.715555503,100.000000000,0.000000000,100.000000000,99.911442334,-1.000000000,0.000000000,0.000000000
1619,0.809500000,0.000000000,100.000000000,73.280028967,26.665555503,100.000000000,0.000000000,100.000000000,99.911442334,-1.000000000,0.000000000,0.000000000
1620,0.810000000,0.000000000,100.000000000,73.330028967,26.615555503,100.000000000,0.000000000,100.000000000,99.911442334,-1.000000000,0.000000000,0.000000000
1621,0.810500000,0.000000000,100.000000000,73.380028967,26.565555503,100.000000000,0.000000000,100.000000000,99.911442334,-1.000000000,0.000000000,0.000000000
1622,0.811000000,0.000000000,100.000000000,73.430028967,26.515555503,100.000000000,0.000000000,100.000000000,99.911442334,-1.000000000,0.000000000,0.000000000
1623,0.811500000,0.000000000,100.000000000,73.480028967,26.465555503,100.000000000,0.000000000,100.000000000,99.911442334,-1.000000000,0.000000000,0.000000000
1624,0.812000000,0.000000000,100.000000000,73.530028967,26.415555503,100.000000000,0.000000000,100.000000000,99.911442334,-1.000000000,0.000000000,0.000000000
1625,0.812500000,0.000000000,100.000000000,73.580028967,26.365555503,100.000000000,0.000000000,100.000000000,99.911442334,-1.000000000,0.000000000,0.000000000
1626,0.813000000,0.000000000,100.000000000,73.630028967,26.315555503,100.000000000,0.000000000,100.000000000,99.911442334,-1.000000000,0.000000000,0.000000000
1627,0.813500000,0.000000000,100.000000000,73.680028967,26.265555503,100.000000000,0.000000000,100.000000000,99.911442334,-1.000000000,0.000000000,0.000000000
1628,0.814000000,0.000000000,100.000000000,73.730028967,26.215555503,100.000000000,0.000000000,100.000000000,99.911442334,-1.000000000,0.000000000,0.000000000
1629,0.814500000,0.000000000,100.000000000,73.780028967,26.165555503,100.000000000,0.000000000,100.000000000,99.911442334,-1.000000000,0.000000000,0.000000000
1630,0.815000000,0.000000000,100.000000000,73.830028967,26.115555503,100.000000000,0.000000000,100.000000000,99.911442334,-1.000000000,0.000000000,0.000000000
1631,0.815500000,0.000000000,100.000000000,73.880028967,26.065555503,100.000000000,0.000000000,100.000000000,99.911442334,-1.000000000,0.000000000,0.000000000
1632,0.816000000,0.000000000,100.000000000,73.930028967,26.015555503,100.000000000,0.000000000,100.000000000,99.911442334,-1.000000000,0.000000000,0.000000000
1633,0.816500000,0.000000000,100.000000000,73.980028967,25.965555503,100.000000000,0.000000000,100.000000000,99.911442334,-1.000000000,0.000000000,0.000000000
1634,0.817000000,0.000000000,100.000000000,74.030028967,25.915555503,100.000000000,0.000000000,100.000000000,99.911442334,-1.000000000,0.000000000,0.000000000
1635,0.817500000,0.000000000,100.000000000,74.080028967,25.865555503,100.000000000,0.000000000,100.000000000,99.911442334,-1.000000000,0.000000000,0.000000000
1636,0.818000000,0.000000000,100.000000000,74.130028967,25.815555503,100.000000000,0.000000000,100.000000000,99.911442334,-1.000000000,0.000000000,0.000000000
1637,0.818500000,0.000000000,100.000000000,74.180028967,25.765555503,100.000000000,0.000000000,100.000000000,99.911442334,-1.000000000,0.000000000,0.000000000
1638,0.819000000,0.000000000,100.000000000,74.230028967,25.715555503,100.000000000,0.000000000,100.000000000,99.911442334,-1.000000000,0.000000000,0.000000000
1639,0.819500000,0.000000000,100.000000000,74.280028967,25.665555503,100.000000000,0.000000000,100.000000000,99.911442334,-1.000000000,0.000000000,0.000000000
1640,0.820000000,0.000000000,100.000000000,74.330028967,25.615555503,100.000000000,0.000000000,100.000000000,99.911442334,-1.000000000,0.000000000,0.000000000
1641,0.820500000,0.000000000,100.000000000,74.380028967,25.565555503,100.000000000,0.000000000,100.000000000,99.911442334,-1.000000000,0.000000000,0.000000000
1642,0.821000000,0.000000000,100.000000000,74.430028967,25.515555503,100.000000000,0.000000000,100.000000000,99.911442334,-1.000000000,0.000000000,0.000000000
1643,0.821500000,0.000000000,100.000000000,74.480028967,25.465555503,100.000000000,0.000000000,100.000000000,99.911442334,-1.000000000,0.000000000,0.000000000
1644,0.822000000,0.000000000,100.000000000,74.530028967,25.415555503,100.000000000,0.000000000,100.000000000,99.911442334,-1.000000000,0.000000000,0.000000000
1645,0.822500000,0.000000000,100.000000000,74.580028967,25.365555503,100.000000000,0.000000000,100.000000000,99.911442334,-1.000000000,0.000000000,0.000000000
1646,0.823000000,0.000000000,100.000000000,74.630028967,25.315555503,100.000000000,0.000000000,100.000000000,99.911442334,-1.000000000,0.000000000,0.000000000
1647,0.823500000,0.000000000,100.000000000,74.680028967,25.265555503,100.000000000,0.000000000,100.000000000,99.911442334,-1.000000000,0.000000000,0.000000000
1648,0.824000000,0.000000000,100.000000000,74.730028967,25.215555503,100.000000000,0.000000000,100.000000000,99.911442334,-1.000000000,0.000000000,0.000000000
1649,0.824500000,0.000000000,100.000000000,74.780028967,25.165555503,100.000000000,0.000000000,100.000000000,99.911442334,-1.000000000,0.000000000,0.000000000
1650,0.825000000,0.000000000,100.000000000,74.830028967,25.115555503,100.000000000,0.000000000,100.000000000,99.911442334,-1.000000000,0.000000000,0.000000000
1651,0.825500000,0.000000000,100.000000000,74.880028967,25.065555503,100.000000000,0.000000000,100.000000000,99.911442334,-1.000000000,0.000000000,0.000000000
1652,0.826000000,0.000000000,100.000000000,74.930028967,25.015555503,100.000000000,0.000000000,100.000000000,99.911442334,-1.000000000,0.000000000,0.000000000
1653,0.826500000,0.000000000,100.000000000,74.980028967,24.965555503,100.000000000,0.000000000,100.000000000,99.911442334,-1.000000000,0.000000000,0.000000000
1654,0.827000000,0.000000000,100.000000000,75.030028967,24.915555503,100.000000000,0.000000000,100.000000000,99.911442334,-1.000000000,0.000000000,0.000000000
1655,0.827500000,0.000000000,100.000000000,75.080028967,24.865555503,100.000000000,0.000000000,100.000000000,99.911442334,-1.000000000,0.000000000,0.000000000
1656,0.828000000,0.000000000,100.000000000,75.130028967,24.815555503,100.000000000,0.000000000,100.000000000,99.911442334,-1.000000000,0.000000000,0.000000000
1657,0.828500000,0.000000000,100.000000000,75.180028967,24.765555503,100.000000000,0.000000000,100.000000000,99.911442334,-1.000000000,0.000000000,0.000000000
1658,0.829000000,0.000000000,100.000000000,75.230028967,24.715555503,100.000000000,0.000000000,100.000000000,99.911442334,-1.000000000,0.000000000,0.000000000
1659,0.829500000,0.000000000,100.000000000,75.280028967,24.665555503,100.000000000,0.000000000,100.000000000,99.911442334,-1.000000000,0.000000000,0.000000000
1660,0.830000000,0.000000000,100.000000000,75.330028967,24.615555503,100.000000000,0.000000000,100.000000000,99.911442334,-1.000000000,0.000000000,0.000000000
1661,0.830500000,0.000000000,100.000000000,75.380028967,24.565555503,100.000000000,0.000000000,100.000000000,99.911442334,-1.000000000,0.000000000,0.000000000
1662,0.831000000,0.000000000,100.000000000,75.430028967,24.515555503,100.000000000,0.000000000,100.000000000,99.911442334,-1.000000000,0.000000000,0.000000000
1663,0.831500000,0.000000000,100.000000000,75.480028967,24.465555503,100.000000000,0.000000000,100.000000000,99.911442334,-1.000000000,0.000000000,0.000000000
1664,0.832000000,0.000000000,100.000000000,75.530028967,24.415555503,100.000000000,0.000000000,100.000000000,99.911442334,-1.000000000,0.000000000,0.000000000
1665,0.832500000,0.000000000,100.000000000,75.580028967,24.365555503,100.000000000,0.000000000,100.000000000,99.911442334,-1.000000000,0.000000000,0.000000000
1666,0.833000000,0.000000000,100.000000000,75.630028967,24.315555503,100.000000000,0.000000000,100.000000000,99.911442334,-1.000000000,0.000000000,0.000000000
1667,0.833500000,0.000000000,100.000000000,75.680028967,24.265555503,100.000000000,0.000000000,100.000000000,99.911442334,-1.000000000,0.000000000,0.000000000
1668,0.834000000,0.000000000,100.000000000,75.730028967,24.215555503,100.000000000,0.000000000,100.000000000,99.911442334,-1.000000000,0.000000000,0.000000000
1669,0.834500000,0.000000000,100.000000000,75.780028967,24.165555503,100.000000000,0.000000000,100.000000000,99.911442334,-1.000000000,0.000000000,0.000000000
1670,0.835000000,0.000000000,100.000000000,75.830028967,24.115555503,100.000000000,0.000000000,100.000000000,99.911442334,-1.000000000,0.000000000,0.000000000
1671,0.835500000,0.000000000,100.000000000,75.880028967,24.065555503,100.000000000,0.000000000,100.000000000,99.911442334,-1.000000000,0.000000000,0.000000000
1672,0.836000000,0.000000000,100.000000000,75.930028967,24.015555503,100.000000000,0.000000000,100.000000000,99.911442334,-1.000000000,0.000000000,0.000000000
1673,0.836500000,0.000000000,100.000000000,75.980028967,23.965555503,100.000000000,0.000000000,100.000000000,99.911442334,-1.000000000,0.000000000,0.000000000
1674,0.837000000,0.000000000,100.000000000,76.030028967,23.915555503,100.000000000,0.000000000,100.000000000,99.911442334,-1.000000000,0.000000000,0.000000000
1675,0.837500000,0.000000000,100.000000000,76.080028967,23.865555503,100.000000000,0.000000000,100.000000000,99.911442334,-1.000000000,0.000000000,0.000000000
1676,0.838000000,0.000000000,100.000000000,76.130028967,23.815555503,100.000000000,0.000000000,100.000000000,99.911442334,-1.000000000,0.000000000,0.000000000
1677,0.838500000,0.000000000,100.000000000,76.180028967,23.765555503,100.000000000,0.000000000,100.000000000,99.911442334,-1.000000000,0.000000000,0.000000000
1678,0.839000000,0.000000000,100.000000000,76.230028967,23.715555503,100.000000000,0.000000000,100.000000000,99.911442334,-1.000000000,0.000000000,0.000000000
1679,0.839500000,0.000000000,100.000000000,76.280028967,23.665555503,100.000000000,0.000000000,100.000000000,99.911442334,-1.000000000,0.000000000,0.000000000
1680,0.840000000,0.000000000,100.000000000,76.330028967,23.615555503,100.000000000,0.000000000,100.000000000,99.911442334,-1.000000000,0.000000000,0.000000000
1681,0.840500000,0.000000000,100.000000000,76.380028967,23.565555503,100.000000000,0.000000000,100.000000000,99.911442334,-1.000000000,0.000000000,0.000000000
1682,0.841000000,0.000000000,100.000000000,76.430028967,23.515555503,100.000000000,0.000000000,100.000000000,99.911442334,-1.000000000,0.000000000,0.000000000
1683,0.841500000,0.000000000,100.000000000,76.480028967,23.465555503,100.000000000,0.000000000,100.000000000,99.911442334,-1.000000000,0.000000000,0.000000000
1684,0.842000000,0.000000000,100.000000000,76.530028967,23.415555503,100.000000000,0.000000000,100.000000000,99.911442334,-1.000000000,0.000000000,0.000000000
1685,0.842500000,0.000000000,100.000000000,76.580028967,23.365555503,100.000000000,0.000000000,100.000000000,99.911442334,-1.000000000,0.000000000,0.000000000
1686,0.843000000,0.000000000,100.000000000,76.630028967,23.315555503,100.000000000,0.000000000,100.000000000,99.911442334,-1.000000000,0.000000000,0.000000000
1687,0.843500000,0.000000000,100.000000000,76.680028967,23.265555503,100.000000000,0.000000000,100.000000000,99.911442334,-1.000000000,0.000000000,0.000000000
1688,0.844000000,0.000000000,100.000000000,76.730028967,23.215555503,100.000000000,0.000000000,100.000000000,99.911442334,-1.000000000,0.000000000,0.000000000
1689,0.844500000,0.000000000,100.000000000,76.780028967,23.165555503,100.000000000,0.000000000,100.000000000,99.911442334,-1.000000000,0.000000000,0.000000000
1690,0.845000000,0.000000000,100.000000000,76.830028967,23.115555503,100.000000000,0.000000000,100.000000000,99.911442334,-1.000000000,0.000000000,0.000000000
1691,0.845500000,0.000000000,100.000000000,76.880028967,23.065555503,100.000000000,0.000000000,100.000000000,99.911442334,-1.000000000,0.000000000,0.000000000
1692,0.846000000,0.000000000,100.000000000,76.930028967,23.015555503,100.000000000,0.000000000,100.000000000,99.911442334,-1.000000000,0.000000000,0.000000000
1693,0.846500000,0.000000000,100.000000000,76.980028967,22.965555503,100.000000000,0.000000000,100.000000000,99.911442334,-1.000000000,0.000000000,0.000000000
1694,0.847000000,0.000000000,100.000000000,77.030028967,22.915555503,100.000000000,0.000000000,100.000000000,99.911442334,-1.000000000,0.000000000,0.000000000
1695,0.847500000,0.000000000,100.000000000,77.080028967,22.865555503,100.000000000,0.000000000,100.000000000,99.911442334,-1.000000000,0.000000000,0.000000000
1696,0.848000000,0.000000000,100.000000000,77.130028967,22.815555503,100.000000000,0.000000000,100.000000000,99.911442334,-1.000000000,0.000000000,0.000000000
1697,0.848500000,0.000000000,100.000000000,77.180028967,22.765555503,100.000000000,0.000000000,100.000000000,99.911442334,-1.000000000,0.000000000,0.000000000
1698,0.849000000,0.000000000,100.000000000,77.230028967,22.715555503,100.000000000,0.000000000,100.000000000,99.911442334,-1.000000000,0.000000000,0.000000000
1699,0.849500000,0.000000000,100.000000000,77.280028967,22.665555503,100.000000000,0.000000000,100.000000000,99.911442334,-1.000000000,0.000000000,0.000000000
1700,0.850000000,0.000000000,100.000000000,77.330028967,22.615555503,100.000000000,0.000000000,100.000000000,99.911442334,-1.000000000,0.000000000,0.000000000
1701,0.850500000,0.000000000,100.000000000,77.380028967,22.565555503,100.000000000,0.000000000,100.000000000,99.911442334,-1.000000000,0.000000000,0.000000000
1702,0.851000000,0.000000000,100.000000000,77.430028967,22.515555503,100.000000000,0.000000000,100.000000000,99.911442334,-1.000000000,0.000000000,0.000000000
1703,0.851500000,0.000000000,100.000000000,77.480028967,22.465555503,100.000000000,0.000000000,100.000000000,99.911442334,-1.000000000,0.000000000,0.000000000
1704,0.852000000,0.000000000,100.000000000,77.530028967,22.415555503,100.000000000,0.000000000,100.000000000,99.911442334,-1.000000000,0.000000000,0.000000000
1705,0.852500000,0.000000000,100.000000000,77.580028967,22.365555503,100.000000000,0.000000000,100.000000000,99.911442334,-1.000000000,0.000000000,0.000000000
1706,0.853000000,0.000000000,100.000000000,77.630028967,22.315555503,100.000000000,0.000000000,100.000000000,99.911442334,-1.000000000,0.000000000,0.000000000
1707,0.853500000,0.000000000,100.000000000,77.680028967,22.265555503,100.000000000,0.000000000,100.000000000,99.911442334,-1.000000000,0.000000000,0.000000000
1708,0.854000000,0.000000000,100.000000000,77.730028967,22.215555503,100.000000000,0.000000000,100.000000000,99.911442334,-1.000000000,0.000000000,0.000000000
1709,0.854500000,0.000000000,100.000000000,77.780028967,22.165555503,100.000000000,0.000000000,100.000000000,99.911442334,-1.000000000,0.000000000,0.000000000
1710,0.855000000,0.000000000,100.000000000,77.830028967,22.115555503,100.000000000,0.000000000,100.000000000,99.911442334,-1.000000000,0.000000000,0.000000000
1711,0.855500000,0.000000000,100.000000000,77.880028967,22.065555503,100.000000000,0.000000000,100.000000000,99.911442334,-1.000000000,0.000000000,0.000000000
1712,0.856000000,0.000000000,100.000000000,77.930028967,22.015555503,100.000000000,0.000000000,100.000000000,99.911442334,-1.000000000,0.000000000,0.000000000
1713,0.856500000,0.000000000,100.000000000,77.980028967,21.965555503,100.000000000,0.000000000,100.000000000,99.911442334,-1.000000000,0.000000000,0.000000000
1714,0.857000000,0.000000000,100.000000000,78.030028967,21.915555503,100.000000000,0.000000000,100.000000000,99.911442334,-1.000000000,0.000000000,0.000000000
1715,0.857500000,0.000000000,100.000000000,78.080028967,21.865555503,100.000000000,0.000000000,100.000000000,99.911442334,-1.000000000,0.000000000,0.000000000
1716,0.858000000,0.000000000,100.000000000,78.130028967,21.815555503,100.000000000,0.000000000,100.000000000,99.911442334,-1.000000000,0.000000000,0.000000000
1717,0.858500000,0.000000000,100.000000000,78.180028967,21.765555503,100.000000000,0.000000000,100.000000000,99.911442334,-1.000000000,0.000000000,0.000000000
1718,0.859000000,0.000000000,100.000000000,78.230028967,21.715555503,100.000000000,0.000000000,100.000000000,99.911442334,-1.000000000,0.000000000,0.000000000
1719,0.859500000,0.000000000,100.000000000,78.280028967,21.665555503,100.000000000,0.000000000,100.000000000,99.911442334,-1.000000000,0.000000000,0.000000000
1720,0.860000000,0.000000000,100.000000000,78.330028967,21.615555503,100.000000000,0.000000000,100.000000000,99.911442334,-1.000000000,0.000000000,0.000000000
1721,0.860500000,0.000000000,100.000000000,78.380028967,21.565555503,100.000000000,0.000000000,100.000000000,99.911442334,-1.000000000,0.000000000,0.000000000
1722,0.861000000,0.000000000,100.000000000,78.430028967,21.515555503,100.000000000,0.000000000,100.000000000,99.911442334,-1.000000000,0.000000000,0.000000000
1723,0.861500000,0.000000000,100.000000000,78.480028967,21.465555503,100.000000000,0.000000000,100.000000000,99.911442334,-1.000000000,0.000000000,0.000000000
1724,0.862000000,0.000000000,100.000000000,78.530028967,21.415555503,100.000000000,0.000000000,100.000000000,99.911442334,-1.000000000,0.000000000,0.000000000
1725,0.862500000,0.000000000,100.000000000,78.580028967,21.365555503,100.000000000,0.000000000,100.000000000,99.911442334,-1.000000000,0.000000000,0.000000000
1726,0.863000000,0.000000000,100.000000000,78.630028967,21.315555503,100.000000000,0.000000000,100.000000000,99.911442334,-1.000000000,0.000000000,0.000000000
1727,0.863500000,0.000000000,100.000000000,78.680028967,21.265555503,100.000000000,0.000000000,100.000000000,99.911442334,-1.000000000,0.000000000,0.000000000
1728,0.864000000,0.000000000,100.000000000,78.730028967,21.215555503,100.000000000,0.000000000,100.000000000,99.911442334,-1.000000000,0.000000000,0.000000000
1729,0.864500000,0.000000000,100.000000000,78.780028967,21.165555503,100.000000000,0.000000000,100.000000000,99.911442334,-1.000000000,0.000000000,0.000000000
1730,0.865000000,0.000000000,100.000000000,78.830028967,21.115555503,100.000000000,0.000000000,100.000000000,99.911442334,-1.000000000,0.000000000,0.000000000
1731,0.865500000,0.000000000,100.000000000,78.880028967,21.065555503,100.000000000,0.000000000,100.000000000,99.911442334,-1.000000000,0.000000000,0.000000000
1732,0.866000000,0.000000000,100.000000000,78.930028967,21.015555503,100.000000000,0.000000000,100.000000000,99.911442334,-1.000000000,0.000000000,0.000000000
1733,0.866500000,0.000000000,100.000000000,78.980028967,20.965555503,100.000000000,0.000000000,100.000000000,99.911442334,-1.000000000,0.000000000,0.000000000
1734,0.867000000,0.000000000,100.000000000,79.030028967,20.915555503,100.000000000,0.000000000,100.000000000,99.911442334,-1.000000000,0.000000000,0.000000000
1735,0.867500000,0.000000000,100.000000000,79.080028967,20.865555503,100.000000000,0.000000000,100.000000000,99.911442334,-1.000000000,0.000000000,0.000000000
1736,0.868000000,0.000000000,100.000000000,79.130028967,20.815555503,100.000000000,0.000000000,100.000000000,99.911442334,-1.000000000,0.000000000,0.000000000
1737,0.868500000,0.000000000,100.000000000,79.180028967,20.765555503,100.000000000,0.000000000,100.000000000,99.911442334,-1.000000000,0.000000000,0.000000000
1738,0.869000000,0.000000000,100.000000000,79.230028967,20.715555503,100.000000000,0.000000000,100.000000000,99.911442334,-1.000000000,0.000000000,0.000000000
1739,0.869500000,0.000000000,100.000000000,79.280028967,20.665555503,100.000000000,0.000000000,100.000000000,99.911442334,-1.000000000,0.000000000,0.000000000
1740,0.870000000,0.000000000,100.000000000,79.330028967,20.615555503,100.000000000,0.000000000,100.000000000,99.911442334,-1.000000000,0.000000000,0.000000000
1741,0.870500000,0.000000000,100.000000000,79.380028967,20.565555503,100.000000000,0.000000000,100.000000000,99.911442334,-1.000000000,0.000000000,0.000000000
1742,0.871000000,0.000000000,100.000000000,79.430028967,20.515555503,100.000000000,0.000000000,100.000000000,99.911442334,-1.000000000,0.000000000,0.000000000
1743,0.871500000,0.000000000,100.000000000,79.480028967,20.465555503,100.000000000,0.000000000,100.000000000,99.911442334,-1.000000000,0.000000000,0.000000000
1744,0.872000000,0.000000000,100.000000000,79.530028967,20.415555503,100.000000000,0.000000000,100.000000000,99.911442334,-1.000000000,0.000000000,0.000000000
1745,0.872500000,0.000000000,100.000000000,79.580028967,20.365555503,100.000000000,0.000000000,100.000000000,99.911442334,-1.000000000,0.000000000,0.000000000
1746,0.873000000,0.000000000,100.000000000,79.630028967,20.315555503,100.000000000,0.000000000,100.000000000,99.911442334,-1.000000000,0.000000000,0.000000000
1747,0.873500000,0.000000000,100.000000000,79.680028967,20.265555503,100.000000000,0.000000000,100.000000000,99.911442334,-1.000000000,0.000000000,0.000000000
1748,0.874000000,0.000000000,100.000000000,79.730028967,20.215555503,100.000000000,0.000000000,100.000000000,99.911442334,-1.000000000,0.000000000,0.000000000
1749,0.874500000,0.000000000,100.000000000,79.780028967,20.165555503,100.000000000,0.000000000,100.000000000,99.911442334,-1.000000000,0.000000000,0.000000000
1750,0.875000000,0.000000000,100.000000000,79.830028967,20.115555503,100.000000000,0.000000000,100.000000000,99.911442334,-1.000000000,0.000000000,0.000000000
1751,0.875500000,0.000000000,100.000000000,79.880028967,20.065555503,100.000000000,0.000000000,100.000000000,99.911442334,-1.000000000,0.000000000,0.000000000
1752,0.876000000,0.000000000,100.000000000,79.930028967,20.015555503,100.000000000,0.000000000,100.000000000,99.911442334,-1.000000000,0.000000000,0.000000000
1753,0.876500000,0.000000000,100.000000000,79.980028967,19.965555503,100.000000000,0.000000000,100.000000000,99.911442334,-1.000000000,0.000000000,0.000000000
1754,0.877000000,0.000000000,100.000000000,80.030028967,19.915555503,100.000000000,0.000000000,100.000000000,99.911442334,-1.000000000,0.000000000,0.000000000
1755,0.877500000,0.000000000,100.000000000,80.080028967,19.865555503,100.000000000,0.000000000,100.000000000,99.911442334,-1.000000000,0.000000000,0.000000000
1756,0.878000000,0.000000000,100.000000000,80.130028967,19.815555503,100.000000000,0.000000000,100.000000000,99.911442334,-1.000000000,0.000000000,0.000000000
1757,0.878500000,0.000000000,100.000000000,80.180028967,19.765555503,100.000000000,0.000000000,100.000000000,99.911442334,-1.000000000,0.000000000,0.000000000
1758,0.879000000,0.000000000,100.000000000,80.230028967,19.715555503,100.000000000,0.000000000,100.000000000,99.911442334,-1.000000000,0.000000000,0.000000000
1759,0.879500000,0.000000000,100.000000000,80.280028967,19.665555503,100.000000000,0.000000000,100.000000000,99.911442334,-1.000000000,0.000000000,0.000000000
1760,0.880000000,0.000000000,100.000000000,80.330028967,19.615555503,100.000000000,0.000000000,100.000000000,99.911442334,-1.000000000,0.000000000,0.000000000
1761,0.880500000,0.000000000,100.000000000,80.380028967,19.565555503,100.000000000,0.000000000,100.000000000,99.911442334,-1.000000000,0.000000000,0.000000000
1762,0.881000000,0.000000000,100.000000000,80.430028967,19.515555503,100.000000000,0.000000000,100.000000000,99.911442334,-1.000000000,0.000000000,0.000000000
1763,0.881500000,0.000000000,100.000000000,80.480028967,19.465555503,100.000000000,0.000000000,100.000000000,99.911442334,-1.000000000,0.000000000,0.000000000
1764,0.882000000,0.000000000,100.000000000,80.530028967,19.415555503,100.000000000,0.000000000,100.000000000,99.911442334,-1.000000000,0.000000000,0.000000000
1765,0.882500000,0.000000000,100.000000000,80.580028967,19.365555503,100.000000000,0.000000000,100.000000000,99.911442334,-1.000000000,0.000000000,0.000000000
1766,0.883000000,0.000000000,100.000000000,80.630028967,19.315555503,100.000000000,0.000000000,100.000000000,99.911442334,-1.000000000,0.000000000,0.000000000
1767,0.883500000,0.000000000,100.000000000,80.680028967,19.265555503,100.000000000,0.000000000,100.000000000,99.911442334,-1.000000000,0.000000000,0.000000000
1768,0.884000000,0.000000000,100.000000000,80.730028967,19.215555503,100.000000000,0.000000000,100.000000000,99.911442334,-1.000000000,0.000000000,0.000000000
1769,0.884500000,0.000000000,100.000000000,80.780028967,19.165555503,100.000000000,0.000000000,100.000000000,99.911442334,-1.000000000,0.000000000,0.000000000
1770,0.885000000,0.000000000,100.000000000,80.830028967,19.115555503,100.000000000,0.000000000,100.000000000,99.911442334,-1.000000000,0.000000000,0.000000000
1771,0.885500000,0.000000000,100.000000000,80.880028967,19.065555503,100.000000000,0.000000000,100.000000000,99.911442334,-1.000000000,0.000000000,0.000000000
1772,0.886000000,0.000000000,100.000000000,80.930028967,19.015555503,100.000000000,0.000000000,100.000000000,99.911442334,-1.000000000,0.000000000,0.000000000
1773,0.886500000,0.000000000,100.000000000,80.980028967,18.965555503,100.000000000,0.000000000,100.000000000,99.911442334,-1.000000000,0.000000000,0.000000000
1774,0.887000000,0.000000000,100.000000000,81.030028967,18.915555503,100.000000000,0.000000000,100.000000000,99.911442334,-1.000000000,0.000000000,0.000000000
1775,0.887500000,0.000000000,100.000000000,81.080028967,18.865555503,100.000000000,0.000000000,100.000000000,99.911442334,-1.000000000,0.000000000,0.000000000
1776,0.888000000,0.000000000,100.000000000,81.130028967,18.815555503,100.000000000,0.000000000,100.000000000,99.911442334,-1.000000000,0.000000000,0.000000000
1777,0.888500000,0.000000000,100.000000000,81.180028967,18.765555503,100.000000000,0.000000000,100.000000000,99.911442334,-1.000000000,0.000000000,0.000000000
1778,0.889000000,0.000000000,100.000000000,81.230028967,18.715555503,100.000000000,0.000000000,100.000000000,99.911442334,-1.000000000,0.000000000,0.000000000
1779,0.889500000,0.000000000,100.000000000,81.280028967,18.665555503,100.000000000,0.000000000,100.000000000,99.911442334,-1.000000000,0.000000000,0.000000000
1780,0.890000000,0.000000000,100.000000000,81.330028967,18.615555503,100.000000000,0.000000000,100.000000000,99.911442334,-1.000000000,0.000000000,0.000000000
1781,0.890500000,0.000000000,100.000000000,81.380028967,18.565555503,100.000000000,0.000000000,100.000000000,99.911442334,-1.000000000,0.000000000,0.000000000
1782,0.891000000,0.000000000,100.000000000,81.430028967,18.515555503,100.000000000,0.000000000,100.000000000,99.911442334,-1.000000000,0.000000000,0.000000000
1783,0.891500000,0.000000000,100.000000000,81.480028967,18.465555503,100.000000000,0.000000000,100.000000000,99.911442334,-1.000000000,0.000000000,0.000000000
1784,0.892000000,0.000000000,100.000000000,81.530028967,18.415555503,100.000000000,0.000000000,100.000000000,99.911442334,-1.000000000,0.000000000,0.000000000
1785,0.892500000,0.000000000,100.000000000,81.580028967,18.365555503,100.000000000,0.000000000,100.000000000,99.911442334,-1.000000000,0.000000000,0.000000000
1786,0.893000000,0.000000000,100.000000000,81.630028967,18.315555503,100.000000000,0.000000000,100.000000000,99.911442334,-1.000000000,0.000000000,0.000000000
1787,0.893500000,0.000000000,100.000000000,81.680028967,18.265555503,100.000000000,0.000000000,100.000000000,99.911442334,-1.000000000,0.000000000,0.000000000
1788,0.894000000,0.000000000,100.000000000,81.730028967,18.215555503,100.000000000,0.000000000,100.000000000,99.911442334,-1.000000000,0.000000000,0.000000000
1789,0.894500000,0.000000000,100.000000000,81.780028967,18.165555503,100.000000000,0.000000000,100.000000000,99.911442334,-1.000000000,0.000000000,0.000000000
1790,0.895000000,0.000000000,100.000000000,81.830028967,18.115555503,100.000000000,0.000000000,100.000000000,99.911442334,-1.000000000,0.000000000,0.000000000
1791,0.895500000,0.000000000,100.000000000,81.880028967,18.065555503,100.000000000,0.000000000,100.000000000,99.911442334,-1.000000000,0.000000000,0.000000000
1792,0.896000000,0.000000000,100.000000000,81.930028967,18.015555503,100.000000000,0.000000000,100.000000000,99.911442334,-1.000000000,0.000000000,0.000000000
1793,0.896500000,0.000000000,100.000000000,81.980028967,17.965555503,100.000000000,0.000000000,100.000000000,99.911442334,-1.000000000,0.000000000,0.000000000
1794,0.897000000,0.000000000,100.000000000,82.030028967,17.915555503,100.000000000,0.000000000,100.000000000,99.911442334,-1.000000000,0.000000000,0.000000000
1795,0.897500000,0.000000000,100.000000000,82.080028967,17.865555503,100.000000000,0.000000000,100.000000000,99.911442334,-1.000000000,0.000000000,0.000000000
1796,0.898000000,0.000000000,100.000000000,82.130028967,17.815555503,100.000000000,0.000000000,100.000000000,99.911442334,-1.000000000,0.000000000,0.000000000
1797,0.898500000,0.000000000,100.000000000,82.180028967,17.765555503,100.000000000,0.000000000,100.000000000,99.911442334,-1.000000000,0.000000000,0.000000000
1798,0.899000000,0.000000000,100.000000000,82.230028967,17.715555503,100.000000000,0.000000000,100.000000000,99.911442334,-1.000000000,0.000000000,0.000000000
1799,0.899500000,0.000000000,100.000000000,82.280028967,17.665555503,100.000000000,0.000000000,100.000000000,99.911442334,-1.000000000,0.000000000,0.000000000
1800,0.900000000,0.000000000,100.000000000,82.330028967,17.615555503,100.000000000,0.000000000,100.000000000,99.911442334,-1.000000000,0.000000000,0.000000000
1801,0.900500000,0.000000000,100.000000000,82.380028967,17.565555503,100.000000000,0.000000000,100.000000000,99.911442334,-1.000000000,0.000000000,0.000000000
1802,0.901000000,0.000000000,100.000000000,82.430028967,17.515555503,100.000000000,0.000000000,100.000000000,99.911442334,-1.000000000,0.000000000,0.000000000
1803,0.901500000,0.000000000,100.000000000,82.480028967,17.465555503,100.000000000,0.000000000,100.000000000,99.911442334,-1.000000000,0.000000000,0.000000000
1804,0.902000000,0.000000000,100.000000000,82.530028967,17.415555503,100.000000000,0.000000000,100.000000000,99.911442334,-1.000000000,0.000000000,0.000000000
1805,0.902500000,0.000000000,100.000000000,82.580028967,17.365555503,100.000000000,0.000000000,100.000000000,99.911442334,-1.000000000,0.000000000,0.000000000
1806,0.903000000,0.000000000,100.000000000,82.630028967,17.315555503,100.000000000,0.000000000,100.000000000,99.911442334,-1.000000000,0.000000000,0.000000000
1807,0.903500000,0.000000000,100.000000000,82.680028967,17.265555503,100.000000000,0.000000000,100.000000000,99.911442334,-1.000000000,0.000000000,0.000000000
1808,0.904000000,0.000000000,100.000000000,82.730028967,17.215555503,100.000000000,0.000000000,100.000000000,99.911442334,-1.000000000,0.000000000,0.000000000
1809,0.904500000,0.000000000,100.000000000,82.780028967,17.165555503,100.000000000,0.000000000,100.000000000,99.911442334,-1.000000000,0.000000000,0.000000000
1810,0.905000000,0.000000000,100.000000000,82.830028967,17.115555503,100.000000000,0.000000000,100.000000000,99.911442334,-1.000000000,0.000000000,0.000000000
1811,0.905500000,0.000000000,100.000000000,82.880028967,17.065555503,100.000000000,0.000000000,100.000000000,99.911442334,-1.000000000,0.000000000,0.000000000
1812,0.906000000,0.000000000,100.000000000,82.930028967,17.015555503,100.000000000,0.000000000,100.000000000,99.911442334,-1.000000000,0.000000000,0.000000000
1813,0.906500000,0.000000000,100.000000000,82.980028967,16.965555503,100.000000000,0.000000000,100.000000000,99.911442334,-1.000000000,0.000000000,0.000000000
1814,0.907000000,0.000000000,100.000000000,83.030028967,16.915555503,100.000000000,0.000000000,100.000000000,99.911442334,-1.000000000,0.000000000,0.000000000
1815,0.907500000,0.000000000,100.000000000,83.080028967,16.865555503,100.000000000,0.000000000,100.000000000,99.911442334,-1.000000000,0.000000000,0.000000000
1816,0.908000000,0.000000000,100.000000000,83.130028967,16.815555503,100.000000000,0.000000000,100.000000000,99.911442334,-1.000000000,0.000000000,0.000000000
1817,0.908500000,0.000000000,100.000000000,83.180028967,16.765555503,100.000000000,0.000000000,100.000000000,99.911442334,-1.000000000,0.000000000,0.000000000
1818,0.909000000,0.000000000,100.000000000,83.230028967,16.715555503,100.000000000,0.000000000,100.000000000,99.911442334,-1.000000000,0.000000000,0.000000000
1819,0.909500000,0.000000000,100.000000000,83.280028967,16.665555503,100.000000000,0.000000000,100.000000000,99.911442334,-1.000000000,0.000000000,0.000000000
1820,0.910000000,0.000000000,100.000000000,83.330028967,16.615555503,100.000000000,0.000000000,100.000000000,99.911442334,-1.000000000,0.000000000,0.000000000
1821,0.910500000,0.000000000,100.000000000,83.380028967,16.565555503,100.000000000,0.000000000,100.000000000,99.911442334,-1.000000000,0.000000000,0.000000000
1822,0.911000000,0.000000000,100.000000000,83.430028967,16.515555503,100.000000000,0.000000000,100.000000000,99.911442334,-1.000000000,0.000000000,0.000000000
1823,0.911500000,0.000000000,100.000000000,83.480028967,16.465555503,100.000000000,0.000000000,100.000000000,99.911442334,-1.000000000,0.000000000,0.000000000
1824,0.912000000,0.000000000,100.000000000,83.530028967,16.415555503,100.000000000,0.000000000,100.000000000,99.911442334,-1.000000000,0.000000000,0.000000000
1825,0.912500000,0.000000000,100.000000000,83.580028967,16.365555503,100.000000000,0.000000000,100.000000000,99.911442334,-1.000000000,0.000000000,0.000000000
1826,0.913000000,0.000000000,100.000000000,83.630028967,16.315555503,100.000000000,0.000000000,100.000000000,99.911442334,-1.000000000,0.000000000,0.000000000
1827,0.913500000,0.000000000,100.000000000,83.680028967,16.265555503,100.000000000,0.000000000,100.000000000,99.911442334,-1.000000000,0.000000000,0.000000000
1828,0.914000000,0.000000000,100.000000000,83.730028967,16.215555503,100.000000000,0.000000000,100.000000000,99.911442334,-1.000000000,0.000000000,0.000000000
1829,0.914500000,0.000000000,100.000000000,83.780028967,16.165555503,100.000000000,0.000000000,100.000000000,99.911442334,-1.000000000,0.000000000,0.000000000
1830,0.915000000,0.000000000,100.000000000,83.830028967,16.115555503,100.000000000,0.000000000,100.000000000,99.911442334,-1.000000000,0.000000000,0.000000000
1831,0.915500000,0.000000000,100.000000000,83.880028967,16.065555503,100.000000000,0.000000000,100.000000000,99.911442334,-1.000000000,0.000000000,0.000000000
1832,0.916000000,0.000000000,100.000000000,83.930028967,16.015555503,100.000000000,0.000000000,100.000000000,99.911442334,-1.000000000,0.000000000,0.000000000
1833,0.916500000,0.000000000,100.000000000,83.980028967,15.965555503,100.000000000,0.000000000,100.000000000,99.911442334,-1.000000000,0.000000000,0.000000000
1834,0.917000000,0.000000000,100.000000000,84.030028967,15.915555503,100.000000000,0.000000000,100.000000000,99.911442334,-1.000000000,0.000000000,0.000000000
1835,0.917500000,0.000000000,100.000000000,84.080028967,15.865555503,100.000000000,0.000000000,100.000000000,99.911442334,-1.000000000,0.000000000,0.000000000
1836,0.918000000,0.000000000,100.000000000,84.130028967,15.815555503,100.000000000,0.000000000,100.000000000,99.911442334,-1.000000000,0.000000000,0.000000000
1837,0.918500000,0.000000000,100.000000000,84.180028967,15.765555503,100.000000000,0.000000000,100.000000000,99.911442334,-1.000000000,0.000000000,0.000000000
1838,0.919000000,0.000000000,100.000000000,84.230028967,15.715555503,100.000000000,0.000000000,100.000000000,99.911442334,-1.000000000,0.000000000,0.000000000
1839,0.919500000,0.000000000,100.000000000,84.280028967,15.665555503,100.000000000,0.000000000,100.000000000,99.911442334,-1.000000000,0.000000000,0.000000000
1840,0.920000000,0.000000000,100.000000000,84.330028967,15.615555503,100.000000000,0.000000000,100.000000000,99.911442334,-1.000000000,0.000000000,0.000000000
1841,0.920500000,0.000000000,100.000000000,84.380028967,15.565555503,100.000000000,0.000000000,100.000000000,99.911442334,-1.000000000,0.000000000,0.000000000
1842,0.921000000,0.000000000,100.000000000,84.430028967,15.515555503,100.000000000,0.000000000,100.000000000,99.911442334,-1.000000000,0.000000000,0.000000000
1843,0.921500000,0.000000000,100.000000000,84.480028967,15.465555503,100.000000000,0.000000000,100.000000000,99.911442334,-1.000000000,0.000000000,0.000000000
1844,0.922000000,0.000000000,100.000000000,84.530028967,15.415555503,100.000000000,0.000000000,100.000000000,99.911442334,-1.000000000,0.000000000,0.000000000
1845,0.922500000,0.000000000,100.000000000,84.580028967,15.365555503,100.000000000,0.000000000,100.000000000,99.911442334,-1.000000000,0.000000000,0.000000000
1846,0.923000000,0.000000000,100.000000000,84.630028967,15.315555503,100.000000000,0.000000000,100.000000000,99.911442334,-1.000000000,0.000000000,0.000000000
1847,0.923500000,0.000000000,100.000000000,84.680028967,15.265555503,100.000000000,0.000000000,100.000000000,99.911442334,-1.000000000,0.000000000,0.000000000
1848,0.924000000,0.000000000,100.000000000,84.730028967,15.215555503,100.000000000,0.000000000,100.000000000,99.911442334,-1.000000000,0.000000000,0.000000000
1849,0.924500000,0.000000000,100.000000000,84.780028967,15.165555503,100.000000000,0.000000000,100.000000000,99.911442334,-1.000000000,0.000000000,0.000000000
1850,0.925000000,0.000000000,100.000000000,84.830028967,15.115555503,100.000000000,0.000000000,100.000000000,99.911442334,-1.000000000,0.000000000,0.000000000
1851,0.925500000,0.000000000,100.000000000,84.880028967,15.065555503,100.000000000,0.000000000,100.000000000,99.911442334,-1.000000000,0.000000000,0.000000000
1852,0.926000000,0.000000000,100.000000000,84.930028967,15.015555503,100.000000000,0.000000000,100.000000000,99.911442334,-1.000000000,0.000000000,0.000000000
1853,0.926500000,0.000000000,100.000000000,84.980028967,14.965555503,100.000000000,0.000000000,100.000000000,99.911442334,-1.000000000,0.000000000,0.000000000
1854,0.927000000,0.000000000,100.000000000,85.030028967,14.915555503,100.000000000,0.000000000,100.000000000,99.911442334,-1.000000000,0.000000000,0.000000000
1855,0.927500000,0.000000000,100.000000000,85.080028967,14.865555503,100.000000000,0.000000000,100.000000000,99.911442334,-1.000000000,0.000000000,0.000000000
1856,0.928000000,0.000000000,100.000000000,85.130028967,14.815555503,100.000000000,0.000000000,100.000000000,99.911442334,-1.000000000,0.000000000,0.000000000
1857,0.928500000,0.000000000,100.000000000,85.180028967,14.765555503,100.000000000,0.000000000,100.000000000,99.911442334,-1.000000000,0.000000000,0.000000000
1858,0.929000000,0.000000000,100.000000000,85.230028967,14.715555503,100.000000000,0.000000000,100.000000000,99.911442334,-1.000000000,0.000000000,0.000000000
1859,0.929500000,0.000000000,100.000000000,85.280028967,14.665555503,100.000000000,0.000000000,100.000000000,99.911442334,-1.000000000,0.000000000,0.000000000
1860,0.930000000,0.000000000,100.000000000,85.330028967,14.615555503,100.000000000,0.000000000,100.000000000,99.911442334,-1.000000000,0.000000000,0.000000000
1861,0.930500000,0.000000000,100.000000000,85.380028967,14.565555503,100.000000000,0.000000000,100.000000000,99.911442334,-1.000000000,0.000000000,0.000000000
1862,0.931000000,0.000000000,100.000000000,85.430028967,14.515555503,100.000000000,0.000000000,100.000000000,99.911442334,-1.000000000,0.000000000,0.000000000
1863,0.931500000,0.000000000,100.000000000,85.480028967,14.465555503,100.000000000,0.000000000,100.000000000,99.911442334,-1.000000000,0.000000000,0.000000000
1864,0.932000000,0.000000000,100.000000000,85.530028967,14.415555503,100.000000000,0.000000000,100.000000000,99.911442334,-1.000000000,0.000000000,0.000000000
1865,0.932500000,0.000000000,100.000000000,85.580028967,14.365555503,100.000000000,0.000000000,100.000000000,99.911442334,-1.000000000,0.000000000,0.000000000
1866,0.933000000,0.000000000,100.000000000,85.630028967,14.315555503,100.000000000,0.000000000,100.000000000,99.911442334,-1.000000000,0.000000000,0.000000000
1867,0.933500000,0.000000000,100.000000000,85.680028967,14.265555503,100.000000000,0.000000000,100.000000000,99.911442334,-1.000000000,0.000000000,0.000000000
1868,0.934000000,0.000000000,100.000000000,85.730028967,14.215555503,100.000000000,0.000000000,100.000000000,99.911442334,-1.000000000,0.000000000,0.000000000
1869,0.934500000,0.000000000,100.000000000,85.780028967,14.165555503,100.000000000,0.000000000,100.000000000,99.911442334,-1.000000000,0.000000000,0.000000000
1870,0.935000000,0.000000000,100.000000000,85.830028967,14.115555503,100.000000000,0.000000000,100.000000000,99.911442334,-1.000000000,0.000000000,0.000000000
1871,0.935500000,0.000000000,100.000000000,85.880028967,14.065555503,100.000000000,0.000000000,100.000000000,99.911442334,-1.000000000,0.000000000,0.000000000
1872,0.936000000,0.000000000,100.000000000,85.930028967,14.015555503,100.000000000,0.000000000,100.000000000,99.911442334,-1.000000000,0.000000000,0.000000000
1873,0.936500000,0.000000000,100.000000000,85.980028967,13.965555503,100.000000000,0.000000000,100.000000000,99.911442334,-1.000000000,0.000000000,0.000000000
1874,0.937000000,0.000000000,100.000000000,86.030028967,13.915555503,100.000000000,0.000000000,100.000000000,99.911442334,-1.000000000,0.000000000,0.000000000
1875,0.937500000,0.000000000,100.000000000,86.080028967,13.865555503,100.000000000,0.000000000,100.000000000,99.911442334,-1.000000000,0.000000000,0.000000000
1876,0.938000000,0.000000000,100.000000000,86.130028967,13.815555503,100.000000000,0.000000000,100.000000000,99.911442334,-1.000000000,0.000000000,0.000000000
1877,0.938500000,0.000000000,100.000000000,86.180028967,13.765555503,100.000000000,0.000000000,100.000000000,99.911442334,-1.000000000,0.000000000,0.000000000
1878,0.939000000,0.000000000,100.000000000,86.230028967,13.715555503,100.000000000,0.000000000,100.000000000,99.911442334,-1.000000000,0.000000000,0.000000000
1879,0.939500000,0.000000000,100.000000000,86.280028967,13.665555503,100.000000000,0.000000000,100.000000000,99.911442334,-1.000000000,0.000000000,0.000000000
1880,0.940000000,0.000000000,100.000000000,86.330028967,13.615555503,100.000000000,0.000000000,100.000000000,99.911442334,-1.000000000,0.000000000,0.000000000
1881,0.940500000,0.000000000,100.000000000,86.380028967,13.565555503,100.000000000,0.000000000,100.000000000,99.911442334,-1.000000000,0.000000000,0.000000000
1882,0.941000000,0.000000000,100.000000000,86.430028967,13.515555503,100.000000000,0.000000000,100.000000000,99.911442334,-1.000000000,0.000000000,0.000000000
1883,0.941500000,0.000000000,100.000000000,86.480028967,13.465555503,100.000000000,0.000000000,100.000000000,99.911442334,-1.000000000,0.000000000,0.000000000
1884,0.942000000,0.000000000,100.000000000,86.530028967,13.415555503,100.000000000,0.000000000,100.000000000,99.911442334,-1.000000000,0.000000000,0.000000000
1885,0.942500000,0.000000000,100.000000000,86.580028967,13.365555503,100.000000000,0.000000000,100.000000000,99.911442334,-1.000000000,0.000000000,0.000000000
1886,0.943000000,0.000000000,100.000000000,86.630028967,13.315555503,100.000000000,0.000000000,100.000000000,99.911442334,-1.000000000,0.000000000,0.000000000
1887,0.943500000,0.000000000,100.000000000,86.680028967,13.265555503,100.000000000,0.000000000,100.000000000,99.911442334,-1.000000000,0.000000000,0.000000000
1888,0.944000000,0.000000000,100.000000000,86.730028967,13.215555503,100.000000000,0.000000000,100.000000000,99.911442334,-1.000000000,0.000000000,0.000000000
1889,0.944500000,0.000000000,100.000000000,86.780028967,13.165555503,100.000000000,0.000000000,100.000000000,99.911442334,-1.000000000,0.000000000,0.000000000
1890,0.945000000,0.000000000,100.000000000,86.830028967,13.115555503,100.000000000,0.000000000,100.000000000,99.911442334,-1.000000000,0.000000000,0.000000000
1891,0.945500000,0.000000000,100.000000000,86.880028967,13.065555503,100.000000000,0.000000000,100.000000000,99.911442334,-1.000000000,0.000000000,0.000000000
1892,0.946000000,0.000000000,100.000000000,86.930028967,13.015555503,100.000000000,0.000000000,100.000000000,99.911442334,-1.000000000,0.000000000,0.000000000
1893,0.946500000,0.000000000,100.000000000,86.980028967,12.965555503,100.000000000,0.000000000,100.000000000,99.911442334,-1.000000000,0.000000000,0.000000000
1894,0.947000000,0.000000000,100.000000000,87.030028967,12.915555503,100.000000000,0.000000000,100.000000000,99.911442334,-1.000000000,0.000000000,0.000000000
1895,0.947500000,0.000000000,100.000000000,87.080028967,12.865555503,100.000000000,0.000000000,100.000000000,99.911442334,-1.000000000,0.000000000,0.000000000
1896,0.948000000,0.000000000,100.000000000,87.130028967,12.815555503,100.000000000,0.000000000,100.000000000,99.911442334,-1.000000000,0.000000000,0.000000000
1897,0.948500000,0.000000000,100.000000000,87.180028967,12.765555503,100.000000000,0.000000000,100.000000000,99.911442334,-1.000000000,0.000000000,0.000000000
1898,0.949000000,0.000000000,100.000000000,87.230028967,12.715555503,100.000000000,0.000000000,100.000000000,99.911442334,-1.000000000,0.000000000,0.000000000
1899,0.949500000,0.000000000,100.000000000,87.280028967,12.665555503,100.000000000,0.000000000,100.000000000,99.911442334,-1.000000000,0.000000000,0.000000000
1900,0.950000000,0.000000000,100.000000000,87.330028967,12.615555503,100.000000000,0.000000000,100.000000000,99.911442334,-1.000000000,0.000000000,0.000000000
1901,0.950500000,0.000000000,100.000000000,87.380028967,12.565555503,100.000000000,0.000000000,100.000000000,99.911442334,-1.000000000,0.000000000,0.000000000
1902,0.951000000,0.000000000,100.000000000,87.430028967,12.515555503,100.000000000,0.000000000,100.000000000,99.911442334,-1.000000000,0.000000000,0.000000000
1903,0.951500000,0.000000000,100.000000000,87.480028967,12.465555503,100.000000000,0.000000000,100.000000000,99.911442334,-1.000000000,0.000000000,0.000000000
1904,0.952000000,0.000000000,100.000000000,87.530028967,12.415555503,100.000000000,0.000000000,100.000000000,99.911442334,-1.000000000,0.000000000,0.000000000
1905,0.952500000,0.000000000,100.000000000,87.580028967,12.365555503,100.000000000,0.000000000,100.000000000,99.911442334,-1.000000000,0.000000000,0.000000000
1906,0.953000000,0.000000000,100.000000000,87.630028967,12.315555503,100.000000000,0.000000000,100.000000000,99.911442334,-1.000000000,0.000000000,0.000000000
1907,0.953500000,0.000000000,100.000000000,87.680028967,12.265555503,100.000000000,0.000000000,100.000000000,99.911442334,-1.000000000,0.000000000,0.000000000
1908,0.954000000,0.000000000,100.000000000,87.730028967,12.215555503,100.000000000,0.000000000,100.000000000,99.911442334,-1.000000000,0.000000000,0.000000000
1909,0.954500000,0.000000000,100.000000000,87.780028967,12.165555503,100.000000000,0.000000000,100.000000000,99.911442334,-1.000000000,0.000000000,0.000000000
1910,0.955000000,0.000000000,100.000000000,87.830028967,12.115555503,100.000000000,0.000000000,100.000000000,99.911442334,-1.000000000,0.000000000,0.000000000
1911,0.955500000,0.000000000,100.000000000,87.880028967,12.065555503,100.000000000,0.000000000,100.000000000,99.911442334,-1.000000000,0.000000000,0.000000000
1912,0.956000000,0.000000000,100.000000000,87.930028967,12.015555503,100.000000000,0.000000000,100.000000000,99.911442334,-1.000000000,0.000000000,0.000000000
1913,0.956500000,0.000000000,100.000000000,87.980028967,11.965555503,100.000000000,0.000000000,100.000000000,99.911442334,-1.000000000,0.000000000,0.000000000
1914,0.957000000,0.000000000,100.000000000,88.030028967,11.915555503,100.000000000,0.000000000,100.000000000,99.911442334,-1.000000000,0.000000000,0.000000000
1915,0.957500000,0.000000000,100.000000000,88.080028967,11.865555503,100.000000000,0.000000000,100.000000000,99.911442334,-1.000000000,0.000000000,0.000000000
1916,0.958000000,0.000000000,100.000000000,88.130028967,11.815555503,100.000000000,0.000000000,100.000000000,99.911442334,-1.000000000,0.000000000,0.000000000
1917,0.958500000,0.000000000,100.000000000,88.180028967,11.765555503,100.000000000,0.000000000,100.000000000,99.911442334,-1.000000000,0.000000000,0.000000000
1918,0.959000000,0.000000000,100.000000000,88.230028967,11.715555503,100.000000000,0.000000000,100.000000000,99.911442334,-1.000000000,0.000000000,0.000000000
1919,0.959500000,0.000000000,100.000000000,88.280028967,11.665555503,100.000000000,0.000000000,100.000000000,99.911442334,-1.000000000,0.000000000,0.000000000
1920,0.960000000,0.000000000,100.000000000,88.330028967,11.615555503,100.000000000,0.000000000,100.000000000,99.911442334,-1.000000000,0.000000000,0.000000000
1921,0.960500000,0.000000000,100.000000000,88.380028967,11.565555503,100.000000000,0.000000000,100.000000000,99.911442334,-1.000000000,0.000000000,0.000000000
1922,0.961000000,0.000000000,100.000000000,88.430028967,11.515555503,100.000000000,0.000000000,100.000000000,99.911442334,-1.000000000,0.000000000,0.000000000
1923,0.961500000,0.000000000,100.000000000,88.480028967,11.465555503,100.000000000,0.000000000,100.000000000,99.911442334,-1.000000000,0.000000000,0.000000000
1924,0.962000000,0.000000000,100.000000000,88.530028967,11.415555503,100.000000000,0.000000000,100.000000000,99.911442334,-1.000000000,0.000000000,0.000000000
1925,0.962500000,0.000000000,100.000000000,88.580028967,11.365555503,100.000000000,0.000000000,100.000000000,99.911442334,-1.000000000,0.000000000,0.000000000
1926,0.963000000,0.000000000,100.000000000,88.630028967,11.315555503,100.000000000,0.000000000,100.000000000,99.911442334,-1.000000000,0.000000000,0.000000000
1927,0.963500000,0.000000000,100.000000000,88.680028967,11.265555503,100.000000000,0.000000000,100.000000000,99.911442334,-1.000000000,0.000000000,0.000000000
1928,0.964000000,0.000000000,100.000000000,88.730028967,11.215555503,100.000000000,0.000000000,100.000000000,99.911442334,-1.000000000,0.000000000,0.000000000
1929,0.964500000,0.000000000,100.000000000,88.780028967,11.165555503,100.000000000,0.000000000,100.000000000,99.911442334,-1.000000000,0.000000000,0.000000000
1930,0.965000000,0.000000000,100.000000000,88.830028967,11.115555503,100.000000000,0.000000000,100.000000000,99.911442334,-1.000000000,0.000000000,0.000000000
1931,0.965500000,0.000000000,100.000000000,88.880028967,11.065555503,100.000000000,0.000000000,100.000000000,99.911442334,-1.000000000,0.000000000,0.000000000
1932,0.966000000,0.000000000,100.000000000,88.930028967,11.015555503,100.000000000,0.000000000,100.000000000,99.911442334,-1.000000000,0.000000000,0.000000000
1933,0.966500000,0.000000000,100.000000000,88.980028967,10.965555503,100.000000000,0.000000000,100.000000000,99.911442334,-1.000000000,0.000000000,0.000000000
1934,0.967000000,0.000000000,100.000000000,89.030028967,10.915555503,100.000000000,0.000000000,100.000000000,99.911442334,-1.000000000,0.000000000,0.000000000
1935,0.967500000,0.000000000,100.000000000,89.080028967,10.865555503,100.000000000,0.000000000,100.000000000,99.911442334,-1.000000000,0.000000000,0.000000000
1936,0.968000000,0.000000000,100.000000000,89.130028967,10.815555503,100.000000000,0.000000000,100.000000000,99.911442334,-1.000000000,0.000000000,0.000000000
1937,0.968500000,0.000000000,100.000000000,89.180028967,10.765555503,100.000000000,0.000000000,100.000000000,99.911442334,-1.000000000,0.000000000,0.000000000
1938,0.969000000,0.000000000,100.000000000,89.230028967,10.715555503,100.000000000,0.000000000,100.000000000,99.911442334,-1.000000000,0.000000000,0.000000000
1939,0.969500000,0.000000000,100.000000000,89.280028967,10.665555503,100.000000000,0.000000000,100.000000000,99.911442334,-1.000000000,0.000000000,0.000000000
1940,0.970000000,0.000000000,100.000000000,89.330028967,10.615555503,100.000000000,0.000000000,100.000000000,99.911442334,-1.000000000,0.000000000,0.000000000
1941,0.970500000,0.000000000,100.000000000,89.380028967,10.565555503,100.000000000,0.000000000,100.000000000,99.911442334,-1.000000000,0.000000000,0.000000000
1942,0.971000000,0.000000000,100.000000000,89.430028967,10.515555503,100.000000000,0.000000000,100.000000000,99.911442334,-1.000000000,0.000000000,0.000000000
1943,0.971500000,0.000000000,100.000000000,89.480028967,10.465555503,100.000000000,0.000000000,100.000000000,99.911442334,-1.000000000,0.000000000,0.000000000
1944,0.972000000,0.000000000,100.000000000,89.530028967,10.415555503,100.000000000,0.000000000,100.000000000,99.911442334,-1.000000000,0.000000000,0.000000000
1945,0.972500000,-3.797238198,99.999279049,89.580028876,10.365555594,100.000000000,0.000000000,100.000000000,99.911442334,-1.000000000,0.000000000,0.000000000
1946,0.973000000,-8.797238198,99.996130430,89.630027832,10.315556637,100.000000000,0.000000000,100.000000000,99.911442334,-1.000000000,0.000000000,0.000000000
1947,0.973500000,-13.797238198,99.990481811,89.680024589,10.265559880,100.000000000,0.000000000,100.000000000,99.911442334,-1.000000000,0.000000000,0.000000000
1948,0.974000000,-18.797238198,99.982333192,89.730017897,10.215566572,100.000000000,0.000000000,100.000000000,99.911442334,-1.000000000,0.000000000,0.000000000
1949,0.974500000,-23.797238198,99.971684573,89.780006506,10.165577964,100.000000000,0.000000000,100.000000000,99.911442334,-1.000000000,0.000000000,0.000000000
1950,0.975000000,-28.797238198,99.958535954,89.829989165,10.115595304,100.000000000,0.000000000,100.000000000,99.911442334,-1.000000000,0.000000000,0.000000000
1951,0.975500000,-33.797238198,99.942887335,89.879964625,10.065619844,100.000000000,0.000000000,100.000000000,99.911442334,-1.000000000,0.000000000,0.000000000
1952,0.976000000,-38.797238198,99.924738715,89.929931636,10.015652834,100.000000000,0.000000000,100.000000000,99.911442334,-1.000000000,0.000000000,0.000000000
1953,0.976500000,-43.797238198,99.904090096,89.979888947,9.965695522,100.000000000,0.000000000,100.000000000,99.911442334,-1.000000000,0.000000000,0.000000000
1954,0.977000000,-48.797238198,99.880941477,90.029835309,9.915749160,100.000000000,0.000000000,100.000000000,99.911442334,-1.000000000,0.000000000,0.000000000
1955,0.977500000,-53.797238198,99.855292858,90.079769472,9.865814997,100.000000000,0.000000000,100.000000000,99.911442334,-1.000000000,0.000000000,0.000000000
1956,0.978000000,-58.797238198,99.827144239,90.129690185,9.815894284,100.000000000,0.000000000,100.000000000,99.911442334,-1.000000000,0.000000000,0.000000000
1957,0.978500000,-63.797238198,99.796495620,90.179596200,9.765988270,100.000000000,0.000000000,100.000000000,99.911442334,-1.000000000,0.000000000,0.000000000
1958,0.979000000,-68.797238198,99.763347001,90.229486264,9.716098205,100.000000000,0.000000000,100.000000000,99.911442334,-1.000000000,0.000000000,0.000000000
1959,0.979500000,-73.797238198,99.727698382,90.279359130,9.666225340,100.000000000,0.000000000,100.000000000,99.911442334,-1.000000000,0.000000000,0.000000000
1960,0.980000000,-78.797238198,99.689549763,90.329213546,9.616370923,100.000000000,0.000000000,100.000000000,99.911442334,-1.000000000,0.000000000,0.000000000
1961,0.980500000,-83.797238198,99.648901144,90.379048263,9.566536206,100.000000000,0.000000000,100.000000000,99.911442334,-1.000000000,0.000000000,0.000000000
1962,0.981000000,-88.797238198,99.605752524,90.428862031,9.516722439,100.000000000,0.000000000,100.000000000,99.911442334,-1.000000000,0.000000000,0.000000000
1963,0.981500000,-93.797238198,99.560103905,90.478653599,9.466930871,100.000000000,0.000000000,100.000000000,99.911442334,-1.000000000,0.000000000,0.000000000
1964,0.982000000,-98.797238198,99.511955286,90.528421718,9.417162752,100.000000000,0.000000000,100.000000000,99.911442334,-1.000000000,0.000000000,0.000000000
1965,0.982500000,-103.797238198,99.461306667,90.578165138,9.367419332,100.000000000,0.000000000,100.000000000,99.911442334,-1.000000000,0.000000000,0.000000000
1966,0.983000000,-108.797238198,99.408158048,90.627882608,9.317701862,100.000000000,0.000000000,100.000000000,99.911442334,-1.000000000,0.000000000,0.000000000
1967,0.983500000,-113.797238198,99.352509429,90.677572879,9.268011591,100.000000000,0.000000000,100.000000000,99.911442334,-1.000000000,0.000000000,0.000000000
1968,0.984000000,-118.797238198,99.294360810,90.727234701,9.218349769,100.000000000,0.000000000,100.000000000,99.911442334,-1.000000000,0.000000000,0.000000000
1969,0.984500000,-123.797238198,99.233712191,90.776866823,9.168717646,100.000000000,0.000000000,100.000000000,99.911442334,-1.000000000,0.000000000,0.000000000
1970,0.985000000,-128.797238198,99.170563572,90.826467996,9.119116473,100.000000000,0.000000000,100.000000000,99.911442334,-1.000000000,0.000000000,0.000000000
1971,0.985500000,-133.797238198,99.104914953,90.876036970,9.069547499,100.000000000,0.000000000,100.000000000,99.911442334,-1.000000000,0.000000000,0.000000000
1972,0.986000000,-138.797238198,99.036766333,90.925572494,9.020011975,100.000000000,0.000000000,100.000000000,99.911442334,-1.000000000,0.000000000,0.000000000
1973,0.986500000,-143.797238198,98.966117714,90.975073320,8.970511150,100.000000000,0.000000000,100.000000000,99.911442334,-1.000000000,0.000000000,0.000000000
1974,0.987000000,-148.797238198,98.892969095,91.024538195,8.921046274,100.000000000,0.000000000,100.000000000,99.911442334,-1.000000000,0.000000000,0.000000000
1975,0.987500000,-153.797238198,98.817320476,91.073965872,8.871618597,100.000000000,0.000000000,100.000000000,99.911442334,-1.000000000,0.000000000,0.000000000
1976,0.988000000,-158.797238198,98.739171857,91.123355099,8.822229370,100.000000000,0.000000000,100.000000000,99.911442334,-1.000000000,0.000000000,0.000000000
1977,0.988500000,-163.797238198,98.658523238,91.172704627,8.772879842,100.000000000,0.000000000,100.000000000,99.911442334,-1.000000000,0.000000000,0.000000000
1978,0.989000000,-168.797238198,98.575374619,91.222013206,8.723571264,100.000000000,0.000000000,100.000000000,99.911442334,-1.000000000,0.000000000,0.000000000
1979,0.989500000,-173.797238198,98.489726000,91.271279585,8.674304884,100.000000000,0.000000000,100.000000000,99.911442334,-1.000000000,0.000000000,0.000000000
1980,0.990000000,-178.797238198,98.401577381,91.320502515,8.625081954,100.000000000,0.000000000,100.000000000,99.911442334,-1.000000000,0.000000000,0.000000000
1981,0.990500000,-183.797238198,98.310928762,91.369680746,8.575903724,100.000000000,0.000000000,100.000000000,99.911442334,-1.000000000,0.000000000,0.000000000
1982,0.991000000,-188.797238198,98.217780142,91.418813027,8.526771442,100.000000000,0.000000000,100.000000000,99.911442334,-1.000000000,0.000000000,0.000000000
1983,0.991500000,-193.797238198,98.122131523,91.467898109,8.477686360,100.000000000,0.000000000,100.000000000,99.911442334,-1.000000000,0.000000000,0.000000000
1984,0.992000000,-198.797238198,98.023982904,91.516934742,8.428649727,100.000000000,0.000000000,100.000000000,99.911442334,-1.000000000,0.000000000,0.000000000
1985,0.992500000,-203.797238198,97.923334285,91.565921676,8.379662794,100.000000000,0.000000000,100.000000000,99.911442334,-1.000000000,0.000000000,0.000000000
1986,0.993000000,-208.797238198,97.820185666,91.614857660,8.330726810,100.000000000,0.000000000,100.000000000,99.911442334,-1.000000000,0.000000000,0.000000000
1987,0.993500000,-213.797238198,97.714537047,91.663741445,8.281843025,100.000000000,0.000000000,100.000000000,99.911442334,-1.000000000,0.000000000,0.000000000
1988,0.994000000,-218.797238198,97.606388428,91.712571780,8.233012689,100.000000000,0.000000000,100.000000000,99.911442334,-1.000000000,0.000000000,0.000000000
1989,0.994500000,-223.797238198,97.495739809,91.761347416,8.184237053,100.000000000,0.000000000,100.000000000,99.911442334,-1.000000000,0.000000000,0.000000000
1990,0.995000000,-228.797238198,97.382591190,91.810067103,8.135517366,100.000000000,0.000000000,100.000000000,99.911442334,-1.000000000,0.000000000,0.000000000
1991,0.995500000,-233.797238198,97.266942571,91.858729591,8.086854879,100.000000000,0.000000000,100.000000000,99.911442334,-1.000000000,0.000000000,0.000000000
1992,0.996000000,-238.797238198,97.148793951,91.907333629,8.038250840,100.000000000,0.000000000,100.000000000,99.911442334,-1.000000000,0.000000000,0.000000000
1993,0.996500000,-243.797238198,97.028145332,91.955877968,7.989706501,100.000000000,0.000000000,100.000000000,99.911442334,-1.000000000,0.000000000,0.000000000
1994,0.997000000,-248.797238198,96.904996713,92.004361358,7.941223112,100.000000000,0.000000000,100.000000000,99.911442334,-1.000000000,0.000000000,0.000000000
1995,0.997500000,-253.797238198,96.779348094,92.052782548,7.892801921,100.000000000,0.000000000,100.000000000,99.911442334,-1.000000000,0.000000000,0.000000000
1996,0.998000000,-258.797238198,96.651199475,92.101140289,7.844444180,100.000000000,0.000000000,100.000000000,99.911442334,-1.000000000,0.000000000,0.000000000
1997,0.998500000,-263.797238198,96.520550856,92.149433331,7.796151138,100.000000000,0.000000000,100.000000000,99.911442334,-1.000000000,0.000000000,0.000000000
1998,0.999000000,-268.797238198,96.387402237,92.197660423,7.747924046,100.000000000,0.000000000,100.000000000,99.911442334,-1.000000000,0.000000000,0.000000000
1999,0.999500000,-273.797238198,96.251753618,92.245820317,7.699764153,100.000000000,0.000000000,100.000000000,99.911442334,-1.000000000,0.000000000,0.000000000
2000,1.000000000,-278.797238198,96.113604999,92.293911760,7.651672709,100.000000000,0.000000000,100.000000000,99.911442334,-1.000000000,0.000000000,0.000000000
2001,1.000500000,-283.797238198,95.972956380,92.341933505,7.603650965,100.000000000,0.000000000,100.000000000,99.911442334,-1.000000000,0.000000000,0.000000000
2002,1.001000000,-288.797238198,95.829807760,92.389884300,7.555700169,100.000000000,0.000000000,100.000000000,99.911442334,-1.000000000,0.000000000,0.000000000
2003,1.001500000,-293.797238198,95.684159141,92.437762896,7.507821573,100.000000000,0.000000000,100.000000000,99.911442334,-1.000000000,0.000000000,0.000000000
2004,1.002000000,-298.797238198,95.536010522,92.485568043,7.460016427,100.000000000,0.000000000,100.000000000,99.911442334,-1.000000000,0.000000000,0.000000000
2005,1.002500000,-303.797238198,95.385361903,92.533298490,7.412285980,100.000000000,0.000000000,100.000000000,99.911442334,-1.000000000,0.000000000,0.000000000
2006,1.003000000,-308.797238198,95.232213284,92.580952988,7.364631482,100.000000000,0.000000000,100.000000000,99.911442334,-1.000000000,0.000000000,0.000000000
2007,1.003500000,-313.797238198,95.076564665,92.628530287,7.317054183,100.000000000,0.000000000,100.000000000,99.911442334,-1.000000000,0.000000000,0.000000000
2008,1.004000000,-318.797238198,94.918416046,92.676029136,7.269555334,100.000000000,0.000000000,100.000000000,99.911442334,-1.000000000,0.000000000,0.000000000
2009,1.004500000,-323.797238198,94.757767427,92.723448286,7.222136184,100.000000000,0.000000000,100.000000000,99.911442334,-1.000000000,0.000000000,0.000000000
2010,1.005000000,-328.797238198,94.594618808,92.770786487,7.174797983,100.000000000,0.000000000,100.000000000,99.911442334,-1.000000000,0.000000000,0.000000000
2011,1.005500000,-333.797238198,94.428970189,92.818042488,7.127541981,100.000000000,0.000000000,100.000000000,99.911442334,-1.000000000,0.000000000,0.000000000
2012,1.006000000,-338.797238198,94.260821569,92.865215040,7.080369429,100.000000000,0.000000000,100.000000000,99.911442334,-1.000000000,0.000000000,0.000000000
2013,1.006500000,-343.797238198,94.090172950,92.912302893,7.033281577,100.000000000,0.000000000,100.000000000,99.911442334,-1.000000000,0.000000000,0.000000000
2014,1.007000000,-348.797238198,93.917024331,92.959304796,6.986279673,100.000000000,0.000000000,100.000000000,99.911442334,-1.000000000,0.000000000,0.000000000
2015,1.007500000,-353.797238198,93.741375712,93.006219501,6.939364969,100.000000000,0.000000000,100.000000000,99.911442334,-1.000000000,0.000000000,0.000000000
2016,1.008000000,-358.797238198,93.563227093,93.053045755,6.892538714,100.000000000,0.000000000,100.000000000,99.911442334,-1.000000000,0.000000000,0.000000000
2017,1.008500000,-363.797238198,93.382578474,93.099782311,6.845802158,100.000000000,0.000000000,100.000000000,99.911442334,-1.000000000,0.000000000,0.000000000
2018,1.009000000,-368.797238198,93.199429855,93.146427917,6.799156552,100.000000000,0.000000000,100.000000000,99.911442334,-1.000000000,0.000000000,0.000000000
2019,1.009500000,-373.797238198,93.013781236,93.192981324,6.752603145,100.000000000,0.000000000,100.000000000,99.911442334,-1.000000000,0.000000000,0.000000000
2020,1.010000000,-378.797238198,92.825632617,93.239441282,6.706143188,100.000000000,0.000000000,100.000000000,99.911442334,-1.000000000,0.000000000,0.000000000
2021,1.010500000,-383.797238198,92.634983998,93.285806540,6.659777929,100.000000000,0.000000000,100.000000000,99.911442334,-1.000000000,0.000000000,0.000000000
2022,1.011000000,-388.797238198,92.441835378,93.332075849,6.613508620,100.000000000,0.000000000,100.000000000,99.911442334,-1.000000000,0.000000000,0.000000000
2023,1.011500000,-393.797238198,92.246186759,93.378247959,6.567336511,100.000000000,0.000000000,100.000000000,99.911442334,-1.000000000,0.000000000,0.000000000
2024,1.012000000,-398.797238198,92.048038140,93.424321619,6.521262850,100.000000000,0.000000000,100.000000000,99.911442334,-1.000000000,0.000000000,0.000000000
2025,1.012500000,-403.797238198,91.847389521,93.470295580,6.475288889,100.000000000,0.000000000,100.000000000,99.911442334,-1.000000000,0.000000000,0.000000000
2026,1.013000000,-408.797238198,91.644240902,93.516168592,6.429415877,100.000000000,0.000000000,100.000000000,99.911442334,-1.000000000,0.000000000,0.000000000
2027,1.013500000,-413.797238198,91.438592283,93.561939405,6.383645065,100.000000000,0.000000000,100.000000000,99.911442334,-1.000000000,0.000000000,0.000000000
2028,1.014000000,-418.797238198,91.230443664,93.607606768,6.337977702,100.000000000,0.000000000,100.000000000,99.911442334,-1.000000000,0.000000000,0.000000000
2029,1.014500000,-423.797238198,91.019795045,93.653169432,6.292415038,100.000000000,0.000000000,100.000000000,99.911442334,-1.000000000,0.000000000,0.000000000
2030,1.015000000,-428.797238198,90.806646426,93.698626146,6.246958323,100.000000000,0.000000000,100.000000000,99.911442334,-1.000000000,0.000000000,0.000000000
2031,1.015500000,-433.797238198,90.590997807,93.743975661,6.201608808,100.000000000,0.000000000,100.000000000,99.911442334,-1.000000000,0.000000000,0.000000000
2032,1.016000000,-438.797238198,90.372849187,93.789216727,6.156367742,100.000000000,0.000000000,100.000000000,99.911442334,-1.000000000,0.000000000,0.000000000
2033,1.016500000,-443.797238198,90.152200568,93.834348094,6.111236376,100.000000000,0.000000000,100.000000000,99.911442334,-1.000000000,0.000000000,0.000000000
2034,1.017000000,-448.797238198,89.929051949,93.879368511,6.066215958,100.000000000,0.000000000,100.000000000,99.911442334,-1.000000000,0.000000000,0.000000000
2035,1.017500000,-453.797238198,89.703403330,93.924276729,6.021307740,100.000000000,0.000000000,100.000000000,99.911442334,-1.000000000,0.000000000,0.000000000
2036,1.018000000,-458.797238198,89.475254711,93.969071498,5.976512972,100.000000000,0.000000000,100.000000000,99.911442334,-1.000000000,0.000000000,0.000000000
2037,1.018500000,-463.797238198,89.244606092,94.013751567,5.931832902,100.000000000,0.000000000,100.000000000,99.911442334,-1.000000000,0.000000000,0.000000000
2038,1.019000000,-468.797238198,89.011457473,94.058315687,5.887268782,100.000000000,0.000000000,100.000000000,99.911442334,-1.000000000,0.000000000,0.000000000
2039,1.019500000,-473.797238198,88.775808854,94.102762608,5.842821861,100.000000000,0.000000000,100.000000000,99.911442334,-1.000000000,0.000000000,0.000000000
2040,1.020000000,-478.797238198,88.537660235,94.147091079,5.798493390,100.000000000,0.000000000,100.000000000,99.911442334,-1.000000000,0.000000000,0.000000000
2041,1.020500000,-483.797238198,88.297011616,94.191299852,5.754284618,100.000000000,0.000000000,100.000000000,99.911442334,-1.000000000,0.000000000,0.000000000
2042,1.021000000,-488.797238198,88.053862996,94.235387674,5.710196795,100.000000000,0.000000000,100.000000000,99.911442334,-1.000000000,0.000000000,0.000000000
2043,1.021500000,-493.797238198,87.808214377,94.279353298,5.666231172,100.000000000,0.000000000,100.000000000,99.911442334,-1.000000000,0.000000000,0.000000000
2044,1.022000000,-498.797238198,87.560065758,94.323195472,5.622388997,100.000000000,0.000000000,100.000000000,99.911442334,-1.000000000,0.000000000,0.000000000
2045,1.022500000,-503.797238198,87.309417139,94.366912947,5.578671522,100.000000000,0.000000000,100.000000000,99.911442334,-1.000000000,0.000000000,0.000000000
2046,1.023000000,-508.797238198,87.056268520,94.410504473,5.535079997,100.000000000,0.000000000,100.000000000,99.911442334,-1.000000000,0.000000000,0.000000000
2047,1.023500000,-513.797238198,86.800619901,94.453968799,5.491615671,100.000000000,0.000000000,100.000000000,99.911442334,-1.000000000,0.000000000,0.000000000
2048,1.024000000,-518.797238198,86.542471282,94.497304676,5.448279794,100.000000000,0.000000000,100.000000000,99.911442334,-1.000000000,0.000000000,0.000000000
2049,1.024500000,-523.797238198,86.281822663,94.540510853,5.405073616,100.000000000,0.000000000,100.000000000,99.911442334,-1.000000000,0.000000000,0.000000000
2050,1.025000000,-528.797238198,86.018674044,94.583586082,5.361998388,100.000000000,0.000000000,100.000000000,99.911442334,-1.000000000,0.000000000,0.000000000
2051,1.025500000,-533.797238198,85.753025425,94.626529111,5.319055359,100.000000000,0.000000000,100.000000000,99.911442334,-1.000000000,0.000000000,0.000000000
2052,1.026000000,-538.797238198,85.484876805,94.669338691,5.276245779,100.000000000,0.000000000,100.000000000,99.911442334,-1.000000000,0.000000000,0.000000000
2053,1.026500000,-543.797238198,85.214228186,94.712013571,5.233570898,100.000000000,0.000000000,100.000000000,99.911442334,-1.000000000,0.000000000,0.000000000
2054,1.027000000,-548.797238198,84.941079567,94.754552502,5.191031967,100.000000000,0.000000000,100.000000000,99.911442334,-1.000000000,0.000000000,0.000000000
2055,1.027500000,-553.797238198,84.665430948,94.796954234,5.148630236,100.000000000,0.000000000,100.000000000,99.911442334,-1.000000000,0.000000000,0.000000000
2056,1.028000000,-558.797238198,84.387282329,94.839217516,5.106366953,100.000000000,0.000000000,100.000000000,99.911442334,-1.000000000,0.000000000,0.000000000
2057,1.028500000,-563.797238198,84.106633710,94.881341100,5.064243370,100.000000000,0.000000000,100.000000000,99.911442334,-1.000000000,0.000000000,0.000000000
2058,1.029000000,-568.797238198,83.823485091,94.923323733,5.022260736,100.000000000,0.000000000,100.000000000,99.911442334,-1.000000000,0.000000000,0.000000000
2059,1.029500000,-573.797238198,83.537836472,94.965164168,4.980420301,100.000000000,0.000000000,100.000000000,99.911442334,-1.000000000,0.000000000,0.000000000
2060,1.030000000,-578.797238198,83.249687853,95.006861153,4.938723316,100.000000000,0.000000000,100.000000000,99.911442334,-1.000000000,0.000000000,0.000000000
2061,1.030500000,-583.797238198,82.959039234,95.048413439,4.897171030,100.000000000,0.000000000,100.000000000,99.911442334,-1.000000000,0.000000000,0.000000000
2062,1.031000000,-588.797238198,82.665890614,95.089819776,4.855764694,100.000000000,0.000000000,100.000000000,99.911442334,-1.000000000,0.000000000,0.000000000
2063,1.031500000,-593.797238198,82.370241995,95.131078913,4.814505556,100.000000000,0.000000000,100.000000000,99.911442334,-1.000000000,0.000000000,0.000000000
2064,1.032000000,-598.797238198,82.072093376,95.172189601,4.773394868,100.000000000,0.000000000,100.000000000,99.911442334,-1.000000000,0.000000000,0.000000000
2065,1.032500000,-603.797238198,81.771444757,95.213150590,4.732433880,100.000000000,0.000000000,100.000000000,99.911442334,-1.000000000,0.000000000,0.000000000
2066,1.033000000,-608.797238198,81.468296138,95.253960629,4.691623840,100.000000000,0.000000000,100.000000000,99.911442334,-1.000000000,0.000000000,0.000000000
2067,1.033500000,-613.797238198,81.162647519,95.294618469,4.650966000,100.000000000,0.000000000,100.000000000,99.911442334,-1.000000000,0.000000000,0.000000000
2068,1.034000000,-618.797238198,80.854498900,95.335122860,4.610461609,100.000000000,0.000000000,100.000000000,99.911442334,-1.000000000,0.000000000,0.000000000
2069,1.034500000,-623.797238198,80.543850281,95.375472552,4.570111918,100.000000000,0.000000000,100.000000000,99.911442334,-1.000000000,0.000000000,0.000000000
2070,1.035000000,-628.797238198,80.230701662,95.415666294,4.529918176,100.000000000,0.000000000,100.000000000,99.911442334,-1.000000000,0.000000000,0.000000000
2071,1.035500000,-633.797238198,79.915053043,95.455702837,4.489881633,100.000000000,0.000000000,100.000000000,99.911442334,-1.000000000,0.000000000,0.000000000
2072,1.036000000,-638.797238198,79.596904424,95.495580930,4.450003539,100.000000000,0.000000000,100.000000000,99.911442334,-1.000000000,0.000000000,0.000000000
2073,1.036500000,-643.797238198,79.276255804,95.535299324,4.410285145,100.000000000,0.000000000,100.000000000,99.911442334,-1.000000000,0.000000000,0.000000000
2074,1.037000000,-648.797238198,78.953107185,95.574856769,4.370727700,100.000000000,0.000000000,100.000000000,99.911442334,-1.000000000,0.000000000,0.000000000
2075,1.037500000,-653.797238198,78.627458566,95.614252015,4.331332455,100.000000000,0.000000000,100.000000000,99.911442334,-1.000000000,0.000000000,0.000000000
2076,1.038000000,-658.797238198,78.299309947,95.653483811,4.292100658,100.000000000,0.000000000,100.000000000,99.911442334,-1.000000000,0.000000000,0.000000000
2077,1.038500000,-663.797238198,77.968661328,95.692550908,4.253033561,100.000000000,0.000000000,100.000000000,99.911442334,-1.000000000,0.000000000,0.000000000
2078,1.039000000,-668.797238198,77.635512709,95.731452056,4.214132414,100.000000000,0.000000000,100.000000000,99.911442334,-1.000000000,0.000000000,0.000000000
2079,1.039500000,-673.797238198,77.299864090,95.770186004,4.175398465,100.000000000,0.000000000,100.000000000,99.911442334,-1.000000000,0.000000000,0.000000000
2080,1.040000000,-678.797238198,76.961715471,95.808751503,4.136832966,100.000000000,0.000000000,100.000000000,99.911442334,-1.000000000,0.000000000,0.000000000
2081,1.040500000,-683.797238198,76.621066852,95.847147303,4.098437167,100.000000000,0.000000000,100.000000000,99.911442334,-1.000000000,0.000000000,0.000000000
2082,1.041000000,-688.797238198,76.277918233,95.885372153,4.060212316,100.000000000,0.000000000,100.000000000,99.911442334,-1.000000000,0.000000000,0.000000000
2083,1.041500000,-693.797238198,75.932269613,95.923424804,4.022159665,100.000000000,0.000000000,100.000000000,99.911442334,-1.000000000,0.000000000,0.000000000
2084,1.042000000,-698.797238198,75.584120994,95.961304006,3.984280463,100.000000000,0.000000000,100.000000000,99.911442334,-1.000000000,0.000000000,0.000000000
2085,1.042500000,-703.797238198,75.233472375,95.999008509,3.946575961,100.000000000,0.000000000,100.000000000,99.911442334,-1.000000000,0.000000000,0.000000000
2086,1.043000000,-708.797238198,74.880323756,96.036537062,3.909047407,100.000000000,0.000000000,100.000000000,99.911442334,-1.000000000,0.000000000,0.000000000
2087,1.043500000,-713.797238198,74.524675137,96.073888416,3.871696054,100.000000000,0.000000000,100.000000000,99.911442334,-1.000000000,0.000000000,0.000000000
2088,1.044000000,-718.797238198,74.166526518,96.111061320,3.834523149,100.000000000,0.000000000,100.000000000,99.911442334,-1.000000000,0.000000000,0.000000000
2089,1.044500000,-723.797238198,73.805877899,96.148054526,3.797529944,100.000000000,0.000000000,100.000000000,99.911442334,-1.000000000,0.000000000,0.000000000
2090,1.045000000,-728.797238198,73.442729280,96.184866782,3.760717688,100.000000000,0.000000000,100.000000000,99.911442334,-1.000000000,0.000000000,0.000000000
2091,1.045500000,-733.797238198,73.077080661,96.221496838,3.724087631,100.000000000,0.000000000,100.000000000,99.911442334,-1.000000000,0.000000000,0.000000000
2092,1.046000000,-738.797238198,72.708932042,96.257943446,3.687641024,100.000000000,0.000000000,100.000000000,99.911442334,-1.000000000,0.000000000,0.000000000
2093,1.046500000,-743.797238198,72.338283422,96.294205354,3.651379116,100.000000000,0.000000000,100.000000000,99.911442334,-1.000000000,0.000000000,0.000000000
2094,1.047000000,-748.797238198,71.965134803,96.330281312,3.615303157,100.000000000,0.000000000,100.000000000,99.911442334,-1.000000000,0.000000000,0.000000000
2095,1.047500000,-753.797238198,71.589486184,96.366170072,3.579414398,100.000000000,0.000000000,100.000000000,99.911442334,-1.000000000,0.000000000,0.000000000
2096,1.048000000,-758.797238198,71.211337565,96.401870382,3.543714087,100.000000000,0.000000000,100.000000000,99.911442334,-1.000000000,0.000000000,0.000000000
2097,1.048500000,-763.797238198,70.830688946,96.437380993,3.508203477,100.000000000,0.000000000,100.000000000,99.911442334,-1.000000000,0.000000000,0.000000000
2098,1.049000000,-768.797238198,70.447540327,96.472700654,3.472883815,100.000000000,0.000000000,100.000000000,99.911442334,-1.000000000,0.000000000,0.000000000
2099,1.049500000,-773.797238198,70.061891708,96.507828116,3.437756353,100.000000000,0.000000000,100.000000000,99.911442334,-1.000000000,0.000000000,0.000000000
2100,1.050000000,-778.797238198,69.673743089,96.542762129,3.402822340,100.000000000,0.000000000,100.000000000,99.911442334,-1.000000000,0.000000000,0.000000000
2101,1.050500000,-783.797238198,69.283094470,96.577501443,3.368083027,100.000000000,0.000000000,100.000000000,99.911442334,-1.000000000,0.000000000,0.000000000
2102,1.051000000,-788.797238198,68.889945851,96.612044807,3.333539662,100.000000000,0.000000000,100.000000000,99.911442334,-1.000000000,0.000000000,0.000000000
2103,1.051500000,-793.797238198,68.494297231,96.646390972,3.299193497,100.000000000,0.000000000,100.000000000,99.911442334,-1.000000000,0.000000000,0.000000000
2104,1.052000000,-798.797238198,68.096148612,96.680538688,3.265045782,100.000000000,0.000000000,100.000000000,99.911442334,-1.000000000,0.000000000,0.000000000
2105,1.052500000,-803.797238198,67.695499993,96.714486704,3.231097765,100.000000000,0.000000000,100.000000000,99.911442334,-1.000000000,0.000000000,0.000000000
2106,1.053000000,-808.797238198,67.292351374,96.748233771,3.197350698,100.000000000,0.000000000,100.000000000,99.911442334,-1.000000000,0.000000000,0.000000000
2107,1.053500000,-813.797238198,66.886702755,96.781778639,3.163805831,100.000000000,0.000000000,100.000000000,99.911442334,-1.000000000,0.000000000,0.000000000
2108,1.054000000,-818.797238198,66.478554136,96.815120057,3.130464412,100.000000000,0.000000000,100.000000000,99.911442334,-1.000000000,0.000000000,0.000000000
2109,1.054500000,-823.797238198,66.067905517,96.848256776,3.097327693,100.000000000,0.000000000,100.000000000,99.911442334,-1.000000000,0.000000000,0.000000000
2110,1.055000000,-828.797238198,65.654756898,96.881187546,3.064396924,100.000000000,0.000000000,100.000000000,99.911442334,-1.000000000,0.000000000,0.000000000
2111,1.055500000,-833.797238198,65.239108279,96.913911116,3.031673353,100.000000000,0.000000000,100.000000000,99.911442334,-1.000000000,0.000000000,0.000000000
2112,1.056000000,-838.797238198,64.820959660,96.946426238,2.999158232,100.000000000,0.000000000,100.000000000,99.911442334,-1.000000000,0.000000000,0.000000000
2113,1.056500000,-843.797238198,64.400311040,96.978731659,2.966852810,100.000000000,0.000000000,100.000000000,99.911442334,-1.000000000,0.000000000,0.000000000
2114,1.057000000,-848.797238198,63.977162421,97.010826132,2.934758338,100.000000000,0.000000000,100.000000000,99.911442334,-1.000000000,0.000000000,0.000000000
2115,1.057500000,-853.797238198,63.551513802,97.042708405,2.902876064,100.000000000,0.000000000,100.000000000,99.911442334,-1.000000000,0.000000000,0.000000000
2116,1.058000000,-858.797238198,63.123365183,97.074377229,2.871207240,100.000000000,0.000000000,100.000000000,99.911442334,-1.000000000,0.000000000,0.000000000
2117,1.058500000,-863.797238198,62.692716564,97.105831354,2.839753116,100.000000000,0.000000000,100.000000000,99.911442334,-1.000000000,0.000000000,0.000000000
2118,1.059000000,-868.797238198,62.259567945,97.137069529,2.808514941,100.000000000,0.000000000,100.000000000,99.911442334,-1.000000000,0.000000000,0.000000000
2119,1.059500000,-873.797238198,61.823919326,97.168090505,2.777493965,100.000000000,0.000000000,100.000000000,99.911442334,-1.000000000,0.000000000,0.000000000
2120,1.060000000,-878.797238198,61.385770707,97.198893032,2.746691438,100.000000000,0.000000000,100.000000000,99.911442334,-1.000000000,0.000000000,0.000000000
2121,1.060500000,-883.797238198,60.945122088,97.229475859,2.716108610,100.000000000,0.000000000,100.000000000,99.911442334,-1.000000000,0.000000000,0.000000000
2122,1.061000000,-888.797238198,60.501973469,97.259837737,2.685746732,100.000000000,0.000000000,100.000000000,99.911442334,-1.000000000,0.000000000,0.000000000
2123,1.061500000,-893.797238198,60.056324849,97.289977416,2.655607054,100.000000000,0.000000000,100.000000000,99.911442334,-1.000000000,0.000000000,0.000000000
2124,1.062000000,-898.797238198,59.608176230,97.319893645,2.625690824,100.000000000,0.000000000,100.000000000,99.911442334,-1.000000000,0.000000000,0.000000000
2125,1.062500000,-903.797238198,59.157527611,97.349585175,2.595999294,100.000000000,0.000000000,100.000000000,99.911442334,-1.000000000,0.000000000,0.000000000
2126,1.063000000,-908.797238198,58.704378992,97.379050756,2.566533713,100.000000000,0.000000000,100.000000000,99.911442334,-1.000000000,0.000000000,0.000000000
2127,1.063500000,-913.797238198,58.248730373,97.408289138,2.537295332,100.000000000,0.000000000,100.000000000,99.911442334,-1.000000000,0.000000000,0.000000000
2128,1.064000000,-918.797238198,57.790581754,97.437299070,2.508285400,100.000000000,0.000000000,100.000000000,99.911442334,-1.000000000,0.000000000,0.000000000
2129,1.064500000,-923.797238198,57.329933135,97.466079303,2.479505167,100.000000000,0.000000000,100.000000000,99.911442334,-1.000000000,0.000000000,0.000000000
2130,1.065000000,-928.797238198,56.866784516,97.494628586,2.450955883,100.000000000,0.000000000,100.000000000,99.911442334,-1.000000000,0.000000000,0.000000000
2131,1.065500000,-933.797238198,56.401135897,97.522945671,2.422638799,100.000000000,0.000000000,100.000000000,99.911442334,-1.000000000,0.000000000,0.000000000
2132,1.066000000,-938.797238198,55.932987278,97.551029306,2.394555164,100.000000000,0.000000000,100.000000000,99.911442334,-1.000000000,0.000000000,0.000000000
2133,1.066500000,-943.797238198,55.462338658,97.578878241,2.366706228,100.000000000,0.000000000,100.000000000,99.911442334,-1.000000000,0.000000000,0.000000000
2134,1.067000000,-948.797238198,54.989190039,97.606491228,2.339093242,100.000000000,0.000000000,100.000000000,99.911442334,-1.000000000,0.000000000,0.000000000
2135,1.067500000,-953.797238198,54.513541420,97.633867015,2.311717455,100.000000000,0.000000000,100.000000000,99.911442334,-1.000000000,0.000000000,0.000000000
2136,1.068000000,-956.786957280,54.035493832,97.661004356,2.284580114,100.000000000,0.000000000,100.000000000,99.911442334,-1.000000000,0.000000000,0.000000000
2137,1.068500000,-951.786957280,53.558350353,97.687902713,2.257681757,100.000000000,0.000000000,100.000000000,99.911442334,-1.000000000,0.000000000,0.000000000
2138,1.069000000,-946.786957280,53.083706875,97.714563123,2.231021347,100.000000000,0.000000000,100.000000000,99.911442334,-1.000000000,0.000000000,0.000000000
2139,1.069500000,-941.786957280,52.611563396,97.740986836,2.204597633,100.000000000,0.000000000,100.000000000,99.911442334,-1.000000000,0.000000000,0.000000000
2140,1.070000000,-936.786957280,52.141919917,97.767175103,2.178409367,100.000000000,0.000000000,100.000000000,99.911442334,-1.000000000,0.000000000,0.000000000
2141,1.070500000,-931.786957280,51.674776439,97.793129173,2.152455297,100.000000000,0.000000000,100.000000000,99.911442334,-1.000000000,0.000000000,0.000000000
2142,1.071000000,-926.786957280,51.210132960,97.818850296,2.126734174,100.000000000,0.000000000,100.000000000,99.911442334,-1.000000000,0.000000000,0.000000000
2143,1.071500000,-921.786957280,50.747989481,97.844339722,2.101244747,100.000000000,0.000000000,100.000000000,99.911442334,-1.000000000,0.000000000,0.000000000
2144,1.072000000,-916.786957280,50.288346003,97.869598702,2.075985767,100.000000000,0.000000000,100.000000000,99.911442334,-1.000000000,0.000000000,0.000000000
2145,1.072500000,-911.786957280,49.831202524,97.894628485,2.050955984,100.000000000,0.000000000,100.000000000,99.911442334,-1.000000000,0.000000000,0.000000000
2146,1.073000000,-906.786957280,49.376559045,97.919430321,2.026154148,100.000000000,0.000000000,100.000000000,99.911442334,-1.000000000,0.000000000,0.000000000
2147,1.073500000,-901.786957280,48.924415567,97.944005461,2.001579009,100.000000000,0.000000000,100.000000000,99.911442334,-1.000000000,0.000000000,0.000000000
2148,1.074000000,-896.786957280,48.474772088,97.968355153,1.977229316,100.000000000,0.000000000,100.000000000,99.911442334,-1.000000000,0.000000000,0.000000000
2149,1.074500000,-891.786957280,48.027628610,97.992480649,1.953103820,100.000000000,0.000000000,100.000000000,99.911442334,-1.000000000,0.000000000,0.000000000
2150,1.075000000,-886.786957280,47.582985131,98.016383199,1.929201271,100.000000000,0.000000000,100.000000000,99.911442334,-1.000000000,0.000000000,0.000000000
2151,1.075500000,-881.786957280,47.140841652,98.040064051,1.905520418,100.000000000,0.000000000,100.000000000,99.911442334,-1.000000000,0.000000000,0.000000000
2152,1.076000000,-876.786957280,46.701198174,98.063524457,1.882060012,100.000000000,0.000000000,100.000000000,99.911442334,-1.000000000,0.000000000,0.000000000
2153,1.076500000,-871.786957280,46.264054695,98.086765666,1.858818803,100.000000000,0.000000000,100.000000000,99.911442334,-1.000000000,0.000000000,0.000000000
2154,1.077000000,-866.786957280,45.829411216,98.109788928,1.835795541,100.000000000,0.000000000,100.000000000,99.911442334,-1.000000000,0.000000000,0.000000000
2155,1.077500000,-861.786957280,45.397267738,98.132595494,1.812988975,100.000000000,0.000000000,100.000000000,99.911442334,-1.000000000,0.000000000,0.000000000
2156,1.078000000,-856.786957280,44.967624259,98.155186613,1.790397857,100.000000000,0.000000000,100.000000000,99.911442334,-1.000000000,0.000000000,0.000000000
2157,1.078500000,-851.786957280,44.540480780,98.177563535,1.768020935,100.000000000,0.000000000,100.000000000,99.911442334,-1.000000000,0.000000000,0.000000000
2158,1.079000000,-846.786957280,44.115837302,98.199727510,1.745856959,100.000000000,0.000000000,100.000000000,99.911442334,-1.000000000,0.000000000,0.000000000
2159,1.079500000,-841.786957280,43.693693823,98.221679789,1.723904681,100.000000000,0.000000000,100.000000000,99.911442334,-1.000000000,0.000000000,0.000000000
2160,1.080000000,-836.786957280,43.274050345,98.243421621,1.702162849,100.000000000,0.000000000,100.000000000,99.911442334,-1.000000000,0.000000000,0.000000000
2161,1.080500000,-831.786957280,42.856906866,98.264954256,1.680630214,100.000000000,0.000000000,100.000000000,99.911442334,-1.000000000,0.000000000,0.000000000
2162,1.081000000,-826.786957280,42.442263387,98.286278944,1.659305525,100.000000000,0.000000000,100.000000000,99.911442334,-1.000000000,0.000000000,0.000000000
2163,1.081500000,-821.786957280,42.030119909,98.307396936,1.638187534,100.000000000,0.000000000,100.000000000,99.911442334,-1.000000000,0.000000000,0.000000000
2164,1.082000000,-816.786957280,41.620476430,98.328309481,1.617274989,100.000000000,0.000000000,100.000000000,99.911442334,-1.000000000,0.000000000,0.000000000
2165,1.082500000,-811.786957280,41.213332951,98.349017829,1.596566640,100.000000000,0.000000000,100.000000000,99.911442334,-1.000000000,0.000000000,0.000000000
2166,1.083000000,-806.786957280,40.808689473,98.369523230,1.576061239,100.000000000,0.000000000,100.000000000,99.911442334,-1.000000000,0.000000000,0.000000000
2167,1.083500000,-801.786957280,40.406545994,98.389826935,1.555757534,100.000000000,0.000000000,100.000000000,99.911442334,-1.000000000,0.000000000,0.000000000
2168,1.084000000,-796.786957280,40.006902515,98.409930193,1.535654276,100.000000000,0.000000000,100.000000000,99.911442334,-1.000000000,0.000000000,0.000000000
2169,1.084500000,-791.786957280,39.609759037,98.429834254,1.515750215,100.000000000,0.000000000,100.000000000,99.911442334,-1.000000000,0.000000000,0.000000000
2170,1.085000000,-786.786957280,39.215115558,98.449540369,1.496044101,100.000000000,0.000000000,100.000000000,99.911442334,-1.000000000,0.000000000,0.000000000
2171,1.085500000,-781.786957280,38.822972079,98.469049787,1.476534683,100.000000000,0.000000000,100.000000000,99.911442334,-1.000000000,0.000000000,0.000000000
2172,1.086000000,-776.786957280,38.433328601,98.488363758,1.457220712,100.000000000,0.000000000,100.000000000,99.911442334,-1.000000000,0.000000000,0.000000000
2173,1.086500000,-771.786957280,38.046185122,98.507483532,1.438100938,100.000000000,0.000000000,100.000000000,99.911442334,-1.000000000,0.000000000,0.000000000
2174,1.087000000,-766.786957280,37.661541644,98.526410359,1.419174110,100.000000000,0.000000000,100.000000000,99.911442334,-1.000000000,0.000000000,0.000000000
2175,1.087500000,-761.786957280,37.279398165,98.545145490,1.400438979,100.000000000,0.000000000,100.000000000,99.911442334,-1.000000000,0.000000000,0.000000000
2176,1.088000000,-756.786957280,36.899754686,98.563690174,1.381894295,100.000000000,0.000000000,100.000000000,99.911442334,-1.000000000,0.000000000,0.000000000
2177,1.088500000,-751.786957280,36.522611208,98.582045662,1.363538808,100.000000000,0.000000000,100.000000000,99.911442334,-1.000000000,0.000000000,0.000000000
2178,1.089000000,-746.786957280,36.147967729,98.600213202,1.345371267,100.000000000,0.000000000,100.000000000,99.911442334,-1.000000000,0.000000000,0.000000000
2179,1.089500000,-741.786957280,35.775824250,98.618194046,1.327390424,100.000000000,0.000000000,100.000000000,99.911442334,-1.000000000,0.000000000,0.000000000
2180,1.090000000,-736.786957280,35.406180772,98.635989443,1.309595026,100.000000000,0.000000000,100.000000000,99.911442334,-1.000000000,0.000000000,0.000000000
2181,1.090500000,-731.786957280,35.039037293,98.653600643,1.291983826,100.000000000,0.000000000,100.000000000,99.911442334,-1.000000000,0.000000000,0.000000000
2182,1.091000000,-726.786957280,34.674393814,98.671028897,1.274555573,100.000000000,0.000000000,100.000000000,99.911442334,-1.000000000,0.000000000,0.000000000
2183,1.091500000,-721.786957280,34.312250336,98.688275454,1.257309016,100.000000000,0.000000000,100.000000000,99.911442334,-1.000000000,0.000000000,0.000000000
2184,1.092000000,-716.786957280,33.952606857,98.705341564,1.240242906,100.000000000,0.000000000,100.000000000,99.911442334,-1.000000000,0.000000000,0.000000000
2185,1.092500000,-711.786957280,33.595463379,98.722228477,1.223355992,100.000000000,0.000000000,100.000000000,99.911442334,-1.000000000,0.000000000,0.000000000
2186,1.093000000,-706.786957280,33.240819900,98.738937444,1.206647025,100.000000000,0.000000000,100.000000000,99.911442334,-1.000000000,0.000000000,0.000000000
2187,1.093500000,-701.786957280,32.888676421,98.755469714,1.190114756,100.000000000,0.000000000,100.000000000,99.911442334,-1.000000000,0.000000000,0.000000000
2188,1.094000000,-696.786957280,32.539032943,98.771826537,1.173757932,100.000000000,0.000000000,100.000000000,99.911442334,-1.000000000,0.000000000,0.000000000
2189,1.094500000,-691.786957280,32.191889464,98.788009164,1.157575306,100.000000000,0.000000000,100.000000000,99.911442334,-1.000000000,0.000000000,0.000000000
2190,1.095000000,-686.786957280,31.847245985,98.804018843,1.141565626,100.000000000,0.000000000,100.000000000,99.911442334,-1.000000000,0.000000000,0.000000000
2191,1.095500000,-681.786957280,31.505102507,98.819856826,1.125727643,100.000000000,0.000000000,100.000000000,99.911442334,-1.000000000,0.000000000,0.000000000
2192,1.096000000,-676.786957280,31.165459028,98.835524362,1.110060107,100.000000000,0.000000000,100.000000000,99.911442334,-1.000000000,0.000000000,0.000000000
2193,1.096500000,-671.786957280,30.828315549,98.851022702,1.094561768,100.000000000,0.000000000,100.000000000,99.911442334,-1.000000000,0.000000000,0.000000000
2194,1.097000000,-666.786957280,30.493672071,98.866353095,1.079231375,100.000000000,0.000000000,100.000000000,99.911442334,-1.000000000,0.000000000,0.000000000
2195,1.097500000,-661.786957280,30.161528592,98.881516791,1.064067679,100.000000000,0.000000000,100.000000000,99.911442334,-1.000000000,0.000000000,0.000000000
2196,1.098000000,-656.786957280,29.831885113,98.896515040,1.049069430,100.000000000,0.000000000,100.000000000,99.911442334,-1.000000000,0.000000000,0.000000000
2197,1.098500000,-651.786957280,29.504741635,98.911349092,1.034235377,100.000000000,0.000000000,100.000000000,99.911442334,-1.000000000,0.000000000,0.000000000
2198,1.099000000,-646.786957280,29.180098156,98.926020198,1.019564271,100.000000000,0.000000000,100.000000000,99.911442334,-1.000000000,0.000000000,0.000000000
2199,1.099500000,-641.786957280,28.857954678,98.940529607,1.005054862,100.000000000,0.000000000,100.000000000,99.911442334,-1.000000000,0.000000000,0.000000000
2200,1.100000000,-636.786957280,28.538311199,98.954878570,0.990705900,100.000000000,0.000000000,100.000000000,99.911442334,-1.000000000,0.000000000,0.000000000
2201,1.100500000,-631.786957280,28.221167720,98.969068335,0.976516134,100.000000000,0.000000000,100.000000000,99.911442334,-1.000000000,0.000000000,0.000000000
2202,1.101000000,-626.786957280,27.906524242,98.983100154,0.962484316,100.000000000,0.000000000,100.000000000,99.911442334,-1.000000000,0.000000000,0.000000000
2203,1.101500000,-621.786957280,27.594380763,98.996975276,0.948609193,100.000000000,0.000000000,100.000000000,99.911442334,-1.000000000,0.000000000,0.000000000
2204,1.102000000,-616.786957280,27.284737284,99.010694951,0.934889518,100.000000000,0.000000000,100.000000000,99.911442334,-1.000000000,0.000000000,0.000000000
2205,1.102500000,-611.786957280,26.977593806,99.024260430,0.921324040,100.000000000,0.000000000,100.000000000,99.911442334,-1.000000000,0.000000000,0.000000000
2206,1.103000000,-606.786957280,26.672950327,99.037672962,0.907911508,100.000000000,0.000000000,100.000000000,99.911442334,-1.000000000,0.000000000,0.000000000
2207,1.103500000,-601.786957280,26.370806848,99.050933797,0.894650673,100.000000000,0.000000000,100.000000000,99.911442334,-1.000000000,0.000000000,0.000000000
2208,1.104000000,-596.786957280,26.071163370,99.064044185,0.881540284,100.000000000,0.000000000,100.000000000,99.911442334,-1.000000000,0.000000000,0.000000000
2209,1.104500000,-591.786957280,25.774019891,99.077005377,0.868579092,100.000000000,0.000000000,100.000000000,99.911442334,-1.000000000,0.000000000,0.000000000
2210,1.105000000,-586.786957280,25.479376413,99.089818622,0.855765848,100.000000000,0.000000000,100.000000000,99.911442334,-1.000000000,0.000000000,0.000000000
2211,1.105500000,-581.786957280,25.187232934,99.102485170,0.843099299,100.000000000,0.000000000,100.000000000,99.911442334,-1.000000000,0.000000000,0.000000000
2212,1.106000000,-576.786957280,24.897589455,99.115006271,0.830578198,100.000000000,0.000000000,100.000000000,99.911442334,-1.000000000,0.000000000,0.000000000
2213,1.106500000,-571.786957280,24.610445977,99.127383176,0.818201293,100.000000000,0.000000000,100.000000000,99.911442334,-1.000000000,0.000000000,0.000000000
2214,1.107000000,-566.786957280,24.325802498,99.139617134,0.805967335,100.000000000,0.000000000,100.000000000,99.911442334,-1.000000000,0.000000000,0.000000000
2215,1.107500000,-561.786957280,24.043659019,99.151709395,0.793875074,100.000000000,0.000000000,100.000000000,99.911442334,-1.000000000,0.000000000,0.000000000
2216,1.108000000,-556.786957280,23.764015541,99.163661210,0.781923260,100.000000000,0.000000000,100.000000000,99.911442334,-1.000000000,0.000000000,0.000000000
2217,1.108500000,-551.786957280,23.486872062,99.175473828,0.770110642,100.000000000,0.000000000,100.000000000,99.911442334,-1.000000000,0.000000000,0.000000000
2218,1.109000000,-546.786957280,23.212228583,99.187148499,0.758435971,100.000000000,0.000000000,100.000000000,99.911442334,-1.000000000,0.000000000,0.000000000
2219,1.109500000,-541.786957280,22.940085105,99.198686473,0.746897997,100.000000000,0.000000000,100.000000000,99.911442334,-1.000000000,0.000000000,0.000000000
2220,1.110000000,-536.786957280,22.670441626,99.210089000,0.735495469,100.000000000,0.000000000,100.000000000,99.911442334,-1.000000000,0.000000000,0.000000000
2221,1.110500000,-531.786957280,22.403298148,99.221357331,0.724227138,100.000000000,0.000000000,100.000000000,99.911442334,-1.000000000,0.000000000,0.000000000
2222,1.111000000,-526.786957280,22.138654669,99.232492715,0.713091754,100.000000000,0.000000000,100.000000000,99.911442334,-1.000000000,0.000000000,0.000000000
2223,1.111500000,-521.786957280,21.876511190,99.243496402,0.702088067,100.000000000,0.000000000,100.000000000,99.911442334,-1.000000000,0.000000000,0.000000000
2224,1.112000000,-516.786957280,21.616867712,99.254369643,0.691214826,100.000000000,0.000000000,100.000000000,99.911442334,-1.000000000,0.000000000,0.000000000
2225,1.112500000,-511.786957280,21.359724233,99.265113687,0.680470783,100.000000000,0.000000000,100.000000000,99.911442334,-1.000000000,0.000000000,0.000000000
2226,1.113000000,-506.786957280,21.105080754,99.275729784,0.669854686,100.000000000,0.000000000,100.000000000,99.911442334,-1.000000000,0.000000000,0.000000000
2227,1.113500000,-501.786957280,20.852937276,99.286219184,0.659365285,100.000000000,0.000000000,100.000000000,99.911442334,-1.000000000,0.000000000,0.000000000
2228,1.114000000,-496.786957280,20.603293797,99.296583138,0.649001332,100.000000000,0.000000000,100.000000000,99.911442334,-1.000000000,0.000000000,0.000000000
2229,1.114500000,-491.786957280,20.356150318,99.306822895,0.638761575,100.000000000,0.000000000,100.000000000,99.911442334,-1.000000000,0.000000000,0.000000000
2230,1.115000000,-486.786957280,20.111506840,99.316939705,0.628644765,100.000000000,0.000000000,100.000000000,99.911442334,-1.000000000,0.000000000,0.000000000
2231,1.115500000,-481.786957280,19.869363361,99.326934818,0.618649651,100.000000000,0.000000000,100.000000000,99.911442334,-1.000000000,0.000000000,0.000000000
2232,1.116000000,-476.786957280,19.629719882,99.336809485,0.608774985,100.000000000,0.000000000,100.000000000,99.911442334,-1.000000000,0.000000000,0.000000000
2233,1.116500000,-471.786957280,19.392576404,99.346564955,0.599019515,100.000000000,0.000000000,100.000000000,99.911442334,-1.000000000,0.000000000,0.000000000
2234,1.117000000,-466.786957280,19.157932925,99.356202478,0.589381992,100.000000000,0.000000000,100.000000000,99.911442334,-1.000000000,0.000000000,0.000000000
2235,1.117500000,-461.786957280,18.925789447,99.365723304,0.579861165,100.000000000,0.000000000,100.000000000,99.911442334,-1.000000000,0.000000000,0.000000000
2236,1.118000000,-456.786957280,18.696145968,99.375128684,0.570455785,100.000000000,0.000000000,100.000000000,99.911442334,-1.000000000,0.000000000,0.000000000
2237,1.118500000,-451.786957280,18.469002489,99.384419867,0.561164602,100.000000000,0.000000000,100.000000000,99.911442334,-1.000000000,0.000000000,0.000000000
2238,1.119000000,-446.786957280,18.244359011,99.393598103,0.551986366,100.000000000,0.000000000,100.000000000,99.911442334,-1.000000000,0.000000000,0.000000000
2239,1.119500000,-441.786957280,18.022215532,99.402664643,0.542919827,100.000000000,0.000000000,100.000000000,99.911442334,-1.000000000,0.000000000,0.000000000
2240,1.120000000,-436.786957280,17.802572053,99.411620735,0.533963734,100.000000000,0.000000000,100.000000000,99.911442334,-1.000000000,0.000000000,0.000000000
2241,1.120500000,-431.786957280,17.585428575,99.420467631,0.525116838,100.000000000,0.000000000,100.000000000,99.911442334,-1.000000000,0.000000000,0.000000000
2242,1.121000000,-426.786957280,17.370785096,99.429206581,0.516377889,100.000000000,0.000000000,100.000000000,99.911442334,-1.000000000,0.000000000,0.000000000
2243,1.121500000,-421.786957280,17.158641617,99.437838833,0.507745636,100.000000000,0.000000000,100.000000000,99.911442334,-1.000000000,0.000000000,0.000000000
2244,1.122000000,-416.786957280,16.948998139,99.446365639,0.499218831,100.000000000,0.000000000,100.000000000,99.911442334,-1.000000000,0.000000000,0.000000000
2245,1.122500000,-411.786957280,16.741854660,99.454788248,0.490796222,100.000000000,0.000000000,100.000000000,99.911442334,-1.000000000,0.000000000,0.000000000
2246,1.123000000,-406.786957280,16.537211182,99.463107910,0.482476559,100.000000000,0.000000000,100.000000000,99.911442334,-1.000000000,0.000000000,0.000000000
2247,1.123500000,-401.786957280,16.335067703,99.471325876,0.474258594,100.000000000,0.000000000,100.000000000,99.911442334,-1.000000000,0.000000000,0.000000000
2248,1.124000000,-396.786957280,16.135424224,99.479443395,0.466141075,100.000000000,0.000000000,100.000000000,99.911442334,-1.000000000,0.000000000,0.000000000
2249,1.124500000,-391.786957280,15.938280746,99.487461717,0.458122753,100.000000000,0.000000000,100.000000000,99.911442334,-1.000000000,0.000000000,0.000000000
2250,1.125000000,-386.786957280,15.743637267,99.495382092,0.450202377,100.000000000,0.000000000,100.000000000,99.911442334,-1.000000000,0.000000000,0.000000000
2251,1.125500000,-381.786957280,15.551493788,99.503205771,0.442378699,100.000000000,0.000000000,100.000000000,99.911442334,-1.000000000,0.000000000,0.000000000
2252,1.126000000,-376.786957280,15.361850310,99.510934002,0.434650467,100.000000000,0.000000000,100.000000000,99.911442334,-1.000000000,0.000000000,0.000000000
2253,1.126500000,-371.786957280,15.174706831,99.518568038,0.427016432,100.000000000,0.000000000,100.000000000,99.911442334,-1.000000000,0.000000000,0.000000000
2254,1.127000000,-366.786957280,14.990063352,99.526109126,0.419475344,100.000000000,0.000000000,100.000000000,99.911442334,-1.000000000,0.000000000,0.000000000
2255,1.127500000,-361.786957280,14.807919874,99.533558518,0.412025952,100.000000000,0.000000000,100.000000000,99.911442334,-1.000000000,0.000000000,0.000000000
2256,1.128000000,-356.786957280,14.628276395,99.540917462,0.404667007,100.000000000,0.000000000,100.000000000,99.911442334,-1.000000000,0.000000000,0.000000000
2257,1.128500000,-351.786957280,14.451132916,99.548187211,0.397397259,100.000000000,0.000000000,100.000000000,99.911442334,-1.000000000,0.000000000,0.000000000
2258,1.129000000,-346.786957280,14.276489438,99.555369012,0.390215457,100.000000000,0.000000000,100.000000000,99.911442334,-1.000000000,0.000000000,0.000000000
2259,1.129500000,-341.786957280,14.104345959,99.562464117,0.383120353,100.000000000,0.000000000,100.000000000,99.911442334,-1.000000000,0.000000000,0.000000000
2260,1.130000000,-336.786957280,13.934702481,99.569473775,0.376110695,100.000000000,0.000000000,100.000000000,99.911442334,-1.000000000,0.000000000,0.000000000
2261,1.130500000,-331.786957280,13.767559002,99.576399236,0.369185234,100.000000000,0.000000000,100.000000000,99.911442334,-1.000000000,0.000000000,0.000000000
2262,1.131000000,-326.786957280,13.602915523,99.583241750,0.362342719,100.000000000,0.000000000,100.000000000,99.911442334,-1.000000000,0.000000000,0.000000000
2263,1.131500000,-321.786957280,13.440772045,99.590002568,0.355581901,100.000000000,0.000000000,100.000000000,99.911442334,-1.000000000,0.000000000,0.000000000
2264,1.132000000,-316.786957280,13.281128566,99.596682939,0.348901530,100.000000000,0.000000000,100.000000000,99.911442334,-1.000000000,0.000000000,0.000000000
2265,1.132500000,-311.786957280,13.123985087,99.603284113,0.342300356,100.000000000,0.000000000,100.000000000,99.911442334,-1.000000000,0.000000000,0.000000000
2266,1.133000000,-306.786957280,12.969341609,99.609807341,0.335777129,100.000000000,0.000000000,100.000000000,99.911442334,-1.000000000,0.000000000,0.000000000
2267,1.133500000,-301.786957280,12.817198130,99.616253872,0.329330598,100.000000000,0.000000000,100.000000000,99.911442334,-1.000000000,0.000000000,0.000000000
2268,1.134000000,-296.786957280,12.667554651,99.622624956,0.322959514,100.000000000,0.000000000,100.000000000,99.911442334,-1.000000000,0.000000000,0.000000000
2269,1.134500000,-291.786957280,12.520411173,99.628921843,0.316662627,100.000000000,0.000000000,100.000000000,99.911442334,-1.000000000,0.000000000,0.000000000
2270,1.135000000,-286.786957280,12.375767694,99.635145783,0.310438686,100.000000000,0.000000000,100.000000000,99.911442334,-1.000000000,0.000000000,0.000000000
2271,1.135500000,-281.786957280,12.233624216,99.641298027,0.304286442,100.000000000,0.000000000,100.000000000,99.911442334,-1.000000000,0.000000000,0.000000000
2272,1.136000000,-276.786957280,12.093980737,99.647379824,0.298204645,100.000000000,0.000000000,100.000000000,99.911442334,-1.000000000,0.000000000,0.000000000
2273,1.136500000,-271.786957280,11.956837258,99.653392425,0.292192045,100.000000000,0.000000000,100.000000000,99.911442334,-1.000000000,0.000000000,0.000000000
2274,1.137000000,-266.786957280,11.822193780,99.659337078,0.286247391,100.000000000,0.000000000,100.000000000,99.911442334,-1.000000000,0.000000000,0.000000000
2275,1.137500000,-261.786957280,11.690050301,99.665215035,0.280369434,100.000000000,0.000000000,100.000000000,99.911442334,-1.000000000,0.000000000,0.000000000
2276,1.138000000,-256.786957280,11.560406822,99.671027545,0.274556924,100.000000000,0.000000000,100.000000000,99.911442334,-1.000000000,0.000000000,0.000000000
2277,1.138500000,-251.786957280,11.433263344,99.676775859,0.268808611,100.000000000,0.000000000,100.000000000,99.911442334,-1.000000000,0.000000000,0.000000000
2278,1.139000000,-246.786957280,11.308619865,99.682461225,0.263123244,100.000000000,0.000000000,100.000000000,99.911442334,-1.000000000,0.000000000,0.000000000
2279,1.139500000,-241.786957280,11.186476386,99.688084895,0.257499574,100.000000000,0.000000000,100.000000000,99.911442334,-1.000000000,0.000000000,0.000000000
2280,1.140000000,-236.786957280,11.066832908,99.693648118,0.251936351,100.000000000,0.000000000,100.000000000,99.911442334,-1.000000000,0.000000000,0.000000000
2281,1.140500000,-231.786957280,10.949689429,99.699152145,0.246432325,100.000000000,0.000000000,100.000000000,99.911442334,-1.000000000,0.000000000,0.000000000
2282,1.141000000,-226.786957280,10.835045950,99.704598224,0.240986245,100.000000000,0.000000000,100.000000000,99.911442334,-1.000000000,0.000000000,0.000000000
2283,1.141500000,-221.786957280,10.722902472,99.709987607,0.235596862,100.000000000,0.000000000,100.000000000,99.911442334,-1.000000000,0.000000000,0.000000000
2284,1.142000000,-216.786957280,10.613258993,99.715321544,0.230262926,100.000000000,0.000000000,100.000000000,99.911442334,-1.000000000,0.000000000,0.000000000
2285,1.142500000,-211.786957280,10.506115515,99.720601283,0.224983186,100.000000000,0.000000000,100.000000000,99.911442334,-1.000000000,0.000000000,0.000000000
2286,1.143000000,-206.786957280,10.401472036,99.725828076,0.219756394,100.000000000,0.000000000,100.000000000,99.911442334,-1.000000000,0.000000000,0.000000000
2287,1.143500000,-201.786957280,10.299328557,99.731003172,0.214581298,100.000000000,0.000000000,100.000000000,99.911442334,-1.000000000,0.000000000,0.000000000
2288,1.144000000,-196.786957280,10.199685079,99.736127821,0.209456649,100.000000000,0.000000000,100.000000000,99.911442334,-1.000000000,0.000000000,0.000000000
2289,1.144500000,-191.786957280,10.102541600,99.741203273,0.204381196,100.000000000,0.000000000,100.000000000,99.911442334,-1.000000000,0.000000000,0.000000000
2290,1.145000000,-186.786957280,10.007898121,99.746230779,0.199353690,100.000000000,0.000000000,100.000000000,99.911442334,-1.000000000,0.000000000,0.000000000
2291,1.145500000,-181.786957280,9.915754643,99.751211588,0.194372881,100.000000000,0.000000000,100.000000000,99.911442334,-1.000000000,0.000000000,0.000000000
2292,1.146000000,-176.786957280,9.826111164,99.756146951,0.189437519,100.000000000,0.000000000,100.000000000,99.911442334,-1.000000000,0.000000000,0.000000000
2293,1.146500000,-171.786957280,9.738967685,99.761038116,0.184546353,100.000000000,0.000000000,100.000000000,99.911442334,-1.000000000,0.000000000,0.000000000
2294,1.147000000,-166.786957280,9.654324207,99.765886335,0.179698135,100.000000000,0.000000000,100.000000000,99.911442334,-1.000000000,0.000000000,0.000000000
2295,1.147500000,-161.786957280,9.572180728,99.770692857,0.174891613,100.000000000,0.000000000,100.000000000,99.911442334,-1.000000000,0.000000000,0.000000000
2296,1.148000000,-156.786957280,9.492537250,99.775458932,0.170125537,100.000000000,0.000000000,100.000000000,99.911442334,-1.000000000,0.000000000,0.000000000
2297,1.148500000,-151.786957280,9.415393771,99.780185811,0.165398659,100.000000000,0.000000000,100.000000000,99.911442334,-1.000000000,0.000000000,0.000000000
2298,1.149000000,-146.786957280,9.340750292,99.784874743,0.160709727,100.000000000,0.000000000,100.000000000,99.911442334,-1.000000000,0.000000000,0.000000000
2299,1.149500000,-141.786957280,9.268606814,99.789526978,0.156057492,100.000000000,0.000000000,100.000000000,99.911442334,-1.000000000,0.000000000,0.000000000
2300,1.150000000,-136.786957280,9.198963335,99.794143766,0.151440703,100.000000000,0.000000000,100.000000000,99.911442334,-1.000000000,0.000000000,0.000000000
2301,1.150500000,-131.786957280,9.131819856,99.798726358,0.146858112,100.000000000,0.000000000,100.000000000,99.911442334,-1.000000000,0.000000000,0.000000000
2302,1.151000000,-126.786957280,9.067176378,99.803276003,0.142308467,100.000000000,0.000000000,100.000000000,99.911442334,-1.000000000,0.000000000,0.000000000
2303,1.151500000,-121.786957280,9.005032899,99.807793951,0.137790519,100.000000000,0.000000000,100.000000000,99.911442334,-1.000000000,0.000000000,0.000000000
2304,1.152000000,-116.786957280,8.945389420,99.812281452,0.133303017,100.000000000,0.000000000,100.000000000,99.911442334,-1.000000000,0.000000000,0.000000000
2305,1.152500000,-111.786957280,8.888245942,99.816739757,0.128844713,100.000000000,0.000000000,100.000000000,99.911442334,-1.000000000,0.000000000,0.000000000
2306,1.153000000,-106.786957280,8.833602463,99.821170115,0.124414355,100.000000000,0.000000000,100.000000000,99.911442334,-1.000000000,0.000000000,0.000000000
2307,1.153500000,-101.786957280,8.781458984,99.825573776,0.120010693,100.000000000,0.000000000,100.000000000,99.911442334,-1.000000000,0.000000000,0.000000000
2308,1.154000000,-96.786957280,8.731815506,99.829951991,0.115632479,100.000000000,0.000000000,100.000000000,99.911442334,-1.000000000,0.000000000,0.000000000
2309,1.154500000,-91.786957280,8.684672027,99.834306008,0.111278461,100.000000000,0.000000000,100.000000000,99.911442334,-1.000000000,0.000000000,0.000000000
2310,1.155000000,-86.786957280,8.640028549,99.838637079,0.106947390,100.000000000,0.000000000,100.000000000,99.911442334,-1.000000000,0.000000000,0.000000000
2311,1.155500000,-81.786957280,8.597885070,99.842946453,0.102638016,100.000000000,0.000000000,100.000000000,99.911442334,-1.000000000,0.000000000,0.000000000
2312,1.156000000,-76.786957280,8.558241591,99.847235381,0.098349088,100.000000000,0.000000000,100.000000000,99.911442334,-1.000000000,0.000000000,0.000000000
2313,1.156500000,-71.786957280,8.521098113,99.851505112,0.094079358,100.000000000,0.000000000,100.000000000,99.911442334,-1.000000000,0.000000000,0.000000000
2314,1.157000000,-66.786957280,8.486454634,99.855756896,0.089827574,100.000000000,0.000000000,100.000000000,99.911442334,-1.000000000,0.000000000,0.000000000
2315,1.157500000,-61.786957280,8.454311155,99.859991983,0.085592486,100.000000000,0.000000000,100.000000000,99.911442334,-1.000000000,0.000000000,0.000000000
2316,1.158000000,-56.786957280,8.424667677,99.864211624,0.081372846,100.000000000,0.000000000,100.000000000,99.911442334,-1.000000000,0.000000000,0.000000000
2317,1.158500000,-51.786957280,8.397524198,99.868417067,0.077167402,100.000000000,0.000000000,100.000000000,99.911442334,-1.000000000,0.000000000,0.000000000
2318,1.159000000,-46.786957280,8.372880719,99.872609564,0.072974905,100.000000000,0.000000000,100.000000000,99.911442334,-1.000000000,0.000000000,0.000000000
2319,1.159500000,-41.786957280,8.350737241,99.876790365,0.068794105,100.000000000,0.000000000,100.000000000,99.911442334,-1.000000000,0.000000000,0.000000000
2320,1.160000000,-36.786957280,8.331093762,99.880960718,0.064623751,100.000000000,0.000000000,100.000000000,99.911442334,-1.000000000,0.000000000,0.000000000
2321,1.160500000,-31.786957280,8.313950284,99.885121875,0.060462594,100.000000000,0.000000000,100.000000000,99.911442334,-1.000000000,0.000000000,0.000000000
2322,1.161000000,-26.786957280,8.299306805,99.889275085,0.056309384,100.000000000,0.000000000,100.000000000,99.911442334,-1.000000000,0.000000000,0.000000000
2323,1.161500000,-21.786957280,8.287163326,99.893421599,0.052162871,100.000000000,0.000000000,100.000000000,99.911442334,-1.000000000,0.000000000,0.000000000
2324,1.162000000,-16.786957280,8.277519848,99.897562665,0.048021804,100.000000000,0.000000000,100.000000000,99.911442334,-1.000000000,0.000000000,0.000000000
2325,1.162500000,-11.786957280,8.270376369,99.901699535,0.043884934,100.000000000,0.000000000,100.000000000,99.911442334,-1.000000000,0.000000000,0.000000000
2326,1.163000000,-6.786957280,8.265732890,99.905833458,0.039751011,100.000000000,0.000000000,100.000000000,99.911442334,-1.000000000,0.000000000,0.000000000
2327,1.163500000,0.000000000,8.263429751,99.911442334,0.034142136,100.000000000,0.000000000,100.000000000,99.911442334,-1.000000000,0.000000000,0.000000000
